time_s,Green
0.0,86464.0
0.001953125,86504.0
0.00390625,86510.0
0.005859375,86550.0
0.0078125,86548.0
0.009765625,86586.0
0.01171875,86616.0
0.013671875,86618.0
0.015625,86642.0
0.017578125,86668.0
0.01953125,86692.0
0.021484375,86702.0
0.0234375,86709.0
0.025390625,86734.0
0.02734375,86762.0
0.029296875,86753.0
0.03125,86770.0
0.033203125,86804.0
0.03515625,86795.0
0.037109375,86800.0
0.0390625,86842.0
0.041015625,86857.0
0.04296875,86857.0
0.044921875,86868.0
0.046875,86881.0
0.048828125,86895.0
0.05078125,86889.0
0.052734375,86908.0
0.0546875,86951.0
0.056640625,86924.0
0.05859375,86961.0
0.060546875,86941.0
0.0625,86971.0
0.064453125,86981.0
0.06640625,87000.0
0.068359375,87007.0
0.0703125,87036.0
0.072265625,87041.0
0.07421875,87038.0
0.076171875,87051.0
0.078125,87038.0
0.080078125,87076.0
0.08203125,87085.0
0.083984375,87105.0
0.0859375,87092.0
0.087890625,87110.0
0.08984375,87105.0
0.091796875,87122.0
0.09375,87126.0
0.095703125,87141.0
0.09765625,87156.0
0.099609375,87169.0
0.1015625,87168.0
0.103515625,87207.0
0.10546875,87209.0
0.107421875,87195.0
0.109375,87213.0
0.111328125,87252.0
0.11328125,87220.0
0.115234375,87231.0
0.1171875,87250.0
0.119140625,87270.0
0.12109375,87250.0
0.123046875,87275.0
0.125,87287.0
0.126953125,87301.0
0.12890625,87310.0
0.130859375,87325.0
0.1328125,87312.0
0.134765625,87353.0
0.13671875,87342.0
0.138671875,87366.0
0.140625,87369.0
0.142578125,87388.0
0.14453125,87383.0
0.146484375,87403.0
0.1484375,87391.0
0.150390625,87410.0
0.15234375,87419.0
0.154296875,87420.0
0.15625,87448.0
0.158203125,87471.0
0.16015625,87436.0
0.162109375,87440.0
0.1640625,87500.0
0.166015625,87501.0
0.16796875,87481.0
0.169921875,87517.0
0.171875,87514.0
0.173828125,87525.0
0.17578125,87535.0
0.177734375,87521.0
0.1796875,87535.0
0.181640625,87545.0
0.18359375,87581.0
0.185546875,87584.0
0.1875,87601.0
0.189453125,87579.0
0.19140625,87579.0
0.193359375,87602.0
0.1953125,87630.0
0.197265625,87612.0
0.19921875,87642.0
0.201171875,87636.0
0.203125,87648.0
0.205078125,87690.0
0.20703125,87665.0
0.208984375,87686.0
0.2109375,87701.0
0.212890625,87683.0
0.21484375,87721.0
0.216796875,87730.0
0.21875,87728.0
0.220703125,87717.0
0.22265625,87756.0
0.224609375,87750.0
0.2265625,87767.0
0.228515625,87772.0
0.23046875,87780.0
0.232421875,87791.0
0.234375,87761.0
0.236328125,87792.0
0.23828125,87787.0
0.240234375,87808.0
0.2421875,87810.0
0.244140625,87796.0
0.24609375,87823.0
0.248046875,87792.0
0.25,87778.0
0.251953125,87808.0
0.25390625,87776.0
0.255859375,87785.0
0.2578125,87769.0
0.259765625,87795.0
0.26171875,87803.0
0.263671875,87766.0
0.265625,87764.0
0.267578125,87753.0
0.26953125,87733.0
0.271484375,87730.0
0.2734375,87718.0
0.275390625,87697.0
0.27734375,87696.0
0.279296875,87702.0
0.28125,87654.0
0.283203125,87632.0
0.28515625,87642.0
0.287109375,87617.0
0.2890625,87576.0
0.291015625,87563.0
0.29296875,87550.0
0.294921875,87527.0
0.296875,87494.0
0.298828125,87510.0
0.30078125,87489.0
0.302734375,87430.0
0.3046875,87423.0
0.306640625,87395.0
0.30859375,87389.0
0.310546875,87373.0
0.3125,87345.0
0.314453125,87321.0
0.31640625,87304.0
0.318359375,87291.0
0.3203125,87256.0
0.322265625,87239.0
0.32421875,87242.0
0.326171875,87207.0
0.328125,87199.0
0.330078125,87157.0
0.33203125,87158.0
0.333984375,87121.0
0.3359375,87097.0
0.337890625,87079.0
0.33984375,87060.0
0.341796875,87042.0
0.34375,87019.0
0.345703125,87011.0
0.34765625,87004.0
0.349609375,86979.0
0.3515625,86967.0
0.353515625,86956.0
0.35546875,86937.0
0.357421875,86898.0
0.359375,86912.0
0.361328125,86901.0
0.36328125,86881.0
0.365234375,86886.0
0.3671875,86868.0
0.369140625,86843.0
0.37109375,86859.0
0.373046875,86820.0
0.375,86812.0
0.376953125,86820.0
0.37890625,86805.0
0.380859375,86788.0
0.3828125,86762.0
0.384765625,86781.0
0.38671875,86777.0
0.388671875,86746.0
0.390625,86778.0
0.392578125,86755.0
0.39453125,86723.0
0.396484375,86704.0
0.3984375,86734.0
0.400390625,86727.0
0.40234375,86714.0
0.404296875,86722.0
0.40625,86704.0
0.408203125,86709.0
0.41015625,86701.0
0.412109375,86695.0
0.4140625,86692.0
0.416015625,86680.0
0.41796875,86690.0
0.419921875,86677.0
0.421875,86651.0
0.423828125,86683.0
0.42578125,86650.0
0.427734375,86664.0
0.4296875,86652.0
0.431640625,86649.0
0.43359375,86635.0
0.435546875,86662.0
0.4375,86640.0
0.439453125,86627.0
0.44140625,86652.0
0.443359375,86656.0
0.4453125,86653.0
0.447265625,86659.0
0.44921875,86667.0
0.451171875,86652.0
0.453125,86659.0
0.455078125,86648.0
0.45703125,86645.0
0.458984375,86663.0
0.4609375,86648.0
0.462890625,86640.0
0.46484375,86671.0
0.466796875,86682.0
0.46875,86681.0
0.470703125,86694.0
0.47265625,86715.0
0.474609375,86697.0
0.4765625,86711.0
0.478515625,86708.0
0.48046875,86691.0
0.482421875,86722.0
0.484375,86722.0
0.486328125,86712.0
0.48828125,86745.0
0.490234375,86749.0
0.4921875,86756.0
0.494140625,86774.0
0.49609375,86767.0
0.498046875,86771.0
0.5,86783.0
0.501953125,86738.0
0.50390625,86777.0
0.505859375,86786.0
0.5078125,86797.0
0.509765625,86821.0
0.51171875,86815.0
0.513671875,86819.0
0.515625,86840.0
0.517578125,86825.0
0.51953125,86840.0
0.521484375,86860.0
0.5234375,86850.0
0.525390625,86859.0
0.52734375,86871.0
0.529296875,86881.0
0.53125,86874.0
0.533203125,86887.0
0.53515625,86919.0
0.537109375,86903.0
0.5390625,86915.0
0.541015625,86912.0
0.54296875,86918.0
0.544921875,86925.0
0.546875,86938.0
0.548828125,86939.0
0.55078125,86959.0
0.552734375,86958.0
0.5546875,86959.0
0.556640625,86951.0
0.55859375,86944.0
0.560546875,86971.0
0.5625,87001.0
0.564453125,86985.0
0.56640625,86996.0
0.568359375,87000.0
0.5703125,87005.0
0.572265625,87009.0
0.57421875,87012.0
0.576171875,86997.0
0.578125,87011.0
0.580078125,87021.0
0.58203125,87025.0
0.583984375,87051.0
0.5859375,87049.0
0.587890625,87065.0
0.58984375,87082.0
0.591796875,87086.0
0.59375,87064.0
0.595703125,87092.0
0.59765625,87075.0
0.599609375,87092.0
0.6015625,87102.0
0.603515625,87080.0
0.60546875,87123.0
0.607421875,87103.0
0.609375,87128.0
0.611328125,87135.0
0.61328125,87126.0
0.615234375,87128.0
0.6171875,87120.0
0.619140625,87151.0
0.62109375,87173.0
0.623046875,87165.0
0.625,87180.0
0.626953125,87176.0
0.62890625,87210.0
0.630859375,87207.0
0.6328125,87216.0
0.634765625,87219.0
0.63671875,87213.0
0.638671875,87204.0
0.640625,87234.0
0.642578125,87239.0
0.64453125,87221.0
0.646484375,87251.0
0.6484375,87213.0
0.650390625,87237.0
0.65234375,87254.0
0.654296875,87257.0
0.65625,87245.0
0.658203125,87259.0
0.66015625,87278.0
0.662109375,87287.0
0.6640625,87295.0
0.666015625,87295.0
0.66796875,87286.0
0.669921875,87326.0
0.671875,87321.0
0.673828125,87318.0
0.67578125,87311.0
0.677734375,87348.0
0.6796875,87363.0
0.681640625,87359.0
0.68359375,87392.0
0.685546875,87375.0
0.6875,87390.0
0.689453125,87389.0
0.69140625,87410.0
0.693359375,87420.0
0.6953125,87419.0
0.697265625,87404.0
0.69921875,87449.0
0.701171875,87445.0
0.703125,87462.0
0.705078125,87454.0
0.70703125,87494.0
0.708984375,87508.0
0.7109375,87520.0
0.712890625,87502.0
0.71484375,87524.0
0.716796875,87531.0
0.71875,87522.0
0.720703125,87533.0
0.72265625,87561.0
0.724609375,87576.0
0.7265625,87560.0
0.728515625,87571.0
0.73046875,87579.0
0.732421875,87606.0
0.734375,87619.0
0.736328125,87624.0
0.73828125,87625.0
0.740234375,87612.0
0.7421875,87632.0
0.744140625,87661.0
0.74609375,87675.0
0.748046875,87677.0
0.75,87700.0
0.751953125,87699.0
0.75390625,87697.0
0.755859375,87732.0
0.7578125,87733.0
0.759765625,87738.0
0.76171875,87729.0
0.763671875,87732.0
0.765625,87761.0
0.767578125,87782.0
0.76953125,87810.0
0.771484375,87794.0
0.7734375,87803.0
0.775390625,87826.0
0.77734375,87821.0
0.779296875,87832.0
0.78125,87841.0
0.783203125,87873.0
0.78515625,87859.0
0.787109375,87867.0
0.7890625,87892.0
0.791015625,87873.0
0.79296875,87915.0
0.794921875,87916.0
0.796875,87938.0
0.798828125,87941.0
0.80078125,87920.0
0.802734375,87963.0
0.8046875,87905.0
0.806640625,87941.0
0.80859375,87960.0
0.810546875,87966.0
0.8125,87976.0
0.814453125,87981.0
0.81640625,87988.0
0.818359375,87989.0
0.8203125,88005.0
0.822265625,88024.0
0.82421875,88025.0
0.826171875,88028.0
0.828125,88073.0
0.830078125,88065.0
0.83203125,88068.0
0.833984375,88080.0
0.8359375,88094.0
0.837890625,88112.0
0.83984375,88090.0
0.841796875,88098.0
0.84375,88117.0
0.845703125,88143.0
0.84765625,88133.0
0.849609375,88164.0
0.8515625,88169.0
0.853515625,88176.0
0.85546875,88199.0
0.857421875,88196.0
0.859375,88211.0
0.861328125,88198.0
0.86328125,88214.0
0.865234375,88230.0
0.8671875,88251.0
0.869140625,88260.0
0.87109375,88253.0
0.873046875,88262.0
0.875,88275.0
0.876953125,88280.0
0.87890625,88303.0
0.880859375,88310.0
0.8828125,88307.0
0.884765625,88318.0
0.88671875,88328.0
0.888671875,88336.0
0.890625,88367.0
0.892578125,88359.0
0.89453125,88380.0
0.896484375,88395.0
0.8984375,88380.0
0.900390625,88425.0
0.90234375,88406.0
0.904296875,88425.0
0.90625,88428.0
0.908203125,88465.0
0.91015625,88463.0
0.912109375,88462.0
0.9140625,88446.0
0.916015625,88501.0
0.91796875,88472.0
0.919921875,88467.0
0.921875,88493.0
0.923828125,88492.0
0.92578125,88514.0
0.927734375,88531.0
0.9296875,88552.0
0.931640625,88559.0
0.93359375,88567.0
0.935546875,88575.0
0.9375,88599.0
0.939453125,88572.0
0.94140625,88595.0
0.943359375,88598.0
0.9453125,88615.0
0.947265625,88631.0
0.94921875,88625.0
0.951171875,88649.0
0.953125,88650.0
0.955078125,88653.0
0.95703125,88659.0
0.958984375,88669.0
0.9609375,88661.0
0.962890625,88671.0
0.96484375,88686.0
0.966796875,88697.0
0.96875,88714.0
0.970703125,88713.0
0.97265625,88742.0
0.974609375,88716.0
0.9765625,88731.0
0.978515625,88723.0
0.98046875,88722.0
0.982421875,88760.0
0.984375,88735.0
0.986328125,88735.0
0.98828125,88776.0
0.990234375,88795.0
0.9921875,88785.0
0.994140625,88775.0
0.99609375,88811.0
0.998046875,88786.0
1.0,88783.0
1.001953125,88801.0
1.00390625,88814.0
1.005859375,88825.0
1.0078125,88841.0
1.009765625,88795.0
1.01171875,88811.0
1.013671875,88827.0
1.015625,88800.0
1.017578125,88833.0
1.01953125,88822.0
1.021484375,88806.0
1.0234375,88783.0
1.025390625,88809.0
1.02734375,88812.0
1.029296875,88781.0
1.03125,88782.0
1.033203125,88799.0
1.03515625,88787.0
1.037109375,88777.0
1.0390625,88745.0
1.041015625,88744.0
1.04296875,88751.0
1.044921875,88702.0
1.046875,88696.0
1.048828125,88667.0
1.05078125,88698.0
1.052734375,88665.0
1.0546875,88643.0
1.056640625,88633.0
1.05859375,88605.0
1.060546875,88570.0
1.0625,88578.0
1.064453125,88561.0
1.06640625,88529.0
1.068359375,88537.0
1.0703125,88490.0
1.072265625,88493.0
1.07421875,88468.0
1.076171875,88447.0
1.078125,88421.0
1.080078125,88417.0
1.08203125,88398.0
1.083984375,88401.0
1.0859375,88367.0
1.087890625,88340.0
1.08984375,88346.0
1.091796875,88330.0
1.09375,88324.0
1.095703125,88307.0
1.09765625,88285.0
1.099609375,88264.0
1.1015625,88274.0
1.103515625,88262.0
1.10546875,88253.0
1.107421875,88216.0
1.109375,88219.0
1.111328125,88211.0
1.11328125,88216.0
1.115234375,88232.0
1.1171875,88207.0
1.119140625,88191.0
1.12109375,88194.0
1.123046875,88159.0
1.125,88156.0
1.126953125,88158.0
1.12890625,88162.0
1.130859375,88153.0
1.1328125,88132.0
1.134765625,88158.0
1.13671875,88143.0
1.138671875,88128.0
1.140625,88160.0
1.142578125,88151.0
1.14453125,88129.0
1.146484375,88125.0
1.1484375,88129.0
1.150390625,88103.0
1.15234375,88130.0
1.154296875,88117.0
1.15625,88119.0
1.158203125,88105.0
1.16015625,88103.0
1.162109375,88091.0
1.1640625,88126.0
1.166015625,88108.0
1.16796875,88094.0
1.169921875,88077.0
1.171875,88082.0
1.173828125,88099.0
1.17578125,88080.0
1.177734375,88086.0
1.1796875,88065.0
1.181640625,88076.0
1.18359375,88058.0
1.185546875,88078.0
1.1875,88073.0
1.189453125,88068.0
1.19140625,88073.0
1.193359375,88095.0
1.1953125,88083.0
1.197265625,88071.0
1.19921875,88067.0
1.201171875,88060.0
1.203125,88056.0
1.205078125,88079.0
1.20703125,88090.0
1.208984375,88072.0
1.2109375,88074.0
1.212890625,88064.0
1.21484375,88075.0
1.216796875,88079.0
1.21875,88094.0
1.220703125,88057.0
1.22265625,88068.0
1.224609375,88072.0
1.2265625,88080.0
1.228515625,88083.0
1.23046875,88086.0
1.232421875,88075.0
1.234375,88078.0
1.236328125,88097.0
1.23828125,88112.0
1.240234375,88095.0
1.2421875,88109.0
1.244140625,88135.0
1.24609375,88161.0
1.248046875,88149.0
1.25,88162.0
1.251953125,88155.0
1.25390625,88158.0
1.255859375,88189.0
1.2578125,88185.0
1.259765625,88188.0
1.26171875,88217.0
1.263671875,88205.0
1.265625,88237.0
1.267578125,88220.0
1.26953125,88206.0
1.271484375,88247.0
1.2734375,88254.0
1.275390625,88242.0
1.27734375,88231.0
1.279296875,88262.0
1.28125,88281.0
1.283203125,88261.0
1.28515625,88292.0
1.287109375,88296.0
1.2890625,88274.0
1.291015625,88263.0
1.29296875,88292.0
1.294921875,88324.0
1.296875,88331.0
1.298828125,88332.0
1.30078125,88304.0
1.302734375,88320.0
1.3046875,88349.0
1.306640625,88325.0
1.30859375,88344.0
1.310546875,88367.0
1.3125,88351.0
1.314453125,88371.0
1.31640625,88343.0
1.318359375,88366.0
1.3203125,88371.0
1.322265625,88369.0
1.32421875,88381.0
1.326171875,88383.0
1.328125,88403.0
1.330078125,88376.0
1.33203125,88408.0
1.333984375,88417.0
1.3359375,88389.0
1.337890625,88430.0
1.33984375,88413.0
1.341796875,88400.0
1.34375,88435.0
1.345703125,88427.0
1.34765625,88406.0
1.349609375,88429.0
1.3515625,88459.0
1.353515625,88447.0
1.35546875,88463.0
1.357421875,88448.0
1.359375,88470.0
1.361328125,88469.0
1.36328125,88484.0
1.365234375,88485.0
1.3671875,88488.0
1.369140625,88510.0
1.37109375,88507.0
1.373046875,88503.0
1.375,88502.0
1.376953125,88530.0
1.37890625,88545.0
1.380859375,88530.0
1.3828125,88544.0
1.384765625,88501.0
1.38671875,88545.0
1.388671875,88552.0
1.390625,88561.0
1.392578125,88574.0
1.39453125,88572.0
1.396484375,88575.0
1.3984375,88577.0
1.400390625,88606.0
1.40234375,88590.0
1.404296875,88595.0
1.40625,88612.0
1.408203125,88630.0
1.41015625,88620.0
1.412109375,88623.0
1.4140625,88648.0
1.416015625,88646.0
1.41796875,88655.0
1.419921875,88659.0
1.421875,88665.0
1.423828125,88650.0
1.42578125,88691.0
1.427734375,88690.0
1.4296875,88700.0
1.431640625,88699.0
1.43359375,88700.0
1.435546875,88701.0
1.4375,88722.0
1.439453125,88708.0
1.44140625,88698.0
1.443359375,88734.0
1.4453125,88706.0
1.447265625,88709.0
1.44921875,88737.0
1.451171875,88759.0
1.453125,88768.0
1.455078125,88756.0
1.45703125,88766.0
1.458984375,88775.0
1.4609375,88737.0
1.462890625,88761.0
1.46484375,88781.0
1.466796875,88774.0
1.46875,88830.0
1.470703125,88819.0
1.47265625,88814.0
1.474609375,88827.0
1.4765625,88809.0
1.478515625,88844.0
1.48046875,88843.0
1.482421875,88869.0
1.484375,88839.0
1.486328125,88868.0
1.48828125,88849.0
1.490234375,88901.0
1.4921875,88890.0
1.494140625,88905.0
1.49609375,88921.0
1.498046875,88917.0
1.5,88917.0
1.501953125,88941.0
1.50390625,88905.0
1.505859375,88908.0
1.5078125,88928.0
1.509765625,88963.0
1.51171875,88957.0
1.513671875,88960.0
1.515625,88990.0
1.517578125,88973.0
1.51953125,88989.0
1.521484375,88983.0
1.5234375,88975.0
1.525390625,89014.0
1.52734375,88977.0
1.529296875,89010.0
1.53125,89026.0
1.533203125,89008.0
1.53515625,89038.0
1.537109375,89049.0
1.5390625,89030.0
1.541015625,89050.0
1.54296875,89071.0
1.544921875,89055.0
1.546875,89065.0
1.548828125,89108.0
1.55078125,89097.0
1.552734375,89113.0
1.5546875,89122.0
1.556640625,89121.0
1.55859375,89132.0
1.560546875,89134.0
1.5625,89120.0
1.564453125,89146.0
1.56640625,89162.0
1.568359375,89180.0
1.5703125,89178.0
1.572265625,89162.0
1.57421875,89178.0
1.576171875,89192.0
1.578125,89203.0
1.580078125,89197.0
1.58203125,89199.0
1.583984375,89223.0
1.5859375,89219.0
1.587890625,89228.0
1.58984375,89232.0
1.591796875,89236.0
1.59375,89242.0
1.595703125,89269.0
1.59765625,89266.0
1.599609375,89283.0
1.6015625,89284.0
1.603515625,89260.0
1.60546875,89285.0
1.607421875,89312.0
1.609375,89325.0
1.611328125,89323.0
1.61328125,89327.0
1.615234375,89325.0
1.6171875,89346.0
1.619140625,89370.0
1.62109375,89372.0
1.623046875,89360.0
1.625,89361.0
1.626953125,89379.0
1.62890625,89374.0
1.630859375,89390.0
1.6328125,89380.0
1.634765625,89384.0
1.63671875,89389.0
1.638671875,89421.0
1.640625,89430.0
1.642578125,89412.0
1.64453125,89414.0
1.646484375,89413.0
1.6484375,89422.0
1.650390625,89427.0
1.65234375,89466.0
1.654296875,89461.0
1.65625,89453.0
1.658203125,89465.0
1.66015625,89464.0
1.662109375,89457.0
1.6640625,89470.0
1.666015625,89475.0
1.66796875,89489.0
1.669921875,89455.0
1.671875,89518.0
1.673828125,89508.0
1.67578125,89528.0
1.677734375,89498.0
1.6796875,89527.0
1.681640625,89527.0
1.68359375,89517.0
1.685546875,89547.0
1.6875,89528.0
1.689453125,89561.0
1.69140625,89543.0
1.693359375,89546.0
1.6953125,89555.0
1.697265625,89581.0
1.69921875,89566.0
1.701171875,89576.0
1.703125,89566.0
1.705078125,89576.0
1.70703125,89577.0
1.708984375,89565.0
1.7109375,89618.0
1.712890625,89591.0
1.71484375,89596.0
1.716796875,89615.0
1.71875,89625.0
1.720703125,89602.0
1.72265625,89604.0
1.724609375,89589.0
1.7265625,89622.0
1.728515625,89598.0
1.73046875,89605.0
1.732421875,89599.0
1.734375,89616.0
1.736328125,89600.0
1.73828125,89611.0
1.740234375,89593.0
1.7421875,89599.0
1.744140625,89582.0
1.74609375,89565.0
1.748046875,89585.0
1.75,89588.0
1.751953125,89540.0
1.75390625,89561.0
1.755859375,89524.0
1.7578125,89529.0
1.759765625,89525.0
1.76171875,89494.0
1.763671875,89498.0
1.765625,89467.0
1.767578125,89445.0
1.76953125,89443.0
1.771484375,89421.0
1.7734375,89412.0
1.775390625,89399.0
1.77734375,89396.0
1.779296875,89389.0
1.78125,89365.0
1.783203125,89312.0
1.78515625,89333.0
1.787109375,89296.0
1.7890625,89261.0
1.791015625,89259.0
1.79296875,89252.0
1.794921875,89233.0
1.796875,89188.0
1.798828125,89228.0
1.80078125,89171.0
1.802734375,89152.0
1.8046875,89151.0
1.806640625,89162.0
1.80859375,89119.0
1.810546875,89118.0
1.8125,89092.0
1.814453125,89080.0
1.81640625,89070.0
1.818359375,89052.0
1.8203125,89083.0
1.822265625,89016.0
1.82421875,88995.0
1.826171875,89011.0
1.828125,88987.0
1.830078125,88981.0
1.83203125,88957.0
1.833984375,88956.0
1.8359375,88941.0
1.837890625,88943.0
1.83984375,88948.0
1.841796875,88917.0
1.84375,88933.0
1.845703125,88902.0
1.84765625,88913.0
1.849609375,88909.0
1.8515625,88937.0
1.853515625,88854.0
1.85546875,88898.0
1.857421875,88913.0
1.859375,88877.0
1.861328125,88869.0
1.86328125,88882.0
1.865234375,88872.0
1.8671875,88857.0
1.869140625,88854.0
1.87109375,88851.0
1.873046875,88877.0
1.875,88862.0
1.876953125,88858.0
1.87890625,88848.0
1.880859375,88850.0
1.8828125,88836.0
1.884765625,88811.0
1.88671875,88827.0
1.888671875,88789.0
1.890625,88820.0
1.892578125,88826.0
1.89453125,88824.0
1.896484375,88827.0
1.8984375,88826.0
1.900390625,88805.0
1.90234375,88807.0
1.904296875,88802.0
1.90625,88790.0
1.908203125,88789.0
1.91015625,88826.0
1.912109375,88796.0
1.9140625,88785.0
1.916015625,88794.0
1.91796875,88789.0
1.919921875,88806.0
1.921875,88793.0
1.923828125,88792.0
1.92578125,88787.0
1.927734375,88820.0
1.9296875,88824.0
1.931640625,88830.0
1.93359375,88826.0
1.935546875,88848.0
1.9375,88832.0
1.939453125,88852.0
1.94140625,88856.0
1.943359375,88836.0
1.9453125,88844.0
1.947265625,88852.0
1.94921875,88873.0
1.951171875,88861.0
1.953125,88872.0
1.955078125,88887.0
1.95703125,88886.0
1.958984375,88910.0
1.9609375,88898.0
1.962890625,88904.0
1.96484375,88908.0
1.966796875,88917.0
1.96875,88934.0
1.970703125,88951.0
1.97265625,88946.0
1.974609375,88944.0
1.9765625,88965.0
1.978515625,88974.0
1.98046875,88967.0
1.982421875,88943.0
1.984375,88926.0
1.986328125,88924.0
1.98828125,88975.0
1.990234375,88953.0
1.9921875,88968.0
1.994140625,88976.0
1.99609375,88971.0
1.998046875,88992.0
2.0,88978.0
2.001953125,89009.0
2.00390625,88984.0
2.005859375,89003.0
2.0078125,89033.0
2.009765625,89027.0
2.01171875,89030.0
2.013671875,89049.0
2.015625,89042.0
2.017578125,89033.0
2.01953125,89036.0
2.021484375,89031.0
2.0234375,89028.0
2.025390625,89051.0
2.02734375,89044.0
2.029296875,89041.0
2.03125,89064.0
2.033203125,89037.0
2.03515625,89059.0
2.037109375,89047.0
2.0390625,89053.0
2.041015625,89067.0
2.04296875,89053.0
2.044921875,89067.0
2.046875,89045.0
2.048828125,89035.0
2.05078125,89047.0
2.052734375,89050.0
2.0546875,89053.0
2.056640625,89056.0
2.05859375,89087.0
2.060546875,89068.0
2.0625,89078.0
2.064453125,89067.0
2.06640625,89068.0
2.068359375,89088.0
2.0703125,89093.0
2.072265625,89096.0
2.07421875,89088.0
2.076171875,89123.0
2.078125,89117.0
2.080078125,89126.0
2.08203125,89111.0
2.083984375,89126.0
2.0859375,89111.0
2.087890625,89108.0
2.08984375,89127.0
2.091796875,89129.0
2.09375,89098.0
2.095703125,89119.0
2.09765625,89134.0
2.099609375,89128.0
2.1015625,89131.0
2.103515625,89112.0
2.10546875,89134.0
2.107421875,89139.0
2.109375,89157.0
2.111328125,89148.0
2.11328125,89155.0
2.115234375,89146.0
2.1171875,89152.0
2.119140625,89182.0
2.12109375,89198.0
2.123046875,89127.0
2.125,89198.0
2.126953125,89195.0
2.12890625,89190.0
2.130859375,89197.0
2.1328125,89169.0
2.134765625,89220.0
2.13671875,89200.0
2.138671875,89227.0
2.140625,89230.0
2.142578125,89222.0
2.14453125,89237.0
2.146484375,89227.0
2.1484375,89238.0
2.150390625,89228.0
2.15234375,89244.0
2.154296875,89249.0
2.15625,89252.0
2.158203125,89260.0
2.16015625,89271.0
2.162109375,89287.0
2.1640625,89258.0
2.166015625,89263.0
2.16796875,89283.0
2.169921875,89334.0
2.171875,89304.0
2.173828125,89334.0
2.17578125,89293.0
2.177734375,89339.0
2.1796875,89340.0
2.181640625,89334.0
2.18359375,89343.0
2.185546875,89355.0
2.1875,89339.0
2.189453125,89367.0
2.19140625,89377.0
2.193359375,89406.0
2.1953125,89377.0
2.197265625,89391.0
2.19921875,89402.0
2.201171875,89404.0
2.203125,89409.0
2.205078125,89416.0
2.20703125,89397.0
2.208984375,89432.0
2.2109375,89432.0
2.212890625,89432.0
2.21484375,89458.0
2.216796875,89446.0
2.21875,89464.0
2.220703125,89456.0
2.22265625,89486.0
2.224609375,89480.0
2.2265625,89479.0
2.228515625,89461.0
2.23046875,89493.0
2.232421875,89504.0
2.234375,89484.0
2.236328125,89508.0
2.23828125,89532.0
2.240234375,89535.0
2.2421875,89532.0
2.244140625,89559.0
2.24609375,89551.0
2.248046875,89553.0
2.25,89530.0
2.251953125,89546.0
2.25390625,89556.0
2.255859375,89550.0
2.2578125,89585.0
2.259765625,89585.0
2.26171875,89571.0
2.263671875,89592.0
2.265625,89585.0
2.267578125,89612.0
2.26953125,89598.0
2.271484375,89601.0
2.2734375,89623.0
2.275390625,89625.0
2.27734375,89615.0
2.279296875,89625.0
2.28125,89627.0
2.283203125,89649.0
2.28515625,89643.0
2.287109375,89647.0
2.2890625,89682.0
2.291015625,89661.0
2.29296875,89691.0
2.294921875,89657.0
2.296875,89677.0
2.298828125,89679.0
2.30078125,89684.0
2.302734375,89663.0
2.3046875,89672.0
2.306640625,89672.0
2.30859375,89695.0
2.310546875,89695.0
2.3125,89706.0
2.314453125,89710.0
2.31640625,89720.0
2.318359375,89730.0
2.3203125,89740.0
2.322265625,89743.0
2.32421875,89736.0
2.326171875,89735.0
2.328125,89735.0
2.330078125,89741.0
2.33203125,89775.0
2.333984375,89757.0
2.3359375,89754.0
2.337890625,89783.0
2.33984375,89799.0
2.341796875,89804.0
2.34375,89799.0
2.345703125,89786.0
2.34765625,89782.0
2.349609375,89814.0
2.3515625,89824.0
2.353515625,89806.0
2.35546875,89832.0
2.357421875,89824.0
2.359375,89836.0
2.361328125,89834.0
2.36328125,89843.0
2.365234375,89833.0
2.3671875,89827.0
2.369140625,89852.0
2.37109375,89849.0
2.373046875,89837.0
2.375,89847.0
2.376953125,89874.0
2.37890625,89882.0
2.380859375,89875.0
2.3828125,89873.0
2.384765625,89852.0
2.38671875,89880.0
2.388671875,89858.0
2.390625,89884.0
2.392578125,89883.0
2.39453125,89897.0
2.396484375,89877.0
2.3984375,89889.0
2.400390625,89893.0
2.40234375,89885.0
2.404296875,89861.0
2.40625,89844.0
2.408203125,89886.0
2.41015625,89871.0
2.412109375,89860.0
2.4140625,89857.0
2.416015625,89857.0
2.41796875,89868.0
2.419921875,89833.0
2.421875,89825.0
2.423828125,89790.0
2.42578125,89818.0
2.427734375,89775.0
2.4296875,89791.0
2.431640625,89770.0
2.43359375,89741.0
2.435546875,89745.0
2.4375,89721.0
2.439453125,89732.0
2.44140625,89699.0
2.443359375,89684.0
2.4453125,89667.0
2.447265625,89633.0
2.44921875,89622.0
2.451171875,89611.0
2.453125,89590.0
2.455078125,89557.0
2.45703125,89518.0
2.458984375,89527.0
2.4609375,89499.0
2.462890625,89491.0
2.46484375,89457.0
2.466796875,89433.0
2.46875,89413.0
2.470703125,89389.0
2.47265625,89358.0
2.474609375,89366.0
2.4765625,89319.0
2.478515625,89322.0
2.48046875,89310.0
2.482421875,89289.0
2.484375,89268.0
2.486328125,89255.0
2.48828125,89237.0
2.490234375,89201.0
2.4921875,89210.0
2.494140625,89188.0
2.49609375,89130.0
2.498046875,89127.0
2.5,89132.0
2.501953125,89128.0
2.50390625,89131.0
2.505859375,89097.0
2.5078125,89105.0
2.509765625,89057.0
2.51171875,89059.0
2.513671875,89046.0
2.515625,89002.0
2.517578125,89024.0
2.51953125,89031.0
2.521484375,88997.0
2.5234375,88986.0
2.525390625,88986.0
2.52734375,88977.0
2.529296875,88949.0
2.53125,88968.0
2.533203125,88964.0
2.53515625,88963.0
2.537109375,88933.0
2.5390625,88927.0
2.541015625,88909.0
2.54296875,88919.0
2.544921875,88893.0
2.546875,88883.0
2.548828125,88874.0
2.55078125,88852.0
2.552734375,88870.0
2.5546875,88847.0
2.556640625,88841.0
2.55859375,88835.0
2.560546875,88852.0
2.5625,88840.0
2.564453125,88827.0
2.56640625,88807.0
2.568359375,88783.0
2.5703125,88802.0
2.572265625,88799.0
2.57421875,88775.0
2.576171875,88783.0
2.578125,88758.0
2.580078125,88764.0
2.58203125,88779.0
2.583984375,88760.0
2.5859375,88753.0
2.587890625,88745.0
2.58984375,88734.0
2.591796875,88749.0
2.59375,88730.0
2.595703125,88714.0
2.59765625,88738.0
2.599609375,88719.0
2.6015625,88719.0
2.603515625,88727.0
2.60546875,88707.0
2.607421875,88699.0
2.609375,88719.0
2.611328125,88697.0
2.61328125,88719.0
2.615234375,88709.0
2.6171875,88707.0
2.619140625,88698.0
2.62109375,88723.0
2.623046875,88727.0
2.625,88712.0
2.626953125,88725.0
2.62890625,88697.0
2.630859375,88706.0
2.6328125,88723.0
2.634765625,88730.0
2.63671875,88706.0
2.638671875,88762.0
2.640625,88742.0
2.642578125,88744.0
2.64453125,88761.0
2.646484375,88739.0
2.6484375,88752.0
2.650390625,88766.0
2.65234375,88744.0
2.654296875,88790.0
2.65625,88777.0
2.658203125,88758.0
2.66015625,88768.0
2.662109375,88766.0
2.6640625,88772.0
2.666015625,88779.0
2.66796875,88787.0
2.669921875,88822.0
2.671875,88795.0
2.673828125,88847.0
2.67578125,88810.0
2.677734375,88840.0
2.6796875,88842.0
2.681640625,88832.0
2.68359375,88841.0
2.685546875,88825.0
2.6875,88844.0
2.689453125,88838.0
2.69140625,88867.0
2.693359375,88867.0
2.6953125,88854.0
2.697265625,88880.0
2.69921875,88874.0
2.701171875,88860.0
2.703125,88854.0
2.705078125,88881.0
2.70703125,88864.0
2.708984375,88863.0
2.7109375,88852.0
2.712890625,88880.0
2.71484375,88877.0
2.716796875,88871.0
2.71875,88875.0
2.720703125,88865.0
2.72265625,88890.0
2.724609375,88856.0
2.7265625,88871.0
2.728515625,88867.0
2.73046875,88840.0
2.732421875,88851.0
2.734375,88888.0
2.736328125,88867.0
2.73828125,88868.0
2.740234375,88878.0
2.7421875,88886.0
2.744140625,88888.0
2.74609375,88909.0
2.748046875,88886.0
2.75,88882.0
2.751953125,88876.0
2.75390625,88880.0
2.755859375,88872.0
2.7578125,88901.0
2.759765625,88901.0
2.76171875,88894.0
2.763671875,88920.0
2.765625,88907.0
2.767578125,88886.0
2.76953125,88889.0
2.771484375,88913.0
2.7734375,88892.0
2.775390625,88921.0
2.77734375,88932.0
2.779296875,88920.0
2.78125,88955.0
2.783203125,88934.0
2.78515625,88936.0
2.787109375,88917.0
2.7890625,88933.0
2.791015625,88949.0
2.79296875,88933.0
2.794921875,88939.0
2.796875,88950.0
2.798828125,88944.0
2.80078125,88954.0
2.802734375,88973.0
2.8046875,88985.0
2.806640625,88961.0
2.80859375,88961.0
2.810546875,88982.0
2.8125,88955.0
2.814453125,88971.0
2.81640625,88987.0
2.818359375,89019.0
2.8203125,89002.0
2.822265625,89015.0
2.82421875,89022.0
2.826171875,89005.0
2.828125,89014.0
2.830078125,89022.0
2.83203125,89001.0
2.833984375,89026.0
2.8359375,89057.0
2.837890625,89044.0
2.83984375,89051.0
2.841796875,89066.0
2.84375,89075.0
2.845703125,89064.0
2.84765625,89073.0
2.849609375,89090.0
2.8515625,89074.0
2.853515625,89077.0
2.85546875,89080.0
2.857421875,89100.0
2.859375,89120.0
2.861328125,89112.0
2.86328125,89130.0
2.865234375,89122.0
2.8671875,89126.0
2.869140625,89132.0
2.87109375,89145.0
2.873046875,89157.0
2.875,89163.0
2.876953125,89161.0
2.87890625,89141.0
2.880859375,89167.0
2.8828125,89182.0
2.884765625,89172.0
2.88671875,89184.0
2.888671875,89187.0
2.890625,89164.0
2.892578125,89213.0
2.89453125,89196.0
2.896484375,89189.0
2.8984375,89203.0
2.900390625,89208.0
2.90234375,89226.0
2.904296875,89219.0
2.90625,89243.0
2.908203125,89215.0
2.91015625,89231.0
2.912109375,89254.0
2.9140625,89277.0
2.916015625,89250.0
2.91796875,89253.0
2.919921875,89268.0
2.921875,89265.0
2.923828125,89284.0
2.92578125,89286.0
2.927734375,89286.0
2.9296875,89293.0
2.931640625,89290.0
2.93359375,89312.0
2.935546875,89304.0
2.9375,89314.0
2.939453125,89324.0
2.94140625,89320.0
2.943359375,89310.0
2.9453125,89359.0
2.947265625,89358.0
2.94921875,89349.0
2.951171875,89333.0
2.953125,89358.0
2.955078125,89358.0
2.95703125,89346.0
2.958984375,89376.0
2.9609375,89357.0
2.962890625,89366.0
2.96484375,89378.0
2.966796875,89383.0
2.96875,89388.0
2.970703125,89407.0
2.97265625,89404.0
2.974609375,89387.0
2.9765625,89398.0
2.978515625,89430.0
2.98046875,89414.0
2.982421875,89415.0
2.984375,89423.0
2.986328125,89448.0
2.98828125,89433.0
2.990234375,89395.0
2.9921875,89417.0
2.994140625,89432.0
2.99609375,89450.0
2.998046875,89464.0
3.0,89436.0
3.001953125,89453.0
3.00390625,89464.0
3.005859375,89461.0
3.0078125,89471.0
3.009765625,89487.0
3.01171875,89473.0
3.013671875,89507.0
3.015625,89483.0
3.017578125,89496.0
3.01953125,89513.0
3.021484375,89521.0
3.0234375,89532.0
3.025390625,89533.0
3.02734375,89511.0
3.029296875,89527.0
3.03125,89517.0
3.033203125,89527.0
3.03515625,89504.0
3.037109375,89553.0
3.0390625,89546.0
3.041015625,89565.0
3.04296875,89556.0
3.044921875,89557.0
3.046875,89578.0
3.048828125,89555.0
3.05078125,89607.0
3.052734375,89588.0
3.0546875,89578.0
3.056640625,89590.0
3.05859375,89585.0
3.060546875,89563.0
3.0625,89596.0
3.064453125,89602.0
3.06640625,89590.0
3.068359375,89592.0
3.0703125,89606.0
3.072265625,89588.0
3.07421875,89585.0
3.076171875,89601.0
3.078125,89624.0
3.080078125,89642.0
3.08203125,89621.0
3.083984375,89632.0
3.0859375,89639.0
3.087890625,89633.0
3.08984375,89611.0
3.091796875,89595.0
3.09375,89619.0
3.095703125,89618.0
3.09765625,89603.0
3.099609375,89595.0
3.1015625,89595.0
3.103515625,89599.0
3.10546875,89619.0
3.107421875,89586.0
3.109375,89584.0
3.111328125,89562.0
3.11328125,89547.0
3.115234375,89570.0
3.1171875,89534.0
3.119140625,89525.0
3.12109375,89505.0
3.123046875,89481.0
3.125,89488.0
3.126953125,89458.0
3.12890625,89441.0
3.130859375,89415.0
3.1328125,89394.0
3.134765625,89367.0
3.13671875,89329.0
3.138671875,89316.0
3.140625,89308.0
3.142578125,89273.0
3.14453125,89269.0
3.146484375,89241.0
3.1484375,89225.0
3.150390625,89144.0
3.15234375,89156.0
3.154296875,89120.0
3.15625,89117.0
3.158203125,89076.0
3.16015625,89053.0
3.162109375,89044.0
3.1640625,89026.0
3.166015625,88990.0
3.16796875,88973.0
3.169921875,88922.0
3.171875,88927.0
3.173828125,88888.0
3.17578125,88879.0
3.177734375,88877.0
3.1796875,88845.0
3.181640625,88819.0
3.18359375,88810.0
3.185546875,88803.0
3.1875,88774.0
3.189453125,88739.0
3.19140625,88706.0
3.193359375,88697.0
3.1953125,88693.0
3.197265625,88646.0
3.19921875,88650.0
3.201171875,88650.0
3.203125,88632.0
3.205078125,88582.0
3.20703125,88593.0
3.208984375,88577.0
3.2109375,88552.0
3.212890625,88546.0
3.21484375,88514.0
3.216796875,88502.0
3.21875,88502.0
3.220703125,88512.0
3.22265625,88487.0
3.224609375,88488.0
3.2265625,88443.0
3.228515625,88433.0
3.23046875,88436.0
3.232421875,88407.0
3.234375,88410.0
3.236328125,88401.0
3.23828125,88392.0
3.240234375,88388.0
3.2421875,88383.0
3.244140625,88370.0
3.24609375,88344.0
3.248046875,88364.0
3.25,88315.0
3.251953125,88342.0
3.25390625,88327.0
3.255859375,88291.0
3.2578125,88317.0
3.259765625,88285.0
3.26171875,88277.0
3.263671875,88291.0
3.265625,88283.0
3.267578125,88288.0
3.26953125,88257.0
3.271484375,88249.0
3.2734375,88239.0
3.275390625,88241.0
3.27734375,88238.0
3.279296875,88244.0
3.28125,88210.0
3.283203125,88220.0
3.28515625,88208.0
3.287109375,88194.0
3.2890625,88213.0
3.291015625,88211.0
3.29296875,88197.0
3.294921875,88189.0
3.296875,88173.0
3.298828125,88182.0
3.30078125,88180.0
3.302734375,88180.0
3.3046875,88193.0
3.306640625,88182.0
3.30859375,88157.0
3.310546875,88185.0
3.3125,88161.0
3.314453125,88164.0
3.31640625,88172.0
3.318359375,88149.0
3.3203125,88168.0
3.322265625,88168.0
3.32421875,88170.0
3.326171875,88178.0
3.328125,88175.0
3.330078125,88167.0
3.33203125,88174.0
3.333984375,88202.0
3.3359375,88203.0
3.337890625,88184.0
3.33984375,88200.0
3.341796875,88194.0
3.34375,88199.0
3.345703125,88219.0
3.34765625,88236.0
3.349609375,88210.0
3.3515625,88228.0
3.353515625,88204.0
3.35546875,88207.0
3.357421875,88226.0
3.359375,88241.0
3.361328125,88241.0
3.36328125,88246.0
3.365234375,88279.0
3.3671875,88248.0
3.369140625,88263.0
3.37109375,88246.0
3.373046875,88255.0
3.375,88245.0
3.376953125,88262.0
3.37890625,88299.0
3.380859375,88267.0
3.3828125,88276.0
3.384765625,88275.0
3.38671875,88282.0
3.388671875,88287.0
3.390625,88277.0
3.392578125,88267.0
3.39453125,88256.0
3.396484375,88299.0
3.3984375,88292.0
3.400390625,88289.0
3.40234375,88295.0
3.404296875,88292.0
3.40625,88280.0
3.408203125,88310.0
3.41015625,88314.0
3.412109375,88307.0
3.4140625,88288.0
3.416015625,88307.0
3.41796875,88314.0
3.419921875,88294.0
3.421875,88311.0
3.423828125,88324.0
3.42578125,88311.0
3.427734375,88308.0
3.4296875,88313.0
3.431640625,88327.0
3.43359375,88305.0
3.435546875,88299.0
3.4375,88312.0
3.439453125,88347.0
3.44140625,88336.0
3.443359375,88330.0
3.4453125,88315.0
3.447265625,88332.0
3.44921875,88324.0
3.451171875,88334.0
3.453125,88326.0
3.455078125,88349.0
3.45703125,88349.0
3.458984375,88366.0
3.4609375,88346.0
3.462890625,88357.0
3.46484375,88348.0
3.466796875,88372.0
3.46875,88369.0
3.470703125,88373.0
3.47265625,88392.0
3.474609375,88376.0
3.4765625,88354.0
3.478515625,88388.0
3.48046875,88377.0
3.482421875,88373.0
3.484375,88390.0
3.486328125,88402.0
3.48828125,88394.0
3.490234375,88395.0
3.4921875,88373.0
3.494140625,88386.0
3.49609375,88415.0
3.498046875,88429.0
3.5,88427.0
3.501953125,88403.0
3.50390625,88440.0
3.505859375,88425.0
3.5078125,88443.0
3.509765625,88447.0
3.51171875,88443.0
3.513671875,88443.0
3.515625,88453.0
3.517578125,88474.0
3.51953125,88489.0
3.521484375,88463.0
3.5234375,88470.0
3.525390625,88476.0
3.52734375,88500.0
3.529296875,88481.0
3.53125,88481.0
3.533203125,88476.0
3.53515625,88468.0
3.537109375,88483.0
3.5390625,88518.0
3.541015625,88497.0
3.54296875,88510.0
3.544921875,88527.0
3.546875,88547.0
3.548828125,88533.0
3.55078125,88505.0
3.552734375,88536.0
3.5546875,88541.0
3.556640625,88556.0
3.55859375,88540.0
3.560546875,88588.0
3.5625,88545.0
3.564453125,88574.0
3.56640625,88562.0
3.568359375,88581.0
3.5703125,88590.0
3.572265625,88579.0
3.57421875,88572.0
3.576171875,88618.0
3.578125,88617.0
3.580078125,88602.0
3.58203125,88629.0
3.583984375,88648.0
3.5859375,88613.0
3.587890625,88645.0
3.58984375,88646.0
3.591796875,88657.0
3.59375,88658.0
3.595703125,88650.0
3.59765625,88656.0
3.599609375,88662.0
3.6015625,88662.0
3.603515625,88693.0
3.60546875,88652.0
3.607421875,88704.0
3.609375,88672.0
3.611328125,88656.0
3.61328125,88672.0
3.615234375,88687.0
3.6171875,88707.0
3.619140625,88718.0
3.62109375,88733.0
3.623046875,88735.0
3.625,88738.0
3.626953125,88744.0
3.62890625,88735.0
3.630859375,88744.0
3.6328125,88767.0
3.634765625,88752.0
3.63671875,88779.0
3.638671875,88740.0
3.640625,88768.0
3.642578125,88774.0
3.64453125,88748.0
3.646484375,88790.0
3.6484375,88780.0
3.650390625,88798.0
3.65234375,88778.0
3.654296875,88762.0
3.65625,88775.0
3.658203125,88763.0
3.66015625,88769.0
3.662109375,88778.0
3.6640625,88790.0
3.666015625,88772.0
3.66796875,88781.0
3.669921875,88780.0
3.671875,88786.0
3.673828125,88811.0
3.67578125,88783.0
3.677734375,88791.0
3.6796875,88804.0
3.681640625,88789.0
3.68359375,88831.0
3.685546875,88819.0
3.6875,88817.0
3.689453125,88845.0
3.69140625,88850.0
3.693359375,88868.0
3.6953125,88848.0
3.697265625,88853.0
3.69921875,88866.0
3.701171875,88881.0
3.703125,88890.0
3.705078125,88899.0
3.70703125,88881.0
3.708984375,88900.0
3.7109375,88910.0
3.712890625,88876.0
3.71484375,88886.0
3.716796875,88899.0
3.71875,88923.0
3.720703125,88911.0
3.72265625,88914.0
3.724609375,88920.0
3.7265625,88937.0
3.728515625,88947.0
3.73046875,88950.0
3.732421875,88950.0
3.734375,88964.0
3.736328125,88957.0
3.73828125,88962.0
3.740234375,88970.0
3.7421875,88961.0
3.744140625,88977.0
3.74609375,88993.0
3.748046875,88977.0
3.75,88994.0
3.751953125,89009.0
3.75390625,89006.0
3.755859375,88996.0
3.7578125,89014.0
3.759765625,89013.0
3.76171875,89038.0
3.763671875,89041.0
3.765625,89028.0
3.767578125,89029.0
3.76953125,89047.0
3.771484375,89036.0
3.7734375,89034.0
3.775390625,89025.0
3.77734375,89026.0
3.779296875,89040.0
3.78125,89053.0
3.783203125,89074.0
3.78515625,89077.0
3.787109375,89076.0
3.7890625,89062.0
3.791015625,89098.0
3.79296875,89090.0
3.794921875,89084.0
3.796875,89092.0
3.798828125,89125.0
3.80078125,89096.0
3.802734375,89098.0
3.8046875,89098.0
3.806640625,89078.0
3.80859375,89091.0
3.810546875,89103.0
3.8125,89093.0
3.814453125,89076.0
3.81640625,89071.0
3.818359375,89090.0
3.8203125,89092.0
3.822265625,89076.0
3.82421875,89063.0
3.826171875,89042.0
3.828125,89051.0
3.830078125,89032.0
3.83203125,89041.0
3.833984375,88990.0
3.8359375,88994.0
3.837890625,88966.0
3.83984375,88949.0
3.841796875,88929.0
3.84375,88915.0
3.845703125,88904.0
3.84765625,88874.0
3.849609375,88874.0
3.8515625,88851.0
3.853515625,88805.0
3.85546875,88794.0
3.857421875,88779.0
3.859375,88742.0
3.861328125,88713.0
3.86328125,88691.0
3.865234375,88667.0
3.8671875,88636.0
3.869140625,88625.0
3.87109375,88577.0
3.873046875,88556.0
3.875,88526.0
3.876953125,88498.0
3.87890625,88471.0
3.880859375,88466.0
3.8828125,88448.0
3.884765625,88417.0
3.88671875,88391.0
3.888671875,88384.0
3.890625,88339.0
3.892578125,88325.0
3.89453125,88306.0
3.896484375,88287.0
3.8984375,88240.0
3.900390625,88228.0
3.90234375,88197.0
3.904296875,88183.0
3.90625,88175.0
3.908203125,88159.0
3.91015625,88155.0
3.912109375,88105.0
3.9140625,88116.0
3.916015625,88070.0
3.91796875,88042.0
3.919921875,88035.0
3.921875,88006.0
3.923828125,87978.0
3.92578125,87972.0
3.927734375,87976.0
3.9296875,87958.0
3.931640625,87916.0
3.93359375,87897.0
3.935546875,87888.0
3.9375,87841.0
3.939453125,87865.0
3.94140625,87837.0
3.943359375,87841.0
3.9453125,87828.0
3.947265625,87800.0
3.94921875,87785.0
3.951171875,87787.0
3.953125,87752.0
3.955078125,87731.0
3.95703125,87717.0
3.958984375,87738.0
3.9609375,87721.0
3.962890625,87707.0
3.96484375,87688.0
3.966796875,87674.0
3.96875,87655.0
3.970703125,87640.0
3.97265625,87650.0
3.974609375,87602.0
3.9765625,87617.0
3.978515625,87610.0
3.98046875,87607.0
3.982421875,87565.0
3.984375,87570.0
3.986328125,87566.0
3.98828125,87585.0
3.990234375,87560.0
3.9921875,87552.0
3.994140625,87506.0
3.99609375,87530.0
3.998046875,87493.0
4.0,87528.0
4.001953125,87510.0
4.00390625,87483.0
4.005859375,87478.0
4.0078125,87498.0
4.009765625,87444.0
4.01171875,87466.0
4.013671875,87445.0
4.015625,87449.0
4.017578125,87445.0
4.01953125,87454.0
4.021484375,87468.0
4.0234375,87436.0
4.025390625,87423.0
4.02734375,87432.0
4.029296875,87439.0
4.03125,87423.0
4.033203125,87445.0
4.03515625,87421.0
4.037109375,87426.0
4.0390625,87420.0
4.041015625,87430.0
4.04296875,87461.0
4.044921875,87439.0
4.046875,87437.0
4.048828125,87452.0
4.05078125,87469.0
4.052734375,87458.0
4.0546875,87469.0
4.056640625,87442.0
4.05859375,87433.0
4.060546875,87472.0
4.0625,87461.0
4.064453125,87459.0
4.06640625,87475.0
4.068359375,87489.0
4.0703125,87484.0
4.072265625,87477.0
4.07421875,87482.0
4.076171875,87484.0
4.078125,87474.0
4.080078125,87468.0
4.08203125,87495.0
4.083984375,87511.0
4.0859375,87530.0
4.087890625,87515.0
4.08984375,87529.0
4.091796875,87549.0
4.09375,87523.0
4.095703125,87534.0
4.09765625,87536.0
4.099609375,87513.0
4.1015625,87512.0
4.103515625,87521.0
4.10546875,87529.0
4.107421875,87526.0
4.109375,87531.0
4.111328125,87551.0
4.11328125,87532.0
4.115234375,87541.0
4.1171875,87527.0
4.119140625,87548.0
4.12109375,87542.0
4.123046875,87543.0
4.125,87529.0
4.126953125,87555.0
4.12890625,87566.0
4.130859375,87555.0
4.1328125,87555.0
4.134765625,87553.0
4.13671875,87556.0
4.138671875,87556.0
4.140625,87550.0
4.142578125,87549.0
4.14453125,87558.0
4.146484375,87539.0
4.1484375,87571.0
4.150390625,87561.0
4.15234375,87573.0
4.154296875,87557.0
4.15625,87583.0
4.158203125,87547.0
4.16015625,87582.0
4.162109375,87576.0
4.1640625,87557.0
4.166015625,87592.0
4.16796875,87603.0
4.169921875,87585.0
4.171875,87583.0
4.173828125,87582.0
4.17578125,87601.0
4.177734375,87598.0
4.1796875,87608.0
4.181640625,87614.0
4.18359375,87603.0
4.185546875,87589.0
4.1875,87592.0
4.189453125,87601.0
4.19140625,87589.0
4.193359375,87603.0
4.1953125,87626.0
4.197265625,87582.0
4.19921875,87617.0
4.201171875,87618.0
4.203125,87631.0
4.205078125,87614.0
4.20703125,87628.0
4.208984375,87634.0
4.2109375,87633.0
4.212890625,87642.0
4.21484375,87627.0
4.216796875,87634.0
4.21875,87617.0
4.220703125,87636.0
4.22265625,87639.0
4.224609375,87646.0
4.2265625,87619.0
4.228515625,87660.0
4.23046875,87663.0
4.232421875,87679.0
4.234375,87689.0
4.236328125,87682.0
4.23828125,87652.0
4.240234375,87667.0
4.2421875,87673.0
4.244140625,87684.0
4.24609375,87670.0
4.248046875,87672.0
4.25,87678.0
4.251953125,87707.0
4.25390625,87691.0
4.255859375,87713.0
4.2578125,87700.0
4.259765625,87700.0
4.26171875,87722.0
4.263671875,87717.0
4.265625,87734.0
4.267578125,87704.0
4.26953125,87729.0
4.271484375,87735.0
4.2734375,87747.0
4.275390625,87746.0
4.27734375,87734.0
4.279296875,87734.0
4.28125,87745.0
4.283203125,87784.0
4.28515625,87762.0
4.287109375,87791.0
4.2890625,87799.0
4.291015625,87797.0
4.29296875,87777.0
4.294921875,87794.0
4.296875,87784.0
4.298828125,87805.0
4.30078125,87815.0
4.302734375,87813.0
4.3046875,87831.0
4.306640625,87823.0
4.30859375,87868.0
4.310546875,87844.0
4.3125,87859.0
4.314453125,87858.0
4.31640625,87858.0
4.318359375,87879.0
4.3203125,87887.0
4.322265625,87879.0
4.32421875,87901.0
4.326171875,87897.0
4.328125,87930.0
4.330078125,87926.0
4.33203125,87922.0
4.333984375,87923.0
4.3359375,87954.0
4.337890625,87952.0
4.33984375,87951.0
4.341796875,87935.0
4.34375,87970.0
4.345703125,87981.0
4.34765625,87963.0
4.349609375,88007.0
4.3515625,88008.0
4.353515625,88005.0
4.35546875,87994.0
4.357421875,88033.0
4.359375,88009.0
4.361328125,88019.0
4.36328125,88015.0
4.365234375,88021.0
4.3671875,88056.0
4.369140625,88046.0
4.37109375,88057.0
4.373046875,88064.0
4.375,88057.0
4.376953125,88083.0
4.37890625,88073.0
4.380859375,88061.0
4.3828125,88084.0
4.384765625,88118.0
4.38671875,88089.0
4.388671875,88085.0
4.390625,88115.0
4.392578125,88126.0
4.39453125,88129.0
4.396484375,88114.0
4.3984375,88137.0
4.400390625,88119.0
4.40234375,88139.0
4.404296875,88153.0
4.40625,88132.0
4.408203125,88153.0
4.41015625,88175.0
4.412109375,88156.0
4.4140625,88173.0
4.416015625,88179.0
4.41796875,88202.0
4.419921875,88203.0
4.421875,88191.0
4.423828125,88195.0
4.42578125,88211.0
4.427734375,88201.0
4.4296875,88222.0
4.431640625,88225.0
4.43359375,88224.0
4.435546875,88245.0
4.4375,88253.0
4.439453125,88233.0
4.44140625,88240.0
4.443359375,88263.0
4.4453125,88254.0
4.447265625,88272.0
4.44921875,88288.0
4.451171875,88293.0
4.453125,88298.0
4.455078125,88307.0
4.45703125,88279.0
4.458984375,88305.0
4.4609375,88320.0
4.462890625,88330.0
4.46484375,88341.0
4.466796875,88356.0
4.46875,88334.0
4.470703125,88340.0
4.47265625,88342.0
4.474609375,88355.0
4.4765625,88356.0
4.478515625,88381.0
4.48046875,88368.0
4.482421875,88378.0
4.484375,88405.0
4.486328125,88409.0
4.48828125,88409.0
4.490234375,88431.0
4.4921875,88431.0
4.494140625,88435.0
4.49609375,88449.0
4.498046875,88436.0
4.5,88438.0
4.501953125,88444.0
4.50390625,88455.0
4.505859375,88447.0
4.5078125,88464.0
4.509765625,88491.0
4.51171875,88491.0
4.513671875,88491.0
4.515625,88511.0
4.517578125,88502.0
4.51953125,88497.0
4.521484375,88505.0
4.5234375,88503.0
4.525390625,88539.0
4.52734375,88522.0
4.529296875,88517.0
4.53125,88536.0
4.533203125,88554.0
4.53515625,88526.0
4.537109375,88546.0
4.5390625,88566.0
4.541015625,88548.0
4.54296875,88575.0
4.544921875,88570.0
4.546875,88583.0
4.548828125,88594.0
4.55078125,88582.0
4.552734375,88600.0
4.5546875,88607.0
4.556640625,88598.0
4.55859375,88616.0
4.560546875,88598.0
4.5625,88634.0
4.564453125,88612.0
4.56640625,88606.0
4.568359375,88608.0
4.5703125,88648.0
4.572265625,88628.0
4.57421875,88614.0
4.576171875,88610.0
4.578125,88620.0
4.580078125,88607.0
4.58203125,88641.0
4.583984375,88604.0
4.5859375,88598.0
4.587890625,88588.0
4.58984375,88581.0
4.591796875,88594.0
4.59375,88570.0
4.595703125,88566.0
4.59765625,88571.0
4.599609375,88507.0
4.6015625,88520.0
4.603515625,88507.0
4.60546875,88480.0
4.607421875,88472.0
4.609375,88449.0
4.611328125,88424.0
4.61328125,88435.0
4.615234375,88387.0
4.6171875,88389.0
4.619140625,88343.0
4.62109375,88316.0
4.623046875,88307.0
4.625,88284.0
4.626953125,88245.0
4.62890625,88217.0
4.630859375,88210.0
4.6328125,88171.0
4.634765625,88148.0
4.63671875,88117.0
4.638671875,88101.0
4.640625,88075.0
4.642578125,88044.0
4.64453125,87989.0
4.646484375,87987.0
4.6484375,87985.0
4.650390625,87942.0
4.65234375,87945.0
4.654296875,87898.0
4.65625,87906.0
4.658203125,87839.0
4.66015625,87845.0
4.662109375,87812.0
4.6640625,87794.0
4.666015625,87776.0
4.66796875,87752.0
4.669921875,87716.0
4.671875,87703.0
4.673828125,87670.0
4.67578125,87670.0
4.677734375,87664.0
4.6796875,87650.0
4.681640625,87627.0
4.68359375,87579.0
4.685546875,87581.0
4.6875,87586.0
4.689453125,87545.0
4.69140625,87537.0
4.693359375,87531.0
4.6953125,87510.0
4.697265625,87476.0
4.69921875,87471.0
4.701171875,87443.0
4.703125,87441.0
4.705078125,87423.0
4.70703125,87425.0
4.708984375,87390.0
4.7109375,87375.0
4.712890625,87385.0
4.71484375,87388.0
4.716796875,87366.0
4.71875,87350.0
4.720703125,87331.0
4.72265625,87310.0
4.724609375,87332.0
4.7265625,87293.0
4.728515625,87302.0
4.73046875,87270.0
4.732421875,87282.0
4.734375,87280.0
4.736328125,87268.0
4.73828125,87257.0
4.740234375,87228.0
4.7421875,87235.0
4.744140625,87214.0
4.74609375,87217.0
4.748046875,87240.0
4.75,87212.0
4.751953125,87184.0
4.75390625,87168.0
4.755859375,87159.0
4.7578125,87178.0
4.759765625,87165.0
4.76171875,87129.0
4.763671875,87149.0
4.765625,87148.0
4.767578125,87145.0
4.76953125,87132.0
4.771484375,87119.0
4.7734375,87119.0
4.775390625,87111.0
4.77734375,87105.0
4.779296875,87099.0
4.78125,87077.0
4.783203125,87090.0
4.78515625,87097.0
4.787109375,87083.0
4.7890625,87084.0
4.791015625,87082.0
4.79296875,87107.0
4.794921875,87102.0
4.796875,87102.0
4.798828125,87068.0
4.80078125,87109.0
4.802734375,87097.0
4.8046875,87109.0
4.806640625,87099.0
4.80859375,87137.0
4.810546875,87107.0
4.8125,87125.0
4.814453125,87134.0
4.81640625,87122.0
4.818359375,87136.0
4.8203125,87136.0
4.822265625,87132.0
4.82421875,87161.0
4.826171875,87139.0
4.828125,87167.0
4.830078125,87174.0
4.83203125,87170.0
4.833984375,87180.0
4.8359375,87175.0
4.837890625,87188.0
4.83984375,87208.0
4.841796875,87191.0
4.84375,87199.0
4.845703125,87217.0
4.84765625,87210.0
4.849609375,87230.0
4.8515625,87224.0
4.853515625,87214.0
4.85546875,87260.0
4.857421875,87239.0
4.859375,87243.0
4.861328125,87220.0
4.86328125,87257.0
4.865234375,87254.0
4.8671875,87259.0
4.869140625,87235.0
4.87109375,87244.0
4.873046875,87267.0
4.875,87256.0
4.876953125,87230.0
4.87890625,87252.0
4.880859375,87251.0
4.8828125,87263.0
4.884765625,87261.0
4.88671875,87260.0
4.888671875,87252.0
4.890625,87273.0
4.892578125,87246.0
4.89453125,87264.0
4.896484375,87287.0
4.8984375,87264.0
4.900390625,87274.0
4.90234375,87262.0
4.904296875,87258.0
4.90625,87297.0
4.908203125,87292.0
4.91015625,87271.0
4.912109375,87287.0
4.9140625,87296.0
4.916015625,87289.0
4.91796875,87267.0
4.919921875,87262.0
4.921875,87258.0
4.923828125,87264.0
4.92578125,87243.0
4.927734375,87259.0
4.9296875,87259.0
4.931640625,87250.0
4.93359375,87270.0
4.935546875,87282.0
4.9375,87267.0
4.939453125,87255.0
4.94140625,87261.0
4.943359375,87271.0
4.9453125,87265.0
4.947265625,87268.0
4.94921875,87262.0
4.951171875,87288.0
4.953125,87292.0
4.955078125,87293.0
4.95703125,87280.0
4.958984375,87292.0
4.9609375,87305.0
4.962890625,87296.0
4.96484375,87302.0
4.966796875,87305.0
4.96875,87311.0
4.970703125,87305.0
4.97265625,87328.0
4.974609375,87325.0
4.9765625,87338.0
4.978515625,87341.0
4.98046875,87322.0
4.982421875,87321.0
4.984375,87317.0
4.986328125,87323.0
4.98828125,87348.0
4.990234375,87335.0
4.9921875,87346.0
4.994140625,87355.0
4.99609375,87372.0
4.998046875,87345.0
5.0,87352.0
5.001953125,87373.0
5.00390625,87377.0
5.005859375,87400.0
5.0078125,87382.0
5.009765625,87382.0
5.01171875,87390.0
5.013671875,87405.0
5.015625,87391.0
5.017578125,87420.0
5.01953125,87417.0
5.021484375,87415.0
5.0234375,87454.0
5.025390625,87454.0
5.02734375,87468.0
5.029296875,87471.0
5.03125,87461.0
5.033203125,87486.0
5.03515625,87499.0
5.037109375,87475.0
5.0390625,87490.0
5.041015625,87501.0
5.04296875,87509.0
5.044921875,87513.0
5.046875,87515.0
5.048828125,87517.0
5.05078125,87515.0
5.052734375,87532.0
5.0546875,87558.0
5.056640625,87548.0
5.05859375,87553.0
5.060546875,87562.0
5.0625,87568.0
5.064453125,87563.0
5.06640625,87573.0
5.068359375,87596.0
5.0703125,87589.0
5.072265625,87638.0
5.07421875,87617.0
5.076171875,87628.0
5.078125,87623.0
5.080078125,87631.0
5.08203125,87621.0
5.083984375,87621.0
5.0859375,87654.0
5.087890625,87642.0
5.08984375,87630.0
5.091796875,87644.0
5.09375,87638.0
5.095703125,87681.0
5.09765625,87677.0
5.099609375,87692.0
5.1015625,87677.0
5.103515625,87669.0
5.10546875,87676.0
5.107421875,87696.0
5.109375,87714.0
5.111328125,87720.0
5.11328125,87700.0
5.115234375,87724.0
5.1171875,87735.0
5.119140625,87719.0
5.12109375,87717.0
5.123046875,87714.0
5.125,87739.0
5.126953125,87737.0
5.12890625,87758.0
5.130859375,87763.0
5.1328125,87785.0
5.134765625,87763.0
5.13671875,87783.0
5.138671875,87788.0
5.140625,87794.0
5.142578125,87780.0
5.14453125,87801.0
5.146484375,87799.0
5.1484375,87793.0
5.150390625,87832.0
5.15234375,87813.0
5.154296875,87836.0
5.15625,87825.0
5.158203125,87845.0
5.16015625,87823.0
5.162109375,87825.0
5.1640625,87844.0
5.166015625,87833.0
5.16796875,87834.0
5.169921875,87882.0
5.171875,87886.0
5.173828125,87870.0
5.17578125,87892.0
5.177734375,87886.0
5.1796875,87883.0
5.181640625,87882.0
5.18359375,87885.0
5.185546875,87920.0
5.1875,87908.0
5.189453125,87908.0
5.19140625,87896.0
5.193359375,87920.0
5.1953125,87930.0
5.197265625,87936.0
5.19921875,87945.0
5.201171875,87923.0
5.203125,87981.0
5.205078125,87933.0
5.20703125,87926.0
5.208984375,87960.0
5.2109375,87957.0
5.212890625,87981.0
5.21484375,87979.0
5.216796875,87992.0
5.21875,88000.0
5.220703125,88006.0
5.22265625,88001.0
5.224609375,87998.0
5.2265625,88008.0
5.228515625,87997.0
5.23046875,88011.0
5.232421875,88014.0
5.234375,88036.0
5.236328125,88043.0
5.23828125,88032.0
5.240234375,88057.0
5.2421875,88069.0
5.244140625,88056.0
5.24609375,88065.0
5.248046875,88051.0
5.25,88083.0
5.251953125,88102.0
5.25390625,88100.0
5.255859375,88110.0
5.2578125,88128.0
5.259765625,88101.0
5.26171875,88110.0
5.263671875,88084.0
5.265625,88147.0
5.267578125,88127.0
5.26953125,88158.0
5.271484375,88122.0
5.2734375,88154.0
5.275390625,88166.0
5.27734375,88162.0
5.279296875,88160.0
5.28125,88167.0
5.283203125,88159.0
5.28515625,88189.0
5.287109375,88177.0
5.2890625,88188.0
5.291015625,88181.0
5.29296875,88189.0
5.294921875,88199.0
5.296875,88229.0
5.298828125,88227.0
5.30078125,88222.0
5.302734375,88231.0
5.3046875,88227.0
5.306640625,88240.0
5.30859375,88242.0
5.310546875,88251.0
5.3125,88259.0
5.314453125,88271.0
5.31640625,88268.0
5.318359375,88286.0
5.3203125,88289.0
5.322265625,88266.0
5.32421875,88275.0
5.326171875,88266.0
5.328125,88267.0
5.330078125,88296.0
5.33203125,88276.0
5.333984375,88267.0
5.3359375,88263.0
5.337890625,88270.0
5.33984375,88268.0
5.341796875,88276.0
5.34375,88249.0
5.345703125,88261.0
5.34765625,88238.0
5.349609375,88219.0
5.3515625,88226.0
5.353515625,88229.0
5.35546875,88210.0
5.357421875,88212.0
5.359375,88184.0
5.361328125,88142.0
5.36328125,88138.0
5.365234375,88113.0
5.3671875,88107.0
5.369140625,88094.0
5.37109375,88045.0
5.373046875,88065.0
5.375,88042.0
5.376953125,88012.0
5.37890625,88008.0
5.380859375,87950.0
5.3828125,87946.0
5.384765625,87900.0
5.38671875,87880.0
5.388671875,87852.0
5.390625,87863.0
5.392578125,87816.0
5.39453125,87798.0
5.396484375,87790.0
5.3984375,87761.0
5.400390625,87746.0
5.40234375,87718.0
5.404296875,87675.0
5.40625,87653.0
5.408203125,87643.0
5.41015625,87620.0
5.412109375,87593.0
5.4140625,87549.0
5.416015625,87549.0
5.41796875,87506.0
5.419921875,87500.0
5.421875,87463.0
5.423828125,87435.0
5.42578125,87418.0
5.427734375,87420.0
5.4296875,87395.0
5.431640625,87375.0
5.43359375,87355.0
5.435546875,87345.0
5.4375,87321.0
5.439453125,87319.0
5.44140625,87304.0
5.443359375,87273.0
5.4453125,87280.0
5.447265625,87268.0
5.44921875,87241.0
5.451171875,87217.0
5.453125,87257.0
5.455078125,87208.0
5.45703125,87195.0
5.458984375,87220.0
5.4609375,87179.0
5.462890625,87170.0
5.46484375,87140.0
5.466796875,87140.0
5.46875,87137.0
5.470703125,87117.0
5.47265625,87132.0
5.474609375,87118.0
5.4765625,87094.0
5.478515625,87115.0
5.48046875,87110.0
5.482421875,87076.0
5.484375,87054.0
5.486328125,87061.0
5.48828125,87065.0
5.490234375,87064.0
5.4921875,87063.0
5.494140625,87041.0
5.49609375,87045.0
5.498046875,87059.0
5.5,87050.0
5.501953125,87035.0
5.50390625,87015.0
5.505859375,87023.0
5.5078125,87012.0
5.509765625,87009.0
5.51171875,87008.0
5.513671875,86986.0
5.515625,86999.0
5.517578125,87003.0
5.51953125,86992.0
5.521484375,87001.0
5.5234375,87005.0
5.525390625,86973.0
5.52734375,86989.0
5.529296875,86986.0
5.53125,87011.0
5.533203125,86982.0
5.53515625,86988.0
5.537109375,86966.0
5.5390625,86992.0
5.541015625,86996.0
5.54296875,86994.0
5.544921875,86976.0
5.546875,87002.0
5.548828125,86982.0
5.55078125,86999.0
5.552734375,86993.0
5.5546875,87028.0
5.556640625,86987.0
5.55859375,87004.0
5.560546875,87028.0
5.5625,87033.0
5.564453125,87006.0
5.56640625,87013.0
5.568359375,87028.0
5.5703125,87056.0
5.572265625,87075.0
5.57421875,87053.0
5.576171875,87045.0
5.578125,87066.0
5.580078125,87071.0
5.58203125,87072.0
5.583984375,87088.0
5.5859375,87070.0
5.587890625,87091.0
5.58984375,87094.0
5.591796875,87107.0
5.59375,87129.0
5.595703125,87131.0
5.59765625,87108.0
5.599609375,87139.0
5.6015625,87139.0
5.603515625,87129.0
5.60546875,87123.0
5.607421875,87121.0
5.609375,87152.0
5.611328125,87164.0
5.61328125,87164.0
5.615234375,87174.0
5.6171875,87170.0
5.619140625,87175.0
5.62109375,87161.0
5.623046875,87165.0
5.625,87192.0
5.626953125,87176.0
5.62890625,87183.0
5.630859375,87165.0
5.6328125,87185.0
5.634765625,87192.0
5.63671875,87200.0
5.638671875,87203.0
5.640625,87200.0
5.642578125,87195.0
5.64453125,87210.0
5.646484375,87183.0
5.6484375,87199.0
5.650390625,87218.0
5.65234375,87210.0
5.654296875,87186.0
5.65625,87216.0
5.658203125,87222.0
5.66015625,87212.0
5.662109375,87194.0
5.6640625,87201.0
5.666015625,87204.0
5.66796875,87208.0
5.669921875,87230.0
5.671875,87212.0
5.673828125,87214.0
5.67578125,87214.0
5.677734375,87187.0
5.6796875,87224.0
5.681640625,87234.0
5.68359375,87213.0
5.685546875,87231.0
5.6875,87228.0
5.689453125,87236.0
5.69140625,87245.0
5.693359375,87265.0
5.6953125,87242.0
5.697265625,87257.0
5.69921875,87253.0
5.701171875,87258.0
5.703125,87278.0
5.705078125,87262.0
5.70703125,87279.0
5.708984375,87291.0
5.7109375,87289.0
5.712890625,87279.0
5.71484375,87270.0
5.716796875,87299.0
5.71875,87302.0
5.720703125,87279.0
5.72265625,87296.0
5.724609375,87303.0
5.7265625,87316.0
5.728515625,87314.0
5.73046875,87319.0
5.732421875,87335.0
5.734375,87319.0
5.736328125,87335.0
5.73828125,87342.0
5.740234375,87343.0
5.7421875,87345.0
5.744140625,87331.0
5.74609375,87350.0
5.748046875,87353.0
5.75,87358.0
5.751953125,87352.0
5.75390625,87353.0
5.755859375,87371.0
5.7578125,87394.0
5.759765625,87383.0
5.76171875,87407.0
5.763671875,87411.0
5.765625,87397.0
5.767578125,87407.0
5.76953125,87410.0
5.771484375,87414.0
5.7734375,87409.0
5.775390625,87411.0
5.77734375,87441.0
5.779296875,87437.0
5.78125,87427.0
5.783203125,87455.0
5.78515625,87435.0
5.787109375,87419.0
5.7890625,87452.0
5.791015625,87474.0
5.79296875,87470.0
5.794921875,87480.0
5.796875,87499.0
5.798828125,87505.0
5.80078125,87503.0
5.802734375,87491.0
5.8046875,87511.0
5.806640625,87508.0
5.80859375,87534.0
5.810546875,87533.0
5.8125,87531.0
5.814453125,87522.0
5.81640625,87528.0
5.818359375,87526.0
5.8203125,87549.0
5.822265625,87552.0
5.82421875,87561.0
5.826171875,87566.0
5.828125,87577.0
5.830078125,87585.0
5.83203125,87556.0
5.833984375,87591.0
5.8359375,87588.0
5.837890625,87604.0
5.83984375,87609.0
5.841796875,87614.0
5.84375,87595.0
5.845703125,87615.0
5.84765625,87611.0
5.849609375,87612.0
5.8515625,87633.0
5.853515625,87630.0
5.85546875,87636.0
5.857421875,87652.0
5.859375,87667.0
5.861328125,87650.0
5.86328125,87666.0
5.865234375,87649.0
5.8671875,87649.0
5.869140625,87683.0
5.87109375,87669.0
5.873046875,87690.0
5.875,87685.0
5.876953125,87689.0
5.87890625,87681.0
5.880859375,87703.0
5.8828125,87694.0
5.884765625,87717.0
5.88671875,87691.0
5.888671875,87747.0
5.890625,87723.0
5.892578125,87752.0
5.89453125,87749.0
5.896484375,87750.0
5.8984375,87760.0
5.900390625,87763.0
5.90234375,87756.0
5.904296875,87759.0
5.90625,87752.0
5.908203125,87750.0
5.91015625,87792.0
5.912109375,87787.0
5.9140625,87776.0
5.916015625,87782.0
5.91796875,87789.0
5.919921875,87808.0
5.921875,87800.0
5.923828125,87810.0
5.92578125,87796.0
5.927734375,87799.0
5.9296875,87832.0
5.931640625,87822.0
5.93359375,87847.0
5.935546875,87873.0
5.9375,87864.0
5.939453125,87863.0
5.94140625,87849.0
5.943359375,87855.0
5.9453125,87862.0
5.947265625,87862.0
5.94921875,87872.0
5.951171875,87887.0
5.953125,87889.0
5.955078125,87902.0
5.95703125,87895.0
5.958984375,87901.0
5.9609375,87913.0
5.962890625,87945.0
5.96484375,87921.0
5.966796875,87958.0
5.96875,87935.0
5.970703125,87955.0
5.97265625,87969.0
5.974609375,87960.0
5.9765625,87982.0
5.978515625,87964.0
5.98046875,87993.0
5.982421875,87998.0
5.984375,87996.0
5.986328125,87990.0
5.98828125,88010.0
5.990234375,87991.0
5.9921875,88011.0
5.994140625,88004.0
5.99609375,88041.0
5.998046875,88047.0
6.0,88051.0
6.001953125,88055.0
6.00390625,88033.0
6.005859375,88065.0
6.0078125,88074.0
6.009765625,88063.0
6.01171875,88060.0
6.013671875,88064.0
6.015625,88068.0
6.017578125,88076.0
6.01953125,88067.0
6.021484375,88107.0
6.0234375,88093.0
6.025390625,88107.0
6.02734375,88107.0
6.029296875,88125.0
6.03125,88135.0
6.033203125,88158.0
6.03515625,88137.0
6.037109375,88125.0
6.0390625,88148.0
6.041015625,88150.0
6.04296875,88157.0
6.044921875,88168.0
6.046875,88157.0
6.048828125,88153.0
6.05078125,88159.0
6.052734375,88160.0
6.0546875,88189.0
6.056640625,88178.0
6.05859375,88182.0
6.060546875,88204.0
6.0625,88189.0
6.064453125,88182.0
6.06640625,88198.0
6.068359375,88203.0
6.0703125,88191.0
6.072265625,88214.0
6.07421875,88200.0
6.076171875,88213.0
6.078125,88199.0
6.080078125,88208.0
6.08203125,88220.0
6.083984375,88182.0
6.0859375,88186.0
6.087890625,88181.0
6.08984375,88186.0
6.091796875,88159.0
6.09375,88168.0
6.095703125,88172.0
6.09765625,88140.0
6.099609375,88155.0
6.1015625,88107.0
6.103515625,88132.0
6.10546875,88073.0
6.107421875,88055.0
6.109375,88085.0
6.111328125,88068.0
6.11328125,88033.0
6.115234375,87998.0
6.1171875,87969.0
6.119140625,87972.0
6.12109375,87933.0
6.123046875,87927.0
6.125,87902.0
6.126953125,87874.0
6.12890625,87855.0
6.130859375,87820.0
6.1328125,87779.0
6.134765625,87765.0
6.13671875,87771.0
6.138671875,87740.0
6.140625,87705.0
6.142578125,87690.0
6.14453125,87664.0
6.146484375,87630.0
6.1484375,87616.0
6.150390625,87587.0
6.15234375,87603.0
6.154296875,87518.0
6.15625,87527.0
6.158203125,87502.0
6.16015625,87470.0
6.162109375,87454.0
6.1640625,87438.0
6.166015625,87400.0
6.16796875,87373.0
6.169921875,87349.0
6.171875,87326.0
6.173828125,87335.0
6.17578125,87293.0
6.177734375,87263.0
6.1796875,87239.0
6.181640625,87243.0
6.18359375,87197.0
6.185546875,87191.0
6.1875,87183.0
6.189453125,87145.0
6.19140625,87128.0
6.193359375,87120.0
6.1953125,87100.0
6.197265625,87074.0
6.19921875,87069.0
6.201171875,87051.0
6.203125,87044.0
6.205078125,87029.0
6.20703125,87031.0
6.208984375,86999.0
6.2109375,86997.0
6.212890625,86965.0
6.21484375,86962.0
6.216796875,86958.0
6.21875,86929.0
6.220703125,86931.0
6.22265625,86903.0
6.224609375,86898.0
6.2265625,86866.0
6.228515625,86854.0
6.23046875,86847.0
6.232421875,86837.0
6.234375,86835.0
6.236328125,86842.0
6.23828125,86816.0
6.240234375,86802.0
6.2421875,86817.0
6.244140625,86791.0
6.24609375,86769.0
6.248046875,86785.0
6.25,86770.0
6.251953125,86742.0
6.25390625,86736.0
6.255859375,86719.0
6.2578125,86709.0
6.259765625,86732.0
6.26171875,86711.0
6.263671875,86718.0
6.265625,86733.0
6.267578125,86706.0
6.26953125,86669.0
6.271484375,86667.0
6.2734375,86674.0
6.275390625,86692.0
6.27734375,86683.0
6.279296875,86674.0
6.28125,86683.0
6.283203125,86646.0
6.28515625,86661.0
6.287109375,86653.0
6.2890625,86667.0
6.291015625,86661.0
6.29296875,86647.0
6.294921875,86653.0
6.296875,86662.0
6.298828125,86652.0
6.30078125,86639.0
6.302734375,86658.0
6.3046875,86644.0
6.306640625,86640.0
6.30859375,86635.0
6.310546875,86648.0
6.3125,86624.0
6.314453125,86649.0
6.31640625,86656.0
6.318359375,86676.0
6.3203125,86655.0
6.322265625,86666.0
6.32421875,86645.0
6.326171875,86671.0
6.328125,86686.0
6.330078125,86652.0
6.33203125,86663.0
6.333984375,86668.0
6.3359375,86702.0
6.337890625,86689.0
6.33984375,86713.0
6.341796875,86720.0
6.34375,86719.0
6.345703125,86720.0
6.34765625,86728.0
6.349609375,86698.0
6.3515625,86696.0
6.353515625,86742.0
6.35546875,86742.0
6.357421875,86737.0
6.359375,86754.0
6.361328125,86756.0
6.36328125,86772.0
6.365234375,86750.0
6.3671875,86743.0
6.369140625,86757.0
6.37109375,86755.0
6.373046875,86738.0
6.375,86763.0
6.376953125,86757.0
6.37890625,86757.0
6.380859375,86763.0
6.3828125,86783.0
6.384765625,86761.0
6.38671875,86758.0
6.388671875,86773.0
6.390625,86770.0
6.392578125,86789.0
6.39453125,86786.0
6.396484375,86780.0
6.3984375,86777.0
6.400390625,86784.0
6.40234375,86778.0
6.404296875,86802.0
6.40625,86807.0
6.408203125,86786.0
6.41015625,86801.0
6.412109375,86783.0
6.4140625,86816.0
6.416015625,86804.0
6.41796875,86804.0
6.419921875,86785.0
6.421875,86811.0
6.423828125,86810.0
6.42578125,86787.0
6.427734375,86802.0
6.4296875,86805.0
6.431640625,86786.0
6.43359375,86819.0
6.435546875,86812.0
6.4375,86815.0
6.439453125,86819.0
6.44140625,86810.0
6.443359375,86829.0
6.4453125,86811.0
6.447265625,86828.0
6.44921875,86842.0
6.451171875,86813.0
6.453125,86842.0
6.455078125,86835.0
6.45703125,86849.0
6.458984375,86852.0
6.4609375,86842.0
6.462890625,86858.0
6.46484375,86872.0
6.466796875,86865.0
6.46875,86861.0
6.470703125,86867.0
6.47265625,86873.0
6.474609375,86889.0
6.4765625,86876.0
6.478515625,86870.0
6.48046875,86880.0
6.482421875,86882.0
6.484375,86893.0
6.486328125,86912.0
6.48828125,86900.0
6.490234375,86906.0
6.4921875,86911.0
6.494140625,86918.0
6.49609375,86920.0
6.498046875,86905.0
6.5,86942.0
6.501953125,86938.0
6.50390625,86937.0
6.505859375,86961.0
6.5078125,86933.0
6.509765625,86943.0
6.51171875,86943.0
6.513671875,86960.0
6.515625,86965.0
6.517578125,86978.0
6.51953125,86978.0
6.521484375,86990.0
6.5234375,86997.0
6.525390625,86989.0
6.52734375,86991.0
6.529296875,87000.0
6.53125,87003.0
6.533203125,87000.0
6.53515625,87008.0
6.537109375,87014.0
6.5390625,87044.0
6.541015625,87035.0
6.54296875,87043.0
6.544921875,87046.0
6.546875,87031.0
6.548828125,87041.0
6.55078125,87046.0
6.552734375,87066.0
6.5546875,87099.0
6.556640625,87067.0
6.55859375,87103.0
6.560546875,87110.0
6.5625,87114.0
6.564453125,87116.0
6.56640625,87142.0
6.568359375,87114.0
6.5703125,87123.0
6.572265625,87135.0
6.57421875,87129.0
6.576171875,87157.0
6.578125,87147.0
6.580078125,87162.0
6.58203125,87163.0
6.583984375,87175.0
6.5859375,87196.0
6.587890625,87198.0
6.58984375,87209.0
6.591796875,87199.0
6.59375,87202.0
6.595703125,87218.0
6.59765625,87234.0
6.599609375,87228.0
6.6015625,87240.0
6.603515625,87247.0
6.60546875,87235.0
6.607421875,87257.0
6.609375,87264.0
6.611328125,87227.0
6.61328125,87257.0
6.615234375,87260.0
6.6171875,87282.0
6.619140625,87294.0
6.62109375,87288.0
6.623046875,87301.0
6.625,87307.0
6.626953125,87305.0
6.62890625,87324.0
6.630859375,87327.0
6.6328125,87301.0
6.634765625,87313.0
6.63671875,87338.0
6.638671875,87348.0
6.640625,87356.0
6.642578125,87348.0
6.64453125,87361.0
6.646484375,87388.0
6.6484375,87359.0
6.650390625,87386.0
6.65234375,87388.0
6.654296875,87370.0
6.65625,87373.0
6.658203125,87406.0
6.66015625,87400.0
6.662109375,87400.0
6.6640625,87391.0
6.666015625,87412.0
6.66796875,87399.0
6.669921875,87427.0
6.671875,87442.0
6.673828125,87429.0
6.67578125,87423.0
6.677734375,87457.0
6.6796875,87473.0
6.681640625,87457.0
6.68359375,87468.0
6.685546875,87497.0
6.6875,87462.0
6.689453125,87492.0
6.69140625,87481.0
6.693359375,87471.0
6.6953125,87512.0
6.697265625,87526.0
6.69921875,87519.0
6.701171875,87513.0
6.703125,87545.0
6.705078125,87544.0
6.70703125,87542.0
6.708984375,87553.0
6.7109375,87554.0
6.712890625,87568.0
6.71484375,87572.0
6.716796875,87592.0
6.71875,87573.0
6.720703125,87588.0
6.72265625,87612.0
6.724609375,87611.0
6.7265625,87599.0
6.728515625,87609.0
6.73046875,87615.0
6.732421875,87615.0
6.734375,87632.0
6.736328125,87653.0
6.73828125,87635.0
6.740234375,87667.0
6.7421875,87656.0
6.744140625,87661.0
6.74609375,87654.0
6.748046875,87674.0
6.75,87690.0
6.751953125,87681.0
6.75390625,87699.0
6.755859375,87701.0
6.7578125,87693.0
6.759765625,87716.0
6.76171875,87701.0
6.763671875,87738.0
6.765625,87729.0
6.767578125,87769.0
6.76953125,87744.0
6.771484375,87735.0
6.7734375,87743.0
6.775390625,87774.0
6.77734375,87743.0
6.779296875,87788.0
6.78125,87772.0
6.783203125,87779.0
6.78515625,87786.0
6.787109375,87819.0
6.7890625,87818.0
6.791015625,87827.0
6.79296875,87779.0
6.794921875,87836.0
6.796875,87817.0
6.798828125,87820.0
6.80078125,87854.0
6.802734375,87845.0
6.8046875,87848.0
6.806640625,87869.0
6.80859375,87854.0
6.810546875,87840.0
6.8125,87829.0
6.814453125,87865.0
6.81640625,87864.0
6.818359375,87892.0
6.8203125,87895.0
6.822265625,87868.0
6.82421875,87877.0
6.826171875,87878.0
6.828125,87883.0
6.830078125,87875.0
6.83203125,87876.0
6.833984375,87892.0
6.8359375,87887.0
6.837890625,87890.0
6.83984375,87889.0
6.841796875,87858.0
6.84375,87884.0
6.845703125,87879.0
6.84765625,87874.0
6.849609375,87857.0
6.8515625,87862.0
6.853515625,87811.0
6.85546875,87837.0
6.857421875,87812.0
6.859375,87823.0
6.861328125,87779.0
6.86328125,87796.0
6.865234375,87770.0
6.8671875,87762.0
6.869140625,87756.0
6.87109375,87707.0
6.873046875,87681.0
6.875,87676.0
6.876953125,87651.0
6.87890625,87617.0
6.880859375,87610.0
6.8828125,87583.0
6.884765625,87579.0
6.88671875,87566.0
6.888671875,87494.0
6.890625,87466.0
6.892578125,87441.0
6.89453125,87436.0
6.896484375,87407.0
6.8984375,87390.0
6.900390625,87388.0
6.90234375,87345.0
6.904296875,87316.0
6.90625,87298.0
6.908203125,87244.0
6.91015625,87215.0
6.912109375,87199.0
6.9140625,87161.0
6.916015625,87155.0
6.91796875,87121.0
6.919921875,87083.0
6.921875,87095.0
6.923828125,87041.0
6.92578125,87027.0
6.927734375,87003.0
6.9296875,86949.0
6.931640625,86944.0
6.93359375,86931.0
6.935546875,86901.0
6.9375,86873.0
6.939453125,86847.0
6.94140625,86828.0
6.943359375,86814.0
6.9453125,86778.0
6.947265625,86759.0
6.94921875,86754.0
6.951171875,86739.0
6.953125,86703.0
6.955078125,86682.0
6.95703125,86670.0
6.958984375,86654.0
6.9609375,86629.0
6.962890625,86628.0
6.96484375,86599.0
6.966796875,86566.0
6.96875,86555.0
6.970703125,86557.0
6.97265625,86501.0
6.974609375,86512.0
6.9765625,86505.0
6.978515625,86480.0
6.98046875,86489.0
6.982421875,86467.0
6.984375,86445.0
6.986328125,86438.0
6.98828125,86431.0
6.990234375,86405.0
6.9921875,86409.0
6.994140625,86381.0
6.99609375,86382.0
6.998046875,86356.0
7.0,86358.0
7.001953125,86341.0
7.00390625,86321.0
7.005859375,86315.0
7.0078125,86318.0
7.009765625,86307.0
7.01171875,86313.0
7.013671875,86266.0
7.015625,86254.0
7.017578125,86252.0
7.01953125,86259.0
7.021484375,86233.0
7.0234375,86262.0
7.025390625,86240.0
7.02734375,86215.0
7.029296875,86218.0
7.03125,86217.0
7.033203125,86199.0
7.03515625,86219.0
7.037109375,86186.0
7.0390625,86168.0
7.041015625,86192.0
7.04296875,86190.0
7.044921875,86165.0
7.046875,86186.0
7.048828125,86184.0
7.05078125,86137.0
7.052734375,86173.0
7.0546875,86155.0
7.056640625,86143.0
7.05859375,86141.0
7.060546875,86148.0
7.0625,86137.0
7.064453125,86166.0
7.06640625,86180.0
7.068359375,86163.0
7.0703125,86145.0
7.072265625,86176.0
7.07421875,86139.0
7.076171875,86161.0
7.078125,86169.0
7.080078125,86155.0
7.08203125,86152.0
7.083984375,86184.0
7.0859375,86160.0
7.087890625,86192.0
7.08984375,86192.0
7.091796875,86196.0
7.09375,86187.0
7.095703125,86199.0
7.09765625,86184.0
7.099609375,86198.0
7.1015625,86200.0
7.103515625,86241.0
7.10546875,86208.0
7.107421875,86229.0
7.109375,86226.0
7.111328125,86247.0
7.11328125,86229.0
7.115234375,86228.0
7.1171875,86231.0
7.119140625,86251.0
7.12109375,86264.0
7.123046875,86259.0
7.125,86267.0
7.126953125,86261.0
7.12890625,86308.0
7.130859375,86308.0
7.1328125,86294.0
7.134765625,86300.0
7.13671875,86283.0
7.138671875,86311.0
7.140625,86301.0
7.142578125,86293.0
7.14453125,86304.0
7.146484375,86309.0
7.1484375,86316.0
7.150390625,86328.0
7.15234375,86316.0
7.154296875,86320.0
7.15625,86299.0
7.158203125,86301.0
7.16015625,86330.0
7.162109375,86349.0
7.1640625,86308.0
7.166015625,86352.0
7.16796875,86346.0
7.169921875,86334.0
7.171875,86322.0
7.173828125,86322.0
7.17578125,86341.0
7.177734375,86368.0
7.1796875,86332.0
7.181640625,86351.0
7.18359375,86370.0
7.185546875,86362.0
7.1875,86351.0
7.189453125,86357.0
7.19140625,86356.0
7.193359375,86341.0
7.1953125,86360.0
7.197265625,86379.0
7.19921875,86363.0
7.201171875,86353.0
7.203125,86355.0
7.205078125,86353.0
7.20703125,86384.0
7.208984375,86382.0
7.2109375,86358.0
7.212890625,86377.0
7.21484375,86405.0
7.216796875,86390.0
7.21875,86404.0
7.220703125,86414.0
7.22265625,86392.0
7.224609375,86391.0
7.2265625,86432.0
7.228515625,86436.0
7.23046875,86424.0
7.232421875,86424.0
7.234375,86408.0
7.236328125,86442.0
7.23828125,86443.0
7.240234375,86461.0
7.2421875,86457.0
7.244140625,86447.0
7.24609375,86454.0
7.248046875,86460.0
7.25,86478.0
7.251953125,86491.0
7.25390625,86480.0
7.255859375,86498.0
7.2578125,86489.0
7.259765625,86494.0
7.26171875,86492.0
7.263671875,86518.0
7.265625,86529.0
7.267578125,86533.0
7.26953125,86525.0
7.271484375,86535.0
7.2734375,86536.0
7.275390625,86561.0
7.27734375,86525.0
7.279296875,86555.0
7.28125,86581.0
7.283203125,86585.0
7.28515625,86598.0
7.287109375,86605.0
7.2890625,86574.0
7.291015625,86612.0
7.29296875,86598.0
7.294921875,86605.0
7.296875,86618.0
7.298828125,86605.0
7.30078125,86636.0
7.302734375,86641.0
7.3046875,86652.0
7.306640625,86678.0
7.30859375,86668.0
7.310546875,86678.0
7.3125,86677.0
7.314453125,86683.0
7.31640625,86693.0
7.318359375,86714.0
7.3203125,86710.0
7.322265625,86724.0
7.32421875,86720.0
7.326171875,86721.0
7.328125,86746.0
7.330078125,86735.0
7.33203125,86735.0
7.333984375,86774.0
7.3359375,86733.0
7.337890625,86779.0
7.33984375,86768.0
7.341796875,86790.0
7.34375,86770.0
7.345703125,86812.0
7.34765625,86792.0
7.349609375,86827.0
7.3515625,86808.0
7.353515625,86831.0
7.35546875,86824.0
7.357421875,86850.0
7.359375,86854.0
7.361328125,86868.0
7.36328125,86850.0
7.365234375,86865.0
7.3671875,86865.0
7.369140625,86895.0
7.37109375,86878.0
7.373046875,86868.0
7.375,86891.0
7.376953125,86887.0
7.37890625,86915.0
7.380859375,86907.0
7.3828125,86918.0
7.384765625,86965.0
7.38671875,86970.0
7.388671875,86954.0
7.390625,86976.0
7.392578125,86986.0
7.39453125,86976.0
7.396484375,86988.0
7.3984375,86998.0
7.400390625,86993.0
7.40234375,87005.0
7.404296875,86994.0
7.40625,87037.0
7.408203125,87033.0
7.41015625,87036.0
7.412109375,87041.0
7.4140625,87058.0
7.416015625,87044.0
7.41796875,87051.0
7.419921875,87068.0
7.421875,87074.0
7.423828125,87084.0
7.42578125,87090.0
7.427734375,87097.0
7.4296875,87107.0
7.431640625,87109.0
7.43359375,87122.0
7.435546875,87111.0
7.4375,87137.0
7.439453125,87121.0
7.44140625,87120.0
7.443359375,87159.0
7.4453125,87139.0
7.447265625,87151.0
7.44921875,87180.0
7.451171875,87178.0
7.453125,87203.0
7.455078125,87175.0
7.45703125,87204.0
7.458984375,87210.0
7.4609375,87195.0
7.462890625,87206.0
7.46484375,87243.0
7.466796875,87230.0
7.46875,87245.0
7.470703125,87262.0
7.47265625,87245.0
7.474609375,87240.0
7.4765625,87265.0
7.478515625,87269.0
7.48046875,87291.0
7.482421875,87264.0
7.484375,87281.0
7.486328125,87309.0
7.48828125,87301.0
7.490234375,87306.0
7.4921875,87309.0
7.494140625,87330.0
7.49609375,87341.0
7.498046875,87333.0
7.5,87343.0
7.501953125,87363.0
7.50390625,87389.0
7.505859375,87338.0
7.5078125,87356.0
7.509765625,87389.0
7.51171875,87353.0
7.513671875,87373.0
7.515625,87395.0
7.517578125,87407.0
7.51953125,87400.0
7.521484375,87402.0
7.5234375,87423.0
7.525390625,87433.0
7.52734375,87439.0
7.529296875,87436.0
7.53125,87436.0
7.533203125,87448.0
7.53515625,87467.0
7.537109375,87444.0
7.5390625,87457.0
7.541015625,87468.0
7.54296875,87455.0
7.544921875,87506.0
7.546875,87519.0
7.548828125,87500.0
7.55078125,87502.0
7.552734375,87514.0
7.5546875,87505.0
7.556640625,87530.0
7.55859375,87526.0
7.560546875,87548.0
7.5625,87534.0
7.564453125,87552.0
7.56640625,87570.0
7.568359375,87577.0
7.5703125,87574.0
7.572265625,87611.0
7.57421875,87606.0
7.576171875,87583.0
7.578125,87572.0
7.580078125,87619.0
7.58203125,87617.0
7.583984375,87620.0
7.5859375,87633.0
7.587890625,87628.0
7.58984375,87643.0
7.591796875,87662.0
7.59375,87637.0
7.595703125,87657.0
7.59765625,87661.0
7.599609375,87666.0
7.6015625,87666.0
7.603515625,87661.0
7.60546875,87668.0
7.607421875,87672.0
7.609375,87691.0
7.611328125,87685.0
7.61328125,87659.0
7.615234375,87675.0
7.6171875,87672.0
7.619140625,87662.0
7.62109375,87697.0
7.623046875,87694.0
7.625,87658.0
7.626953125,87672.0
7.62890625,87650.0
7.630859375,87661.0
7.6328125,87640.0
7.634765625,87627.0
7.63671875,87590.0
7.638671875,87613.0
7.640625,87601.0
7.642578125,87570.0
7.64453125,87565.0
7.646484375,87538.0
7.6484375,87535.0
7.650390625,87534.0
7.65234375,87504.0
7.654296875,87495.0
7.65625,87470.0
7.658203125,87431.0
7.66015625,87436.0
7.662109375,87378.0
7.6640625,87392.0
7.666015625,87343.0
7.66796875,87342.0
7.669921875,87325.0
7.671875,87279.0
7.673828125,87264.0
7.67578125,87257.0
7.677734375,87235.0
7.6796875,87191.0
7.681640625,87178.0
7.68359375,87130.0
7.685546875,87146.0
7.6875,87093.0
7.689453125,87090.0
7.69140625,87061.0
7.693359375,86992.0
7.6953125,87013.0
7.697265625,86960.0
7.69921875,86954.0
7.701171875,86918.0
7.703125,86905.0
7.705078125,86896.0
7.70703125,86873.0
7.708984375,86850.0
7.7109375,86842.0
7.712890625,86827.0
7.71484375,86779.0
7.716796875,86740.0
7.71875,86722.0
7.720703125,86739.0
7.72265625,86709.0
7.724609375,86706.0
7.7265625,86675.0
7.728515625,86667.0
7.73046875,86649.0
7.732421875,86637.0
7.734375,86612.0
7.736328125,86574.0
7.73828125,86566.0
7.740234375,86571.0
7.7421875,86564.0
7.744140625,86551.0
7.74609375,86546.0
7.748046875,86531.0
7.75,86536.0
7.751953125,86485.0
7.75390625,86486.0
7.755859375,86477.0
7.7578125,86459.0
7.759765625,86450.0
7.76171875,86433.0
7.763671875,86429.0
7.765625,86433.0
7.767578125,86418.0
7.76953125,86424.0
7.771484375,86383.0
7.7734375,86401.0
7.775390625,86356.0
7.77734375,86357.0
7.779296875,86364.0
7.78125,86314.0
7.783203125,86340.0
7.78515625,86319.0
7.787109375,86329.0
7.7890625,86324.0
7.791015625,86321.0
7.79296875,86313.0
7.794921875,86307.0
7.796875,86282.0
7.798828125,86296.0
7.80078125,86290.0
7.802734375,86283.0
7.8046875,86254.0
7.806640625,86250.0
7.80859375,86250.0
7.810546875,86261.0
7.8125,86241.0
7.814453125,86259.0
7.81640625,86240.0
7.818359375,86238.0
7.8203125,86263.0
7.822265625,86234.0
7.82421875,86214.0
7.826171875,86232.0
7.828125,86253.0
7.830078125,86243.0
7.83203125,86231.0
7.833984375,86240.0
7.8359375,86226.0
7.837890625,86229.0
7.83984375,86231.0
7.841796875,86224.0
7.84375,86245.0
7.845703125,86256.0
7.84765625,86256.0
7.849609375,86260.0
7.8515625,86231.0
7.853515625,86269.0
7.85546875,86242.0
7.857421875,86278.0
7.859375,86262.0
7.861328125,86273.0
7.86328125,86263.0
7.865234375,86266.0
7.8671875,86261.0
7.869140625,86299.0
7.87109375,86324.0
7.873046875,86294.0
7.875,86317.0
7.876953125,86312.0
7.87890625,86304.0
7.880859375,86316.0
7.8828125,86335.0
7.884765625,86327.0
7.88671875,86337.0
7.888671875,86332.0
7.890625,86360.0
7.892578125,86362.0
7.89453125,86352.0
7.896484375,86382.0
7.8984375,86341.0
7.900390625,86347.0
7.90234375,86361.0
7.904296875,86367.0
7.90625,86363.0
7.908203125,86365.0
7.91015625,86385.0
7.912109375,86386.0
7.9140625,86397.0
7.916015625,86409.0
7.91796875,86361.0
7.919921875,86381.0
7.921875,86390.0
7.923828125,86408.0
7.92578125,86393.0
7.927734375,86420.0
7.9296875,86398.0
7.931640625,86416.0
7.93359375,86438.0
7.935546875,86401.0
7.9375,86419.0
7.939453125,86421.0
7.94140625,86418.0
7.943359375,86424.0
7.9453125,86430.0
7.947265625,86419.0
7.94921875,86429.0
7.951171875,86442.0
7.953125,86470.0
7.955078125,86432.0
7.95703125,86426.0
7.958984375,86439.0
7.9609375,86444.0
7.962890625,86438.0
7.96484375,86450.0
7.966796875,86467.0
7.96875,86451.0
7.970703125,86460.0
7.97265625,86453.0
7.974609375,86469.0
7.9765625,86461.0
7.978515625,86470.0
7.98046875,86463.0
7.982421875,86473.0
7.984375,86466.0
7.986328125,86489.0
7.98828125,86487.0
7.990234375,86490.0
7.9921875,86493.0
7.994140625,86486.0
7.99609375,86494.0
7.998046875,86493.0
8.0,86486.0
8.001953125,86509.0
8.00390625,86506.0
8.005859375,86507.0
8.0078125,86514.0
8.009765625,86544.0
8.01171875,86555.0
8.013671875,86537.0
8.015625,86528.0
8.017578125,86550.0
8.01953125,86541.0
8.021484375,86569.0
8.0234375,86560.0
8.025390625,86563.0
8.02734375,86568.0
8.029296875,86571.0
8.03125,86562.0
8.033203125,86588.0
8.03515625,86575.0
8.037109375,86589.0
8.0390625,86580.0
8.041015625,86579.0
8.04296875,86626.0
8.044921875,86616.0
8.046875,86602.0
8.048828125,86630.0
8.05078125,86622.0
8.052734375,86622.0
8.0546875,86660.0
8.056640625,86660.0
8.05859375,86624.0
8.060546875,86672.0
8.0625,86664.0
8.064453125,86684.0
8.06640625,86681.0
8.068359375,86675.0
8.0703125,86690.0
8.072265625,86706.0
8.07421875,86699.0
8.076171875,86738.0
8.078125,86712.0
8.080078125,86714.0
8.08203125,86718.0
8.083984375,86748.0
8.0859375,86747.0
8.087890625,86756.0
8.08984375,86754.0
8.091796875,86760.0
8.09375,86793.0
8.095703125,86793.0
8.09765625,86786.0
8.099609375,86791.0
8.1015625,86795.0
8.103515625,86803.0
8.10546875,86799.0
8.107421875,86817.0
8.109375,86844.0
8.111328125,86848.0
8.11328125,86826.0
8.115234375,86845.0
8.1171875,86863.0
8.119140625,86864.0
8.12109375,86861.0
8.123046875,86860.0
8.125,86865.0
8.126953125,86888.0
8.12890625,86887.0
8.130859375,86891.0
8.1328125,86915.0
8.134765625,86911.0
8.13671875,86908.0
8.138671875,86909.0
8.140625,86923.0
8.142578125,86929.0
8.14453125,86909.0
8.146484375,86930.0
8.1484375,86963.0
8.150390625,86972.0
8.15234375,86955.0
8.154296875,86944.0
8.15625,86974.0
8.158203125,86970.0
8.16015625,86983.0
8.162109375,86992.0
8.1640625,86973.0
8.166015625,86990.0
8.16796875,87023.0
8.169921875,87001.0
8.171875,87043.0
8.173828125,87037.0
8.17578125,87035.0
8.177734375,87014.0
8.1796875,87041.0
8.181640625,87059.0
8.18359375,87060.0
8.185546875,87061.0
8.1875,87049.0
8.189453125,87067.0
8.19140625,87076.0
8.193359375,87093.0
8.1953125,87090.0
8.197265625,87079.0
8.19921875,87089.0
8.201171875,87112.0
8.203125,87108.0
8.205078125,87124.0
8.20703125,87128.0
8.208984375,87146.0
8.2109375,87122.0
8.212890625,87125.0
8.21484375,87150.0
8.216796875,87127.0
8.21875,87143.0
8.220703125,87132.0
8.22265625,87152.0
8.224609375,87167.0
8.2265625,87185.0
8.228515625,87159.0
8.23046875,87180.0
8.232421875,87198.0
8.234375,87165.0
8.236328125,87188.0
8.23828125,87183.0
8.240234375,87190.0
8.2421875,87155.0
8.244140625,87206.0
8.24609375,87184.0
8.248046875,87227.0
8.25,87198.0
8.251953125,87196.0
8.25390625,87211.0
8.255859375,87229.0
8.2578125,87215.0
8.259765625,87227.0
8.26171875,87237.0
8.263671875,87245.0
8.265625,87219.0
8.267578125,87256.0
8.26953125,87257.0
8.271484375,87237.0
8.2734375,87259.0
8.275390625,87276.0
8.27734375,87282.0
8.279296875,87256.0
8.28125,87231.0
8.283203125,87247.0
8.28515625,87258.0
8.287109375,87269.0
8.2890625,87260.0
8.291015625,87287.0
8.29296875,87288.0
8.294921875,87284.0
8.296875,87290.0
8.298828125,87289.0
8.30078125,87303.0
8.302734375,87322.0
8.3046875,87333.0
8.306640625,87322.0
8.30859375,87330.0
8.310546875,87371.0
8.3125,87350.0
8.314453125,87343.0
8.31640625,87369.0
8.318359375,87355.0
8.3203125,87344.0
8.322265625,87351.0
8.32421875,87350.0
8.326171875,87370.0
8.328125,87394.0
8.330078125,87395.0
8.33203125,87408.0
8.333984375,87418.0
8.3359375,87393.0
8.337890625,87402.0
8.33984375,87395.0
8.341796875,87401.0
8.34375,87397.0
8.345703125,87438.0
8.34765625,87421.0
8.349609375,87461.0
8.3515625,87463.0
8.353515625,87454.0
8.35546875,87458.0
8.357421875,87468.0
8.359375,87471.0
8.361328125,87467.0
8.36328125,87499.0
8.365234375,87495.0
8.3671875,87488.0
8.369140625,87521.0
8.37109375,87486.0
8.373046875,87529.0
8.375,87508.0
8.376953125,87502.0
8.37890625,87511.0
8.380859375,87495.0
8.3828125,87524.0
8.384765625,87517.0
8.38671875,87510.0
8.388671875,87501.0
8.390625,87525.0
8.392578125,87531.0
8.39453125,87522.0
8.396484375,87519.0
8.3984375,87486.0
8.400390625,87455.0
8.40234375,87492.0
8.404296875,87483.0
8.40625,87447.0
8.408203125,87461.0
8.41015625,87471.0
8.412109375,87427.0
8.4140625,87421.0
8.416015625,87420.0
8.41796875,87398.0
8.419921875,87361.0
8.421875,87351.0
8.423828125,87345.0
8.42578125,87308.0
8.427734375,87316.0
8.4296875,87291.0
8.431640625,87269.0
8.43359375,87244.0
8.435546875,87213.0
8.4375,87225.0
8.439453125,87160.0
8.44140625,87171.0
8.443359375,87153.0
8.4453125,87121.0
8.447265625,87106.0
8.44921875,87050.0
8.451171875,87049.0
8.453125,87032.0
8.455078125,86984.0
8.45703125,86976.0
8.458984375,86971.0
8.4609375,86939.0
8.462890625,86927.0
8.46484375,86896.0
8.466796875,86859.0
8.46875,86853.0
8.470703125,86825.0
8.47265625,86804.0
8.474609375,86759.0
8.4765625,86760.0
8.478515625,86725.0
8.48046875,86712.0
8.482421875,86690.0
8.484375,86655.0
8.486328125,86643.0
8.48828125,86621.0
8.490234375,86611.0
8.4921875,86616.0
8.494140625,86566.0
8.49609375,86579.0
8.498046875,86539.0
8.5,86537.0
8.501953125,86517.0
8.50390625,86491.0
8.505859375,86504.0
8.5078125,86491.0
8.509765625,86468.0
8.51171875,86436.0
8.513671875,86439.0
8.515625,86403.0
8.517578125,86434.0
8.51953125,86408.0
8.521484375,86395.0
8.5234375,86400.0
8.525390625,86376.0
8.52734375,86362.0
8.529296875,86357.0
8.53125,86371.0
8.533203125,86355.0
8.53515625,86345.0
8.537109375,86324.0
8.5390625,86307.0
8.541015625,86285.0
8.54296875,86302.0
8.544921875,86287.0
8.546875,86294.0
8.548828125,86268.0
8.55078125,86243.0
8.552734375,86245.0
8.5546875,86244.0
8.556640625,86242.0
8.55859375,86244.0
8.560546875,86224.0
8.5625,86202.0
8.564453125,86218.0
8.56640625,86200.0
8.568359375,86196.0
8.5703125,86193.0
8.572265625,86201.0
8.57421875,86185.0
8.576171875,86164.0
8.578125,86166.0
8.580078125,86148.0
8.58203125,86140.0
8.583984375,86131.0
8.5859375,86141.0
8.587890625,86113.0
8.58984375,86109.0
8.591796875,86127.0
8.59375,86111.0
8.595703125,86122.0
8.59765625,86148.0
8.599609375,86126.0
8.6015625,86107.0
8.603515625,86091.0
8.60546875,86136.0
8.607421875,86127.0
8.609375,86130.0
8.611328125,86124.0
8.61328125,86117.0
8.615234375,86155.0
8.6171875,86160.0
8.619140625,86126.0
8.62109375,86125.0
8.623046875,86133.0
8.625,86143.0
8.626953125,86156.0
8.62890625,86160.0
8.630859375,86148.0
8.6328125,86195.0
8.634765625,86164.0
8.63671875,86187.0
8.638671875,86173.0
8.640625,86173.0
8.642578125,86184.0
8.64453125,86207.0
8.646484375,86180.0
8.6484375,86228.0
8.650390625,86221.0
8.65234375,86226.0
8.654296875,86230.0
8.65625,86237.0
8.658203125,86216.0
8.66015625,86243.0
8.662109375,86225.0
8.6640625,86248.0
8.666015625,86241.0
8.66796875,86252.0
8.669921875,86248.0
8.671875,86256.0
8.673828125,86281.0
8.67578125,86265.0
8.677734375,86271.0
8.6796875,86278.0
8.681640625,86277.0
8.68359375,86278.0
8.685546875,86271.0
8.6875,86289.0
8.689453125,86303.0
8.69140625,86303.0
8.693359375,86309.0
8.6953125,86315.0
8.697265625,86305.0
8.69921875,86313.0
8.701171875,86316.0
8.703125,86279.0
8.705078125,86301.0
8.70703125,86316.0
8.708984375,86326.0
8.7109375,86309.0
8.712890625,86314.0
8.71484375,86324.0
8.716796875,86324.0
8.71875,86336.0
8.720703125,86325.0
8.72265625,86317.0
8.724609375,86331.0
8.7265625,86310.0
8.728515625,86312.0
8.73046875,86315.0
8.732421875,86331.0
8.734375,86341.0
8.736328125,86325.0
8.73828125,86327.0
8.740234375,86311.0
8.7421875,86311.0
8.744140625,86321.0
8.74609375,86312.0
8.748046875,86329.0
8.75,86347.0
8.751953125,86333.0
8.75390625,86345.0
8.755859375,86365.0
8.7578125,86337.0
8.759765625,86322.0
8.76171875,86357.0
8.763671875,86344.0
8.765625,86333.0
8.767578125,86355.0
8.76953125,86363.0
8.771484375,86369.0
8.7734375,86371.0
8.775390625,86364.0
8.77734375,86355.0
8.779296875,86346.0
8.78125,86362.0
8.783203125,86372.0
8.78515625,86366.0
8.787109375,86387.0
8.7890625,86417.0
8.791015625,86397.0
8.79296875,86391.0
8.794921875,86421.0
8.796875,86420.0
8.798828125,86432.0
8.80078125,86401.0
8.802734375,86425.0
8.8046875,86424.0
8.806640625,86426.0
8.80859375,86457.0
8.810546875,86418.0
8.8125,86450.0
8.814453125,86443.0
8.81640625,86472.0
8.818359375,86450.0
8.8203125,86479.0
8.822265625,86450.0
8.82421875,86465.0
8.826171875,86477.0
8.828125,86494.0
8.830078125,86505.0
8.83203125,86507.0
8.833984375,86502.0
8.8359375,86504.0
8.837890625,86538.0
8.83984375,86536.0
8.841796875,86544.0
8.84375,86523.0
8.845703125,86513.0
8.84765625,86550.0
8.849609375,86561.0
8.8515625,86564.0
8.853515625,86575.0
8.85546875,86586.0
8.857421875,86562.0
8.859375,86584.0
8.861328125,86572.0
8.86328125,86582.0
8.865234375,86583.0
8.8671875,86595.0
8.869140625,86610.0
8.87109375,86592.0
8.873046875,86629.0
8.875,86619.0
8.876953125,86629.0
8.87890625,86621.0
8.880859375,86642.0
8.8828125,86632.0
8.884765625,86658.0
8.88671875,86661.0
8.888671875,86650.0
8.890625,86667.0
8.892578125,86666.0
8.89453125,86684.0
8.896484375,86682.0
8.8984375,86674.0
8.900390625,86690.0
8.90234375,86699.0
8.904296875,86688.0
8.90625,86730.0
8.908203125,86708.0
8.91015625,86710.0
8.912109375,86702.0
8.9140625,86728.0
8.916015625,86720.0
8.91796875,86747.0
8.919921875,86742.0
8.921875,86737.0
8.923828125,86733.0
8.92578125,86763.0
8.927734375,86770.0
8.9296875,86762.0
8.931640625,86771.0
8.93359375,86790.0
8.935546875,86785.0
8.9375,86812.0
8.939453125,86783.0
8.94140625,86797.0
8.943359375,86800.0
8.9453125,86797.0
8.947265625,86807.0
8.94921875,86841.0
8.951171875,86834.0
8.953125,86833.0
8.955078125,86842.0
8.95703125,86841.0
8.958984375,86883.0
8.9609375,86865.0
8.962890625,86868.0
8.96484375,86860.0
8.966796875,86866.0
8.96875,86883.0
8.970703125,86903.0
8.97265625,86901.0
8.974609375,86901.0
8.9765625,86910.0
8.978515625,86897.0
8.98046875,86919.0
8.982421875,86920.0
8.984375,86914.0
8.986328125,86918.0
8.98828125,86927.0
8.990234375,86951.0
8.9921875,86941.0
8.994140625,86936.0
8.99609375,86950.0
8.998046875,86986.0
9.0,86980.0
9.001953125,86969.0
9.00390625,86992.0
9.005859375,86989.0
9.0078125,86986.0
9.009765625,86990.0
9.01171875,86996.0
9.013671875,86995.0
9.015625,86996.0
9.017578125,86997.0
9.01953125,87022.0
9.021484375,86997.0
9.0234375,87007.0
9.025390625,87004.0
9.02734375,87014.0
9.029296875,87016.0
9.03125,87022.0
9.033203125,87050.0
9.03515625,87060.0
9.037109375,87039.0
9.0390625,87064.0
9.041015625,87062.0
9.04296875,87063.0
9.044921875,87078.0
9.046875,87082.0
9.048828125,87080.0
9.05078125,87083.0
9.052734375,87095.0
9.0546875,87115.0
9.056640625,87097.0
9.05859375,87119.0
9.060546875,87128.0
9.0625,87138.0
9.064453125,87136.0
9.06640625,87148.0
9.068359375,87156.0
9.0703125,87116.0
9.072265625,87136.0
9.07421875,87147.0
9.076171875,87172.0
9.078125,87153.0
9.080078125,87180.0
9.08203125,87148.0
9.083984375,87158.0
9.0859375,87171.0
9.087890625,87168.0
9.08984375,87198.0
9.091796875,87205.0
9.09375,87225.0
9.095703125,87224.0
9.09765625,87223.0
9.099609375,87235.0
9.1015625,87215.0
9.103515625,87258.0
9.10546875,87234.0
9.107421875,87250.0
9.109375,87251.0
9.111328125,87243.0
9.11328125,87227.0
9.115234375,87257.0
9.1171875,87255.0
9.119140625,87264.0
9.12109375,87252.0
9.123046875,87277.0
9.125,87235.0
9.126953125,87255.0
9.12890625,87255.0
9.130859375,87236.0
9.1328125,87239.0
9.134765625,87238.0
9.13671875,87233.0
9.138671875,87238.0
9.140625,87227.0
9.142578125,87219.0
9.14453125,87178.0
9.146484375,87187.0
9.1484375,87194.0
9.150390625,87166.0
9.15234375,87174.0
9.154296875,87178.0
9.15625,87143.0
9.158203125,87135.0
9.16015625,87127.0
9.162109375,87099.0
9.1640625,87082.0
9.166015625,87060.0
9.16796875,87061.0
9.169921875,87049.0
9.171875,87030.0
9.173828125,87014.0
9.17578125,87016.0
9.177734375,86978.0
9.1796875,86962.0
9.181640625,86948.0
9.18359375,86903.0
9.185546875,86893.0
9.1875,86852.0
9.189453125,86847.0
9.19140625,86794.0
9.193359375,86788.0
9.1953125,86780.0
9.197265625,86715.0
9.19921875,86712.0
9.201171875,86730.0
9.203125,86683.0
9.205078125,86654.0
9.20703125,86618.0
9.208984375,86588.0
9.2109375,86565.0
9.212890625,86550.0
9.21484375,86518.0
9.216796875,86504.0
9.21875,86496.0
9.220703125,86459.0
9.22265625,86433.0
9.224609375,86417.0
9.2265625,86394.0
9.228515625,86372.0
9.23046875,86354.0
9.232421875,86325.0
9.234375,86305.0
9.236328125,86308.0
9.23828125,86286.0
9.240234375,86263.0
9.2421875,86249.0
9.244140625,86221.0
9.24609375,86230.0
9.248046875,86199.0
9.25,86163.0
9.251953125,86169.0
9.25390625,86155.0
9.255859375,86146.0
9.2578125,86121.0
9.259765625,86102.0
9.26171875,86089.0
9.263671875,86090.0
9.265625,86072.0
9.267578125,86055.0
9.26953125,86065.0
9.271484375,86059.0
9.2734375,86024.0
9.275390625,86038.0
9.27734375,86003.0
9.279296875,86011.0
9.28125,86001.0
9.283203125,85988.0
9.28515625,85986.0
9.287109375,85975.0
9.2890625,85964.0
9.291015625,85976.0
9.29296875,85948.0
9.294921875,85922.0
9.296875,85919.0
9.298828125,85905.0
9.30078125,85909.0
9.302734375,85904.0
9.3046875,85870.0
9.306640625,85865.0
9.30859375,85860.0
9.310546875,85863.0
9.3125,85850.0
9.314453125,85874.0
9.31640625,85821.0
9.318359375,85829.0
9.3203125,85840.0
9.322265625,85814.0
9.32421875,85813.0
9.326171875,85801.0
9.328125,85797.0
9.330078125,85811.0
9.33203125,85790.0
9.333984375,85801.0
9.3359375,85799.0
9.337890625,85803.0
9.33984375,85789.0
9.341796875,85794.0
9.34375,85778.0
9.345703125,85779.0
9.34765625,85764.0
9.349609375,85795.0
9.3515625,85804.0
9.353515625,85805.0
9.35546875,85780.0
9.357421875,85797.0
9.359375,85816.0
9.361328125,85811.0
9.36328125,85824.0
9.365234375,85818.0
9.3671875,85789.0
9.369140625,85820.0
9.37109375,85815.0
9.373046875,85843.0
9.375,85842.0
9.376953125,85829.0
9.37890625,85836.0
9.380859375,85845.0
9.3828125,85839.0
9.384765625,85834.0
9.38671875,85863.0
9.388671875,85876.0
9.390625,85858.0
9.392578125,85857.0
9.39453125,85894.0
9.396484375,85877.0
9.3984375,85899.0
9.400390625,85884.0
9.40234375,85853.0
9.404296875,85897.0
9.40625,85872.0
9.408203125,85894.0
9.41015625,85880.0
9.412109375,85882.0
9.4140625,85886.0
9.416015625,85905.0
9.41796875,85896.0
9.419921875,85907.0
9.421875,85888.0
9.423828125,85908.0
9.42578125,85905.0
9.427734375,85906.0
9.4296875,85899.0
9.431640625,85951.0
9.43359375,85911.0
9.435546875,85917.0
9.4375,85913.0
9.439453125,85918.0
9.44140625,85929.0
9.443359375,85923.0
9.4453125,85917.0
9.447265625,85936.0
9.44921875,85917.0
9.451171875,85916.0
9.453125,85923.0
9.455078125,85901.0
9.45703125,85927.0
9.458984375,85912.0
9.4609375,85920.0
9.462890625,85932.0
9.46484375,85913.0
9.466796875,85903.0
9.46875,85935.0
9.470703125,85922.0
9.47265625,85942.0
9.474609375,85948.0
9.4765625,85925.0
9.478515625,85957.0
9.48046875,85937.0
9.482421875,85944.0
9.484375,85929.0
9.486328125,85942.0
9.48828125,85938.0
9.490234375,85935.0
9.4921875,85955.0
9.494140625,85934.0
9.49609375,85951.0
9.498046875,85963.0
9.5,85956.0
9.501953125,85953.0
9.50390625,85967.0
9.505859375,85975.0
9.5078125,85963.0
9.509765625,85965.0
9.51171875,85966.0
9.513671875,85989.0
9.515625,85981.0
9.517578125,86001.0
9.51953125,85983.0
9.521484375,85977.0
9.5234375,85990.0
9.525390625,85997.0
9.52734375,85979.0
9.529296875,86008.0
9.53125,86006.0
9.533203125,86029.0
9.53515625,86031.0
9.537109375,86018.0
9.5390625,86039.0
9.541015625,86051.0
9.54296875,86052.0
9.544921875,86034.0
9.546875,86058.0
9.548828125,86063.0
9.55078125,86062.0
9.552734375,86080.0
9.5546875,86078.0
9.556640625,86088.0
9.55859375,86086.0
9.560546875,86105.0
9.5625,86118.0
9.564453125,86105.0
9.56640625,86103.0
9.568359375,86131.0
9.5703125,86109.0
9.572265625,86123.0
9.57421875,86119.0
9.576171875,86141.0
9.578125,86144.0
9.580078125,86165.0
9.58203125,86170.0
9.583984375,86172.0
9.5859375,86157.0
9.587890625,86168.0
9.58984375,86207.0
9.591796875,86197.0
9.59375,86212.0
9.595703125,86212.0
9.59765625,86205.0
9.599609375,86257.0
9.6015625,86210.0
9.603515625,86212.0
9.60546875,86242.0
9.607421875,86231.0
9.609375,86243.0
9.611328125,86276.0
9.61328125,86261.0
9.615234375,86279.0
9.6171875,86281.0
9.619140625,86286.0
9.62109375,86300.0
9.623046875,86310.0
9.625,86306.0
9.626953125,86311.0
9.62890625,86306.0
9.630859375,86310.0
9.6328125,86335.0
9.634765625,86340.0
9.63671875,86362.0
9.638671875,86336.0
9.640625,86338.0
9.642578125,86350.0
9.64453125,86368.0
9.646484375,86371.0
9.6484375,86368.0
9.650390625,86373.0
9.65234375,86375.0
9.654296875,86374.0
9.65625,86397.0
9.658203125,86391.0
9.66015625,86423.0
9.662109375,86409.0
9.6640625,86414.0
9.666015625,86429.0
9.66796875,86444.0
9.669921875,86426.0
9.671875,86456.0
9.673828125,86442.0
9.67578125,86457.0
9.677734375,86423.0
9.6796875,86458.0
9.681640625,86449.0
9.68359375,86483.0
9.685546875,86487.0
9.6875,86481.0
9.689453125,86482.0
9.69140625,86493.0
9.693359375,86483.0
9.6953125,86492.0
9.697265625,86500.0
9.69921875,86497.0
9.701171875,86521.0
9.703125,86537.0
9.705078125,86544.0
9.70703125,86536.0
9.708984375,86548.0
9.7109375,86560.0
9.712890625,86568.0
9.71484375,86566.0
9.716796875,86575.0
9.71875,86589.0
9.720703125,86594.0
9.72265625,86620.0
9.724609375,86604.0
9.7265625,86590.0
9.728515625,86611.0
9.73046875,86625.0
9.732421875,86640.0
9.734375,86640.0
9.736328125,86634.0
9.73828125,86638.0
9.740234375,86674.0
9.7421875,86660.0
9.744140625,86683.0
9.74609375,86684.0
9.748046875,86694.0
9.75,86703.0
9.751953125,86705.0
9.75390625,86700.0
9.755859375,86714.0
9.7578125,86722.0
9.759765625,86721.0
9.76171875,86731.0
9.763671875,86740.0
9.765625,86739.0
9.767578125,86756.0
9.76953125,86770.0
9.771484375,86756.0
9.7734375,86772.0
9.775390625,86779.0
9.77734375,86778.0
9.779296875,86795.0
9.78125,86798.0
9.783203125,86804.0
9.78515625,86822.0
9.787109375,86825.0
9.7890625,86807.0
9.791015625,86807.0
9.79296875,86826.0
9.794921875,86819.0
9.796875,86824.0
9.798828125,86848.0
9.80078125,86846.0
9.802734375,86872.0
9.8046875,86850.0
9.806640625,86862.0
9.80859375,86878.0
9.810546875,86889.0
9.8125,86868.0
9.814453125,86928.0
9.81640625,86881.0
9.818359375,86907.0
9.8203125,86916.0
9.822265625,86919.0
9.82421875,86928.0
9.826171875,86926.0
9.828125,86933.0
9.830078125,86932.0
9.83203125,86946.0
9.833984375,86979.0
9.8359375,86995.0
9.837890625,86965.0
9.83984375,86986.0
9.841796875,86975.0
9.84375,86993.0
9.845703125,86979.0
9.84765625,87001.0
9.849609375,86962.0
9.8515625,86990.0
9.853515625,87003.0
9.85546875,87028.0
9.857421875,87029.0
9.859375,87004.0
9.861328125,87009.0
9.86328125,87021.0
9.865234375,87006.0
9.8671875,87009.0
9.869140625,87009.0
9.87109375,87008.0
9.873046875,87000.0
9.875,87007.0
9.876953125,87003.0
9.87890625,87010.0
9.880859375,86977.0
9.8828125,86983.0
9.884765625,86974.0
9.88671875,86961.0
9.888671875,86936.0
9.890625,86927.0
9.892578125,86904.0
9.89453125,86892.0
9.896484375,86860.0
9.8984375,86865.0
9.900390625,86878.0
9.90234375,86851.0
9.904296875,86799.0
9.90625,86785.0
9.908203125,86760.0
9.91015625,86715.0
9.912109375,86706.0
9.9140625,86697.0
9.916015625,86673.0
9.91796875,86640.0
9.919921875,86621.0
9.921875,86597.0
9.923828125,86581.0
9.92578125,86536.0
9.927734375,86524.0
9.9296875,86483.0
9.931640625,86464.0
9.93359375,86407.0
9.935546875,86402.0
9.9375,86409.0
9.939453125,86362.0
9.94140625,86336.0
9.943359375,86323.0
9.9453125,86286.0
9.947265625,86267.0
9.94921875,86224.0
9.951171875,86208.0
9.953125,86170.0
9.955078125,86160.0
9.95703125,86143.0
9.958984375,86116.0
9.9609375,86094.0
9.962890625,86089.0
9.96484375,86065.0
9.966796875,86039.0
9.96875,86001.0
9.970703125,85998.0
9.97265625,85977.0
9.974609375,85963.0
9.9765625,85943.0
9.978515625,85907.0
9.98046875,85902.0
9.982421875,85882.0
9.984375,85871.0
9.986328125,85854.0
9.98828125,85849.0
9.990234375,85796.0
9.9921875,85789.0
9.994140625,85799.0
9.99609375,85777.0
9.998046875,85755.0
10.0,85728.0
10.001953125,85726.0
10.00390625,85707.0
10.005859375,85713.0
10.0078125,85687.0
10.009765625,85655.0
10.01171875,85683.0
10.013671875,85654.0
10.015625,85650.0
10.017578125,85636.0
10.01953125,85620.0
10.021484375,85597.0
10.0234375,85582.0
10.025390625,85573.0
10.02734375,85547.0
10.029296875,85576.0
10.03125,85534.0
10.033203125,85518.0
10.03515625,85546.0
10.037109375,85526.0
10.0390625,85500.0
10.041015625,85509.0
10.04296875,85497.0
10.044921875,85476.0
10.046875,85462.0
10.048828125,85471.0
10.05078125,85424.0
10.052734375,85460.0
10.0546875,85464.0
10.056640625,85434.0
10.05859375,85416.0
10.060546875,85405.0
10.0625,85410.0
10.064453125,85435.0
10.06640625,85401.0
10.068359375,85403.0
10.0703125,85379.0
10.072265625,85399.0
10.07421875,85379.0
10.076171875,85380.0
10.078125,85381.0
10.080078125,85388.0
10.08203125,85375.0
10.083984375,85381.0
10.0859375,85390.0
10.087890625,85364.0
10.08984375,85393.0
10.091796875,85393.0
10.09375,85373.0
10.095703125,85400.0
10.09765625,85383.0
10.099609375,85386.0
10.1015625,85379.0
10.103515625,85393.0
10.10546875,85398.0
10.107421875,85387.0
10.109375,85425.0
10.111328125,85425.0
10.11328125,85441.0
10.115234375,85436.0
10.1171875,85439.0
10.119140625,85454.0
10.12109375,85433.0
10.123046875,85445.0
10.125,85453.0
10.126953125,85467.0
10.12890625,85459.0
10.130859375,85463.0
10.1328125,85482.0
10.134765625,85482.0
10.13671875,85496.0
10.138671875,85497.0
10.140625,85503.0
10.142578125,85539.0
10.14453125,85509.0
10.146484375,85533.0
10.1484375,85537.0
10.150390625,85526.0
10.15234375,85520.0
10.154296875,85542.0
10.15625,85538.0
10.158203125,85540.0
10.16015625,85543.0
10.162109375,85549.0
10.1640625,85553.0
10.166015625,85582.0
10.16796875,85570.0
10.169921875,85571.0
10.171875,85558.0
10.173828125,85552.0
10.17578125,85568.0
10.177734375,85591.0
10.1796875,85569.0
10.181640625,85598.0
10.18359375,85625.0
10.185546875,85629.0
10.1875,85622.0
10.189453125,85604.0
10.19140625,85611.0
10.193359375,85620.0
10.1953125,85614.0
10.197265625,85603.0
10.19921875,85634.0
10.201171875,85652.0
10.203125,85608.0
10.205078125,85623.0
10.20703125,85645.0
10.208984375,85653.0
10.2109375,85652.0
10.212890625,85632.0
10.21484375,85644.0
10.216796875,85656.0
10.21875,85653.0
10.220703125,85681.0
10.22265625,85675.0
10.224609375,85690.0
10.2265625,85708.0
10.228515625,85716.0
10.23046875,85689.0
10.232421875,85684.0
10.234375,85717.0
10.236328125,85713.0
10.23828125,85707.0
10.240234375,85702.0
10.2421875,85743.0
10.244140625,85753.0
10.24609375,85743.0
10.248046875,85744.0
10.25,85720.0
10.251953125,85731.0
10.25390625,85749.0
10.255859375,85767.0
10.2578125,85749.0
10.259765625,85778.0
10.26171875,85782.0
10.263671875,85783.0
10.265625,85798.0
10.267578125,85789.0
10.26953125,85794.0
10.271484375,85797.0
10.2734375,85808.0
10.275390625,85802.0
10.27734375,85818.0
10.279296875,85797.0
10.28125,85829.0
10.283203125,85852.0
10.28515625,85819.0
10.287109375,85850.0
10.2890625,85858.0
10.291015625,85845.0
10.29296875,85870.0
10.294921875,85862.0
10.296875,85876.0
10.298828125,85881.0
10.30078125,85880.0
10.302734375,85888.0
10.3046875,85901.0
10.306640625,85914.0
10.30859375,85900.0
10.310546875,85904.0
10.3125,85923.0
10.314453125,85905.0
10.31640625,85933.0
10.318359375,85922.0
10.3203125,85957.0
10.322265625,85951.0
10.32421875,85953.0
10.326171875,85974.0
10.328125,85991.0
10.330078125,85989.0
10.33203125,85968.0
10.333984375,86005.0
10.3359375,86003.0
10.337890625,86008.0
10.33984375,86038.0
10.341796875,86040.0
10.34375,86042.0
10.345703125,86042.0
10.34765625,86064.0
10.349609375,86071.0
10.3515625,86071.0
10.353515625,86069.0
10.35546875,86096.0
10.357421875,86096.0
10.359375,86081.0
10.361328125,86091.0
10.36328125,86121.0
10.365234375,86116.0
10.3671875,86165.0
10.369140625,86157.0
10.37109375,86157.0
10.373046875,86161.0
10.375,86164.0
10.376953125,86193.0
10.37890625,86204.0
10.380859375,86181.0
10.3828125,86227.0
10.384765625,86206.0
10.38671875,86215.0
10.388671875,86219.0
10.390625,86236.0
10.392578125,86232.0
10.39453125,86236.0
10.396484375,86246.0
10.3984375,86255.0
10.400390625,86254.0
10.40234375,86286.0
10.404296875,86270.0
10.40625,86301.0
10.408203125,86300.0
10.41015625,86299.0
10.412109375,86319.0
10.4140625,86327.0
10.416015625,86361.0
10.41796875,86326.0
10.419921875,86343.0
10.421875,86365.0
10.423828125,86359.0
10.42578125,86380.0
10.427734375,86376.0
10.4296875,86390.0
10.431640625,86403.0
10.43359375,86402.0
10.435546875,86399.0
10.4375,86412.0
10.439453125,86434.0
10.44140625,86436.0
10.443359375,86442.0
10.4453125,86458.0
10.447265625,86459.0
10.44921875,86442.0
10.451171875,86469.0
10.453125,86427.0
10.455078125,86491.0
10.45703125,86503.0
10.458984375,86489.0
10.4609375,86500.0
10.462890625,86528.0
10.46484375,86510.0
10.466796875,86532.0
10.46875,86530.0
10.470703125,86517.0
10.47265625,86538.0
10.474609375,86551.0
10.4765625,86557.0
10.478515625,86575.0
10.48046875,86570.0
10.482421875,86574.0
10.484375,86586.0
10.486328125,86604.0
10.48828125,86609.0
10.490234375,86599.0
10.4921875,86616.0
10.494140625,86617.0
10.49609375,86655.0
10.498046875,86642.0
10.5,86647.0
10.501953125,86658.0
10.50390625,86667.0
10.505859375,86675.0
10.5078125,86685.0
10.509765625,86683.0
10.51171875,86718.0
10.513671875,86719.0
10.515625,86720.0
10.517578125,86732.0
10.51953125,86760.0
10.521484375,86760.0
10.5234375,86752.0
10.525390625,86762.0
10.52734375,86763.0
10.529296875,86765.0
10.53125,86774.0
10.533203125,86811.0
10.53515625,86791.0
10.537109375,86823.0
10.5390625,86807.0
10.541015625,86829.0
10.54296875,86843.0
10.544921875,86834.0
10.546875,86841.0
10.548828125,86850.0
10.55078125,86870.0
10.552734375,86856.0
10.5546875,86868.0
10.556640625,86882.0
10.55859375,86906.0
10.560546875,86909.0
10.5625,86931.0
10.564453125,86928.0
10.56640625,86929.0
10.568359375,86942.0
10.5703125,86936.0
10.572265625,86978.0
10.57421875,86946.0
10.576171875,86965.0
10.578125,86983.0
10.580078125,86997.0
10.58203125,86989.0
10.583984375,87006.0
10.5859375,87002.0
10.587890625,87026.0
10.58984375,87022.0
10.591796875,87014.0
10.59375,87030.0
10.595703125,87066.0
10.59765625,87060.0
10.599609375,87049.0
10.6015625,87086.0
10.603515625,87079.0
10.60546875,87095.0
10.607421875,87091.0
10.609375,87107.0
10.611328125,87091.0
10.61328125,87119.0
10.615234375,87129.0
10.6171875,87101.0
10.619140625,87144.0
10.62109375,87129.0
10.623046875,87159.0
10.625,87147.0
10.626953125,87158.0
10.62890625,87157.0
10.630859375,87140.0
10.6328125,87135.0
10.634765625,87136.0
10.63671875,87136.0
10.638671875,87121.0
10.640625,87120.0
10.642578125,87119.0
10.64453125,87145.0
10.646484375,87122.0
10.6484375,87146.0
10.650390625,87107.0
10.65234375,87080.0
10.654296875,87070.0
10.65625,87084.0
10.658203125,87056.0
10.66015625,87045.0
10.662109375,87047.0
10.6640625,87004.0
10.666015625,86985.0
10.66796875,86986.0
10.669921875,86951.0
10.671875,86935.0
10.673828125,86931.0
10.67578125,86919.0
10.677734375,86867.0
10.6796875,86856.0
10.681640625,86844.0
10.68359375,86830.0
10.685546875,86819.0
10.6875,86788.0
10.689453125,86774.0
10.69140625,86735.0
10.693359375,86730.0
10.6953125,86668.0
10.697265625,86680.0
10.69921875,86658.0
10.701171875,86632.0
10.703125,86612.0
10.705078125,86590.0
10.70703125,86571.0
10.708984375,86550.0
10.7109375,86532.0
10.712890625,86494.0
10.71484375,86487.0
10.716796875,86482.0
10.71875,86472.0
10.720703125,86446.0
10.72265625,86437.0
10.724609375,86422.0
10.7265625,86398.0
10.728515625,86382.0
10.73046875,86369.0
10.732421875,86340.0
10.734375,86342.0
10.736328125,86306.0
10.73828125,86298.0
10.740234375,86276.0
10.7421875,86269.0
10.744140625,86261.0
10.74609375,86220.0
10.748046875,86230.0
10.75,86250.0
10.751953125,86210.0
10.75390625,86167.0
10.755859375,86179.0
10.7578125,86178.0
10.759765625,86173.0
10.76171875,86149.0
10.763671875,86149.0
10.765625,86154.0
10.767578125,86135.0
10.76953125,86122.0
10.771484375,86099.0
10.7734375,86105.0
10.775390625,86085.0
10.77734375,86105.0
10.779296875,86091.0
10.78125,86087.0
10.783203125,86052.0
10.78515625,86058.0
10.787109375,86038.0
10.7890625,86043.0
10.791015625,86025.0
10.79296875,86034.0
10.794921875,86008.0
10.796875,86015.0
10.798828125,86010.0
10.80078125,86007.0
10.802734375,85996.0
10.8046875,85980.0
10.806640625,85995.0
10.80859375,85970.0
10.810546875,85987.0
10.8125,85968.0
10.814453125,85943.0
10.81640625,85938.0
10.818359375,85940.0
10.8203125,85931.0
10.822265625,85947.0
10.82421875,85933.0
10.826171875,85926.0
10.828125,85938.0
10.830078125,85929.0
10.83203125,85918.0
10.833984375,85937.0
10.8359375,85936.0
10.837890625,85910.0
10.83984375,85888.0
10.841796875,85925.0
10.84375,85924.0
10.845703125,85939.0
10.84765625,85932.0
10.849609375,85931.0
10.8515625,85911.0
10.853515625,85944.0
10.85546875,85918.0
10.857421875,85934.0
10.859375,85936.0
10.861328125,85927.0
10.86328125,85937.0
10.865234375,85940.0
10.8671875,85944.0
10.869140625,85964.0
10.87109375,85957.0
10.873046875,85945.0
10.875,85980.0
10.876953125,85960.0
10.87890625,85977.0
10.880859375,86010.0
10.8828125,86025.0
10.884765625,85994.0
10.88671875,86008.0
10.888671875,86029.0
10.890625,86030.0
10.892578125,86011.0
10.89453125,86014.0
10.896484375,86030.0
10.8984375,86025.0
10.900390625,86027.0
10.90234375,86037.0
10.904296875,86046.0
10.90625,86056.0
10.908203125,86072.0
10.91015625,86054.0
10.912109375,86067.0
10.9140625,86088.0
10.916015625,86074.0
10.91796875,86095.0
10.919921875,86123.0
10.921875,86119.0
10.923828125,86099.0
10.92578125,86113.0
10.927734375,86121.0
10.9296875,86131.0
10.931640625,86138.0
10.93359375,86128.0
10.935546875,86122.0
10.9375,86156.0
10.939453125,86153.0
10.94140625,86163.0
10.943359375,86150.0
10.9453125,86155.0
10.947265625,86152.0
10.94921875,86176.0
10.951171875,86181.0
10.953125,86184.0
10.955078125,86179.0
10.95703125,86212.0
10.958984375,86178.0
10.9609375,86198.0
10.962890625,86209.0
10.96484375,86202.0
10.966796875,86196.0
10.96875,86214.0
10.970703125,86201.0
10.97265625,86214.0
10.974609375,86228.0
10.9765625,86202.0
10.978515625,86210.0
10.98046875,86231.0
10.982421875,86241.0
10.984375,86223.0
10.986328125,86262.0
10.98828125,86255.0
10.990234375,86243.0
10.9921875,86271.0
10.994140625,86238.0
10.99609375,86215.0
10.998046875,86257.0
11.0,86285.0
11.001953125,86279.0
11.00390625,86284.0
11.005859375,86295.0
11.0078125,86308.0
11.009765625,86310.0
11.01171875,86340.0
11.013671875,86330.0
11.015625,86310.0
11.017578125,86300.0
11.01953125,86317.0
11.021484375,86331.0
11.0234375,86341.0
11.025390625,86372.0
11.02734375,86352.0
11.029296875,86353.0
11.03125,86383.0
11.033203125,86369.0
11.03515625,86371.0
11.037109375,86371.0
11.0390625,86385.0
11.041015625,86385.0
11.04296875,86391.0
11.044921875,86410.0
11.046875,86409.0
11.048828125,86432.0
11.05078125,86422.0
11.052734375,86451.0
11.0546875,86435.0
11.056640625,86443.0
11.05859375,86459.0
11.060546875,86468.0
11.0625,86474.0
11.064453125,86453.0
11.06640625,86478.0
11.068359375,86488.0
11.0703125,86490.0
11.072265625,86501.0
11.07421875,86511.0
11.076171875,86506.0
11.078125,86521.0
11.080078125,86525.0
11.08203125,86515.0
11.083984375,86557.0
11.0859375,86557.0
11.087890625,86546.0
11.08984375,86558.0
11.091796875,86553.0
11.09375,86556.0
11.095703125,86570.0
11.09765625,86598.0
11.099609375,86578.0
11.1015625,86607.0
11.103515625,86614.0
11.10546875,86619.0
11.107421875,86627.0
11.109375,86646.0
11.111328125,86643.0
11.11328125,86633.0
11.115234375,86644.0
11.1171875,86674.0
11.119140625,86665.0
11.12109375,86692.0
11.123046875,86664.0
11.125,86677.0
11.126953125,86710.0
11.12890625,86726.0
11.130859375,86711.0
11.1328125,86722.0
11.134765625,86740.0
11.13671875,86740.0
11.138671875,86741.0
11.140625,86772.0
11.142578125,86762.0
11.14453125,86772.0
11.146484375,86785.0
11.1484375,86794.0
11.150390625,86808.0
11.15234375,86826.0
11.154296875,86811.0
11.15625,86830.0
11.158203125,86833.0
11.16015625,86822.0
11.162109375,86828.0
11.1640625,86862.0
11.166015625,86855.0
11.16796875,86849.0
11.169921875,86875.0
11.171875,86880.0
11.173828125,86885.0
11.17578125,86872.0
11.177734375,86880.0
11.1796875,86904.0
11.181640625,86909.0
11.18359375,86926.0
11.185546875,86939.0
11.1875,86900.0
11.189453125,86956.0
11.19140625,86933.0
11.193359375,86944.0
11.1953125,86974.0
11.197265625,86972.0
11.19921875,86992.0
11.201171875,86976.0
11.203125,86986.0
11.205078125,86969.0
11.20703125,87024.0
11.208984375,87019.0
11.2109375,87026.0
11.212890625,87031.0
11.21484375,87036.0
11.216796875,87036.0
11.21875,87037.0
11.220703125,87028.0
11.22265625,87031.0
11.224609375,87084.0
11.2265625,87076.0
11.228515625,87057.0
11.23046875,87071.0
11.232421875,87094.0
11.234375,87094.0
11.236328125,87090.0
11.23828125,87121.0
11.240234375,87132.0
11.2421875,87116.0
11.244140625,87129.0
11.24609375,87096.0
11.248046875,87125.0
11.25,87163.0
11.251953125,87156.0
11.25390625,87179.0
11.255859375,87163.0
11.2578125,87190.0
11.259765625,87173.0
11.26171875,87202.0
11.263671875,87189.0
11.265625,87204.0
11.267578125,87220.0
11.26953125,87209.0
11.271484375,87215.0
11.2734375,87244.0
11.275390625,87229.0
11.27734375,87240.0
11.279296875,87241.0
11.28125,87242.0
11.283203125,87259.0
11.28515625,87279.0
11.287109375,87281.0
11.2890625,87284.0
11.291015625,87307.0
11.29296875,87297.0
11.294921875,87278.0
11.296875,87285.0
11.298828125,87309.0
11.30078125,87340.0
11.302734375,87328.0
11.3046875,87338.0
11.306640625,87348.0
11.30859375,87359.0
11.310546875,87353.0
11.3125,87373.0
11.314453125,87386.0
11.31640625,87372.0
11.318359375,87366.0
11.3203125,87381.0
11.322265625,87386.0
11.32421875,87410.0
11.326171875,87436.0
11.328125,87436.0
11.330078125,87446.0
11.33203125,87450.0
11.333984375,87480.0
11.3359375,87466.0
11.337890625,87458.0
11.33984375,87489.0
11.341796875,87473.0
11.34375,87489.0
11.345703125,87496.0
11.34765625,87502.0
11.349609375,87522.0
11.3515625,87543.0
11.353515625,87544.0
11.35546875,87560.0
11.357421875,87553.0
11.359375,87554.0
11.361328125,87582.0
11.36328125,87550.0
11.365234375,87581.0
11.3671875,87588.0
11.369140625,87608.0
11.37109375,87592.0
11.373046875,87609.0
11.375,87618.0
11.376953125,87628.0
11.37890625,87615.0
11.380859375,87622.0
11.3828125,87655.0
11.384765625,87656.0
11.38671875,87649.0
11.388671875,87668.0
11.390625,87684.0
11.392578125,87691.0
11.39453125,87687.0
11.396484375,87694.0
11.3984375,87694.0
11.400390625,87685.0
11.40234375,87736.0
11.404296875,87700.0
11.40625,87713.0
11.408203125,87716.0
11.41015625,87724.0
11.412109375,87714.0
11.4140625,87704.0
11.416015625,87688.0
11.41796875,87717.0
11.419921875,87698.0
11.421875,87691.0
11.423828125,87698.0
11.42578125,87713.0
11.427734375,87661.0
11.4296875,87670.0
11.431640625,87647.0
11.43359375,87666.0
11.435546875,87642.0
11.4375,87622.0
11.439453125,87629.0
11.44140625,87618.0
11.443359375,87593.0
11.4453125,87583.0
11.447265625,87537.0
11.44921875,87555.0
11.451171875,87524.0
11.453125,87529.0
11.455078125,87491.0
11.45703125,87492.0
11.458984375,87463.0
11.4609375,87438.0
11.462890625,87434.0
11.46484375,87422.0
11.466796875,87396.0
11.46875,87390.0
11.470703125,87373.0
11.47265625,87340.0
11.474609375,87324.0
11.4765625,87302.0
11.478515625,87261.0
11.48046875,87274.0
11.482421875,87246.0
11.484375,87202.0
11.486328125,87217.0
11.48828125,87191.0
11.490234375,87184.0
11.4921875,87171.0
11.494140625,87147.0
11.49609375,87118.0
11.498046875,87126.0
11.5,87078.0
11.501953125,87063.0
11.50390625,87047.0
11.505859375,87056.0
11.5078125,87037.0
11.509765625,87032.0
11.51171875,86997.0
11.513671875,86974.0
11.515625,86982.0
11.517578125,86963.0
11.51953125,86963.0
11.521484375,86928.0
11.5234375,86920.0
11.525390625,86916.0
11.52734375,86905.0
11.529296875,86899.0
11.53125,86903.0
11.533203125,86900.0
11.53515625,86856.0
11.537109375,86857.0
11.5390625,86862.0
11.541015625,86851.0
11.54296875,86836.0
11.544921875,86814.0
11.546875,86828.0
11.548828125,86823.0
11.55078125,86803.0
11.552734375,86813.0
11.5546875,86784.0
11.556640625,86798.0
11.55859375,86773.0
11.560546875,86783.0
11.5625,86797.0
11.564453125,86790.0
11.56640625,86781.0
11.568359375,86754.0
11.5703125,86767.0
11.572265625,86764.0
11.57421875,86762.0
11.576171875,86746.0
11.578125,86748.0
11.580078125,86731.0
11.58203125,86738.0
11.583984375,86734.0
11.5859375,86721.0
11.587890625,86726.0
11.58984375,86696.0
11.591796875,86742.0
11.59375,86719.0
11.595703125,86723.0
11.59765625,86699.0
11.599609375,86699.0
11.6015625,86711.0
11.603515625,86683.0
11.60546875,86680.0
11.607421875,86698.0
11.609375,86693.0
11.611328125,86700.0
11.61328125,86715.0
11.615234375,86687.0
11.6171875,86689.0
11.619140625,86689.0
11.62109375,86678.0
11.623046875,86694.0
11.625,86686.0
11.626953125,86704.0
11.62890625,86701.0
11.630859375,86704.0
11.6328125,86701.0
11.634765625,86705.0
11.63671875,86699.0
11.638671875,86700.0
11.640625,86738.0
11.642578125,86735.0
11.64453125,86728.0
11.646484375,86756.0
11.6484375,86734.0
11.650390625,86766.0
11.65234375,86758.0
11.654296875,86758.0
11.65625,86758.0
11.658203125,86728.0
11.66015625,86753.0
11.662109375,86758.0
11.6640625,86762.0
11.666015625,86796.0
11.66796875,86805.0
11.669921875,86826.0
11.671875,86817.0
11.673828125,86840.0
11.67578125,86844.0
11.677734375,86831.0
11.6796875,86822.0
11.681640625,86824.0
11.68359375,86817.0
11.685546875,86843.0
11.6875,86864.0
11.689453125,86868.0
11.69140625,86866.0
11.693359375,86877.0
11.6953125,86872.0
11.697265625,86876.0
11.69921875,86861.0
11.701171875,86894.0
11.703125,86882.0
11.705078125,86908.0
11.70703125,86908.0
11.708984375,86906.0
11.7109375,86915.0
11.712890625,86935.0
11.71484375,86932.0
11.716796875,86943.0
11.71875,86924.0
11.720703125,86940.0
11.72265625,86952.0
11.724609375,86945.0
11.7265625,86959.0
11.728515625,86933.0
11.73046875,86950.0
11.732421875,86951.0
11.734375,86988.0
11.736328125,86962.0
11.73828125,86969.0
11.740234375,86963.0
11.7421875,86972.0
11.744140625,87019.0
11.74609375,86989.0
11.748046875,86971.0
11.75,87003.0
11.751953125,87018.0
11.75390625,87004.0
11.755859375,87003.0
11.7578125,86999.0
11.759765625,86998.0
11.76171875,87047.0
11.763671875,87027.0
11.765625,87015.0
11.767578125,87026.0
11.76953125,87023.0
11.771484375,87049.0
11.7734375,87046.0
11.775390625,87044.0
11.77734375,87061.0
11.779296875,87049.0
11.78125,87067.0
11.783203125,87056.0
11.78515625,87063.0
11.787109375,87061.0
11.7890625,87074.0
11.791015625,87099.0
11.79296875,87084.0
11.794921875,87093.0
11.796875,87091.0
11.798828125,87080.0
11.80078125,87073.0
11.802734375,87109.0
11.8046875,87129.0
11.806640625,87105.0
11.80859375,87110.0
11.810546875,87130.0
11.8125,87129.0
11.814453125,87140.0
11.81640625,87117.0
11.818359375,87133.0
11.8203125,87141.0
11.822265625,87137.0
11.82421875,87178.0
11.826171875,87154.0
11.828125,87182.0
11.830078125,87153.0
11.83203125,87210.0
11.833984375,87190.0
11.8359375,87186.0
11.837890625,87190.0
11.83984375,87191.0
11.841796875,87186.0
11.84375,87234.0
11.845703125,87253.0
11.84765625,87237.0
11.849609375,87233.0
11.8515625,87255.0
11.853515625,87256.0
11.85546875,87240.0
11.857421875,87266.0
11.859375,87249.0
11.861328125,87259.0
11.86328125,87275.0
11.865234375,87310.0
11.8671875,87276.0
11.869140625,87311.0
11.87109375,87330.0
11.873046875,87316.0
11.875,87306.0
11.876953125,87303.0
11.87890625,87314.0
11.880859375,87326.0
11.8828125,87353.0
11.884765625,87347.0
11.88671875,87349.0
11.888671875,87360.0
11.890625,87372.0
11.892578125,87401.0
11.89453125,87376.0
11.896484375,87379.0
11.8984375,87404.0
11.900390625,87389.0
11.90234375,87408.0
11.904296875,87401.0
11.90625,87422.0
11.908203125,87416.0
11.91015625,87401.0
11.912109375,87435.0
11.9140625,87426.0
11.916015625,87441.0
11.91796875,87437.0
11.919921875,87449.0
11.921875,87454.0
11.923828125,87468.0
11.92578125,87480.0
11.927734375,87466.0
11.9296875,87472.0
11.931640625,87484.0
11.93359375,87490.0
11.935546875,87512.0
11.9375,87486.0
11.939453125,87506.0
11.94140625,87498.0
11.943359375,87544.0
11.9453125,87527.0
11.947265625,87542.0
11.94921875,87550.0
11.951171875,87575.0
11.953125,87577.0
11.955078125,87565.0
11.95703125,87586.0
11.958984375,87604.0
11.9609375,87582.0
11.962890625,87598.0
11.96484375,87613.0
11.966796875,87604.0
11.96875,87627.0
11.970703125,87629.0
11.97265625,87633.0
11.974609375,87625.0
11.9765625,87633.0
11.978515625,87637.0
11.98046875,87662.0
11.982421875,87674.0
11.984375,87673.0
11.986328125,87680.0
11.98828125,87671.0
11.990234375,87702.0
11.9921875,87664.0
11.994140625,87690.0
11.99609375,87705.0
11.998046875,87688.0
12.0,87709.0
12.001953125,87695.0
12.00390625,87703.0
12.005859375,87716.0
12.0078125,87718.0
12.009765625,87729.0
12.01171875,87757.0
12.013671875,87757.0
12.015625,87766.0
12.017578125,87782.0
12.01953125,87769.0
12.021484375,87739.0
12.0234375,87764.0
12.025390625,87776.0
12.02734375,87781.0
12.029296875,87782.0
12.03125,87786.0
12.033203125,87808.0
12.03515625,87819.0
12.037109375,87815.0
12.0390625,87834.0
12.041015625,87808.0
12.04296875,87823.0
12.044921875,87833.0
12.046875,87843.0
12.048828125,87840.0
12.05078125,87866.0
12.052734375,87864.0
12.0546875,87873.0
12.056640625,87876.0
12.05859375,87885.0
12.060546875,87890.0
12.0625,87892.0
12.064453125,87917.0
12.06640625,87910.0
12.068359375,87907.0
12.0703125,87924.0
12.072265625,87934.0
12.07421875,87957.0
12.076171875,87959.0
12.078125,87948.0
12.080078125,87945.0
12.08203125,87954.0
12.083984375,87979.0
12.0859375,87961.0
12.087890625,87993.0
12.08984375,88001.0
12.091796875,88020.0
12.09375,88013.0
12.095703125,88028.0
12.09765625,88002.0
12.099609375,87986.0
12.1015625,88030.0
12.103515625,88024.0
12.10546875,88032.0
12.107421875,88054.0
12.109375,88047.0
12.111328125,88044.0
12.11328125,88052.0
12.115234375,88065.0
12.1171875,88073.0
12.119140625,88083.0
12.12109375,88091.0
12.123046875,88111.0
12.125,88089.0
12.126953125,88078.0
12.12890625,88107.0
12.130859375,88105.0
12.1328125,88107.0
12.134765625,88134.0
12.13671875,88135.0
12.138671875,88124.0
12.140625,88152.0
12.142578125,88154.0
12.14453125,88139.0
12.146484375,88153.0
12.1484375,88138.0
12.150390625,88150.0
12.15234375,88170.0
12.154296875,88174.0
12.15625,88176.0
12.158203125,88181.0
12.16015625,88181.0
12.162109375,88182.0
12.1640625,88202.0
12.166015625,88203.0
12.16796875,88218.0
12.169921875,88213.0
12.171875,88238.0
12.173828125,88225.0
12.17578125,88239.0
12.177734375,88270.0
12.1796875,88252.0
12.181640625,88250.0
12.18359375,88268.0
12.185546875,88274.0
12.1875,88290.0
12.189453125,88273.0
12.19140625,88269.0
12.193359375,88275.0
12.1953125,88275.0
12.197265625,88269.0
12.19921875,88278.0
12.201171875,88258.0
12.203125,88284.0
12.205078125,88261.0
12.20703125,88259.0
12.208984375,88276.0
12.2109375,88245.0
12.212890625,88238.0
12.21484375,88240.0
12.216796875,88241.0
12.21875,88231.0
12.220703125,88225.0
12.22265625,88208.0
12.224609375,88161.0
12.2265625,88181.0
12.228515625,88177.0
12.23046875,88152.0
12.232421875,88115.0
12.234375,88114.0
12.236328125,88099.0
12.23828125,88083.0
12.240234375,88074.0
12.2421875,88033.0
12.244140625,88007.0
12.24609375,87970.0
12.248046875,87988.0
12.25,87965.0
12.251953125,87934.0
12.25390625,87936.0
12.255859375,87909.0
12.2578125,87909.0
12.259765625,87874.0
12.26171875,87832.0
12.263671875,87830.0
12.265625,87818.0
12.267578125,87813.0
12.26953125,87780.0
12.271484375,87737.0
12.2734375,87724.0
12.275390625,87728.0
12.27734375,87710.0
12.279296875,87656.0
12.28125,87641.0
12.283203125,87622.0
12.28515625,87603.0
12.287109375,87590.0
12.2890625,87573.0
12.291015625,87544.0
12.29296875,87536.0
12.294921875,87534.0
12.296875,87493.0
12.298828125,87494.0
12.30078125,87460.0
12.302734375,87427.0
12.3046875,87441.0
12.306640625,87401.0
12.30859375,87381.0
12.310546875,87381.0
12.3125,87365.0
12.314453125,87370.0
12.31640625,87353.0
12.318359375,87363.0
12.3203125,87332.0
12.322265625,87312.0
12.32421875,87313.0
12.326171875,87306.0
12.328125,87300.0
12.330078125,87285.0
12.33203125,87284.0
12.333984375,87270.0
12.3359375,87270.0
12.337890625,87247.0
12.33984375,87229.0
12.341796875,87218.0
12.34375,87226.0
12.345703125,87220.0
12.34765625,87200.0
12.349609375,87216.0
12.3515625,87200.0
12.353515625,87177.0
12.35546875,87194.0
12.357421875,87180.0
12.359375,87169.0
12.361328125,87166.0
12.36328125,87153.0
12.365234375,87137.0
12.3671875,87145.0
12.369140625,87156.0
12.37109375,87148.0
12.373046875,87117.0
12.375,87128.0
12.376953125,87134.0
12.37890625,87127.0
12.380859375,87129.0
12.3828125,87097.0
12.384765625,87104.0
12.38671875,87091.0
12.388671875,87091.0
12.390625,87068.0
12.392578125,87087.0
12.39453125,87085.0
12.396484375,87074.0
12.3984375,87079.0
12.400390625,87062.0
12.40234375,87072.0
12.404296875,87055.0
12.40625,87094.0
12.408203125,87072.0
12.41015625,87061.0
12.412109375,87080.0
12.4140625,87059.0
12.416015625,87082.0
12.41796875,87052.0
12.419921875,87055.0
12.421875,87072.0
12.423828125,87039.0
12.42578125,87070.0
12.427734375,87057.0
12.4296875,87065.0
12.431640625,87073.0
12.43359375,87079.0
12.435546875,87099.0
12.4375,87099.0
12.439453125,87099.0
12.44140625,87067.0
12.443359375,87072.0
12.4453125,87091.0
12.447265625,87081.0
12.44921875,87119.0
12.451171875,87112.0
12.453125,87098.0
12.455078125,87140.0
12.45703125,87136.0
12.458984375,87132.0
12.4609375,87114.0
12.462890625,87128.0
12.46484375,87148.0
12.466796875,87160.0
12.46875,87153.0
12.470703125,87138.0
12.47265625,87159.0
12.474609375,87156.0
12.4765625,87178.0
12.478515625,87198.0
12.48046875,87176.0
12.482421875,87191.0
12.484375,87181.0
12.486328125,87208.0
12.48828125,87199.0
12.490234375,87218.0
12.4921875,87211.0
12.494140625,87216.0
12.49609375,87226.0
12.498046875,87215.0
12.5,87221.0
12.501953125,87233.0
12.50390625,87224.0
12.505859375,87215.0
12.5078125,87246.0
12.509765625,87241.0
12.51171875,87230.0
12.513671875,87247.0
12.515625,87256.0
12.517578125,87229.0
12.51953125,87260.0
12.521484375,87248.0
12.5234375,87245.0
12.525390625,87250.0
12.52734375,87237.0
12.529296875,87268.0
12.53125,87256.0
12.533203125,87271.0
12.53515625,87257.0
12.537109375,87254.0
12.5390625,87275.0
12.541015625,87263.0
12.54296875,87271.0
12.544921875,87268.0
12.546875,87275.0
12.548828125,87303.0
12.55078125,87293.0
12.552734375,87289.0
12.5546875,87281.0
12.556640625,87307.0
12.55859375,87316.0
12.560546875,87295.0
12.5625,87302.0
12.564453125,87317.0
12.56640625,87315.0
12.568359375,87319.0
12.5703125,87306.0
12.572265625,87319.0
12.57421875,87334.0
12.576171875,87351.0
12.578125,87320.0
12.580078125,87319.0
12.58203125,87339.0
12.583984375,87321.0
12.5859375,87352.0
12.587890625,87340.0
12.58984375,87349.0
12.591796875,87369.0
12.59375,87362.0
12.595703125,87343.0
12.59765625,87370.0
12.599609375,87389.0
12.6015625,87370.0
12.603515625,87364.0
12.60546875,87393.0
12.607421875,87404.0
12.609375,87418.0
12.611328125,87418.0
12.61328125,87396.0
12.615234375,87408.0
12.6171875,87439.0
12.619140625,87425.0
12.62109375,87436.0
12.623046875,87431.0
12.625,87440.0
12.626953125,87416.0
12.62890625,87465.0
12.630859375,87455.0
12.6328125,87476.0
12.634765625,87478.0
12.63671875,87470.0
12.638671875,87485.0
12.640625,87513.0
12.642578125,87495.0
12.64453125,87486.0
12.646484375,87501.0
12.6484375,87509.0
12.650390625,87511.0
12.65234375,87517.0
12.654296875,87537.0
12.65625,87514.0
12.658203125,87534.0
12.66015625,87543.0
12.662109375,87549.0
12.6640625,87555.0
12.666015625,87556.0
12.66796875,87552.0
12.669921875,87576.0
12.671875,87585.0
12.673828125,87580.0
12.67578125,87581.0
12.677734375,87583.0
12.6796875,87584.0
12.681640625,87592.0
12.68359375,87610.0
12.685546875,87616.0
12.6875,87608.0
12.689453125,87606.0
12.69140625,87632.0
12.693359375,87651.0
12.6953125,87647.0
12.697265625,87674.0
12.69921875,87657.0
12.701171875,87681.0
12.703125,87657.0
12.705078125,87672.0
12.70703125,87677.0
12.708984375,87670.0
12.7109375,87683.0
12.712890625,87704.0
12.71484375,87703.0
12.716796875,87718.0
12.71875,87728.0
12.720703125,87740.0
12.72265625,87722.0
12.724609375,87713.0
12.7265625,87720.0
12.728515625,87731.0
12.73046875,87756.0
12.732421875,87760.0
12.734375,87742.0
12.736328125,87764.0
12.73828125,87767.0
12.740234375,87765.0
12.7421875,87772.0
12.744140625,87770.0
12.74609375,87774.0
12.748046875,87804.0
12.75,87800.0
12.751953125,87815.0
12.75390625,87831.0
12.755859375,87797.0
12.7578125,87816.0
12.759765625,87834.0
12.76171875,87830.0
12.763671875,87832.0
12.765625,87824.0
12.767578125,87853.0
12.76953125,87866.0
12.771484375,87866.0
12.7734375,87860.0
12.775390625,87874.0
12.77734375,87879.0
12.779296875,87876.0
12.78125,87884.0
12.783203125,87861.0
12.78515625,87879.0
12.787109375,87892.0
12.7890625,87904.0
12.791015625,87912.0
12.79296875,87922.0
12.794921875,87939.0
12.796875,87923.0
12.798828125,87940.0
12.80078125,87930.0
12.802734375,87945.0
12.8046875,87943.0
12.806640625,87975.0
12.80859375,87950.0
12.810546875,87956.0
12.8125,87945.0
12.814453125,87962.0
12.81640625,87967.0
12.818359375,87994.0
12.8203125,87980.0
12.822265625,87993.0
12.82421875,87999.0
12.826171875,87991.0
12.828125,87994.0
12.830078125,87985.0
12.83203125,88016.0
12.833984375,88015.0
12.8359375,88024.0
12.837890625,88038.0
12.83984375,88009.0
12.841796875,88025.0
12.84375,88031.0
12.845703125,88037.0
12.84765625,88074.0
12.849609375,88036.0
12.8515625,88080.0
12.853515625,88073.0
12.85546875,88078.0
12.857421875,88096.0
12.859375,88072.0
12.861328125,88087.0
12.86328125,88105.0
12.865234375,88107.0
12.8671875,88103.0
12.869140625,88135.0
12.87109375,88126.0
12.873046875,88133.0
12.875,88133.0
12.876953125,88133.0
12.87890625,88137.0
12.880859375,88139.0
12.8828125,88147.0
12.884765625,88162.0
12.88671875,88147.0
12.888671875,88146.0
12.890625,88146.0
12.892578125,88192.0
12.89453125,88200.0
12.896484375,88203.0
12.8984375,88198.0
12.900390625,88191.0
12.90234375,88200.0
12.904296875,88227.0
12.90625,88189.0
12.908203125,88227.0
12.91015625,88228.0
12.912109375,88241.0
12.9140625,88244.0
12.916015625,88229.0
12.91796875,88268.0
12.919921875,88263.0
12.921875,88259.0
12.923828125,88259.0
12.92578125,88274.0
12.927734375,88276.0
12.9296875,88268.0
12.931640625,88275.0
12.93359375,88269.0
12.935546875,88305.0
12.9375,88302.0
12.939453125,88294.0
12.94140625,88329.0
12.943359375,88297.0
12.9453125,88294.0
12.947265625,88295.0
12.94921875,88302.0
12.951171875,88320.0
12.953125,88306.0
12.955078125,88317.0
12.95703125,88343.0
12.958984375,88337.0
12.9609375,88323.0
12.962890625,88300.0
12.96484375,88291.0
12.966796875,88294.0
12.96875,88305.0
12.970703125,88302.0
12.97265625,88320.0
12.974609375,88283.0
12.9765625,88311.0
12.978515625,88299.0
12.98046875,88277.0
12.982421875,88266.0
12.984375,88264.0
12.986328125,88239.0
12.98828125,88259.0
12.990234375,88214.0
12.9921875,88216.0
12.994140625,88184.0
12.99609375,88190.0
12.998046875,88180.0
13.0,88165.0
13.001953125,88129.0
13.00390625,88123.0
13.005859375,88085.0
13.0078125,88077.0
13.009765625,88066.0
13.01171875,88046.0
13.013671875,88021.0
13.015625,87972.0
13.017578125,87981.0
13.01953125,87954.0
13.021484375,87935.0
13.0234375,87933.0
13.025390625,87912.0
13.02734375,87881.0
13.029296875,87845.0
13.03125,87829.0
13.033203125,87798.0
13.03515625,87769.0
13.037109375,87746.0
13.0390625,87744.0
13.041015625,87732.0
13.04296875,87711.0
13.044921875,87681.0
13.046875,87654.0
13.048828125,87661.0
13.05078125,87622.0
13.052734375,87596.0
13.0546875,87584.0
13.056640625,87583.0
13.05859375,87548.0
13.060546875,87543.0
13.0625,87537.0
13.064453125,87525.0
13.06640625,87491.0
13.068359375,87464.0
13.0703125,87463.0
13.072265625,87430.0
13.07421875,87404.0
13.076171875,87432.0
13.078125,87406.0
13.080078125,87381.0
13.08203125,87369.0
13.083984375,87356.0
13.0859375,87347.0
13.087890625,87334.0
13.08984375,87324.0
13.091796875,87319.0
13.09375,87280.0
13.095703125,87314.0
13.09765625,87279.0
13.099609375,87274.0
13.1015625,87245.0
13.103515625,87239.0
13.10546875,87231.0
13.107421875,87238.0
13.109375,87231.0
13.111328125,87216.0
13.11328125,87225.0
13.115234375,87210.0
13.1171875,87213.0
13.119140625,87184.0
13.12109375,87192.0
13.123046875,87172.0
13.125,87153.0
13.126953125,87157.0
13.12890625,87146.0
13.130859375,87131.0
13.1328125,87115.0
13.134765625,87138.0
13.13671875,87122.0
13.138671875,87141.0
13.140625,87125.0
13.142578125,87113.0
13.14453125,87081.0
13.146484375,87062.0
13.1484375,87071.0
13.150390625,87073.0
13.15234375,87066.0
13.154296875,87053.0
13.15625,87065.0
13.158203125,87072.0
13.16015625,87072.0
13.162109375,87063.0
13.1640625,87043.0
13.166015625,87057.0
13.16796875,87039.0
13.169921875,87076.0
13.171875,87027.0
13.173828125,87063.0
13.17578125,87069.0
13.177734375,87056.0
13.1796875,87055.0
13.181640625,87067.0
13.18359375,87075.0
13.185546875,87080.0
13.1875,87052.0
13.189453125,87092.0
13.19140625,87081.0
13.193359375,87083.0
13.1953125,87059.0
13.197265625,87092.0
13.19921875,87098.0
13.201171875,87075.0
13.203125,87092.0
13.205078125,87103.0
13.20703125,87070.0
13.208984375,87084.0
13.2109375,87107.0
13.212890625,87097.0
13.21484375,87122.0
13.216796875,87143.0
13.21875,87129.0
13.220703125,87126.0
13.22265625,87131.0
13.224609375,87136.0
13.2265625,87123.0
13.228515625,87137.0
13.23046875,87146.0
13.232421875,87152.0
13.234375,87166.0
13.236328125,87154.0
13.23828125,87146.0
13.240234375,87152.0
13.2421875,87166.0
13.244140625,87163.0
13.24609375,87172.0
13.248046875,87162.0
13.25,87177.0
13.251953125,87184.0
13.25390625,87162.0
13.255859375,87179.0
13.2578125,87175.0
13.259765625,87170.0
13.26171875,87168.0
13.263671875,87162.0
13.265625,87154.0
13.267578125,87179.0
13.26953125,87181.0
13.271484375,87199.0
13.2734375,87180.0
13.275390625,87181.0
13.27734375,87194.0
13.279296875,87201.0
13.28125,87188.0
13.283203125,87187.0
13.28515625,87165.0
13.287109375,87166.0
13.2890625,87171.0
13.291015625,87169.0
13.29296875,87207.0
13.294921875,87180.0
13.296875,87185.0
13.298828125,87190.0
13.30078125,87202.0
13.302734375,87191.0
13.3046875,87190.0
13.306640625,87220.0
13.30859375,87172.0
13.310546875,87181.0
13.3125,87186.0
13.314453125,87188.0
13.31640625,87197.0
13.318359375,87218.0
13.3203125,87204.0
13.322265625,87201.0
13.32421875,87224.0
13.326171875,87207.0
13.328125,87204.0
13.330078125,87229.0
13.33203125,87214.0
13.333984375,87227.0
13.3359375,87207.0
13.337890625,87202.0
13.33984375,87236.0
13.341796875,87228.0
13.34375,87213.0
13.345703125,87220.0
13.34765625,87219.0
13.349609375,87240.0
13.3515625,87223.0
13.353515625,87234.0
13.35546875,87242.0
13.357421875,87216.0
13.359375,87231.0
13.361328125,87258.0
13.36328125,87259.0
13.365234375,87261.0
13.3671875,87279.0
13.369140625,87266.0
13.37109375,87270.0
13.373046875,87261.0
13.375,87270.0
13.376953125,87287.0
13.37890625,87278.0
13.380859375,87293.0
13.3828125,87299.0
13.384765625,87286.0
13.38671875,87306.0
13.388671875,87312.0
13.390625,87315.0
13.392578125,87334.0
13.39453125,87309.0
13.396484375,87331.0
13.3984375,87344.0
13.400390625,87341.0
13.40234375,87330.0
13.404296875,87334.0
13.40625,87347.0
13.408203125,87345.0
13.41015625,87359.0
13.412109375,87357.0
13.4140625,87365.0
13.416015625,87366.0
13.41796875,87379.0
13.419921875,87393.0
13.421875,87374.0
13.423828125,87403.0
13.42578125,87387.0
13.427734375,87380.0
13.4296875,87401.0
13.431640625,87415.0
13.43359375,87420.0
13.435546875,87421.0
13.4375,87448.0
13.439453125,87422.0
13.44140625,87418.0
13.443359375,87453.0
13.4453125,87425.0
13.447265625,87409.0
13.44921875,87444.0
13.451171875,87459.0
13.453125,87459.0
13.455078125,87469.0
13.45703125,87482.0
13.458984375,87492.0
13.4609375,87484.0
13.462890625,87492.0
13.46484375,87506.0
13.466796875,87465.0
13.46875,87480.0
13.470703125,87501.0
13.47265625,87507.0
13.474609375,87507.0
13.4765625,87501.0
13.478515625,87500.0
13.48046875,87535.0
13.482421875,87536.0
13.484375,87534.0
13.486328125,87548.0
13.48828125,87545.0
13.490234375,87536.0
13.4921875,87525.0
13.494140625,87536.0
13.49609375,87553.0
13.498046875,87570.0
13.5,87576.0
13.501953125,87587.0
13.50390625,87604.0
13.505859375,87602.0
13.5078125,87586.0
13.509765625,87576.0
13.51171875,87585.0
13.513671875,87582.0
13.515625,87609.0
13.517578125,87632.0
13.51953125,87633.0
13.521484375,87639.0
13.5234375,87633.0
13.525390625,87632.0
13.52734375,87640.0
13.529296875,87647.0
13.53125,87666.0
13.533203125,87665.0
13.53515625,87668.0
13.537109375,87652.0
13.5390625,87669.0
13.541015625,87683.0
13.54296875,87684.0
13.544921875,87699.0
13.546875,87706.0
13.548828125,87693.0
13.55078125,87689.0
13.552734375,87716.0
13.5546875,87714.0
13.556640625,87728.0
13.55859375,87723.0
13.560546875,87724.0
13.5625,87732.0
13.564453125,87726.0
13.56640625,87734.0
13.568359375,87746.0
13.5703125,87738.0
13.572265625,87758.0
13.57421875,87768.0
13.576171875,87772.0
13.578125,87771.0
13.580078125,87771.0
13.58203125,87798.0
13.583984375,87784.0
13.5859375,87787.0
13.587890625,87811.0
13.58984375,87792.0
13.591796875,87804.0
13.59375,87802.0
13.595703125,87835.0
13.59765625,87831.0
13.599609375,87849.0
13.6015625,87841.0
13.603515625,87844.0
13.60546875,87857.0
13.607421875,87859.0
13.609375,87829.0
13.611328125,87864.0
13.61328125,87878.0
13.615234375,87870.0
13.6171875,87873.0
13.619140625,87881.0
13.62109375,87924.0
13.623046875,87908.0
13.625,87933.0
13.626953125,87903.0
13.62890625,87918.0
13.630859375,87937.0
13.6328125,87925.0
13.634765625,87939.0
13.63671875,87915.0
13.638671875,87933.0
13.640625,87950.0
13.642578125,87961.0
13.64453125,87960.0
13.646484375,87991.0
13.6484375,87979.0
13.650390625,87961.0
13.65234375,87968.0
13.654296875,88006.0
13.65625,88005.0
13.658203125,88006.0
13.66015625,88035.0
13.662109375,88044.0
13.6640625,88026.0
13.666015625,88019.0
13.66796875,88043.0
13.669921875,88047.0
13.671875,88049.0
13.673828125,88066.0
13.67578125,88072.0
13.677734375,88075.0
13.6796875,88093.0
13.681640625,88067.0
13.68359375,88090.0
13.685546875,88113.0
13.6875,88094.0
13.689453125,88116.0
13.69140625,88111.0
13.693359375,88110.0
13.6953125,88107.0
13.697265625,88130.0
13.69921875,88114.0
13.701171875,88135.0
13.703125,88135.0
13.705078125,88115.0
13.70703125,88109.0
13.708984375,88130.0
13.7109375,88113.0
13.712890625,88121.0
13.71484375,88097.0
13.716796875,88122.0
13.71875,88092.0
13.720703125,88105.0
13.72265625,88098.0
13.724609375,88081.0
13.7265625,88076.0
13.728515625,88068.0
13.73046875,88037.0
13.732421875,88028.0
13.734375,88034.0
13.736328125,88050.0
13.73828125,87989.0
13.740234375,87971.0
13.7421875,87994.0
13.744140625,87964.0
13.74609375,87948.0
13.748046875,87925.0
13.75,87916.0
13.751953125,87893.0
13.75390625,87862.0
13.755859375,87839.0
13.7578125,87826.0
13.759765625,87813.0
13.76171875,87813.0
13.763671875,87771.0
13.765625,87743.0
13.767578125,87735.0
13.76953125,87707.0
13.771484375,87682.0
13.7734375,87677.0
13.775390625,87661.0
13.77734375,87615.0
13.779296875,87575.0
13.78125,87581.0
13.783203125,87589.0
13.78515625,87552.0
13.787109375,87537.0
13.7890625,87498.0
13.791015625,87456.0
13.79296875,87456.0
13.794921875,87436.0
13.796875,87408.0
13.798828125,87399.0
13.80078125,87371.0
13.802734375,87382.0
13.8046875,87357.0
13.806640625,87330.0
13.80859375,87309.0
13.810546875,87269.0
13.8125,87304.0
13.814453125,87270.0
13.81640625,87247.0
13.818359375,87253.0
13.8203125,87228.0
13.822265625,87218.0
13.82421875,87199.0
13.826171875,87185.0
13.828125,87165.0
13.830078125,87165.0
13.83203125,87159.0
13.833984375,87136.0
13.8359375,87133.0
13.837890625,87124.0
13.83984375,87114.0
13.841796875,87090.0
13.84375,87098.0
13.845703125,87088.0
13.84765625,87063.0
13.849609375,87091.0
13.8515625,87025.0
13.853515625,87043.0
13.85546875,87062.0
13.857421875,87035.0
13.859375,87022.0
13.861328125,87019.0
13.86328125,87025.0
13.865234375,87016.0
13.8671875,87006.0
13.869140625,86980.0
13.87109375,86978.0
13.873046875,86988.0
13.875,86986.0
13.876953125,86975.0
13.87890625,86962.0
13.880859375,86962.0
13.8828125,86971.0
13.884765625,86960.0
13.88671875,86948.0
13.888671875,86959.0
13.890625,86939.0
13.892578125,86929.0
13.89453125,86930.0
13.896484375,86939.0
13.8984375,86934.0
13.900390625,86935.0
13.90234375,86930.0
13.904296875,86950.0
13.90625,86940.0
13.908203125,86944.0
13.91015625,86913.0
13.912109375,86901.0
13.9140625,86935.0
13.916015625,86933.0
13.91796875,86935.0
13.919921875,86941.0
13.921875,86961.0
13.923828125,86960.0
13.92578125,86937.0
13.927734375,86938.0
13.9296875,86960.0
13.931640625,86955.0
13.93359375,86967.0
13.935546875,86960.0
13.9375,86955.0
13.939453125,86955.0
13.94140625,86978.0
13.943359375,86968.0
13.9453125,86990.0
13.947265625,86986.0
13.94921875,86994.0
13.951171875,86984.0
13.953125,86985.0
13.955078125,86989.0
13.95703125,87014.0
13.958984375,86999.0
13.9609375,86985.0
13.962890625,86980.0
13.96484375,87008.0
13.966796875,87010.0
13.96875,86999.0
13.970703125,87026.0
13.97265625,87020.0
13.974609375,87021.0
13.9765625,87034.0
13.978515625,87051.0
13.98046875,87043.0
13.982421875,87065.0
13.984375,87047.0
13.986328125,87045.0
13.98828125,87070.0
13.990234375,87060.0
13.9921875,87055.0
13.994140625,87096.0
13.99609375,87091.0
13.998046875,87109.0
14.0,87082.0
14.001953125,87072.0
14.00390625,87086.0
14.005859375,87093.0
14.0078125,87095.0
14.009765625,87091.0
14.01171875,87092.0
14.013671875,87072.0
14.015625,87103.0
14.017578125,87115.0
14.01953125,87114.0
14.021484375,87111.0
14.0234375,87100.0
14.025390625,87119.0
14.02734375,87118.0
14.029296875,87110.0
14.03125,87089.0
14.033203125,87108.0
14.03515625,87102.0
14.037109375,87105.0
14.0390625,87124.0
14.041015625,87094.0
14.04296875,87135.0
14.044921875,87130.0
14.046875,87133.0
14.048828125,87116.0
14.05078125,87116.0
14.052734375,87108.0
14.0546875,87114.0
14.056640625,87122.0
14.05859375,87127.0
14.060546875,87128.0
14.0625,87162.0
14.064453125,87143.0
14.06640625,87130.0
14.068359375,87150.0
14.0703125,87152.0
14.072265625,87112.0
14.07421875,87166.0
14.076171875,87141.0
14.078125,87143.0
14.080078125,87179.0
14.08203125,87151.0
14.083984375,87169.0
14.0859375,87148.0
14.087890625,87166.0
14.08984375,87167.0
14.091796875,87157.0
14.09375,87168.0
14.095703125,87172.0
14.09765625,87175.0
14.099609375,87176.0
14.1015625,87210.0
14.103515625,87214.0
14.10546875,87201.0
14.107421875,87226.0
14.109375,87232.0
14.111328125,87213.0
14.11328125,87220.0
14.115234375,87231.0
14.1171875,87241.0
14.119140625,87219.0
14.12109375,87238.0
14.123046875,87246.0
14.125,87250.0
14.126953125,87280.0
14.12890625,87270.0
14.130859375,87287.0
14.1328125,87257.0
14.134765625,87289.0
14.13671875,87284.0
14.138671875,87294.0
14.140625,87309.0
14.142578125,87322.0
14.14453125,87320.0
14.146484375,87334.0
14.1484375,87338.0
14.150390625,87320.0
14.15234375,87342.0
14.154296875,87342.0
14.15625,87370.0
14.158203125,87347.0
14.16015625,87361.0
14.162109375,87338.0
14.1640625,87369.0
14.166015625,87396.0
14.16796875,87390.0
14.169921875,87373.0
14.171875,87351.0
14.173828125,87417.0
14.17578125,87386.0
14.177734375,87407.0
14.1796875,87432.0
14.181640625,87418.0
14.18359375,87412.0
14.185546875,87451.0
14.1875,87427.0
14.189453125,87422.0
14.19140625,87463.0
14.193359375,87428.0
14.1953125,87460.0
14.197265625,87483.0
14.19921875,87459.0
14.201171875,87463.0
14.203125,87461.0
14.205078125,87495.0
14.20703125,87486.0
14.208984375,87486.0
14.2109375,87484.0
14.212890625,87502.0
14.21484375,87486.0
14.216796875,87501.0
14.21875,87512.0
14.220703125,87525.0
14.22265625,87521.0
14.224609375,87554.0
14.2265625,87549.0
14.228515625,87556.0
14.23046875,87545.0
14.232421875,87560.0
14.234375,87556.0
14.236328125,87557.0
14.23828125,87571.0
14.240234375,87573.0
14.2421875,87575.0
14.244140625,87587.0
14.24609375,87603.0
14.248046875,87598.0
14.25,87604.0
14.251953125,87612.0
14.25390625,87600.0
14.255859375,87615.0
14.2578125,87618.0
14.259765625,87595.0
14.26171875,87630.0
14.263671875,87650.0
14.265625,87662.0
14.267578125,87649.0
14.26953125,87652.0
14.271484375,87659.0
14.2734375,87645.0
14.275390625,87683.0
14.27734375,87680.0
14.279296875,87687.0
14.28125,87683.0
14.283203125,87697.0
14.28515625,87717.0
14.287109375,87720.0
14.2890625,87716.0
14.291015625,87713.0
14.29296875,87697.0
14.294921875,87713.0
14.296875,87737.0
14.298828125,87753.0
14.30078125,87751.0
14.302734375,87731.0
14.3046875,87757.0
14.306640625,87773.0
14.30859375,87796.0
14.310546875,87789.0
14.3125,87762.0
14.314453125,87790.0
14.31640625,87791.0
14.318359375,87777.0
14.3203125,87810.0
14.322265625,87814.0
14.32421875,87811.0
14.326171875,87833.0
14.328125,87834.0
14.330078125,87835.0
14.33203125,87820.0
14.333984375,87841.0
14.3359375,87851.0
14.337890625,87859.0
14.33984375,87854.0
14.341796875,87883.0
14.34375,87884.0
14.345703125,87877.0
14.34765625,87882.0
14.349609375,87887.0
14.3515625,87913.0
14.353515625,87885.0
14.35546875,87890.0
14.357421875,87907.0
14.359375,87918.0
14.361328125,87926.0
14.36328125,87920.0
14.365234375,87937.0
14.3671875,87965.0
14.369140625,87957.0
14.37109375,87948.0
14.373046875,87937.0
14.375,87945.0
14.376953125,87948.0
14.37890625,87949.0
14.380859375,87965.0
14.3828125,87983.0
14.384765625,87979.0
14.38671875,88002.0
14.388671875,87991.0
14.390625,88007.0
14.392578125,88021.0
14.39453125,88001.0
14.396484375,88012.0
14.3984375,88031.0
14.400390625,88002.0
14.40234375,88042.0
14.404296875,88039.0
14.40625,88041.0
14.408203125,88046.0
14.41015625,88061.0
14.412109375,88058.0
14.4140625,88026.0
14.416015625,88054.0
14.41796875,88059.0
14.419921875,88049.0
14.421875,88067.0
14.423828125,88062.0
14.42578125,88057.0
14.427734375,88077.0
14.4296875,88066.0
14.431640625,88053.0
14.43359375,88037.0
14.435546875,88058.0
14.4375,88051.0
14.439453125,88040.0
14.44140625,88056.0
14.443359375,88041.0
14.4453125,88041.0
14.447265625,88035.0
14.44921875,88019.0
14.451171875,88010.0
14.453125,87976.0
14.455078125,87965.0
14.45703125,87947.0
14.458984375,87945.0
14.4609375,87936.0
14.462890625,87935.0
14.46484375,87889.0
14.466796875,87897.0
14.46875,87878.0
14.470703125,87837.0
14.47265625,87843.0
14.474609375,87821.0
14.4765625,87798.0
14.478515625,87770.0
14.48046875,87748.0
14.482421875,87729.0
14.484375,87714.0
14.486328125,87708.0
14.48828125,87685.0
14.490234375,87645.0
14.4921875,87643.0
14.494140625,87614.0
14.49609375,87604.0
14.498046875,87576.0
14.5,87552.0
14.501953125,87560.0
14.50390625,87497.0
14.505859375,87504.0
14.5078125,87481.0
14.509765625,87456.0
14.51171875,87428.0
14.513671875,87426.0
14.515625,87397.0
14.517578125,87377.0
14.51953125,87393.0
14.521484375,87355.0
14.5234375,87328.0
14.525390625,87321.0
14.52734375,87302.0
14.529296875,87288.0
14.53125,87265.0
14.533203125,87246.0
14.53515625,87224.0
14.537109375,87241.0
14.5390625,87208.0
14.541015625,87211.0
14.54296875,87180.0
14.544921875,87184.0
14.546875,87185.0
14.548828125,87154.0
14.55078125,87136.0
14.552734375,87142.0
14.5546875,87121.0
14.556640625,87117.0
14.55859375,87098.0
14.560546875,87084.0
14.5625,87101.0
14.564453125,87104.0
14.56640625,87100.0
14.568359375,87074.0
14.5703125,87092.0
14.572265625,87054.0
14.57421875,87050.0
14.576171875,87033.0
14.578125,87030.0
14.580078125,87038.0
14.58203125,87016.0
14.583984375,87019.0
14.5859375,87011.0
14.587890625,87012.0
14.58984375,87002.0
14.591796875,86983.0
14.59375,86981.0
14.595703125,86973.0
14.59765625,86969.0
14.599609375,86971.0
14.6015625,86944.0
14.603515625,86958.0
14.60546875,86957.0
14.607421875,86953.0
14.609375,86938.0
14.611328125,86931.0
14.61328125,86935.0
14.615234375,86906.0
14.6171875,86911.0
14.619140625,86928.0
14.62109375,86900.0
14.623046875,86916.0
14.625,86921.0
14.626953125,86906.0
14.62890625,86912.0
14.630859375,86908.0
14.6328125,86904.0
14.634765625,86918.0
14.63671875,86887.0
14.638671875,86905.0
14.640625,86905.0
14.642578125,86905.0
14.64453125,86912.0
14.646484375,86917.0
14.6484375,86914.0
14.650390625,86921.0
14.65234375,86932.0
14.654296875,86891.0
14.65625,86935.0
14.658203125,86924.0
14.66015625,86948.0
14.662109375,86939.0
14.6640625,86924.0
14.666015625,86958.0
14.66796875,86939.0
14.669921875,86947.0
14.671875,86947.0
14.673828125,86941.0
14.67578125,86968.0
14.677734375,86969.0
14.6796875,86977.0
14.681640625,86971.0
14.68359375,86977.0
14.685546875,86995.0
14.6875,86981.0
14.689453125,86986.0
14.69140625,87007.0
14.693359375,86995.0
14.6953125,86974.0
14.697265625,87017.0
14.69921875,87006.0
14.701171875,87021.0
14.703125,87019.0
14.705078125,87040.0
14.70703125,87030.0
14.708984375,87043.0
14.7109375,87015.0
14.712890625,87003.0
14.71484375,87015.0
14.716796875,87038.0
14.71875,87045.0
14.720703125,87038.0
14.72265625,87057.0
14.724609375,87048.0
14.7265625,87050.0
14.728515625,87047.0
14.73046875,87048.0
14.732421875,87043.0
14.734375,87038.0
14.736328125,87036.0
14.73828125,87031.0
14.740234375,87043.0
14.7421875,87055.0
14.744140625,87068.0
14.74609375,87060.0
14.748046875,87051.0
14.75,87070.0
14.751953125,87063.0
14.75390625,87061.0
14.755859375,87061.0
14.7578125,87050.0
14.759765625,87065.0
14.76171875,87083.0
14.763671875,87066.0
14.765625,87069.0
14.767578125,87087.0
14.76953125,87091.0
14.771484375,87083.0
14.7734375,87081.0
14.775390625,87078.0
14.77734375,87096.0
14.779296875,87086.0
14.78125,87095.0
14.783203125,87091.0
14.78515625,87080.0
14.787109375,87089.0
14.7890625,87072.0
14.791015625,87112.0
14.79296875,87090.0
14.794921875,87077.0
14.796875,87117.0
14.798828125,87103.0
14.80078125,87109.0
14.802734375,87087.0
14.8046875,87119.0
14.806640625,87105.0
14.80859375,87126.0
14.810546875,87132.0
14.8125,87145.0
14.814453125,87140.0
14.81640625,87115.0
14.818359375,87140.0
14.8203125,87145.0
14.822265625,87154.0
14.82421875,87128.0
14.826171875,87152.0
14.828125,87147.0
14.830078125,87154.0
14.83203125,87170.0
14.833984375,87191.0
14.8359375,87151.0
14.837890625,87162.0
14.83984375,87164.0
14.841796875,87169.0
14.84375,87183.0
14.845703125,87177.0
14.84765625,87185.0
14.849609375,87197.0
14.8515625,87198.0
14.853515625,87222.0
14.85546875,87225.0
14.857421875,87199.0
14.859375,87212.0
14.861328125,87223.0
14.86328125,87231.0
14.865234375,87220.0
14.8671875,87217.0
14.869140625,87237.0
14.87109375,87238.0
14.873046875,87243.0
14.875,87237.0
14.876953125,87262.0
14.87890625,87259.0
14.880859375,87249.0
14.8828125,87282.0
14.884765625,87293.0
14.88671875,87296.0
14.888671875,87291.0
14.890625,87284.0
14.892578125,87296.0
14.89453125,87317.0
14.896484375,87310.0
14.8984375,87316.0
14.900390625,87338.0
14.90234375,87338.0
14.904296875,87323.0
14.90625,87351.0
14.908203125,87344.0
14.91015625,87386.0
14.912109375,87350.0
14.9140625,87358.0
14.916015625,87369.0
14.91796875,87390.0
14.919921875,87377.0
14.921875,87405.0
14.923828125,87399.0
14.92578125,87366.0
14.927734375,87430.0
14.9296875,87414.0
14.931640625,87434.0
14.93359375,87421.0
14.935546875,87426.0
14.9375,87411.0
14.939453125,87426.0
14.94140625,87444.0
14.943359375,87436.0
14.9453125,87435.0
14.947265625,87464.0
14.94921875,87471.0
14.951171875,87454.0
14.953125,87448.0
14.955078125,87485.0
14.95703125,87468.0
14.958984375,87507.0
14.9609375,87488.0
14.962890625,87506.0
14.96484375,87499.0
14.966796875,87525.0
14.96875,87541.0
14.970703125,87517.0
14.97265625,87524.0
14.974609375,87535.0
14.9765625,87550.0
14.978515625,87538.0
14.98046875,87541.0
14.982421875,87574.0
14.984375,87582.0
14.986328125,87554.0
14.98828125,87566.0
14.990234375,87602.0
14.9921875,87609.0
14.994140625,87608.0
14.99609375,87593.0
14.998046875,87602.0
15.0,87621.0
15.001953125,87627.0
15.00390625,87631.0
15.005859375,87675.0
15.0078125,87658.0
15.009765625,87677.0
15.01171875,87681.0
15.013671875,87668.0
15.015625,87685.0
15.017578125,87680.0
15.01953125,87712.0
15.021484375,87684.0
15.0234375,87697.0
15.025390625,87732.0
15.02734375,87725.0
15.029296875,87717.0
15.03125,87731.0
15.033203125,87730.0
15.03515625,87726.0
15.037109375,87728.0
15.0390625,87744.0
15.041015625,87746.0
15.04296875,87766.0
15.044921875,87778.0
15.046875,87778.0
15.048828125,87771.0
15.05078125,87836.0
15.052734375,87795.0
15.0546875,87776.0
15.056640625,87802.0
15.05859375,87821.0
15.060546875,87819.0
15.0625,87815.0
15.064453125,87822.0
15.06640625,87845.0
15.068359375,87845.0
15.0703125,87845.0
15.072265625,87852.0
15.07421875,87845.0
15.076171875,87865.0
15.078125,87873.0
15.080078125,87864.0
15.08203125,87904.0
15.083984375,87888.0
15.0859375,87880.0
15.087890625,87912.0
15.08984375,87916.0
15.091796875,87938.0
15.09375,87886.0
15.095703125,87917.0
15.09765625,87897.0
15.099609375,87920.0
15.1015625,87974.0
15.103515625,87929.0
15.10546875,87935.0
15.107421875,87978.0
15.109375,87959.0
15.111328125,87975.0
15.11328125,87980.0
15.115234375,88007.0
15.1171875,87989.0
15.119140625,87999.0
15.12109375,87983.0
15.123046875,88007.0
15.125,88009.0
15.126953125,88017.0
15.12890625,88016.0
15.130859375,88027.0
15.1328125,88017.0
15.134765625,88028.0
15.13671875,88033.0
15.138671875,88031.0
15.140625,88054.0
15.142578125,88032.0
15.14453125,88009.0
15.146484375,87990.0
15.1484375,88013.0
15.150390625,88003.0
15.15234375,88018.0
15.154296875,87987.0
15.15625,87983.0
15.158203125,87969.0
15.16015625,87956.0
15.162109375,87943.0
15.1640625,87923.0
15.166015625,87919.0
15.16796875,87911.0
15.169921875,87916.0
15.171875,87878.0
15.173828125,87878.0
15.17578125,87869.0
15.177734375,87821.0
15.1796875,87822.0
15.181640625,87797.0
15.18359375,87802.0
15.185546875,87777.0
15.1875,87730.0
15.189453125,87722.0
15.19140625,87735.0
15.193359375,87686.0
15.1953125,87671.0
15.197265625,87617.0
15.19921875,87614.0
15.201171875,87599.0
15.203125,87582.0
15.205078125,87551.0
15.20703125,87541.0
15.208984375,87503.0
15.2109375,87505.0
15.212890625,87487.0
15.21484375,87457.0
15.216796875,87406.0
15.21875,87382.0
15.220703125,87385.0
15.22265625,87349.0
15.224609375,87366.0
15.2265625,87316.0
15.228515625,87311.0
15.23046875,87289.0
15.232421875,87261.0
15.234375,87249.0
15.236328125,87216.0
15.23828125,87183.0
15.240234375,87193.0
15.2421875,87181.0
15.244140625,87165.0
15.24609375,87146.0
15.248046875,87148.0
15.25,87110.0
15.251953125,87124.0
15.25390625,87111.0
15.255859375,87071.0
15.2578125,87068.0
15.259765625,87066.0
15.26171875,87057.0
15.263671875,87042.0
15.265625,87025.0
15.267578125,87034.0
15.26953125,87001.0
15.271484375,87003.0
15.2734375,87002.0
15.275390625,86988.0
15.27734375,86968.0
15.279296875,86944.0
15.28125,86944.0
15.283203125,86919.0
15.28515625,86924.0
15.287109375,86907.0
15.2890625,86896.0
15.291015625,86905.0
15.29296875,86898.0
15.294921875,86884.0
15.296875,86853.0
15.298828125,86845.0
15.30078125,86852.0
15.302734375,86844.0
15.3046875,86841.0
15.306640625,86832.0
15.30859375,86817.0
15.310546875,86819.0
15.3125,86793.0
15.314453125,86785.0
15.31640625,86785.0
15.318359375,86765.0
15.3203125,86762.0
15.322265625,86762.0
15.32421875,86762.0
15.326171875,86730.0
15.328125,86731.0
15.330078125,86749.0
15.33203125,86735.0
15.333984375,86725.0
15.3359375,86717.0
15.337890625,86735.0
15.33984375,86688.0
15.341796875,86721.0
15.34375,86729.0
15.345703125,86705.0
15.34765625,86699.0
15.349609375,86715.0
15.3515625,86710.0
15.353515625,86713.0
15.35546875,86693.0
15.357421875,86724.0
15.359375,86700.0
15.361328125,86719.0
15.36328125,86685.0
15.365234375,86724.0
15.3671875,86697.0
15.369140625,86724.0
15.37109375,86717.0
15.373046875,86718.0
15.375,86724.0
15.376953125,86715.0
15.37890625,86714.0
15.380859375,86717.0
15.3828125,86717.0
15.384765625,86744.0
15.38671875,86737.0
15.388671875,86763.0
15.390625,86734.0
15.392578125,86732.0
15.39453125,86742.0
15.396484375,86756.0
15.3984375,86757.0
15.400390625,86758.0
15.40234375,86750.0
15.404296875,86754.0
15.40625,86743.0
15.408203125,86752.0
15.41015625,86782.0
15.412109375,86783.0
15.4140625,86762.0
15.416015625,86779.0
15.41796875,86790.0
15.419921875,86816.0
15.421875,86803.0
15.423828125,86787.0
15.42578125,86827.0
15.427734375,86827.0
15.4296875,86834.0
15.431640625,86833.0
15.43359375,86827.0
15.435546875,86839.0
15.4375,86824.0
15.439453125,86826.0
15.44140625,86832.0
15.443359375,86846.0
15.4453125,86846.0
15.447265625,86823.0
15.44921875,86847.0
15.451171875,86851.0
15.453125,86870.0
15.455078125,86868.0
15.45703125,86843.0
15.458984375,86846.0
15.4609375,86864.0
15.462890625,86856.0
15.46484375,86855.0
15.466796875,86871.0
15.46875,86857.0
15.470703125,86877.0
15.47265625,86899.0
15.474609375,86895.0
15.4765625,86884.0
15.478515625,86884.0
15.48046875,86892.0
15.482421875,86875.0
15.484375,86895.0
15.486328125,86912.0
15.48828125,86898.0
15.490234375,86896.0
15.4921875,86910.0
15.494140625,86917.0
15.49609375,86904.0
15.498046875,86904.0
15.5,86910.0
15.501953125,86909.0
15.50390625,86901.0
15.505859375,86910.0
15.5078125,86897.0
15.509765625,86908.0
15.51171875,86930.0
15.513671875,86936.0
15.515625,86924.0
15.517578125,86925.0
15.51953125,86911.0
15.521484375,86950.0
15.5234375,86921.0
15.525390625,86943.0
15.52734375,86925.0
15.529296875,86932.0
15.53125,86939.0
15.533203125,86952.0
15.53515625,86936.0
15.537109375,86927.0
15.5390625,86935.0
15.541015625,86949.0
15.54296875,86948.0
15.544921875,86959.0
15.546875,86961.0
15.548828125,86944.0
15.55078125,86965.0
15.552734375,86986.0
15.5546875,86973.0
15.556640625,86978.0
15.55859375,86974.0
15.560546875,86970.0
15.5625,86978.0
15.564453125,87010.0
15.56640625,86978.0
15.568359375,86980.0
15.5703125,86975.0
15.572265625,87006.0
15.57421875,87003.0
15.576171875,87032.0
15.578125,87010.0
15.580078125,87006.0
15.58203125,86999.0
15.583984375,87023.0
15.5859375,87030.0
15.587890625,87019.0
15.58984375,87050.0
15.591796875,87041.0
15.59375,87033.0
15.595703125,87034.0
15.59765625,87058.0
15.599609375,87038.0
15.6015625,87062.0
15.603515625,87065.0
15.60546875,87085.0
15.607421875,87055.0
15.609375,87087.0
15.611328125,87099.0
15.61328125,87096.0
15.615234375,87085.0
15.6171875,87097.0
15.619140625,87104.0
15.62109375,87094.0
15.623046875,87123.0
15.625,87121.0
15.626953125,87142.0
15.62890625,87139.0
15.630859375,87138.0
15.6328125,87148.0
15.634765625,87161.0
15.63671875,87155.0
15.638671875,87156.0
15.640625,87172.0
15.642578125,87159.0
15.64453125,87202.0
15.646484375,87158.0
15.6484375,87194.0
15.650390625,87168.0
15.65234375,87183.0
15.654296875,87189.0
15.65625,87201.0
15.658203125,87208.0
15.66015625,87194.0
15.662109375,87236.0
15.6640625,87202.0
15.666015625,87200.0
15.66796875,87234.0
15.669921875,87202.0
15.671875,87224.0
15.673828125,87244.0
15.67578125,87258.0
15.677734375,87242.0
15.6796875,87227.0
15.681640625,87253.0
15.68359375,87270.0
15.685546875,87281.0
15.6875,87254.0
15.689453125,87293.0
15.69140625,87278.0
15.693359375,87298.0
15.6953125,87276.0
15.697265625,87280.0
15.69921875,87269.0
15.701171875,87299.0
15.703125,87316.0
15.705078125,87310.0
15.70703125,87311.0
15.708984375,87323.0
15.7109375,87320.0
15.712890625,87341.0
15.71484375,87353.0
15.716796875,87309.0
15.71875,87353.0
15.720703125,87345.0
15.72265625,87355.0
15.724609375,87343.0
15.7265625,87383.0
15.728515625,87356.0
15.73046875,87392.0
15.732421875,87376.0
15.734375,87379.0
15.736328125,87385.0
15.73828125,87386.0
15.740234375,87374.0
15.7421875,87389.0
15.744140625,87416.0
15.74609375,87394.0
15.748046875,87389.0
15.75,87438.0
15.751953125,87419.0
15.75390625,87436.0
15.755859375,87448.0
15.7578125,87442.0
15.759765625,87438.0
15.76171875,87455.0
15.763671875,87436.0
15.765625,87465.0
15.767578125,87445.0
15.76953125,87463.0
15.771484375,87478.0
15.7734375,87489.0
15.775390625,87513.0
15.77734375,87480.0
15.779296875,87500.0
15.78125,87526.0
15.783203125,87509.0
15.78515625,87509.0
15.787109375,87511.0
15.7890625,87524.0
15.791015625,87535.0
15.79296875,87540.0
15.794921875,87560.0
15.796875,87540.0
15.798828125,87539.0
15.80078125,87553.0
15.802734375,87561.0
15.8046875,87593.0
15.806640625,87577.0
15.80859375,87584.0
15.810546875,87583.0
15.8125,87612.0
15.814453125,87622.0
15.81640625,87616.0
15.818359375,87598.0
15.8203125,87609.0
15.822265625,87605.0
15.82421875,87616.0
15.826171875,87620.0
15.828125,87634.0
15.830078125,87632.0
15.83203125,87629.0
15.833984375,87635.0
15.8359375,87663.0
15.837890625,87652.0
15.83984375,87659.0
15.841796875,87669.0
15.84375,87669.0
15.845703125,87662.0
15.84765625,87671.0
15.849609375,87678.0
15.8515625,87662.0
15.853515625,87681.0
15.85546875,87680.0
15.857421875,87674.0
15.859375,87668.0
15.861328125,87669.0
15.86328125,87660.0
15.865234375,87668.0
15.8671875,87685.0
15.869140625,87643.0
15.87109375,87641.0
15.873046875,87663.0
15.875,87667.0
15.876953125,87654.0
15.87890625,87642.0
15.880859375,87622.0
15.8828125,87610.0
15.884765625,87616.0
15.88671875,87585.0
15.888671875,87573.0
15.890625,87573.0
15.892578125,87543.0
15.89453125,87533.0
15.896484375,87517.0
15.8984375,87505.0
15.900390625,87480.0
15.90234375,87440.0
15.904296875,87450.0
15.90625,87425.0
15.908203125,87415.0
15.91015625,87395.0
15.912109375,87330.0
15.9140625,87324.0
15.916015625,87310.0
15.91796875,87269.0
15.919921875,87218.0
15.921875,87222.0
15.923828125,87211.0
15.92578125,87168.0
15.927734375,87139.0
15.9296875,87131.0
15.931640625,87116.0
15.93359375,87095.0
15.935546875,87058.0
15.9375,87016.0
15.939453125,86968.0
15.94140625,86941.0
15.943359375,86940.0
15.9453125,86927.0
15.947265625,86903.0
15.94921875,86868.0
15.951171875,86839.0
15.953125,86832.0
15.955078125,86796.0
15.95703125,86797.0
15.958984375,86755.0
15.9609375,86750.0
15.962890625,86685.0
15.96484375,86720.0
15.966796875,86673.0
15.96875,86678.0
15.970703125,86639.0
15.97265625,86663.0
15.974609375,86605.0
15.9765625,86593.0
15.978515625,86580.0
15.98046875,86549.0
15.982421875,86545.0
15.984375,86531.0
15.986328125,86523.0
15.98828125,86493.0
15.990234375,86475.0
15.9921875,86459.0
15.994140625,86471.0
15.99609375,86441.0
15.998046875,86432.0
16.0,86401.0
16.001953125,86381.0
16.00390625,86359.0
16.005859375,86359.0
16.0078125,86357.0
16.009765625,86361.0
16.01171875,86325.0
16.013671875,86332.0
16.015625,86313.0
16.017578125,86322.0
16.01953125,86305.0
16.021484375,86267.0
16.0234375,86249.0
16.025390625,86261.0
16.02734375,86231.0
16.029296875,86234.0
16.03125,86223.0
16.033203125,86214.0
16.03515625,86233.0
16.037109375,86200.0
16.0390625,86200.0
16.041015625,86189.0
16.04296875,86189.0
16.044921875,86167.0
16.046875,86158.0
16.048828125,86149.0
16.05078125,86136.0
16.052734375,86127.0
16.0546875,86136.0
16.056640625,86127.0
16.05859375,86116.0
16.060546875,86112.0
16.0625,86085.0
16.064453125,86088.0
16.06640625,86071.0
16.068359375,86084.0
16.0703125,86084.0
16.072265625,86102.0
16.07421875,86071.0
16.076171875,86073.0
16.078125,86091.0
16.080078125,86083.0
16.08203125,86026.0
16.083984375,86058.0
16.0859375,86057.0
16.087890625,86052.0
16.08984375,86070.0
16.091796875,86067.0
16.09375,86052.0
16.095703125,86069.0
16.09765625,86062.0
16.099609375,86082.0
16.1015625,86062.0
16.103515625,86051.0
16.10546875,86083.0
16.107421875,86069.0
16.109375,86106.0
16.111328125,86075.0
16.11328125,86080.0
16.115234375,86098.0
16.1171875,86104.0
16.119140625,86107.0
16.12109375,86101.0
16.123046875,86116.0
16.125,86086.0
16.126953125,86113.0
16.12890625,86106.0
16.130859375,86119.0
16.1328125,86122.0
16.134765625,86128.0
16.13671875,86148.0
16.138671875,86148.0
16.140625,86142.0
16.142578125,86128.0
16.14453125,86144.0
16.146484375,86148.0
16.1484375,86172.0
16.150390625,86154.0
16.15234375,86159.0
16.154296875,86159.0
16.15625,86164.0
16.158203125,86155.0
16.16015625,86175.0
16.162109375,86155.0
16.1640625,86176.0
16.166015625,86158.0
16.16796875,86183.0
16.169921875,86175.0
16.171875,86201.0
16.173828125,86199.0
16.17578125,86189.0
16.177734375,86200.0
16.1796875,86191.0
16.181640625,86218.0
16.18359375,86189.0
16.185546875,86198.0
16.1875,86215.0
16.189453125,86205.0
16.19140625,86217.0
16.193359375,86214.0
16.1953125,86216.0
16.197265625,86223.0
16.19921875,86217.0
16.201171875,86209.0
16.203125,86208.0
16.205078125,86236.0
16.20703125,86219.0
16.208984375,86226.0
16.2109375,86221.0
16.212890625,86236.0
16.21484375,86231.0
16.216796875,86245.0
16.21875,86237.0
16.220703125,86244.0
16.22265625,86258.0
16.224609375,86228.0
16.2265625,86263.0
16.228515625,86257.0
16.23046875,86265.0
16.232421875,86277.0
16.234375,86274.0
16.236328125,86296.0
16.23828125,86249.0
16.240234375,86275.0
16.2421875,86271.0
16.244140625,86263.0
16.24609375,86283.0
16.248046875,86282.0
16.25,86281.0
16.251953125,86276.0
16.25390625,86287.0
16.255859375,86299.0
16.2578125,86300.0
16.259765625,86316.0
16.26171875,86285.0
16.263671875,86317.0
16.265625,86343.0
16.267578125,86323.0
16.26953125,86336.0
16.271484375,86337.0
16.2734375,86362.0
16.275390625,86330.0
16.27734375,86360.0
16.279296875,86365.0
16.28125,86359.0
16.283203125,86384.0
16.28515625,86364.0
16.287109375,86366.0
16.2890625,86359.0
16.291015625,86389.0
16.29296875,86407.0
16.294921875,86389.0
16.296875,86411.0
16.298828125,86413.0
16.30078125,86399.0
16.302734375,86405.0
16.3046875,86408.0
16.306640625,86413.0
16.30859375,86403.0
16.310546875,86417.0
16.3125,86424.0
16.314453125,86456.0
16.31640625,86471.0
16.318359375,86458.0
16.3203125,86470.0
16.322265625,86473.0
16.32421875,86483.0
16.326171875,86513.0
16.328125,86506.0
16.330078125,86516.0
16.33203125,86534.0
16.333984375,86517.0
16.3359375,86530.0
16.337890625,86519.0
16.33984375,86530.0
16.341796875,86529.0
16.34375,86526.0
16.345703125,86562.0
16.34765625,86552.0
16.349609375,86546.0
16.3515625,86554.0
16.353515625,86550.0
16.35546875,86580.0
16.357421875,86608.0
16.359375,86577.0
16.361328125,86592.0
16.36328125,86584.0
16.365234375,86602.0
16.3671875,86607.0
16.369140625,86604.0
16.37109375,86622.0
16.373046875,86630.0
16.375,86644.0
16.376953125,86628.0
16.37890625,86638.0
16.380859375,86650.0
16.3828125,86659.0
16.384765625,86641.0
16.38671875,86680.0
16.388671875,86705.0
16.390625,86698.0
16.392578125,86693.0
16.39453125,86721.0
16.396484375,86725.0
16.3984375,86732.0
16.400390625,86728.0
16.40234375,86720.0
16.404296875,86724.0
16.40625,86757.0
16.408203125,86754.0
16.41015625,86764.0
16.412109375,86760.0
16.4140625,86788.0
16.416015625,86772.0
16.41796875,86777.0
16.419921875,86805.0
16.421875,86779.0
16.423828125,86810.0
16.42578125,86788.0
16.427734375,86816.0
16.4296875,86808.0
16.431640625,86809.0
16.43359375,86839.0
16.435546875,86849.0
16.4375,86841.0
16.439453125,86835.0
16.44140625,86849.0
16.443359375,86860.0
16.4453125,86852.0
16.447265625,86860.0
16.44921875,86877.0
16.451171875,86874.0
16.453125,86879.0
16.455078125,86900.0
16.45703125,86902.0
16.458984375,86905.0
16.4609375,86910.0
16.462890625,86928.0
16.46484375,86929.0
16.466796875,86938.0
16.46875,86932.0
16.470703125,86923.0
16.47265625,86943.0
16.474609375,86968.0
16.4765625,86942.0
16.478515625,86971.0
16.48046875,86969.0
16.482421875,86991.0
16.484375,86977.0
16.486328125,86969.0
16.48828125,86985.0
16.490234375,86995.0
16.4921875,87016.0
16.494140625,87049.0
16.49609375,87007.0
16.498046875,87022.0
16.5,87036.0
16.501953125,87059.0
16.50390625,87030.0
16.505859375,87068.0
16.5078125,87053.0
16.509765625,87064.0
16.51171875,87062.0
16.513671875,87073.0
16.515625,87068.0
16.517578125,87080.0
16.51953125,87084.0
16.521484375,87121.0
16.5234375,87108.0
16.525390625,87095.0
16.52734375,87141.0
16.529296875,87112.0
16.53125,87114.0
16.533203125,87114.0
16.53515625,87109.0
16.537109375,87131.0
16.5390625,87158.0
16.541015625,87136.0
16.54296875,87155.0
16.544921875,87159.0
16.546875,87181.0
16.548828125,87192.0
16.55078125,87176.0
16.552734375,87192.0
16.5546875,87181.0
16.556640625,87191.0
16.55859375,87214.0
16.560546875,87233.0
16.5625,87244.0
16.564453125,87218.0
16.56640625,87227.0
16.568359375,87231.0
16.5703125,87256.0
16.572265625,87264.0
16.57421875,87267.0
16.576171875,87254.0
16.578125,87255.0
16.580078125,87255.0
16.58203125,87240.0
16.583984375,87260.0
16.5859375,87268.0
16.587890625,87270.0
16.58984375,87267.0
16.591796875,87284.0
16.59375,87287.0
16.595703125,87260.0
16.59765625,87263.0
16.599609375,87275.0
16.6015625,87248.0
16.603515625,87252.0
16.60546875,87233.0
16.607421875,87232.0
16.609375,87252.0
16.611328125,87230.0
16.61328125,87190.0
16.615234375,87194.0
16.6171875,87196.0
16.619140625,87177.0
16.62109375,87183.0
16.623046875,87140.0
16.625,87127.0
16.626953125,87123.0
16.62890625,87102.0
16.630859375,87064.0
16.6328125,87052.0
16.634765625,87047.0
16.63671875,86989.0
16.638671875,86984.0
16.640625,86990.0
16.642578125,86940.0
16.64453125,86944.0
16.646484375,86891.0
16.6484375,86883.0
16.650390625,86846.0
16.65234375,86849.0
16.654296875,86793.0
16.65625,86767.0
16.658203125,86726.0
16.66015625,86711.0
16.662109375,86699.0
16.6640625,86678.0
16.666015625,86648.0
16.66796875,86638.0
16.669921875,86617.0
16.671875,86569.0
16.673828125,86573.0
16.67578125,86545.0
16.677734375,86508.0
16.6796875,86526.0
16.681640625,86472.0
16.68359375,86467.0
16.685546875,86406.0
16.6875,86405.0
16.689453125,86374.0
16.69140625,86372.0
16.693359375,86354.0
16.6953125,86321.0
16.697265625,86279.0
16.69921875,86280.0
16.701171875,86264.0
16.703125,86231.0
16.705078125,86230.0
16.70703125,86190.0
16.708984375,86186.0
16.7109375,86150.0
16.712890625,86164.0
16.71484375,86098.0
16.716796875,86109.0
16.71875,86067.0
16.720703125,86079.0
16.72265625,86067.0
16.724609375,86050.0
16.7265625,86015.0
16.728515625,86033.0
16.73046875,85989.0
16.732421875,86006.0
16.734375,85990.0
16.736328125,86002.0
16.73828125,85977.0
16.740234375,85956.0
16.7421875,85965.0
16.744140625,85949.0
16.74609375,85937.0
16.748046875,85939.0
16.75,85918.0
16.751953125,85928.0
16.75390625,85890.0
16.755859375,85902.0
16.7578125,85902.0
16.759765625,85899.0
16.76171875,85885.0
16.763671875,85865.0
16.765625,85888.0
16.767578125,85860.0
16.76953125,85848.0
16.771484375,85855.0
16.7734375,85853.0
16.775390625,85825.0
16.77734375,85836.0
16.779296875,85837.0
16.78125,85845.0
16.783203125,85816.0
16.78515625,85804.0
16.787109375,85794.0
16.7890625,85809.0
16.791015625,85792.0
16.79296875,85802.0
16.794921875,85780.0
16.796875,85808.0
16.798828125,85782.0
16.80078125,85806.0
16.802734375,85794.0
16.8046875,85816.0
16.806640625,85779.0
16.80859375,85788.0
16.810546875,85809.0
16.8125,85802.0
16.814453125,85817.0
16.81640625,85798.0
16.818359375,85804.0
16.8203125,85783.0
16.822265625,85807.0
16.82421875,85825.0
16.826171875,85808.0
16.828125,85812.0
16.830078125,85825.0
16.83203125,85832.0
16.833984375,85820.0
16.8359375,85858.0
16.837890625,85845.0
16.83984375,85846.0
16.841796875,85870.0
16.84375,85898.0
16.845703125,85860.0
16.84765625,85893.0
16.849609375,85904.0
16.8515625,85869.0
16.853515625,85910.0
16.85546875,85885.0
16.857421875,85896.0
16.859375,85921.0
16.861328125,85913.0
16.86328125,85920.0
16.865234375,85923.0
16.8671875,85909.0
16.869140625,85938.0
16.87109375,85947.0
16.873046875,85925.0
16.875,85926.0
16.876953125,85942.0
16.87890625,85939.0
16.880859375,85961.0
16.8828125,85955.0
16.884765625,85960.0
16.88671875,85957.0
16.888671875,85949.0
16.890625,85948.0
16.892578125,85976.0
16.89453125,85954.0
16.896484375,85941.0
16.8984375,85970.0
16.900390625,85965.0
16.90234375,86001.0
16.904296875,85950.0
16.90625,85979.0
16.908203125,85969.0
16.91015625,86001.0
16.912109375,85972.0
16.9140625,85995.0
16.916015625,85985.0
16.91796875,86015.0
16.919921875,85981.0
16.921875,85988.0
16.923828125,85991.0
16.92578125,85972.0
16.927734375,85983.0
16.9296875,86018.0
16.931640625,85985.0
16.93359375,85981.0
16.935546875,85974.0
16.9375,86003.0
16.939453125,86005.0
16.94140625,86014.0
16.943359375,86021.0
16.9453125,85996.0
16.947265625,86008.0
16.94921875,86012.0
16.951171875,86025.0
16.953125,86016.0
16.955078125,86031.0
16.95703125,86016.0
16.958984375,86052.0
16.9609375,86025.0
16.962890625,86069.0
16.96484375,86041.0
16.966796875,86021.0
16.96875,86050.0
16.970703125,86056.0
16.97265625,86067.0
16.974609375,86067.0
16.9765625,86070.0
16.978515625,86065.0
16.98046875,86065.0
16.982421875,86093.0
16.984375,86087.0
16.986328125,86096.0
16.98828125,86071.0
16.990234375,86081.0
16.9921875,86083.0
16.994140625,86123.0
16.99609375,86101.0
16.998046875,86121.0
17.0,86121.0
17.001953125,86087.0
17.00390625,86116.0
17.005859375,86114.0
17.0078125,86113.0
17.009765625,86112.0
17.01171875,86135.0
17.013671875,86122.0
17.015625,86162.0
17.017578125,86150.0
17.01953125,86140.0
17.021484375,86171.0
17.0234375,86145.0
17.025390625,86168.0
17.02734375,86150.0
17.029296875,86157.0
17.03125,86200.0
17.033203125,86180.0
17.03515625,86183.0
17.037109375,86189.0
17.0390625,86186.0
17.041015625,86234.0
17.04296875,86226.0
17.044921875,86217.0
17.046875,86219.0
17.048828125,86213.0
17.05078125,86214.0
17.052734375,86249.0
17.0546875,86239.0
17.056640625,86237.0
17.05859375,86227.0
17.060546875,86263.0
17.0625,86257.0
17.064453125,86259.0
17.06640625,86289.0
17.068359375,86286.0
17.0703125,86283.0
17.072265625,86287.0
17.07421875,86294.0
17.076171875,86287.0
17.078125,86311.0
17.080078125,86346.0
17.08203125,86339.0
17.083984375,86330.0
17.0859375,86343.0
17.087890625,86311.0
17.08984375,86342.0
17.091796875,86372.0
17.09375,86360.0
17.095703125,86372.0
17.09765625,86379.0
17.099609375,86381.0
17.1015625,86383.0
17.103515625,86417.0
17.10546875,86391.0
17.107421875,86397.0
17.109375,86384.0
17.111328125,86411.0
17.11328125,86418.0
17.115234375,86468.0
17.1171875,86454.0
17.119140625,86449.0
17.12109375,86442.0
17.123046875,86448.0
17.125,86436.0
17.126953125,86480.0
17.12890625,86458.0
17.130859375,86464.0
17.1328125,86470.0
17.134765625,86488.0
17.13671875,86497.0
17.138671875,86509.0
17.140625,86525.0
17.142578125,86521.0
17.14453125,86501.0
17.146484375,86523.0
17.1484375,86539.0
17.150390625,86551.0
17.15234375,86533.0
17.154296875,86559.0
17.15625,86544.0
17.158203125,86578.0
17.16015625,86571.0
17.162109375,86591.0
17.1640625,86587.0
17.166015625,86595.0
17.16796875,86603.0
17.169921875,86614.0
17.171875,86618.0
17.173828125,86636.0
17.17578125,86635.0
17.177734375,86637.0
17.1796875,86662.0
17.181640625,86660.0
17.18359375,86664.0
17.185546875,86682.0
17.1875,86667.0
17.189453125,86685.0
17.19140625,86695.0
17.193359375,86674.0
17.1953125,86694.0
17.197265625,86701.0
17.19921875,86726.0
17.201171875,86737.0
17.203125,86742.0
17.205078125,86771.0
17.20703125,86752.0
17.208984375,86731.0
17.2109375,86750.0
17.212890625,86754.0
17.21484375,86760.0
17.216796875,86784.0
17.21875,86792.0
17.220703125,86819.0
17.22265625,86813.0
17.224609375,86825.0
17.2265625,86830.0
17.228515625,86804.0
17.23046875,86857.0
17.232421875,86862.0
17.234375,86846.0
17.236328125,86863.0
17.23828125,86872.0
17.240234375,86881.0
17.2421875,86866.0
17.244140625,86908.0
17.24609375,86888.0
17.248046875,86883.0
17.25,86920.0
17.251953125,86906.0
17.25390625,86909.0
17.255859375,86925.0
17.2578125,86934.0
17.259765625,86934.0
17.26171875,86979.0
17.263671875,86983.0
17.265625,86965.0
17.267578125,86928.0
17.26953125,86985.0
17.271484375,86963.0
17.2734375,86966.0
17.275390625,86976.0
17.27734375,87002.0
17.279296875,86992.0
17.28125,87012.0
17.283203125,87029.0
17.28515625,87013.0
17.287109375,87016.0
17.2890625,87030.0
17.291015625,87013.0
17.29296875,87016.0
17.294921875,87039.0
17.296875,87039.0
17.298828125,87028.0
17.30078125,87037.0
17.302734375,87031.0
17.3046875,87038.0
17.306640625,87051.0
17.30859375,87041.0
17.310546875,87035.0
17.3125,87023.0
17.314453125,87009.0
17.31640625,87027.0
17.318359375,87022.0
17.3203125,87024.0
17.322265625,86985.0
17.32421875,86984.0
17.326171875,86981.0
17.328125,86947.0
17.330078125,86960.0
17.33203125,86924.0
17.333984375,86917.0
17.3359375,86886.0
17.337890625,86902.0
17.33984375,86887.0
17.341796875,86865.0
17.34375,86852.0
17.345703125,86829.0
17.34765625,86807.0
17.349609375,86781.0
17.3515625,86746.0
17.353515625,86743.0
17.35546875,86720.0
17.357421875,86703.0
17.359375,86668.0
17.361328125,86673.0
17.36328125,86631.0
17.365234375,86612.0
17.3671875,86593.0
17.369140625,86543.0
17.37109375,86530.0
17.373046875,86484.0
17.375,86478.0
17.376953125,86448.0
17.37890625,86422.0
17.380859375,86411.0
17.3828125,86380.0
17.384765625,86358.0
17.38671875,86342.0
17.388671875,86294.0
17.390625,86280.0
17.392578125,86275.0
17.39453125,86238.0
17.396484375,86267.0
17.3984375,86197.0
17.400390625,86189.0
17.40234375,86171.0
17.404296875,86153.0
17.40625,86127.0
17.408203125,86107.0
17.41015625,86081.0
17.412109375,86078.0
17.4140625,86017.0
17.416015625,86033.0
17.41796875,86034.0
17.419921875,85997.0
17.421875,85995.0
17.423828125,85976.0
17.42578125,85961.0
17.427734375,85955.0
17.4296875,85914.0
17.431640625,85937.0
17.43359375,85903.0
17.435546875,85867.0
17.4375,85880.0
17.439453125,85837.0
17.44140625,85857.0
17.443359375,85822.0
17.4453125,85854.0
17.447265625,85800.0
17.44921875,85803.0
17.451171875,85801.0
17.453125,85779.0
17.455078125,85765.0
17.45703125,85764.0
17.458984375,85747.0
17.4609375,85734.0
17.462890625,85725.0
17.46484375,85735.0
17.466796875,85723.0
17.46875,85687.0
17.470703125,85712.0
17.47265625,85686.0
17.474609375,85669.0
17.4765625,85693.0
17.478515625,85683.0
17.48046875,85656.0
17.482421875,85665.0
17.484375,85657.0
17.486328125,85660.0
17.48828125,85641.0
17.490234375,85638.0
17.4921875,85643.0
17.494140625,85601.0
17.49609375,85626.0
17.498046875,85637.0
17.5,85634.0
17.501953125,85628.0
17.50390625,85620.0
17.505859375,85606.0
17.5078125,85605.0
17.509765625,85598.0
17.51171875,85597.0
17.513671875,85631.0
17.515625,85622.0
17.517578125,85620.0
17.51953125,85583.0
17.521484375,85626.0
17.5234375,85637.0
17.525390625,85611.0
17.52734375,85609.0
17.529296875,85627.0
17.53125,85608.0
17.533203125,85628.0
17.53515625,85621.0
17.537109375,85656.0
17.5390625,85640.0
17.541015625,85648.0
17.54296875,85647.0
17.544921875,85665.0
17.546875,85654.0
17.548828125,85669.0
17.55078125,85658.0
17.552734375,85672.0
17.5546875,85684.0
17.556640625,85688.0
17.55859375,85720.0
17.560546875,85707.0
17.5625,85718.0
17.564453125,85704.0
17.56640625,85729.0
17.568359375,85732.0
17.5703125,85709.0
17.572265625,85748.0
17.57421875,85746.0
17.576171875,85763.0
17.578125,85757.0
17.580078125,85734.0
17.58203125,85776.0
17.583984375,85796.0
17.5859375,85776.0
17.587890625,85783.0
17.58984375,85782.0
17.591796875,85772.0
17.59375,85796.0
17.595703125,85799.0
17.59765625,85789.0
17.599609375,85800.0
17.6015625,85798.0
17.603515625,85823.0
17.60546875,85834.0
17.607421875,85815.0
17.609375,85817.0
17.611328125,85814.0
17.61328125,85812.0
17.615234375,85851.0
17.6171875,85838.0
17.619140625,85815.0
17.62109375,85840.0
17.623046875,85877.0
17.625,85833.0
17.626953125,85843.0
17.62890625,85835.0
17.630859375,85867.0
17.6328125,85861.0
17.634765625,85871.0
17.63671875,85874.0
17.638671875,85884.0
17.640625,85873.0
17.642578125,85879.0
17.64453125,85880.0
17.646484375,85880.0
17.6484375,85885.0
17.650390625,85876.0
17.65234375,85887.0
17.654296875,85890.0
17.65625,85917.0
17.658203125,85907.0
17.66015625,85904.0
17.662109375,85929.0
17.6640625,85928.0
17.666015625,85927.0
17.66796875,85907.0
17.669921875,85948.0
17.671875,85920.0
17.673828125,85944.0
17.67578125,85930.0
17.677734375,85921.0
17.6796875,85944.0
17.681640625,85978.0
17.68359375,85965.0
17.685546875,85983.0
17.6875,85960.0
17.689453125,85977.0
17.69140625,85967.0
17.693359375,85982.0
17.6953125,85988.0
17.697265625,86008.0
17.69921875,86001.0
17.701171875,86003.0
17.703125,86005.0
17.705078125,86014.0
17.70703125,86021.0
17.708984375,86002.0
17.7109375,85994.0
17.712890625,86005.0
17.71484375,86016.0
17.716796875,85996.0
17.71875,86026.0
17.720703125,86011.0
17.72265625,86024.0
17.724609375,86015.0
17.7265625,86031.0
17.728515625,86028.0
17.73046875,86051.0
17.732421875,86044.0
17.734375,86056.0
17.736328125,86060.0
17.73828125,86064.0
17.740234375,86042.0
17.7421875,86040.0
17.744140625,86083.0
17.74609375,86100.0
17.748046875,86081.0
17.75,86088.0
17.751953125,86090.0
17.75390625,86116.0
17.755859375,86097.0
17.7578125,86103.0
17.759765625,86118.0
17.76171875,86128.0
17.763671875,86134.0
17.765625,86159.0
17.767578125,86150.0
17.76953125,86161.0
17.771484375,86176.0
17.7734375,86173.0
17.775390625,86183.0
17.77734375,86192.0
17.779296875,86184.0
17.78125,86198.0
17.783203125,86208.0
17.78515625,86215.0
17.787109375,86238.0
17.7890625,86205.0
17.791015625,86219.0
17.79296875,86230.0
17.794921875,86233.0
17.796875,86253.0
17.798828125,86273.0
17.80078125,86261.0
17.802734375,86267.0
17.8046875,86281.0
17.806640625,86290.0
17.80859375,86287.0
17.810546875,86282.0
17.8125,86306.0
17.814453125,86315.0
17.81640625,86337.0
17.818359375,86328.0
17.8203125,86320.0
17.822265625,86361.0
17.82421875,86353.0
17.826171875,86360.0
17.828125,86376.0
17.830078125,86352.0
17.83203125,86369.0
17.833984375,86377.0
17.8359375,86397.0
17.837890625,86407.0
17.83984375,86391.0
17.841796875,86400.0
17.84375,86420.0
17.845703125,86421.0
17.84765625,86456.0
17.849609375,86441.0
17.8515625,86443.0
17.853515625,86463.0
17.85546875,86479.0
17.857421875,86493.0
17.859375,86478.0
17.861328125,86523.0
17.86328125,86493.0
17.865234375,86510.0
17.8671875,86522.0
17.869140625,86554.0
17.87109375,86530.0
17.873046875,86533.0
17.875,86542.0
17.876953125,86548.0
17.87890625,86572.0
17.880859375,86563.0
17.8828125,86574.0
17.884765625,86585.0
17.88671875,86586.0
17.888671875,86602.0
17.890625,86601.0
17.892578125,86599.0
17.89453125,86636.0
17.896484375,86604.0
17.8984375,86617.0
17.900390625,86626.0
17.90234375,86619.0
17.904296875,86647.0
17.90625,86650.0
17.908203125,86673.0
17.91015625,86662.0
17.912109375,86670.0
17.9140625,86677.0
17.916015625,86697.0
17.91796875,86696.0
17.919921875,86714.0
17.921875,86719.0
17.923828125,86748.0
17.92578125,86725.0
17.927734375,86749.0
17.9296875,86715.0
17.931640625,86746.0
17.93359375,86750.0
17.935546875,86736.0
17.9375,86766.0
17.939453125,86758.0
17.94140625,86792.0
17.943359375,86787.0
17.9453125,86780.0
17.947265625,86799.0
17.94921875,86787.0
17.951171875,86789.0
17.953125,86788.0
17.955078125,86814.0
17.95703125,86815.0
17.958984375,86837.0
17.9609375,86842.0
17.962890625,86836.0
17.96484375,86841.0
17.966796875,86837.0
17.96875,86838.0
17.970703125,86856.0
17.97265625,86843.0
17.974609375,86853.0
17.9765625,86863.0
17.978515625,86853.0
17.98046875,86858.0
17.982421875,86859.0
17.984375,86863.0
17.986328125,86868.0
17.98828125,86875.0
17.990234375,86858.0
17.9921875,86849.0
17.994140625,86831.0
17.99609375,86811.0
17.998046875,86833.0
18.0,86838.0
18.001953125,86837.0
18.00390625,86823.0
18.005859375,86814.0
18.0078125,86813.0
18.009765625,86802.0
18.01171875,86782.0
18.013671875,86743.0
18.015625,86755.0
18.017578125,86754.0
18.01953125,86733.0
18.021484375,86719.0
18.0234375,86694.0
18.025390625,86684.0
18.02734375,86651.0
18.029296875,86630.0
18.03125,86626.0
18.033203125,86579.0
18.03515625,86589.0
18.037109375,86563.0
18.0390625,86534.0
18.041015625,86513.0
18.04296875,86484.0
18.044921875,86474.0
18.046875,86431.0
18.048828125,86394.0
18.05078125,86355.0
18.052734375,86353.0
18.0546875,86298.0
18.056640625,86296.0
18.05859375,86247.0
18.060546875,86250.0
18.0625,86230.0
18.064453125,86163.0
18.06640625,86148.0
18.068359375,86128.0
18.0703125,86100.0
18.072265625,86070.0
18.07421875,86046.0
18.076171875,86015.0
18.078125,85986.0
18.080078125,85942.0
18.08203125,85932.0
18.083984375,85921.0
18.0859375,85905.0
18.087890625,85879.0
18.08984375,85854.0
18.091796875,85826.0
18.09375,85810.0
18.095703125,85788.0
18.09765625,85758.0
18.099609375,85777.0
18.1015625,85727.0
18.103515625,85706.0
18.10546875,85686.0
18.107421875,85657.0
18.109375,85677.0
18.111328125,85637.0
18.11328125,85601.0
18.115234375,85588.0
18.1171875,85588.0
18.119140625,85584.0
18.12109375,85547.0
18.123046875,85552.0
18.125,85535.0
18.126953125,85530.0
18.12890625,85506.0
18.130859375,85492.0
18.1328125,85465.0
18.134765625,85459.0
18.13671875,85461.0
18.138671875,85468.0
18.140625,85448.0
18.142578125,85444.0
18.14453125,85423.0
18.146484375,85423.0
18.1484375,85404.0
18.150390625,85420.0
18.15234375,85382.0
18.154296875,85379.0
18.15625,85362.0
18.158203125,85359.0
18.16015625,85352.0
18.162109375,85343.0
18.1640625,85351.0
18.166015625,85340.0
18.16796875,85347.0
18.169921875,85331.0
18.171875,85319.0
18.173828125,85307.0
18.17578125,85323.0
18.177734375,85320.0
18.1796875,85284.0
18.181640625,85326.0
18.18359375,85311.0
18.185546875,85349.0
18.1875,85352.0
18.189453125,85333.0
18.19140625,85325.0
18.193359375,85348.0
18.1953125,85358.0
18.197265625,85358.0
18.19921875,85351.0
18.201171875,85328.0
18.203125,85327.0
18.205078125,85336.0
18.20703125,85342.0
18.208984375,85333.0
18.2109375,85366.0
18.212890625,85341.0
18.21484375,85357.0
18.216796875,85365.0
18.21875,85384.0
18.220703125,85392.0
18.22265625,85400.0
18.224609375,85397.0
18.2265625,85419.0
18.228515625,85421.0
18.23046875,85439.0
18.232421875,85441.0
18.234375,85410.0
18.236328125,85469.0
18.23828125,85438.0
18.240234375,85495.0
18.2421875,85485.0
18.244140625,85472.0
18.24609375,85465.0
18.248046875,85488.0
18.25,85497.0
18.251953125,85510.0
18.25390625,85508.0
18.255859375,85527.0
18.2578125,85541.0
18.259765625,85532.0
18.26171875,85540.0
18.263671875,85536.0
18.265625,85557.0
18.267578125,85551.0
18.26953125,85564.0
18.271484375,85540.0
18.2734375,85565.0
18.275390625,85547.0
18.27734375,85573.0
18.279296875,85593.0
18.28125,85571.0
18.283203125,85594.0
18.28515625,85608.0
18.287109375,85621.0
18.2890625,85611.0
18.291015625,85573.0
18.29296875,85609.0
18.294921875,85611.0
18.296875,85622.0
18.298828125,85623.0
18.30078125,85627.0
18.302734375,85642.0
18.3046875,85626.0
18.306640625,85642.0
18.30859375,85631.0
18.310546875,85639.0
18.3125,85644.0
18.314453125,85649.0
18.31640625,85636.0
18.318359375,85636.0
18.3203125,85649.0
18.322265625,85655.0
18.32421875,85674.0
18.326171875,85652.0
18.328125,85657.0
18.330078125,85675.0
18.33203125,85644.0
18.333984375,85621.0
18.3359375,85675.0
18.337890625,85655.0
18.33984375,85674.0
18.341796875,85669.0
18.34375,85642.0
18.345703125,85690.0
18.34765625,85689.0
18.349609375,85654.0
18.3515625,85662.0
18.353515625,85683.0
18.35546875,85699.0
18.357421875,85707.0
18.359375,85695.0
18.361328125,85711.0
18.36328125,85679.0
18.365234375,85686.0
18.3671875,85694.0
18.369140625,85700.0
18.37109375,85699.0
18.373046875,85710.0
18.375,85702.0
18.376953125,85732.0
18.37890625,85738.0
18.380859375,85745.0
18.3828125,85717.0
18.384765625,85737.0
18.38671875,85752.0
18.388671875,85735.0
18.390625,85751.0
18.392578125,85748.0
18.39453125,85745.0
18.396484375,85764.0
18.3984375,85766.0
18.400390625,85777.0
18.40234375,85794.0
18.404296875,85795.0
18.40625,85790.0
18.408203125,85829.0
18.41015625,85791.0
18.412109375,85823.0
18.4140625,85797.0
18.416015625,85789.0
18.41796875,85832.0
18.419921875,85811.0
18.421875,85827.0
18.423828125,85842.0
18.42578125,85859.0
18.427734375,85832.0
18.4296875,85840.0
18.431640625,85861.0
18.43359375,85852.0
18.435546875,85864.0
18.4375,85870.0
18.439453125,85856.0
18.44140625,85876.0
18.443359375,85873.0
18.4453125,85893.0
18.447265625,85872.0
18.44921875,85896.0
18.451171875,85905.0
18.453125,85894.0
18.455078125,85883.0
18.45703125,85905.0
18.458984375,85925.0
18.4609375,85897.0
18.462890625,85926.0
18.46484375,85920.0
18.466796875,85910.0
18.46875,85948.0
18.470703125,85937.0
18.47265625,85943.0
18.474609375,85939.0
18.4765625,85963.0
18.478515625,85954.0
18.48046875,85959.0
18.482421875,85966.0
18.484375,85983.0
18.486328125,85994.0
18.48828125,85980.0
18.490234375,85994.0
18.4921875,86004.0
18.494140625,85995.0
18.49609375,85992.0
18.498046875,85975.0
18.5,86021.0
18.501953125,86011.0
18.50390625,86019.0
18.505859375,86030.0
18.5078125,86055.0
18.509765625,86039.0
18.51171875,86065.0
18.513671875,86064.0
18.515625,86072.0
18.517578125,86076.0
18.51953125,86072.0
18.521484375,86086.0
18.5234375,86113.0
18.525390625,86103.0
18.52734375,86096.0
18.529296875,86141.0
18.53125,86149.0
18.533203125,86146.0
18.53515625,86140.0
18.537109375,86145.0
18.5390625,86177.0
18.541015625,86169.0
18.54296875,86175.0
18.544921875,86156.0
18.546875,86192.0
18.548828125,86214.0
18.55078125,86205.0
18.552734375,86215.0
18.5546875,86227.0
18.556640625,86214.0
18.55859375,86257.0
18.560546875,86278.0
18.5625,86247.0
18.564453125,86256.0
18.56640625,86286.0
18.568359375,86273.0
18.5703125,86270.0
18.572265625,86277.0
18.57421875,86287.0
18.576171875,86284.0
18.578125,86287.0
18.580078125,86298.0
18.58203125,86313.0
18.583984375,86306.0
18.5859375,86328.0
18.587890625,86317.0
18.58984375,86335.0
18.591796875,86355.0
18.59375,86364.0
18.595703125,86333.0
18.59765625,86361.0
18.599609375,86375.0
18.6015625,86381.0
18.603515625,86387.0
18.60546875,86374.0
18.607421875,86398.0
18.609375,86413.0
18.611328125,86405.0
18.61328125,86406.0
18.615234375,86399.0
18.6171875,86413.0
18.619140625,86420.0
18.62109375,86467.0
18.623046875,86464.0
18.625,86442.0
18.626953125,86477.0
18.62890625,86462.0
18.630859375,86487.0
18.6328125,86473.0
18.634765625,86463.0
18.63671875,86471.0
18.638671875,86467.0
18.640625,86481.0
18.642578125,86481.0
18.64453125,86484.0
18.646484375,86503.0
18.6484375,86501.0
18.650390625,86521.0
18.65234375,86513.0
18.654296875,86491.0
18.65625,86500.0
18.658203125,86490.0
18.66015625,86496.0
18.662109375,86492.0
18.6640625,86483.0
18.666015625,86507.0
18.66796875,86509.0
18.669921875,86457.0
18.671875,86486.0
18.673828125,86482.0
18.67578125,86442.0
18.677734375,86458.0
18.6796875,86431.0
18.681640625,86434.0
18.68359375,86411.0
18.685546875,86409.0
18.6875,86391.0
18.689453125,86380.0
18.69140625,86371.0
18.693359375,86334.0
18.6953125,86324.0
18.697265625,86273.0
18.69921875,86312.0
18.701171875,86243.0
18.703125,86254.0
18.705078125,86212.0
18.70703125,86206.0
18.708984375,86185.0
18.7109375,86156.0
18.712890625,86118.0
18.71484375,86118.0
18.716796875,86074.0
18.71875,86056.0
18.720703125,86033.0
18.72265625,86004.0
18.724609375,85954.0
18.7265625,85940.0
18.728515625,85934.0
18.73046875,85896.0
18.732421875,85858.0
18.734375,85842.0
18.736328125,85796.0
18.73828125,85750.0
18.740234375,85742.0
18.7421875,85711.0
18.744140625,85697.0
18.74609375,85686.0
18.748046875,85646.0
18.75,85632.0
18.751953125,85622.0
18.75390625,85573.0
18.755859375,85531.0
18.7578125,85530.0
18.759765625,85529.0
18.76171875,85495.0
18.763671875,85442.0
18.765625,85433.0
18.767578125,85435.0
18.76953125,85396.0
18.771484375,85385.0
18.7734375,85342.0
18.775390625,85340.0
18.77734375,85309.0
18.779296875,85314.0
18.78125,85287.0
18.783203125,85280.0
18.78515625,85267.0
18.787109375,85243.0
18.7890625,85231.0
18.791015625,85224.0
18.79296875,85213.0
18.794921875,85189.0
18.796875,85162.0
18.798828125,85147.0
18.80078125,85151.0
18.802734375,85126.0
18.8046875,85103.0
18.806640625,85132.0
18.80859375,85085.0
18.810546875,85087.0
18.8125,85073.0
18.814453125,85058.0
18.81640625,85040.0
18.818359375,85046.0
18.8203125,85057.0
18.822265625,85035.0
18.82421875,85041.0
18.826171875,85044.0
18.828125,85020.0
18.830078125,85018.0
18.83203125,85010.0
18.833984375,85012.0
18.8359375,84998.0
18.837890625,84976.0
18.83984375,84986.0
18.841796875,84977.0
18.84375,84998.0
18.845703125,84963.0
18.84765625,84959.0
18.849609375,84984.0
18.8515625,84994.0
18.853515625,84998.0
18.85546875,84972.0
18.857421875,84969.0
18.859375,84983.0
18.861328125,84970.0
18.86328125,84958.0
18.865234375,84990.0
18.8671875,85002.0
18.869140625,84994.0
18.87109375,84986.0
18.873046875,85022.0
18.875,85006.0
18.876953125,85010.0
18.87890625,84997.0
18.880859375,85009.0
18.8828125,85041.0
18.884765625,85043.0
18.88671875,85055.0
18.888671875,85064.0
18.890625,85086.0
18.892578125,85083.0
18.89453125,85070.0
18.896484375,85086.0
18.8984375,85077.0
18.900390625,85099.0
18.90234375,85121.0
18.904296875,85127.0
18.90625,85126.0
18.908203125,85149.0
18.91015625,85160.0
18.912109375,85175.0
18.9140625,85175.0
18.916015625,85169.0
18.91796875,85167.0
18.919921875,85196.0
18.921875,85180.0
18.923828125,85176.0
18.92578125,85200.0
18.927734375,85240.0
18.9296875,85206.0
18.931640625,85237.0
18.93359375,85236.0
18.935546875,85229.0
18.9375,85225.0
18.939453125,85254.0
18.94140625,85255.0
18.943359375,85253.0
18.9453125,85251.0
18.947265625,85266.0
18.94921875,85299.0
18.951171875,85261.0
18.953125,85268.0
18.955078125,85272.0
18.95703125,85277.0
18.958984375,85259.0
18.9609375,85294.0
18.962890625,85295.0
18.96484375,85289.0
18.966796875,85287.0
18.96875,85304.0
18.970703125,85295.0
18.97265625,85311.0
18.974609375,85288.0
18.9765625,85323.0
18.978515625,85317.0
18.98046875,85354.0
18.982421875,85347.0
18.984375,85313.0
18.986328125,85340.0
18.98828125,85335.0
18.990234375,85349.0
18.9921875,85333.0
18.994140625,85363.0
18.99609375,85356.0
18.998046875,85346.0
19.0,85347.0
19.001953125,85370.0
19.00390625,85370.0
19.005859375,85372.0
19.0078125,85370.0
19.009765625,85368.0
19.01171875,85392.0
19.013671875,85384.0
19.015625,85392.0
19.017578125,85359.0
19.01953125,85372.0
19.021484375,85385.0
19.0234375,85389.0
19.025390625,85416.0
19.02734375,85415.0
19.029296875,85417.0
19.03125,85424.0
19.033203125,85441.0
19.03515625,85426.0
19.037109375,85444.0
19.0390625,85434.0
19.041015625,85439.0
19.04296875,85430.0
19.044921875,85458.0
19.046875,85455.0
19.048828125,85469.0
19.05078125,85479.0
19.052734375,85494.0
19.0546875,85487.0
19.056640625,85486.0
19.05859375,85484.0
19.060546875,85486.0
19.0625,85492.0
19.064453125,85505.0
19.06640625,85498.0
19.068359375,85526.0
19.0703125,85533.0
19.072265625,85542.0
19.07421875,85548.0
19.076171875,85531.0
19.078125,85568.0
19.080078125,85549.0
19.08203125,85541.0
19.083984375,85576.0
19.0859375,85543.0
19.087890625,85588.0
19.08984375,85587.0
19.091796875,85621.0
19.09375,85615.0
19.095703125,85595.0
19.09765625,85608.0
19.099609375,85600.0
19.1015625,85649.0
19.103515625,85639.0
19.10546875,85640.0
19.107421875,85668.0
19.109375,85648.0
19.111328125,85677.0
19.11328125,85673.0
19.115234375,85708.0
19.1171875,85708.0
19.119140625,85739.0
19.12109375,85747.0
19.123046875,85751.0
19.125,85754.0
19.126953125,85768.0
19.12890625,85767.0
19.130859375,85767.0
19.1328125,85786.0
19.134765625,85772.0
19.13671875,85818.0
19.138671875,85801.0
19.140625,85813.0
19.142578125,85827.0
19.14453125,85841.0
19.146484375,85840.0
19.1484375,85835.0
19.150390625,85838.0
19.15234375,85860.0
19.154296875,85862.0
19.15625,85909.0
19.158203125,85875.0
19.16015625,85894.0
19.162109375,85909.0
19.1640625,85893.0
19.166015625,85951.0
19.16796875,85937.0
19.169921875,85941.0
19.171875,85943.0
19.173828125,85960.0
19.17578125,85980.0
19.177734375,85979.0
19.1796875,85983.0
19.181640625,85997.0
19.18359375,86014.0
19.185546875,86031.0
19.1875,86016.0
19.189453125,86027.0
19.19140625,86048.0
19.193359375,86070.0
19.1953125,86054.0
19.197265625,86070.0
19.19921875,86073.0
19.201171875,86107.0
19.203125,86087.0
19.205078125,86095.0
19.20703125,86112.0
19.208984375,86132.0
19.2109375,86134.0
19.212890625,86151.0
19.21484375,86152.0
19.216796875,86174.0
19.21875,86155.0
19.220703125,86160.0
19.22265625,86176.0
19.224609375,86209.0
19.2265625,86231.0
19.228515625,86217.0
19.23046875,86208.0
19.232421875,86214.0
19.234375,86258.0
19.236328125,86231.0
19.23828125,86257.0
19.240234375,86248.0
19.2421875,86269.0
19.244140625,86291.0
19.24609375,86277.0
19.248046875,86288.0
19.25,86289.0
19.251953125,86318.0
19.25390625,86324.0
19.255859375,86331.0
19.2578125,86310.0
19.259765625,86327.0
19.26171875,86342.0
19.263671875,86334.0
19.265625,86364.0
19.267578125,86364.0
19.26953125,86386.0
19.271484375,86384.0
19.2734375,86395.0
19.275390625,86421.0
19.27734375,86415.0
19.279296875,86417.0
19.28125,86405.0
19.283203125,86409.0
19.28515625,86436.0
19.287109375,86432.0
19.2890625,86458.0
19.291015625,86468.0
19.29296875,86477.0
19.294921875,86448.0
19.296875,86465.0
19.298828125,86475.0
19.30078125,86464.0
19.302734375,86475.0
19.3046875,86493.0
19.306640625,86509.0
19.30859375,86477.0
19.310546875,86507.0
19.3125,86505.0
19.314453125,86501.0
19.31640625,86508.0
19.318359375,86505.0
19.3203125,86503.0
19.322265625,86501.0
19.32421875,86478.0
19.326171875,86490.0
19.328125,86485.0
19.330078125,86510.0
19.33203125,86485.0
19.333984375,86456.0
19.3359375,86472.0
19.337890625,86466.0
19.33984375,86446.0
19.341796875,86428.0
19.34375,86422.0
19.345703125,86428.0
19.34765625,86401.0
19.349609375,86380.0
19.3515625,86371.0
19.353515625,86362.0
19.35546875,86348.0
19.357421875,86333.0
19.359375,86307.0
19.361328125,86302.0
19.36328125,86276.0
19.365234375,86256.0
19.3671875,86231.0
19.369140625,86234.0
19.37109375,86236.0
19.373046875,86196.0
19.375,86164.0
19.376953125,86119.0
19.37890625,86119.0
19.380859375,86090.0
19.3828125,86077.0
19.384765625,86041.0
19.38671875,86035.0
19.388671875,86004.0
19.390625,85990.0
19.392578125,85963.0
19.39453125,85951.0
19.396484375,85906.0
19.3984375,85897.0
19.400390625,85852.0
19.40234375,85871.0
19.404296875,85844.0
19.40625,85803.0
19.408203125,85791.0
19.41015625,85766.0
19.412109375,85762.0
19.4140625,85744.0
19.416015625,85730.0
19.41796875,85698.0
19.419921875,85671.0
19.421875,85662.0
19.423828125,85649.0
19.42578125,85625.0
19.427734375,85634.0
19.4296875,85617.0
19.431640625,85592.0
19.43359375,85584.0
19.435546875,85581.0
19.4375,85572.0
19.439453125,85555.0
19.44140625,85525.0
19.443359375,85521.0
19.4453125,85521.0
19.447265625,85507.0
19.44921875,85499.0
19.451171875,85488.0
19.453125,85462.0
19.455078125,85478.0
19.45703125,85462.0
19.458984375,85464.0
19.4609375,85436.0
19.462890625,85471.0
19.46484375,85438.0
19.466796875,85439.0
19.46875,85441.0
19.470703125,85418.0
19.47265625,85443.0
19.474609375,85439.0
19.4765625,85408.0
19.478515625,85421.0
19.48046875,85395.0
19.482421875,85390.0
19.484375,85386.0
19.486328125,85402.0
19.48828125,85414.0
19.490234375,85387.0
19.4921875,85378.0
19.494140625,85388.0
19.49609375,85420.0
19.498046875,85380.0
19.5,85372.0
19.501953125,85388.0
19.50390625,85405.0
19.505859375,85374.0
19.5078125,85405.0
19.509765625,85413.0
19.51171875,85391.0
19.513671875,85412.0
19.515625,85389.0
19.517578125,85418.0
19.51953125,85422.0
19.521484375,85418.0
19.5234375,85412.0
19.525390625,85428.0
19.52734375,85417.0
19.529296875,85428.0
19.53125,85442.0
19.533203125,85440.0
19.53515625,85441.0
19.537109375,85477.0
19.5390625,85475.0
19.541015625,85493.0
19.54296875,85500.0
19.544921875,85504.0
19.546875,85493.0
19.548828125,85523.0
19.55078125,85531.0
19.552734375,85547.0
19.5546875,85567.0
19.556640625,85544.0
19.55859375,85565.0
19.560546875,85572.0
19.5625,85592.0
19.564453125,85600.0
19.56640625,85585.0
19.568359375,85625.0
19.5703125,85616.0
19.572265625,85625.0
19.57421875,85672.0
19.576171875,85643.0
19.578125,85658.0
19.580078125,85649.0
19.58203125,85669.0
19.583984375,85695.0
19.5859375,85690.0
19.587890625,85709.0
19.58984375,85705.0
19.591796875,85744.0
19.59375,85743.0
19.595703125,85747.0
19.59765625,85757.0
19.599609375,85745.0
19.6015625,85754.0
19.603515625,85761.0
19.60546875,85786.0
19.607421875,85807.0
19.609375,85770.0
19.611328125,85775.0
19.61328125,85794.0
19.615234375,85796.0
19.6171875,85830.0
19.619140625,85801.0
19.62109375,85819.0
19.623046875,85835.0
19.625,85841.0
19.626953125,85855.0
19.62890625,85851.0
19.630859375,85837.0
19.6328125,85862.0
19.634765625,85872.0
19.63671875,85863.0
19.638671875,85890.0
19.640625,85881.0
19.642578125,85858.0
19.64453125,85885.0
19.646484375,85885.0
19.6484375,85890.0
19.650390625,85895.0
19.65234375,85927.0
19.654296875,85934.0
19.65625,85933.0
19.658203125,85944.0
19.66015625,85944.0
19.662109375,85958.0
19.6640625,85976.0
19.666015625,85948.0
19.66796875,85951.0
19.669921875,85963.0
19.671875,85983.0
19.673828125,86008.0
19.67578125,85990.0
19.677734375,85985.0
19.6796875,85987.0
19.681640625,86019.0
19.68359375,85996.0
19.685546875,86026.0
19.6875,86022.0
19.689453125,86058.0
19.69140625,86044.0
19.693359375,86048.0
19.6953125,86066.0
19.697265625,86065.0
19.69921875,86061.0
19.701171875,86052.0
19.703125,86059.0
19.705078125,86106.0
19.70703125,86106.0
19.708984375,86115.0
19.7109375,86117.0
19.712890625,86131.0
19.71484375,86148.0
19.716796875,86156.0
19.71875,86127.0
19.720703125,86159.0
19.72265625,86159.0
19.724609375,86172.0
19.7265625,86191.0
19.728515625,86189.0
19.73046875,86202.0
19.732421875,86217.0
19.734375,86250.0
19.736328125,86238.0
19.73828125,86240.0
19.740234375,86235.0
19.7421875,86276.0
19.744140625,86263.0
19.74609375,86253.0
19.748046875,86277.0
19.75,86304.0
19.751953125,86288.0
19.75390625,86316.0
19.755859375,86322.0
19.7578125,86343.0
19.759765625,86347.0
19.76171875,86332.0
19.763671875,86334.0
19.765625,86347.0
19.767578125,86355.0
19.76953125,86399.0
19.771484375,86375.0
19.7734375,86421.0
19.775390625,86404.0
19.77734375,86410.0
19.779296875,86428.0
19.78125,86390.0
19.783203125,86411.0
19.78515625,86474.0
19.787109375,86448.0
19.7890625,86466.0
19.791015625,86468.0
19.79296875,86483.0
19.794921875,86511.0
19.796875,86521.0
19.798828125,86515.0
19.80078125,86531.0
19.802734375,86522.0
19.8046875,86524.0
19.806640625,86557.0
19.80859375,86547.0
19.810546875,86548.0
19.8125,86595.0
19.814453125,86593.0
19.81640625,86589.0
19.818359375,86603.0
19.8203125,86620.0
19.822265625,86622.0
19.82421875,86634.0
19.826171875,86651.0
19.828125,86654.0
19.830078125,86678.0
19.83203125,86660.0
19.833984375,86675.0
19.8359375,86710.0
19.837890625,86697.0
19.83984375,86697.0
19.841796875,86697.0
19.84375,86701.0
19.845703125,86703.0
19.84765625,86719.0
19.849609375,86748.0
19.8515625,86752.0
19.853515625,86755.0
19.85546875,86756.0
19.857421875,86780.0
19.859375,86799.0
19.861328125,86806.0
19.86328125,86799.0
19.865234375,86822.0
19.8671875,86809.0
19.869140625,86822.0
19.87109375,86849.0
19.873046875,86854.0
19.875,86876.0
19.876953125,86871.0
19.87890625,86894.0
19.880859375,86899.0
19.8828125,86888.0
19.884765625,86903.0
19.88671875,86899.0
19.888671875,86916.0
19.890625,86937.0
19.892578125,86939.0
19.89453125,86938.0
19.896484375,86958.0
19.8984375,86958.0
19.900390625,86973.0
19.90234375,86970.0
19.904296875,86980.0
19.90625,86987.0
19.908203125,87005.0
19.91015625,87011.0
19.912109375,86989.0
19.9140625,87028.0
19.916015625,87028.0
19.91796875,87047.0
19.919921875,87035.0
19.921875,87054.0
19.923828125,87061.0
19.92578125,87050.0
19.927734375,87095.0
19.9296875,87087.0
19.931640625,87085.0
19.93359375,87082.0
19.935546875,87124.0
19.9375,87122.0
19.939453125,87121.0
19.94140625,87146.0
19.943359375,87114.0
19.9453125,87139.0
19.947265625,87152.0
19.94921875,87164.0
19.951171875,87167.0
19.953125,87199.0
19.955078125,87195.0
19.95703125,87178.0
19.958984375,87258.0
19.9609375,87229.0
19.962890625,87207.0
19.96484375,87215.0
19.966796875,87247.0
19.96875,87238.0
19.970703125,87272.0
19.97265625,87264.0
19.974609375,87258.0
19.9765625,87271.0
19.978515625,87296.0
19.98046875,87273.0
19.982421875,87307.0
19.984375,87301.0
19.986328125,87306.0
19.98828125,87308.0
19.990234375,87315.0
19.9921875,87332.0
19.994140625,87365.0
19.99609375,87323.0
19.998046875,87360.0
20.0,87339.0
20.001953125,87362.0
20.00390625,87365.0
20.005859375,87375.0
20.0078125,87390.0
20.009765625,87388.0
20.01171875,87396.0
20.013671875,87410.0
20.015625,87413.0
20.017578125,87424.0
20.01953125,87422.0
20.021484375,87440.0
20.0234375,87429.0
20.025390625,87454.0
20.02734375,87463.0
20.029296875,87478.0
20.03125,87479.0
20.033203125,87485.0
20.03515625,87495.0
20.037109375,87491.0
20.0390625,87488.0
20.041015625,87483.0
20.04296875,87499.0
20.044921875,87495.0
20.046875,87521.0
20.048828125,87524.0
20.05078125,87514.0
20.052734375,87538.0
20.0546875,87534.0
20.056640625,87540.0
20.05859375,87560.0
20.060546875,87523.0
20.0625,87521.0
20.064453125,87543.0
20.06640625,87522.0
20.068359375,87544.0
20.0703125,87532.0
20.072265625,87530.0
20.07421875,87531.0
20.076171875,87550.0
20.078125,87539.0
20.080078125,87533.0
20.08203125,87509.0
20.083984375,87535.0
20.0859375,87503.0
20.087890625,87501.0
20.08984375,87479.0
20.091796875,87467.0
20.09375,87447.0
20.095703125,87468.0
20.09765625,87447.0
20.099609375,87416.0
20.1015625,87390.0
20.103515625,87385.0
20.10546875,87378.0
20.107421875,87354.0
20.109375,87351.0
20.111328125,87339.0
20.11328125,87271.0
20.115234375,87305.0
20.1171875,87282.0
20.119140625,87249.0
20.12109375,87202.0
20.123046875,87207.0
20.125,87175.0
20.126953125,87194.0
20.12890625,87145.0
20.130859375,87149.0
20.1328125,87093.0
20.134765625,87089.0
20.13671875,87074.0
20.138671875,87049.0
20.140625,87014.0
20.142578125,87002.0
20.14453125,86989.0
20.146484375,86982.0
20.1484375,86964.0
20.150390625,86931.0
20.15234375,86927.0
20.154296875,86908.0
20.15625,86874.0
20.158203125,86891.0
20.16015625,86865.0
20.162109375,86856.0
20.1640625,86819.0
20.166015625,86832.0
20.16796875,86798.0
20.169921875,86797.0
20.171875,86783.0
20.173828125,86779.0
20.17578125,86725.0
20.177734375,86767.0
20.1796875,86725.0
20.181640625,86740.0
20.18359375,86735.0
20.185546875,86689.0
20.1875,86709.0
20.189453125,86685.0
20.19140625,86710.0
20.193359375,86698.0
20.1953125,86665.0
20.197265625,86683.0
20.19921875,86653.0
20.201171875,86646.0
20.203125,86644.0
20.205078125,86632.0
20.20703125,86615.0
20.208984375,86625.0
20.2109375,86606.0
20.212890625,86636.0
20.21484375,86609.0
20.216796875,86610.0
20.21875,86621.0
20.220703125,86592.0
20.22265625,86587.0
20.224609375,86600.0
20.2265625,86586.0
20.228515625,86574.0
20.23046875,86550.0
20.232421875,86576.0
20.234375,86568.0
20.236328125,86576.0
20.23828125,86578.0
20.240234375,86560.0
20.2421875,86570.0
20.244140625,86539.0
20.24609375,86569.0
20.248046875,86562.0
20.25,86536.0
20.251953125,86566.0
20.25390625,86567.0
20.255859375,86564.0
20.2578125,86550.0
20.259765625,86565.0
20.26171875,86547.0
20.263671875,86554.0
20.265625,86581.0
20.267578125,86556.0
20.26953125,86549.0
20.271484375,86566.0
20.2734375,86581.0
20.275390625,86582.0
20.27734375,86580.0
20.279296875,86578.0
20.28125,86582.0
20.283203125,86582.0
20.28515625,86582.0
20.287109375,86600.0
20.2890625,86597.0
20.291015625,86612.0
20.29296875,86635.0
20.294921875,86619.0
20.296875,86632.0
20.298828125,86643.0
20.30078125,86648.0
20.302734375,86646.0
20.3046875,86645.0
20.306640625,86649.0
20.30859375,86667.0
20.310546875,86677.0
20.3125,86669.0
20.314453125,86684.0
20.31640625,86702.0
20.318359375,86690.0
20.3203125,86700.0
20.322265625,86719.0
20.32421875,86711.0
20.326171875,86707.0
20.328125,86724.0
20.330078125,86725.0
20.33203125,86733.0
20.333984375,86748.0
20.3359375,86750.0
20.337890625,86754.0
20.33984375,86761.0
20.341796875,86777.0
20.34375,86772.0
20.345703125,86775.0
20.34765625,86775.0
20.349609375,86804.0
20.3515625,86788.0
20.353515625,86789.0
20.35546875,86804.0
20.357421875,86817.0
20.359375,86821.0
20.361328125,86823.0
20.36328125,86830.0
20.365234375,86833.0
20.3671875,86819.0
20.369140625,86851.0
20.37109375,86844.0
20.373046875,86828.0
20.375,86842.0
20.376953125,86851.0
20.37890625,86837.0
20.380859375,86855.0
20.3828125,86865.0
20.384765625,86864.0
20.38671875,86868.0
20.388671875,86860.0
20.390625,86844.0
20.392578125,86852.0
20.39453125,86860.0
20.396484375,86891.0
20.3984375,86889.0
20.400390625,86870.0
20.40234375,86883.0
20.404296875,86882.0
20.40625,86863.0
20.408203125,86890.0
20.41015625,86903.0
20.412109375,86901.0
20.4140625,86922.0
20.416015625,86910.0
20.41796875,86927.0
20.419921875,86925.0
20.421875,86921.0
20.423828125,86897.0
20.42578125,86922.0
20.427734375,86920.0
20.4296875,86959.0
20.431640625,86910.0
20.43359375,86925.0
20.435546875,86938.0
20.4375,86956.0
20.439453125,86935.0
20.44140625,86945.0
20.443359375,86935.0
20.4453125,86956.0
20.447265625,86951.0
20.44921875,86949.0
20.451171875,86962.0
20.453125,86959.0
20.455078125,86968.0
20.45703125,86977.0
20.458984375,86970.0
20.4609375,86987.0
20.462890625,86996.0
20.46484375,87007.0
20.466796875,87010.0
20.46875,87020.0
20.470703125,87006.0
20.47265625,87055.0
20.474609375,87027.0
20.4765625,87061.0
20.478515625,87045.0
20.48046875,87048.0
20.482421875,87061.0
20.484375,87047.0
20.486328125,87071.0
20.48828125,87069.0
20.490234375,87080.0
20.4921875,87077.0
20.494140625,87104.0
20.49609375,87104.0
20.498046875,87109.0
20.5,87127.0
20.501953125,87115.0
20.50390625,87110.0
20.505859375,87114.0
20.5078125,87128.0
20.509765625,87138.0
20.51171875,87143.0
20.513671875,87170.0
20.515625,87124.0
20.517578125,87160.0
20.51953125,87173.0
20.521484375,87201.0
20.5234375,87179.0
20.525390625,87189.0
20.52734375,87203.0
20.529296875,87195.0
20.53125,87202.0
20.533203125,87214.0
20.53515625,87216.0
20.537109375,87259.0
20.5390625,87251.0
20.541015625,87268.0
20.54296875,87274.0
20.544921875,87292.0
20.546875,87270.0
20.548828125,87282.0
20.55078125,87279.0
20.552734375,87292.0
20.5546875,87283.0
20.556640625,87304.0
20.55859375,87315.0
20.560546875,87337.0
20.5625,87326.0
20.564453125,87323.0
20.56640625,87336.0
20.568359375,87333.0
20.5703125,87358.0
20.572265625,87370.0
20.57421875,87358.0
20.576171875,87365.0
20.578125,87396.0
20.580078125,87401.0
20.58203125,87397.0
20.583984375,87400.0
20.5859375,87396.0
20.587890625,87420.0
20.58984375,87434.0
20.591796875,87437.0
20.59375,87440.0
20.595703125,87456.0
20.59765625,87461.0
20.599609375,87470.0
20.6015625,87486.0
20.603515625,87449.0
20.60546875,87476.0
20.607421875,87487.0
20.609375,87488.0
20.611328125,87517.0
20.61328125,87524.0
20.615234375,87510.0
20.6171875,87506.0
20.619140625,87545.0
20.62109375,87549.0
20.623046875,87533.0
20.625,87523.0
20.626953125,87541.0
20.62890625,87545.0
20.630859375,87541.0
20.6328125,87555.0
20.634765625,87557.0
20.63671875,87591.0
20.638671875,87570.0
20.640625,87600.0
20.642578125,87594.0
20.64453125,87594.0
20.646484375,87603.0
20.6484375,87603.0
20.650390625,87631.0
20.65234375,87620.0
20.654296875,87626.0
20.65625,87626.0
20.658203125,87645.0
20.66015625,87647.0
20.662109375,87651.0
20.6640625,87656.0
20.666015625,87673.0
20.66796875,87665.0
20.669921875,87692.0
20.671875,87669.0
20.673828125,87675.0
20.67578125,87678.0
20.677734375,87698.0
20.6796875,87726.0
20.681640625,87708.0
20.68359375,87708.0
20.685546875,87718.0
20.6875,87721.0
20.689453125,87733.0
20.69140625,87777.0
20.693359375,87780.0
20.6953125,87767.0
20.697265625,87793.0
20.69921875,87787.0
20.701171875,87789.0
20.703125,87817.0
20.705078125,87796.0
20.70703125,87790.0
20.708984375,87793.0
20.7109375,87833.0
20.712890625,87828.0
20.71484375,87844.0
20.716796875,87840.0
20.71875,87847.0
20.720703125,87862.0
20.72265625,87853.0
20.724609375,87841.0
20.7265625,87862.0
20.728515625,87865.0
20.73046875,87881.0
20.732421875,87864.0
20.734375,87906.0
20.736328125,87889.0
20.73828125,87889.0
20.740234375,87911.0
20.7421875,87907.0
20.744140625,87907.0
20.74609375,87933.0
20.748046875,87934.0
20.75,87937.0
20.751953125,87928.0
20.75390625,87948.0
20.755859375,87971.0
20.7578125,87956.0
20.759765625,87973.0
20.76171875,87949.0
20.763671875,87965.0
20.765625,87953.0
20.767578125,87975.0
20.76953125,88008.0
20.771484375,88003.0
20.7734375,88003.0
20.775390625,88003.0
20.77734375,87987.0
20.779296875,88033.0
20.78125,88014.0
20.783203125,88039.0
20.78515625,88016.0
20.787109375,88014.0
20.7890625,88047.0
20.791015625,88050.0
20.79296875,88063.0
20.794921875,88048.0
20.796875,88078.0
20.798828125,88074.0
20.80078125,88087.0
20.802734375,88089.0
20.8046875,88099.0
20.806640625,88101.0
20.80859375,88096.0
20.810546875,88134.0
20.8125,88109.0
20.814453125,88125.0
20.81640625,88125.0
20.818359375,88127.0
20.8203125,88153.0
20.822265625,88159.0
20.82421875,88155.0
20.826171875,88166.0
20.828125,88147.0
20.830078125,88162.0
20.83203125,88169.0
20.833984375,88161.0
20.8359375,88197.0
20.837890625,88187.0
20.83984375,88189.0
20.841796875,88198.0
20.84375,88180.0
20.845703125,88185.0
20.84765625,88189.0
20.849609375,88178.0
20.8515625,88181.0
20.853515625,88204.0
20.85546875,88177.0
20.857421875,88179.0
20.859375,88199.0
20.861328125,88174.0
20.86328125,88166.0
20.865234375,88139.0
20.8671875,88156.0
20.869140625,88148.0
20.87109375,88113.0
20.873046875,88096.0
20.875,88087.0
20.876953125,88084.0
20.87890625,88086.0
20.880859375,88077.0
20.8828125,88058.0
20.884765625,88024.0
20.88671875,88029.0
20.888671875,88010.0
20.890625,87973.0
20.892578125,87972.0
20.89453125,87954.0
20.896484375,87929.0
20.8984375,87922.0
20.900390625,87905.0
20.90234375,87887.0
20.904296875,87854.0
20.90625,87855.0
20.908203125,87827.0
20.91015625,87804.0
20.912109375,87777.0
20.9140625,87757.0
20.916015625,87749.0
20.91796875,87721.0
20.919921875,87702.0
20.921875,87709.0
20.923828125,87676.0
20.92578125,87658.0
20.927734375,87614.0
20.9296875,87619.0
20.931640625,87602.0
20.93359375,87565.0
20.935546875,87584.0
20.9375,87546.0
20.939453125,87534.0
20.94140625,87508.0
20.943359375,87511.0
20.9453125,87475.0
20.947265625,87435.0
20.94921875,87442.0
20.951171875,87431.0
20.953125,87422.0
20.955078125,87398.0
20.95703125,87376.0
20.958984375,87400.0
20.9609375,87379.0
20.962890625,87365.0
20.96484375,87344.0
20.966796875,87358.0
20.96875,87310.0
20.970703125,87331.0
20.97265625,87311.0
20.974609375,87317.0
20.9765625,87305.0
20.978515625,87303.0
20.98046875,87288.0
20.982421875,87282.0
20.984375,87279.0
20.986328125,87260.0
20.98828125,87247.0
20.990234375,87269.0
20.9921875,87257.0
20.994140625,87236.0
20.99609375,87249.0
20.998046875,87240.0
21.0,87241.0
21.001953125,87198.0
21.00390625,87205.0
21.005859375,87230.0
21.0078125,87194.0
21.009765625,87193.0
21.01171875,87194.0
21.013671875,87201.0
21.015625,87196.0
21.017578125,87183.0
21.01953125,87191.0
21.021484375,87178.0
21.0234375,87177.0
21.025390625,87207.0
21.02734375,87180.0
21.029296875,87159.0
21.03125,87157.0
21.033203125,87181.0
21.03515625,87137.0
21.037109375,87144.0
21.0390625,87143.0
21.041015625,87142.0
21.04296875,87158.0
21.044921875,87169.0
21.046875,87147.0
21.048828125,87158.0
21.05078125,87133.0
21.052734375,87155.0
21.0546875,87141.0
21.056640625,87162.0
21.05859375,87155.0
21.060546875,87149.0
21.0625,87159.0
21.064453125,87168.0
21.06640625,87149.0
21.068359375,87156.0
21.0703125,87150.0
21.072265625,87154.0
21.07421875,87161.0
21.076171875,87158.0
21.078125,87181.0
21.080078125,87174.0
21.08203125,87189.0
21.083984375,87206.0
21.0859375,87164.0
21.087890625,87188.0
21.08984375,87212.0
21.091796875,87207.0
21.09375,87191.0
21.095703125,87217.0
21.09765625,87230.0
21.099609375,87230.0
21.1015625,87239.0
21.103515625,87245.0
21.10546875,87230.0
21.107421875,87216.0
21.109375,87270.0
21.111328125,87243.0
21.11328125,87253.0
21.115234375,87244.0
21.1171875,87269.0
21.119140625,87277.0
21.12109375,87275.0
21.123046875,87277.0
21.125,87280.0
21.126953125,87277.0
21.12890625,87272.0
21.130859375,87277.0
21.1328125,87282.0
21.134765625,87282.0
21.13671875,87312.0
21.138671875,87303.0
21.140625,87296.0
21.142578125,87288.0
21.14453125,87318.0
21.146484375,87320.0
21.1484375,87323.0
21.150390625,87328.0
21.15234375,87330.0
21.154296875,87299.0
21.15625,87308.0
21.158203125,87316.0
21.16015625,87324.0
21.162109375,87338.0
21.1640625,87341.0
21.166015625,87342.0
21.16796875,87331.0
21.169921875,87331.0
21.171875,87361.0
21.173828125,87330.0
21.17578125,87343.0
21.177734375,87352.0
21.1796875,87351.0
21.181640625,87349.0
21.18359375,87354.0
21.185546875,87355.0
21.1875,87361.0
21.189453125,87355.0
21.19140625,87357.0
21.193359375,87369.0
21.1953125,87363.0
21.197265625,87382.0
21.19921875,87353.0
21.201171875,87362.0
21.203125,87367.0
21.205078125,87376.0
21.20703125,87376.0
21.208984375,87379.0
21.2109375,87366.0
21.212890625,87391.0
21.21484375,87402.0
21.216796875,87407.0
21.21875,87378.0
21.220703125,87407.0
21.22265625,87392.0
21.224609375,87407.0
21.2265625,87405.0
21.228515625,87416.0
21.23046875,87390.0
21.232421875,87413.0
21.234375,87409.0
21.236328125,87416.0
21.23828125,87431.0
21.240234375,87425.0
21.2421875,87426.0
21.244140625,87449.0
21.24609375,87439.0
21.248046875,87434.0
21.25,87424.0
21.251953125,87452.0
21.25390625,87426.0
21.255859375,87472.0
21.2578125,87464.0
21.259765625,87478.0
21.26171875,87464.0
21.263671875,87479.0
21.265625,87465.0
21.267578125,87452.0
21.26953125,87464.0
21.271484375,87500.0
21.2734375,87486.0
21.275390625,87512.0
21.27734375,87488.0
21.279296875,87508.0
21.28125,87536.0
21.283203125,87511.0
21.28515625,87540.0
21.287109375,87521.0
21.2890625,87511.0
21.291015625,87542.0
21.29296875,87541.0
21.294921875,87511.0
21.296875,87526.0
21.298828125,87576.0
21.30078125,87553.0
21.302734375,87571.0
21.3046875,87565.0
21.306640625,87577.0
21.30859375,87572.0
21.310546875,87574.0
21.3125,87603.0
21.314453125,87581.0
21.31640625,87615.0
21.318359375,87607.0
21.3203125,87609.0
21.322265625,87608.0
21.32421875,87624.0
21.326171875,87633.0
21.328125,87630.0
21.330078125,87647.0
21.33203125,87616.0
21.333984375,87641.0
21.3359375,87664.0
21.337890625,87645.0
21.33984375,87660.0
21.341796875,87672.0
21.34375,87686.0
21.345703125,87680.0
21.34765625,87689.0
21.349609375,87687.0
21.3515625,87696.0
21.353515625,87716.0
21.35546875,87701.0
21.357421875,87685.0
21.359375,87706.0
21.361328125,87722.0
21.36328125,87716.0
21.365234375,87732.0
21.3671875,87738.0
21.369140625,87745.0
21.37109375,87737.0
21.373046875,87748.0
21.375,87753.0
21.376953125,87775.0
21.37890625,87767.0
21.380859375,87771.0
21.3828125,87780.0
21.384765625,87780.0
21.38671875,87798.0
21.388671875,87791.0
21.390625,87799.0
21.392578125,87810.0
21.39453125,87826.0
21.396484375,87802.0
21.3984375,87828.0
21.400390625,87840.0
21.40234375,87836.0
21.404296875,87830.0
21.40625,87832.0
21.408203125,87860.0
21.41015625,87836.0
21.412109375,87854.0
21.4140625,87865.0
21.416015625,87821.0
21.41796875,87864.0
21.419921875,87876.0
21.421875,87876.0
21.423828125,87895.0
21.42578125,87895.0
21.427734375,87902.0
21.4296875,87877.0
21.431640625,87894.0
21.43359375,87904.0
21.435546875,87896.0
21.4375,87907.0
21.439453125,87930.0
21.44140625,87922.0
21.443359375,87938.0
21.4453125,87929.0
21.447265625,87960.0
21.44921875,87934.0
21.451171875,87953.0
21.453125,87982.0
21.455078125,87973.0
21.45703125,87982.0
21.458984375,87984.0
21.4609375,87987.0
21.462890625,87989.0
21.46484375,87978.0
21.466796875,88001.0
21.46875,87983.0
21.470703125,88017.0
21.47265625,87974.0
21.474609375,88014.0
21.4765625,88026.0
21.478515625,88023.0
21.48046875,88001.0
21.482421875,88038.0
21.484375,88035.0
21.486328125,88022.0
21.48828125,88048.0
21.490234375,88061.0
21.4921875,88070.0
21.494140625,88064.0
21.49609375,88046.0
21.498046875,88088.0
21.5,88088.0
21.501953125,88089.0
21.50390625,88092.0
21.505859375,88092.0
21.5078125,88109.0
21.509765625,88096.0
21.51171875,88069.0
21.513671875,88098.0
21.515625,88109.0
21.517578125,88079.0
21.51953125,88114.0
21.521484375,88131.0
21.5234375,88154.0
21.525390625,88140.0
21.52734375,88149.0
21.529296875,88142.0
21.53125,88152.0
21.533203125,88140.0
21.53515625,88164.0
21.537109375,88164.0
21.5390625,88167.0
21.541015625,88195.0
21.54296875,88190.0
21.544921875,88180.0
21.546875,88185.0
21.548828125,88182.0
21.55078125,88183.0
21.552734375,88206.0
21.5546875,88215.0
21.556640625,88240.0
21.55859375,88223.0
21.560546875,88226.0
21.5625,88233.0
21.564453125,88240.0
21.56640625,88241.0
21.568359375,88233.0
21.5703125,88219.0
21.572265625,88255.0
21.57421875,88263.0
21.576171875,88245.0
21.578125,88262.0
21.580078125,88288.0
21.58203125,88274.0
21.583984375,88290.0
21.5859375,88291.0
21.587890625,88305.0
21.58984375,88280.0
21.591796875,88282.0
21.59375,88305.0
21.595703125,88336.0
21.59765625,88315.0
21.599609375,88340.0
21.6015625,88350.0
21.603515625,88351.0
21.60546875,88321.0
21.607421875,88357.0
21.609375,88337.0
21.611328125,88341.0
21.61328125,88323.0
21.615234375,88339.0
21.6171875,88359.0
21.619140625,88334.0
21.62109375,88371.0
21.623046875,88382.0
21.625,88358.0
21.626953125,88385.0
21.62890625,88384.0
21.630859375,88370.0
21.6328125,88367.0
21.634765625,88373.0
21.63671875,88367.0
21.638671875,88403.0
21.640625,88379.0
21.642578125,88392.0
21.64453125,88387.0
21.646484375,88379.0
21.6484375,88377.0
21.650390625,88356.0
21.65234375,88358.0
21.654296875,88340.0
21.65625,88354.0
21.658203125,88344.0
21.66015625,88334.0
21.662109375,88305.0
21.6640625,88292.0
21.666015625,88316.0
21.66796875,88296.0
21.669921875,88269.0
21.671875,88284.0
21.673828125,88247.0
21.67578125,88231.0
21.677734375,88200.0
21.6796875,88187.0
21.681640625,88181.0
21.68359375,88155.0
21.685546875,88148.0
21.6875,88119.0
21.689453125,88120.0
21.69140625,88086.0
21.693359375,88041.0
21.6953125,88054.0
21.697265625,88024.0
21.69921875,87990.0
21.701171875,87975.0
21.703125,87962.0
21.705078125,87926.0
21.70703125,87903.0
21.708984375,87899.0
21.7109375,87867.0
21.712890625,87815.0
21.71484375,87818.0
21.716796875,87793.0
21.71875,87800.0
21.720703125,87735.0
21.72265625,87712.0
21.724609375,87709.0
21.7265625,87679.0
21.728515625,87690.0
21.73046875,87651.0
21.732421875,87630.0
21.734375,87621.0
21.736328125,87618.0
21.73828125,87591.0
21.740234375,87557.0
21.7421875,87553.0
21.744140625,87521.0
21.74609375,87529.0
21.748046875,87514.0
21.75,87476.0
21.751953125,87496.0
21.75390625,87455.0
21.755859375,87446.0
21.7578125,87429.0
21.759765625,87419.0
21.76171875,87421.0
21.763671875,87393.0
21.765625,87391.0
21.767578125,87364.0
21.76953125,87362.0
21.771484375,87358.0
21.7734375,87339.0
21.775390625,87353.0
21.77734375,87308.0
21.779296875,87340.0
21.78125,87298.0
21.783203125,87286.0
21.78515625,87297.0
21.787109375,87270.0
21.7890625,87285.0
21.791015625,87298.0
21.79296875,87264.0
21.794921875,87224.0
21.796875,87245.0
21.798828125,87261.0
21.80078125,87232.0
21.802734375,87228.0
21.8046875,87216.0
21.806640625,87214.0
21.80859375,87203.0
21.810546875,87209.0
21.8125,87176.0
21.814453125,87175.0
21.81640625,87183.0
21.818359375,87191.0
21.8203125,87180.0
21.822265625,87175.0
21.82421875,87171.0
21.826171875,87193.0
21.828125,87164.0
21.830078125,87141.0
21.83203125,87153.0
21.833984375,87142.0
21.8359375,87141.0
21.837890625,87133.0
21.83984375,87122.0
21.841796875,87144.0
21.84375,87134.0
21.845703125,87135.0
21.84765625,87131.0
21.849609375,87113.0
21.8515625,87136.0
21.853515625,87121.0
21.85546875,87125.0
21.857421875,87144.0
21.859375,87129.0
21.861328125,87123.0
21.86328125,87099.0
21.865234375,87139.0
21.8671875,87127.0
21.869140625,87132.0
21.87109375,87120.0
21.873046875,87150.0
21.875,87126.0
21.876953125,87152.0
21.87890625,87143.0
21.880859375,87151.0
21.8828125,87190.0
21.884765625,87158.0
21.88671875,87172.0
21.888671875,87186.0
21.890625,87150.0
21.892578125,87166.0
21.89453125,87160.0
21.896484375,87189.0
21.8984375,87197.0
21.900390625,87200.0
21.90234375,87198.0
21.904296875,87204.0
21.90625,87218.0
21.908203125,87242.0
21.91015625,87224.0
21.912109375,87212.0
21.9140625,87219.0
21.916015625,87215.0
21.91796875,87245.0
21.919921875,87238.0
21.921875,87243.0
21.923828125,87241.0
21.92578125,87240.0
21.927734375,87228.0
21.9296875,87227.0
21.931640625,87247.0
21.93359375,87236.0
21.935546875,87242.0
21.9375,87217.0
21.939453125,87267.0
21.94140625,87272.0
21.943359375,87258.0
21.9453125,87256.0
21.947265625,87259.0
21.94921875,87283.0
21.951171875,87245.0
21.953125,87282.0
21.955078125,87252.0
21.95703125,87267.0
21.958984375,87274.0
21.9609375,87261.0
21.962890625,87258.0
21.96484375,87296.0
21.966796875,87260.0
21.96875,87278.0
21.970703125,87276.0
21.97265625,87274.0
21.974609375,87255.0
21.9765625,87276.0
21.978515625,87276.0
21.98046875,87290.0
21.982421875,87281.0
21.984375,87282.0
21.986328125,87279.0
21.98828125,87309.0
21.990234375,87302.0
21.9921875,87299.0
21.994140625,87249.0
21.99609375,87283.0
21.998046875,87283.0
22.0,87312.0
22.001953125,87297.0
22.00390625,87285.0
22.005859375,87319.0
22.0078125,87316.0
22.009765625,87323.0
22.01171875,87301.0
22.013671875,87315.0
22.015625,87323.0
22.017578125,87292.0
22.01953125,87323.0
22.021484375,87324.0
22.0234375,87318.0
22.025390625,87312.0
22.02734375,87322.0
22.029296875,87327.0
22.03125,87336.0
22.033203125,87343.0
22.03515625,87328.0
22.037109375,87339.0
22.0390625,87313.0
22.041015625,87309.0
22.04296875,87324.0
22.044921875,87351.0
22.046875,87343.0
22.048828125,87370.0
22.05078125,87348.0
22.052734375,87329.0
22.0546875,87350.0
22.056640625,87365.0
22.05859375,87325.0
22.060546875,87364.0
22.0625,87365.0
22.064453125,87378.0
22.06640625,87370.0
22.068359375,87391.0
22.0703125,87392.0
22.072265625,87378.0
22.07421875,87393.0
22.076171875,87397.0
22.078125,87416.0
22.080078125,87421.0
22.08203125,87437.0
22.083984375,87419.0
22.0859375,87421.0
22.087890625,87427.0
22.08984375,87445.0
22.091796875,87466.0
22.09375,87436.0
22.095703125,87427.0
22.09765625,87459.0
22.099609375,87470.0
22.1015625,87470.0
22.103515625,87470.0
22.10546875,87469.0
22.107421875,87483.0
22.109375,87482.0
22.111328125,87501.0
22.11328125,87497.0
22.115234375,87507.0
22.1171875,87489.0
22.119140625,87497.0
22.12109375,87507.0
22.123046875,87522.0
22.125,87522.0
22.126953125,87517.0
22.12890625,87547.0
22.130859375,87522.0
22.1328125,87521.0
22.134765625,87536.0
22.13671875,87534.0
22.138671875,87547.0
22.140625,87569.0
22.142578125,87572.0
22.14453125,87569.0
22.146484375,87558.0
22.1484375,87565.0
22.150390625,87577.0
22.15234375,87590.0
22.154296875,87558.0
22.15625,87598.0
22.158203125,87600.0
22.16015625,87592.0
22.162109375,87622.0
22.1640625,87607.0
22.166015625,87629.0
22.16796875,87629.0
22.169921875,87640.0
22.171875,87658.0
22.173828125,87630.0
22.17578125,87623.0
22.177734375,87653.0
22.1796875,87660.0
22.181640625,87664.0
22.18359375,87658.0
22.185546875,87675.0
22.1875,87680.0
22.189453125,87685.0
22.19140625,87694.0
22.193359375,87686.0
22.1953125,87697.0
22.197265625,87706.0
22.19921875,87728.0
22.201171875,87700.0
22.203125,87713.0
22.205078125,87720.0
22.20703125,87717.0
22.208984375,87733.0
22.2109375,87725.0
22.212890625,87737.0
22.21484375,87758.0
22.216796875,87743.0
22.21875,87745.0
22.220703125,87753.0
22.22265625,87757.0
22.224609375,87759.0
22.2265625,87784.0
22.228515625,87786.0
22.23046875,87777.0
22.232421875,87780.0
22.234375,87780.0
22.236328125,87801.0
22.23828125,87800.0
22.240234375,87805.0
22.2421875,87830.0
22.244140625,87840.0
22.24609375,87834.0
22.248046875,87867.0
22.25,87851.0
22.251953125,87841.0
22.25390625,87860.0
22.255859375,87861.0
22.2578125,87882.0
22.259765625,87894.0
22.26171875,87893.0
22.263671875,87880.0
22.265625,87889.0
22.267578125,87909.0
22.26953125,87929.0
22.271484375,87897.0
22.2734375,87906.0
22.275390625,87913.0
22.27734375,87943.0
22.279296875,87911.0
22.28125,87943.0
22.283203125,87949.0
22.28515625,87971.0
22.287109375,87967.0
22.2890625,87967.0
22.291015625,87982.0
22.29296875,87967.0
22.294921875,87980.0
22.296875,87981.0
22.298828125,87990.0
22.30078125,87976.0
22.302734375,88022.0
22.3046875,88020.0
22.306640625,88028.0
22.30859375,88030.0
22.310546875,88021.0
22.3125,88034.0
22.314453125,88076.0
22.31640625,88046.0
22.318359375,88051.0
22.3203125,88051.0
22.322265625,88096.0
22.32421875,88060.0
22.326171875,88083.0
22.328125,88067.0
22.330078125,88098.0
22.33203125,88127.0
22.333984375,88115.0
22.3359375,88099.0
22.337890625,88141.0
22.33984375,88145.0
22.341796875,88158.0
22.34375,88138.0
22.345703125,88168.0
22.34765625,88167.0
22.349609375,88186.0
22.3515625,88211.0
22.353515625,88210.0
22.35546875,88193.0
22.357421875,88187.0
22.359375,88234.0
22.361328125,88220.0
22.36328125,88226.0
22.365234375,88218.0
22.3671875,88236.0
22.369140625,88227.0
22.37109375,88244.0
22.373046875,88259.0
22.375,88284.0
22.376953125,88242.0
22.37890625,88258.0
22.380859375,88276.0
22.3828125,88268.0
22.384765625,88298.0
22.38671875,88282.0
22.388671875,88322.0
22.390625,88290.0
22.392578125,88311.0
22.39453125,88304.0
22.396484375,88318.0
22.3984375,88336.0
22.400390625,88328.0
22.40234375,88325.0
22.404296875,88359.0
22.40625,88344.0
22.408203125,88349.0
22.41015625,88390.0
22.412109375,88355.0
22.4140625,88373.0
22.416015625,88374.0
22.41796875,88366.0
22.419921875,88378.0
22.421875,88379.0
22.423828125,88368.0
22.42578125,88378.0
22.427734375,88402.0
22.4296875,88383.0
22.431640625,88386.0
22.43359375,88381.0
22.435546875,88392.0
22.4375,88379.0
22.439453125,88395.0
22.44140625,88375.0
22.443359375,88349.0
22.4453125,88381.0
22.447265625,88366.0
22.44921875,88343.0
22.451171875,88334.0
22.453125,88330.0
22.455078125,88320.0
22.45703125,88282.0
22.458984375,88307.0
22.4609375,88284.0
22.462890625,88273.0
22.46484375,88258.0
22.466796875,88250.0
22.46875,88220.0
22.470703125,88208.0
22.47265625,88175.0
22.474609375,88169.0
22.4765625,88179.0
22.478515625,88114.0
22.48046875,88116.0
22.482421875,88083.0
22.484375,88064.0
22.486328125,88059.0
22.48828125,88035.0
22.490234375,88007.0
22.4921875,88011.0
22.494140625,87958.0
22.49609375,87957.0
22.498046875,87927.0
22.5,87910.0
22.501953125,87871.0
22.50390625,87913.0
22.505859375,87873.0
22.5078125,87825.0
22.509765625,87818.0
22.51171875,87801.0
22.513671875,87780.0
22.515625,87789.0
22.517578125,87766.0
22.51953125,87732.0
22.521484375,87723.0
22.5234375,87703.0
22.525390625,87711.0
22.52734375,87672.0
22.529296875,87680.0
22.53125,87647.0
22.533203125,87643.0
22.53515625,87621.0
22.537109375,87602.0
22.5390625,87597.0
22.541015625,87608.0
22.54296875,87573.0
22.544921875,87585.0
22.546875,87537.0
22.548828125,87538.0
22.55078125,87523.0
22.552734375,87538.0
22.5546875,87511.0
22.556640625,87509.0
22.55859375,87533.0
22.560546875,87495.0
22.5625,87466.0
22.564453125,87514.0
22.56640625,87468.0
22.568359375,87501.0
22.5703125,87465.0
22.572265625,87465.0
22.57421875,87456.0
22.576171875,87433.0
22.578125,87432.0
22.580078125,87445.0
22.58203125,87411.0
22.583984375,87460.0
22.5859375,87438.0
22.587890625,87414.0
22.58984375,87435.0
22.591796875,87411.0
22.59375,87394.0
22.595703125,87392.0
22.59765625,87381.0
22.599609375,87383.0
22.6015625,87383.0
22.603515625,87379.0
22.60546875,87383.0
22.607421875,87346.0
22.609375,87383.0
22.611328125,87397.0
22.61328125,87386.0
22.615234375,87361.0
22.6171875,87347.0
22.619140625,87350.0
22.62109375,87358.0
22.623046875,87356.0
22.625,87350.0
22.626953125,87356.0
22.62890625,87372.0
22.630859375,87359.0
22.6328125,87365.0
22.634765625,87354.0
22.63671875,87395.0
22.638671875,87348.0
22.640625,87358.0
22.642578125,87350.0
22.64453125,87337.0
22.646484375,87369.0
22.6484375,87346.0
22.650390625,87377.0
22.65234375,87365.0
22.654296875,87370.0
22.65625,87365.0
22.658203125,87353.0
22.66015625,87358.0
22.662109375,87387.0
22.6640625,87374.0
22.666015625,87386.0
22.66796875,87369.0
22.669921875,87391.0
22.671875,87368.0
22.673828125,87397.0
22.67578125,87387.0
22.677734375,87374.0
22.6796875,87397.0
22.681640625,87405.0
22.68359375,87400.0
22.685546875,87429.0
22.6875,87420.0
22.689453125,87439.0
22.69140625,87415.0
22.693359375,87449.0
22.6953125,87435.0
22.697265625,87434.0
22.69921875,87434.0
22.701171875,87442.0
22.703125,87440.0
22.705078125,87450.0
22.70703125,87456.0
22.708984375,87455.0
22.7109375,87491.0
22.712890625,87478.0
22.71484375,87449.0
22.716796875,87488.0
22.71875,87478.0
22.720703125,87480.0
22.72265625,87457.0
22.724609375,87473.0
22.7265625,87481.0
22.728515625,87476.0
22.73046875,87493.0
22.732421875,87496.0
22.734375,87497.0
22.736328125,87488.0
22.73828125,87485.0
22.740234375,87498.0
22.7421875,87475.0
22.744140625,87500.0
22.74609375,87509.0
22.748046875,87512.0
22.75,87501.0
22.751953125,87503.0
22.75390625,87502.0
22.755859375,87494.0
22.7578125,87501.0
22.759765625,87482.0
22.76171875,87517.0
22.763671875,87503.0
22.765625,87504.0
22.767578125,87510.0
22.76953125,87511.0
22.771484375,87510.0
22.7734375,87533.0
22.775390625,87529.0
22.77734375,87516.0
22.779296875,87523.0
22.78125,87522.0
22.783203125,87525.0
22.78515625,87526.0
22.787109375,87513.0
22.7890625,87498.0
22.791015625,87502.0
22.79296875,87528.0
22.794921875,87523.0
22.796875,87505.0
22.798828125,87525.0
22.80078125,87509.0
22.802734375,87533.0
22.8046875,87521.0
22.806640625,87536.0
22.80859375,87525.0
22.810546875,87526.0
22.8125,87511.0
22.814453125,87554.0
22.81640625,87551.0
22.818359375,87545.0
22.8203125,87528.0
22.822265625,87530.0
22.82421875,87559.0
22.826171875,87563.0
22.828125,87559.0
22.830078125,87563.0
22.83203125,87555.0
22.833984375,87578.0
22.8359375,87596.0
22.837890625,87587.0
22.83984375,87586.0
22.841796875,87582.0
22.84375,87576.0
22.845703125,87598.0
22.84765625,87610.0
22.849609375,87623.0
22.8515625,87623.0
22.853515625,87633.0
22.85546875,87608.0
22.857421875,87618.0
22.859375,87595.0
22.861328125,87623.0
22.86328125,87654.0
22.865234375,87653.0
22.8671875,87635.0
22.869140625,87651.0
22.87109375,87662.0
22.873046875,87666.0
22.875,87663.0
22.876953125,87657.0
22.87890625,87668.0
22.880859375,87659.0
22.8828125,87646.0
22.884765625,87648.0
22.88671875,87690.0
22.888671875,87689.0
22.890625,87706.0
22.892578125,87718.0
22.89453125,87695.0
22.896484375,87724.0
22.8984375,87688.0
22.900390625,87716.0
22.90234375,87732.0
22.904296875,87723.0
22.90625,87728.0
22.908203125,87732.0
22.91015625,87758.0
22.912109375,87776.0
22.9140625,87747.0
22.916015625,87763.0
22.91796875,87767.0
22.919921875,87772.0
22.921875,87771.0
22.923828125,87768.0
22.92578125,87790.0
22.927734375,87786.0
22.9296875,87798.0
22.931640625,87802.0
22.93359375,87820.0
22.935546875,87807.0
22.9375,87817.0
22.939453125,87807.0
22.94140625,87824.0
22.943359375,87815.0
22.9453125,87830.0
22.947265625,87832.0
22.94921875,87860.0
22.951171875,87877.0
22.953125,87886.0
22.955078125,87858.0
22.95703125,87877.0
22.958984375,87875.0
22.9609375,87871.0
22.962890625,87879.0
22.96484375,87879.0
22.966796875,87888.0
22.96875,87906.0
22.970703125,87897.0
22.97265625,87877.0
22.974609375,87904.0
22.9765625,87912.0
22.978515625,87918.0
22.98046875,87915.0
22.982421875,87928.0
22.984375,87933.0
22.986328125,87921.0
22.98828125,87927.0
22.990234375,87950.0
22.9921875,87959.0
22.994140625,87966.0
22.99609375,87976.0
22.998046875,87973.0
23.0,87978.0
23.001953125,87951.0
23.00390625,87972.0
23.005859375,87995.0
23.0078125,88001.0
23.009765625,87994.0
23.01171875,87998.0
23.013671875,88009.0
23.015625,88009.0
23.017578125,88032.0
23.01953125,87983.0
23.021484375,88011.0
23.0234375,88012.0
23.025390625,88030.0
23.02734375,88042.0
23.029296875,88067.0
23.03125,88064.0
23.033203125,88067.0
23.03515625,88073.0
23.037109375,88059.0
23.0390625,88082.0
23.041015625,88053.0
23.04296875,88048.0
23.044921875,88083.0
23.046875,88084.0
23.048828125,88112.0
23.05078125,88093.0
23.052734375,88072.0
23.0546875,88124.0
23.056640625,88108.0
23.05859375,88108.0
23.060546875,88126.0
23.0625,88114.0
23.064453125,88110.0
23.06640625,88127.0
23.068359375,88128.0
23.0703125,88138.0
23.072265625,88166.0
23.07421875,88166.0
23.076171875,88156.0
23.078125,88132.0
23.080078125,88184.0
23.08203125,88175.0
23.083984375,88173.0
23.0859375,88170.0
23.087890625,88180.0
23.08984375,88198.0
23.091796875,88178.0
23.09375,88202.0
23.095703125,88192.0
23.09765625,88199.0
23.099609375,88208.0
23.1015625,88211.0
23.103515625,88216.0
23.10546875,88220.0
23.107421875,88232.0
23.109375,88255.0
23.111328125,88267.0
23.11328125,88269.0
23.115234375,88284.0
23.1171875,88273.0
23.119140625,88260.0
23.12109375,88260.0
23.123046875,88258.0
23.125,88270.0
23.126953125,88294.0
23.12890625,88292.0
23.130859375,88314.0
23.1328125,88315.0
23.134765625,88312.0
23.13671875,88332.0
23.138671875,88318.0
23.140625,88341.0
23.142578125,88351.0
23.14453125,88334.0
23.146484375,88340.0
23.1484375,88347.0
23.150390625,88351.0
23.15234375,88363.0
23.154296875,88362.0
23.15625,88368.0
23.158203125,88357.0
23.16015625,88384.0
23.162109375,88379.0
23.1640625,88388.0
23.166015625,88385.0
23.16796875,88401.0
23.169921875,88398.0
23.171875,88384.0
23.173828125,88402.0
23.17578125,88392.0
23.177734375,88394.0
23.1796875,88409.0
23.181640625,88405.0
23.18359375,88405.0
23.185546875,88429.0
23.1875,88434.0
23.189453125,88434.0
23.19140625,88433.0
23.193359375,88447.0
23.1953125,88434.0
23.197265625,88438.0
23.19921875,88437.0
23.201171875,88428.0
23.203125,88447.0
23.205078125,88462.0
23.20703125,88466.0
23.208984375,88443.0
23.2109375,88422.0
23.212890625,88474.0
23.21484375,88441.0
23.216796875,88455.0
23.21875,88449.0
23.220703125,88455.0
23.22265625,88430.0
23.224609375,88441.0
23.2265625,88434.0
23.228515625,88421.0
23.23046875,88421.0
23.232421875,88421.0
23.234375,88378.0
23.236328125,88373.0
23.23828125,88365.0
23.240234375,88343.0
23.2421875,88343.0
23.244140625,88356.0
23.24609375,88324.0
23.248046875,88314.0
23.25,88299.0
23.251953125,88279.0
23.25390625,88271.0
23.255859375,88236.0
23.2578125,88202.0
23.259765625,88205.0
23.26171875,88176.0
23.263671875,88174.0
23.265625,88150.0
23.267578125,88155.0
23.26953125,88113.0
23.271484375,88115.0
23.2734375,88094.0
23.275390625,88064.0
23.27734375,88059.0
23.279296875,88006.0
23.28125,88016.0
23.283203125,87980.0
23.28515625,87959.0
23.287109375,87924.0
23.2890625,87901.0
23.291015625,87923.0
23.29296875,87918.0
23.294921875,87879.0
23.296875,87866.0
23.298828125,87866.0
23.30078125,87829.0
23.302734375,87825.0
23.3046875,87778.0
23.306640625,87765.0
23.30859375,87771.0
23.310546875,87762.0
23.3125,87751.0
23.314453125,87729.0
23.31640625,87707.0
23.318359375,87683.0
23.3203125,87694.0
23.322265625,87676.0
23.32421875,87677.0
23.326171875,87669.0
23.328125,87645.0
23.330078125,87643.0
23.33203125,87615.0
23.333984375,87603.0
23.3359375,87593.0
23.337890625,87583.0
23.33984375,87577.0
23.341796875,87559.0
23.34375,87564.0
23.345703125,87548.0
23.34765625,87525.0
23.349609375,87534.0
23.3515625,87530.0
23.353515625,87504.0
23.35546875,87524.0
23.357421875,87506.0
23.359375,87517.0
23.361328125,87463.0
23.36328125,87492.0
23.365234375,87491.0
23.3671875,87471.0
23.369140625,87477.0
23.37109375,87495.0
23.373046875,87472.0
23.375,87469.0
23.376953125,87475.0
23.37890625,87461.0
23.380859375,87460.0
23.3828125,87444.0
23.384765625,87420.0
23.38671875,87456.0
23.388671875,87432.0
23.390625,87440.0
23.392578125,87424.0
23.39453125,87432.0
23.396484375,87411.0
23.3984375,87433.0
23.400390625,87407.0
23.40234375,87397.0
23.404296875,87402.0
23.40625,87394.0
23.408203125,87400.0
23.41015625,87400.0
23.412109375,87413.0
23.4140625,87399.0
23.416015625,87401.0
23.41796875,87404.0
23.419921875,87375.0
23.421875,87388.0
23.423828125,87398.0
23.42578125,87386.0
23.427734375,87395.0
23.4296875,87389.0
23.431640625,87406.0
23.43359375,87401.0
23.435546875,87416.0
23.4375,87389.0
23.439453125,87382.0
23.44140625,87399.0
23.443359375,87391.0
23.4453125,87391.0
23.447265625,87413.0
23.44921875,87399.0
23.451171875,87416.0
23.453125,87436.0
23.455078125,87436.0
23.45703125,87440.0
23.458984375,87436.0
23.4609375,87439.0
23.462890625,87432.0
23.46484375,87447.0
23.466796875,87430.0
23.46875,87455.0
23.470703125,87486.0
23.47265625,87486.0
23.474609375,87478.0
23.4765625,87454.0
23.478515625,87473.0
23.48046875,87448.0
23.482421875,87460.0
23.484375,87441.0
23.486328125,87460.0
23.48828125,87486.0
23.490234375,87487.0
23.4921875,87491.0
23.494140625,87506.0
23.49609375,87502.0
23.498046875,87502.0
23.5,87478.0
23.501953125,87463.0
23.50390625,87477.0
23.505859375,87474.0
23.5078125,87504.0
23.509765625,87518.0
23.51171875,87525.0
23.513671875,87518.0
23.515625,87533.0
23.517578125,87502.0
23.51953125,87519.0
23.521484375,87506.0
23.5234375,87511.0
23.525390625,87514.0
23.52734375,87526.0
23.529296875,87535.0
23.53125,87511.0
23.533203125,87547.0
23.53515625,87535.0
23.537109375,87517.0
23.5390625,87534.0
23.541015625,87513.0
23.54296875,87540.0
23.544921875,87540.0
23.546875,87515.0
23.548828125,87527.0
23.55078125,87517.0
23.552734375,87523.0
23.5546875,87530.0
23.556640625,87550.0
23.55859375,87530.0
23.560546875,87539.0
23.5625,87521.0
23.564453125,87520.0
23.56640625,87547.0
23.568359375,87549.0
23.5703125,87536.0
23.572265625,87550.0
23.57421875,87566.0
23.576171875,87547.0
23.578125,87545.0
23.580078125,87556.0
23.58203125,87554.0
23.583984375,87568.0
23.5859375,87562.0
23.587890625,87559.0
23.58984375,87568.0
23.591796875,87578.0
23.59375,87570.0
23.595703125,87585.0
23.59765625,87590.0
23.599609375,87578.0
23.6015625,87552.0
23.603515625,87581.0
23.60546875,87580.0
23.607421875,87588.0
23.609375,87605.0
23.611328125,87601.0
23.61328125,87580.0
23.615234375,87595.0
23.6171875,87593.0
23.619140625,87606.0
23.62109375,87601.0
23.623046875,87586.0
23.625,87607.0
23.626953125,87587.0
23.62890625,87601.0
23.630859375,87604.0
23.6328125,87600.0
23.634765625,87634.0
23.63671875,87625.0
23.638671875,87635.0
23.640625,87623.0
23.642578125,87629.0
23.64453125,87619.0
23.646484375,87654.0
23.6484375,87657.0
23.650390625,87665.0
23.65234375,87644.0
23.654296875,87684.0
23.65625,87676.0
23.658203125,87677.0
23.66015625,87661.0
23.662109375,87679.0
23.6640625,87680.0
23.666015625,87689.0
23.66796875,87662.0
23.669921875,87714.0
23.671875,87692.0
23.673828125,87706.0
23.67578125,87715.0
23.677734375,87695.0
23.6796875,87711.0
23.681640625,87725.0
23.68359375,87739.0
23.685546875,87750.0
23.6875,87730.0
23.689453125,87746.0
23.69140625,87725.0
23.693359375,87762.0
23.6953125,87725.0
23.697265625,87755.0
23.69921875,87762.0
23.701171875,87770.0
23.703125,87788.0
23.705078125,87765.0
23.70703125,87794.0
23.708984375,87802.0
23.7109375,87795.0
23.712890625,87809.0
23.71484375,87824.0
23.716796875,87819.0
23.71875,87833.0
23.720703125,87836.0
23.72265625,87836.0
23.724609375,87818.0
23.7265625,87856.0
23.728515625,87827.0
23.73046875,87835.0
23.732421875,87842.0
23.734375,87850.0
23.736328125,87885.0
23.73828125,87860.0
23.740234375,87869.0
23.7421875,87894.0
23.744140625,87875.0
23.74609375,87874.0
23.748046875,87856.0
23.75,87903.0
23.751953125,87889.0
23.75390625,87901.0
23.755859375,87907.0
23.7578125,87907.0
23.759765625,87898.0
23.76171875,87899.0
23.763671875,87910.0
23.765625,87905.0
23.767578125,87910.0
23.76953125,87938.0
23.771484375,87933.0
23.7734375,87950.0
23.775390625,87959.0
23.77734375,87947.0
23.779296875,87944.0
23.78125,87936.0
23.783203125,87981.0
23.78515625,87953.0
23.787109375,87972.0
23.7890625,87985.0
23.791015625,87963.0
23.79296875,87971.0
23.794921875,88008.0
23.796875,88000.0
23.798828125,88012.0
23.80078125,88005.0
23.802734375,88033.0
23.8046875,88008.0
23.806640625,88016.0
23.80859375,88009.0
23.810546875,88035.0
23.8125,88024.0
23.814453125,88060.0
23.81640625,88050.0
23.818359375,88062.0
23.8203125,88043.0
23.822265625,88048.0
23.82421875,88082.0
23.826171875,88072.0
23.828125,88087.0
23.830078125,88077.0
23.83203125,88090.0
23.833984375,88100.0
23.8359375,88107.0
23.837890625,88102.0
23.83984375,88111.0
23.841796875,88110.0
23.84375,88102.0
23.845703125,88109.0
23.84765625,88136.0
23.849609375,88129.0
23.8515625,88153.0
23.853515625,88157.0
23.85546875,88154.0
23.857421875,88180.0
23.859375,88173.0
23.861328125,88175.0
23.86328125,88182.0
23.865234375,88171.0
23.8671875,88176.0
23.869140625,88188.0
23.87109375,88177.0
23.873046875,88186.0
23.875,88187.0
23.876953125,88211.0
23.87890625,88201.0
23.880859375,88210.0
23.8828125,88233.0
23.884765625,88207.0
23.88671875,88221.0
23.888671875,88220.0
23.890625,88259.0
23.892578125,88238.0
23.89453125,88255.0
23.896484375,88243.0
23.8984375,88255.0
23.900390625,88259.0
23.90234375,88273.0
23.904296875,88269.0
23.90625,88269.0
23.908203125,88279.0
23.91015625,88309.0
23.912109375,88262.0
23.9140625,88280.0
23.916015625,88303.0
23.91796875,88294.0
23.919921875,88323.0
23.921875,88300.0
23.923828125,88311.0
23.92578125,88304.0
23.927734375,88344.0
23.9296875,88337.0
23.931640625,88342.0
23.93359375,88356.0
23.935546875,88352.0
23.9375,88330.0
23.939453125,88347.0
23.94140625,88348.0
23.943359375,88368.0
23.9453125,88343.0
23.947265625,88340.0
23.94921875,88352.0
23.951171875,88368.0
23.953125,88375.0
23.955078125,88399.0
23.95703125,88403.0
23.958984375,88389.0
23.9609375,88399.0
23.962890625,88388.0
23.96484375,88387.0
23.966796875,88393.0
23.96875,88392.0
23.970703125,88405.0
23.97265625,88430.0
23.974609375,88371.0
23.9765625,88392.0
23.978515625,88419.0
23.98046875,88395.0
23.982421875,88369.0
23.984375,88359.0
23.986328125,88374.0
23.98828125,88394.0
23.990234375,88378.0
23.9921875,88363.0
23.994140625,88356.0
23.99609375,88361.0
23.998046875,88390.0
24.0,88355.0
24.001953125,88326.0
24.00390625,88316.0
24.005859375,88299.0
24.0078125,88301.0
24.009765625,88273.0
24.01171875,88278.0
24.013671875,88285.0
24.015625,88258.0
24.017578125,88271.0
24.01953125,88229.0
24.021484375,88205.0
24.0234375,88196.0
24.025390625,88169.0
24.02734375,88156.0
24.029296875,88140.0
24.03125,88125.0
24.033203125,88098.0
24.03515625,88087.0
24.037109375,88076.0
24.0390625,88080.0
24.041015625,88039.0
24.04296875,88020.0
24.044921875,88003.0
24.046875,87971.0
24.048828125,87957.0
24.05078125,87944.0
24.052734375,87952.0
24.0546875,87920.0
24.056640625,87890.0
24.05859375,87865.0
24.060546875,87853.0
24.0625,87827.0
24.064453125,87829.0
24.06640625,87796.0
24.068359375,87770.0
24.0703125,87774.0
24.072265625,87722.0
24.07421875,87742.0
24.076171875,87719.0
24.078125,87703.0
24.080078125,87720.0
24.08203125,87681.0
24.083984375,87649.0
24.0859375,87668.0
24.087890625,87652.0
24.08984375,87627.0
24.091796875,87650.0
24.09375,87617.0
24.095703125,87606.0
24.09765625,87602.0
24.099609375,87592.0
24.1015625,87585.0
24.103515625,87540.0
24.10546875,87552.0
24.107421875,87548.0
24.109375,87534.0
24.111328125,87501.0
24.11328125,87501.0
24.115234375,87524.0
24.1171875,87495.0
24.119140625,87502.0
24.12109375,87503.0
24.123046875,87474.0
24.125,87492.0
24.126953125,87499.0
24.12890625,87452.0
24.130859375,87477.0
24.1328125,87458.0
24.134765625,87459.0
24.13671875,87449.0
24.138671875,87448.0
24.140625,87444.0
24.142578125,87458.0
24.14453125,87415.0
24.146484375,87416.0
24.1484375,87420.0
24.150390625,87403.0
24.15234375,87412.0
24.154296875,87382.0
24.15625,87402.0
24.158203125,87390.0
24.16015625,87394.0
24.162109375,87407.0
24.1640625,87392.0
24.166015625,87350.0
24.16796875,87397.0
24.169921875,87368.0
24.171875,87372.0
24.173828125,87369.0
24.17578125,87375.0
24.177734375,87381.0
24.1796875,87368.0
24.181640625,87364.0
24.18359375,87360.0
24.185546875,87357.0
24.1875,87333.0
24.189453125,87337.0
24.19140625,87343.0
24.193359375,87326.0
24.1953125,87358.0
24.197265625,87350.0
24.19921875,87352.0
24.201171875,87344.0
24.203125,87361.0
24.205078125,87351.0
24.20703125,87361.0
24.208984375,87385.0
24.2109375,87369.0
24.212890625,87359.0
24.21484375,87370.0
24.216796875,87385.0
24.21875,87375.0
24.220703125,87369.0
24.22265625,87388.0
24.224609375,87389.0
24.2265625,87384.0
24.228515625,87395.0
24.23046875,87384.0
24.232421875,87400.0
24.234375,87402.0
24.236328125,87391.0
24.23828125,87405.0
24.240234375,87412.0
24.2421875,87419.0
24.244140625,87412.0
24.24609375,87407.0
24.248046875,87388.0
24.25,87398.0
24.251953125,87395.0
24.25390625,87408.0
24.255859375,87416.0
24.2578125,87430.0
24.259765625,87446.0
24.26171875,87421.0
24.263671875,87425.0
24.265625,87393.0
24.267578125,87426.0
24.26953125,87423.0
24.271484375,87418.0
24.2734375,87412.0
24.275390625,87436.0
24.27734375,87427.0
24.279296875,87435.0
24.28125,87435.0
24.283203125,87449.0
24.28515625,87434.0
24.287109375,87437.0
24.2890625,87450.0
24.291015625,87432.0
24.29296875,87448.0
24.294921875,87454.0
24.296875,87478.0
24.298828125,87463.0
24.30078125,87479.0
24.302734375,87475.0
24.3046875,87495.0
24.306640625,87472.0
24.30859375,87484.0
24.310546875,87515.0
24.3125,87474.0
24.314453125,87507.0
24.31640625,87495.0
24.318359375,87525.0
24.3203125,87516.0
24.322265625,87519.0
24.32421875,87520.0
24.326171875,87512.0
24.328125,87523.0
24.330078125,87523.0
24.33203125,87528.0
24.333984375,87556.0
24.3359375,87538.0
24.337890625,87564.0
24.33984375,87541.0
24.341796875,87549.0
24.34375,87553.0
24.345703125,87540.0
24.34765625,87530.0
24.349609375,87578.0
24.3515625,87566.0
24.353515625,87571.0
24.35546875,87573.0
24.357421875,87569.0
24.359375,87604.0
24.361328125,87564.0
24.36328125,87572.0
24.365234375,87599.0
24.3671875,87569.0
24.369140625,87583.0
24.37109375,87590.0
24.373046875,87555.0
24.375,87587.0
24.376953125,87582.0
24.37890625,87587.0
24.380859375,87593.0
24.3828125,87598.0
24.384765625,87619.0
24.38671875,87591.0
24.388671875,87609.0
24.390625,87620.0
24.392578125,87628.0
24.39453125,87625.0
24.396484375,87619.0
24.3984375,87659.0
24.400390625,87647.0
24.40234375,87637.0
24.404296875,87636.0
24.40625,87646.0
24.408203125,87659.0
24.41015625,87646.0
24.412109375,87662.0
24.4140625,87648.0
24.416015625,87640.0
24.41796875,87681.0
24.419921875,87659.0
24.421875,87671.0
24.423828125,87664.0
24.42578125,87685.0
24.427734375,87671.0
24.4296875,87695.0
24.431640625,87689.0
24.43359375,87686.0
24.435546875,87707.0
24.4375,87712.0
24.439453125,87737.0
24.44140625,87733.0
24.443359375,87716.0
24.4453125,87727.0
24.447265625,87729.0
24.44921875,87747.0
24.451171875,87733.0
24.453125,87770.0
24.455078125,87756.0
24.45703125,87764.0
24.458984375,87765.0
24.4609375,87765.0
24.462890625,87772.0
24.46484375,87766.0
24.466796875,87780.0
24.46875,87788.0
24.470703125,87799.0
24.47265625,87816.0
24.474609375,87807.0
24.4765625,87826.0
24.478515625,87793.0
24.48046875,87801.0
24.482421875,87818.0
24.484375,87835.0
24.486328125,87806.0
24.48828125,87834.0
24.490234375,87829.0
24.4921875,87843.0
24.494140625,87816.0
24.49609375,87844.0
24.498046875,87847.0
24.5,87838.0
24.501953125,87860.0
24.50390625,87853.0
24.505859375,87862.0
24.5078125,87863.0
24.509765625,87877.0
24.51171875,87844.0
24.513671875,87877.0
24.515625,87901.0
24.517578125,87885.0
24.51953125,87914.0
24.521484375,87912.0
24.5234375,87913.0
24.525390625,87922.0
24.52734375,87908.0
24.529296875,87907.0
24.53125,87926.0
24.533203125,87897.0
24.53515625,87928.0
24.537109375,87941.0
24.5390625,87957.0
24.541015625,87948.0
24.54296875,87947.0
24.544921875,87945.0
24.546875,87957.0
24.548828125,87957.0
24.55078125,87966.0
24.552734375,87963.0
24.5546875,87936.0
24.556640625,87982.0
24.55859375,87966.0
24.560546875,87971.0
24.5625,87981.0
24.564453125,87985.0
24.56640625,87992.0
24.568359375,87985.0
24.5703125,87996.0
24.572265625,87988.0
24.57421875,87983.0
24.576171875,88000.0
24.578125,88000.0
24.580078125,88011.0
24.58203125,88020.0
24.583984375,88014.0
24.5859375,88019.0
24.587890625,88018.0
24.58984375,88021.0
24.591796875,88040.0
24.59375,88037.0
24.595703125,88024.0
24.59765625,88047.0
24.599609375,88051.0
24.6015625,88063.0
24.603515625,88076.0
24.60546875,88077.0
24.607421875,88059.0
24.609375,88073.0
24.611328125,88075.0
24.61328125,88102.0
24.615234375,88087.0
24.6171875,88072.0
24.619140625,88090.0
24.62109375,88100.0
24.623046875,88110.0
24.625,88110.0
24.626953125,88116.0
24.62890625,88124.0
24.630859375,88115.0
24.6328125,88139.0
24.634765625,88138.0
24.63671875,88157.0
24.638671875,88131.0
24.640625,88160.0
24.642578125,88144.0
24.64453125,88162.0
24.646484375,88150.0
24.6484375,88158.0
24.650390625,88177.0
24.65234375,88201.0
24.654296875,88179.0
24.65625,88206.0
24.658203125,88189.0
24.66015625,88206.0
24.662109375,88212.0
24.6640625,88211.0
24.666015625,88173.0
24.66796875,88199.0
24.669921875,88205.0
24.671875,88217.0
24.673828125,88202.0
24.67578125,88233.0
24.677734375,88253.0
24.6796875,88241.0
24.681640625,88241.0
24.68359375,88233.0
24.685546875,88252.0
24.6875,88265.0
24.689453125,88229.0
24.69140625,88266.0
24.693359375,88278.0
24.6953125,88269.0
24.697265625,88265.0
24.69921875,88293.0
24.701171875,88297.0
24.703125,88279.0
24.705078125,88289.0
24.70703125,88293.0
24.708984375,88303.0
24.7109375,88315.0
24.712890625,88322.0
24.71484375,88319.0
24.716796875,88324.0
24.71875,88328.0
24.720703125,88354.0
24.72265625,88342.0
24.724609375,88340.0
24.7265625,88353.0
24.728515625,88350.0
24.73046875,88352.0
24.732421875,88370.0
24.734375,88366.0
24.736328125,88374.0
24.73828125,88339.0
24.740234375,88382.0
24.7421875,88389.0
24.744140625,88389.0
24.74609375,88374.0
24.748046875,88389.0
24.75,88389.0
24.751953125,88389.0
24.75390625,88371.0
24.755859375,88371.0
24.7578125,88404.0
24.759765625,88391.0
24.76171875,88396.0
24.763671875,88405.0
24.765625,88394.0
24.767578125,88381.0
24.76953125,88371.0
24.771484375,88358.0
24.7734375,88382.0
24.775390625,88356.0
24.77734375,88337.0
24.779296875,88341.0
24.78125,88338.0
24.783203125,88339.0
24.78515625,88285.0
24.787109375,88288.0
24.7890625,88262.0
24.791015625,88249.0
24.79296875,88267.0
24.794921875,88218.0
24.796875,88237.0
24.798828125,88219.0
24.80078125,88197.0
24.802734375,88174.0
24.8046875,88180.0
24.806640625,88146.0
24.80859375,88104.0
24.810546875,88103.0
24.8125,88086.0
24.814453125,88044.0
24.81640625,88043.0
24.818359375,88034.0
24.8203125,88011.0
24.822265625,87983.0
24.82421875,87960.0
24.826171875,87947.0
24.828125,87939.0
24.830078125,87899.0
24.83203125,87891.0
24.833984375,87888.0
24.8359375,87865.0
24.837890625,87820.0
24.83984375,87833.0
24.841796875,87805.0
24.84375,87801.0
24.845703125,87786.0
24.84765625,87753.0
24.849609375,87721.0
24.8515625,87719.0
24.853515625,87688.0
24.85546875,87714.0
24.857421875,87664.0
24.859375,87674.0
24.861328125,87654.0
24.86328125,87647.0
24.865234375,87642.0
24.8671875,87612.0
24.869140625,87589.0
24.87109375,87566.0
24.873046875,87569.0
24.875,87550.0
24.876953125,87543.0
24.87890625,87527.0
24.880859375,87535.0
24.8828125,87536.0
24.884765625,87513.0
24.88671875,87500.0
24.888671875,87497.0
24.890625,87457.0
24.892578125,87476.0
24.89453125,87465.0
24.896484375,87449.0
24.8984375,87447.0
24.900390625,87447.0
24.90234375,87434.0
24.904296875,87445.0
24.90625,87429.0
24.908203125,87403.0
24.91015625,87396.0
24.912109375,87389.0
24.9140625,87396.0
24.916015625,87370.0
24.91796875,87397.0
24.919921875,87376.0
24.921875,87386.0
24.923828125,87380.0
24.92578125,87361.0
24.927734375,87367.0
24.9296875,87352.0
24.931640625,87325.0
24.93359375,87328.0
24.935546875,87330.0
24.9375,87347.0
24.939453125,87316.0
24.94140625,87316.0
24.943359375,87318.0
24.9453125,87332.0
24.947265625,87297.0
24.94921875,87301.0
24.951171875,87313.0
24.953125,87288.0
24.955078125,87272.0
24.95703125,87295.0
24.958984375,87264.0
24.9609375,87287.0
24.962890625,87298.0
24.96484375,87270.0
24.966796875,87295.0
24.96875,87264.0
24.970703125,87273.0
24.97265625,87278.0
24.974609375,87280.0
24.9765625,87263.0
24.978515625,87282.0
24.98046875,87255.0
24.982421875,87275.0
24.984375,87300.0
24.986328125,87254.0
24.98828125,87285.0
24.990234375,87285.0
24.9921875,87295.0
24.994140625,87295.0
24.99609375,87290.0
24.998046875,87281.0
25.0,87294.0
25.001953125,87306.0
25.00390625,87328.0
25.005859375,87293.0
25.0078125,87296.0
25.009765625,87320.0
25.01171875,87311.0
25.013671875,87326.0
25.015625,87343.0
25.017578125,87301.0
25.01953125,87333.0
25.021484375,87352.0
25.0234375,87323.0
25.025390625,87345.0
25.02734375,87335.0
25.029296875,87339.0
25.03125,87346.0
25.033203125,87333.0
25.03515625,87340.0
25.037109375,87341.0
25.0390625,87355.0
25.041015625,87379.0
25.04296875,87338.0
25.044921875,87339.0
25.046875,87394.0
25.048828125,87367.0
25.05078125,87361.0
25.052734375,87361.0
25.0546875,87352.0
25.056640625,87379.0
25.05859375,87341.0
25.060546875,87354.0
25.0625,87375.0
25.064453125,87375.0
25.06640625,87383.0
25.068359375,87385.0
25.0703125,87370.0
25.072265625,87379.0
25.07421875,87374.0
25.076171875,87356.0
25.078125,87371.0
25.080078125,87359.0
25.08203125,87396.0
25.083984375,87372.0
25.0859375,87389.0
25.087890625,87390.0
25.08984375,87372.0
25.091796875,87380.0
25.09375,87397.0
25.095703125,87367.0
25.09765625,87412.0
25.099609375,87386.0
25.1015625,87405.0
25.103515625,87413.0
25.10546875,87408.0
25.107421875,87406.0
25.109375,87399.0
25.111328125,87393.0
25.11328125,87392.0
25.115234375,87388.0
25.1171875,87420.0
25.119140625,87414.0
25.12109375,87399.0
25.123046875,87428.0
25.125,87424.0
25.126953125,87434.0
25.12890625,87408.0
25.130859375,87412.0
25.1328125,87377.0
25.134765625,87420.0
25.13671875,87399.0
25.138671875,87420.0
25.140625,87424.0
25.142578125,87412.0
25.14453125,87448.0
25.146484375,87454.0
25.1484375,87441.0
25.150390625,87426.0
25.15234375,87401.0
25.154296875,87440.0
25.15625,87422.0
25.158203125,87452.0
25.16015625,87442.0
25.162109375,87449.0
25.1640625,87437.0
25.166015625,87468.0
25.16796875,87451.0
25.169921875,87441.0
25.171875,87442.0
25.173828125,87453.0
25.17578125,87420.0
25.177734375,87435.0
25.1796875,87470.0
25.181640625,87479.0
25.18359375,87480.0
25.185546875,87473.0
25.1875,87478.0
25.189453125,87495.0
25.19140625,87476.0
25.193359375,87498.0
25.1953125,87488.0
25.197265625,87497.0
25.19921875,87510.0
25.201171875,87548.0
25.203125,87529.0
25.205078125,87524.0
25.20703125,87564.0
25.208984375,87541.0
25.2109375,87536.0
25.212890625,87542.0
25.21484375,87556.0
25.216796875,87544.0
25.21875,87534.0
25.220703125,87548.0
25.22265625,87576.0
25.224609375,87550.0
25.2265625,87557.0
25.228515625,87592.0
25.23046875,87608.0
25.232421875,87583.0
25.234375,87621.0
25.236328125,87597.0
25.23828125,87605.0
25.240234375,87613.0
25.2421875,87617.0
25.244140625,87622.0
25.24609375,87623.0
25.248046875,87613.0
25.25,87651.0
25.251953125,87638.0
25.25390625,87654.0
25.255859375,87630.0
25.2578125,87649.0
25.259765625,87677.0
25.26171875,87649.0
25.263671875,87661.0
25.265625,87675.0
25.267578125,87661.0
25.26953125,87669.0
25.271484375,87684.0
25.2734375,87671.0
25.275390625,87671.0
25.27734375,87686.0
25.279296875,87703.0
25.28125,87703.0
25.283203125,87716.0
25.28515625,87722.0
25.287109375,87709.0
25.2890625,87683.0
25.291015625,87707.0
25.29296875,87700.0
25.294921875,87719.0
25.296875,87731.0
25.298828125,87720.0
25.30078125,87750.0
25.302734375,87706.0
25.3046875,87732.0
25.306640625,87713.0
25.30859375,87725.0
25.310546875,87711.0
25.3125,87703.0
25.314453125,87732.0
25.31640625,87713.0
25.318359375,87731.0
25.3203125,87739.0
25.322265625,87710.0
25.32421875,87733.0
25.326171875,87753.0
25.328125,87766.0
25.330078125,87753.0
25.33203125,87751.0
25.333984375,87758.0
25.3359375,87778.0
25.337890625,87755.0
25.33984375,87769.0
25.341796875,87792.0
25.34375,87803.0
25.345703125,87793.0
25.34765625,87806.0
25.349609375,87803.0
25.3515625,87820.0
25.353515625,87814.0
25.35546875,87815.0
25.357421875,87822.0
25.359375,87811.0
25.361328125,87816.0
25.36328125,87842.0
25.365234375,87823.0
25.3671875,87834.0
25.369140625,87841.0
25.37109375,87837.0
25.373046875,87855.0
25.375,87847.0
25.376953125,87850.0
25.37890625,87850.0
25.380859375,87862.0
25.3828125,87858.0
25.384765625,87886.0
25.38671875,87877.0
25.388671875,87869.0
25.390625,87872.0
25.392578125,87865.0
25.39453125,87868.0
25.396484375,87893.0
25.3984375,87894.0
25.400390625,87896.0
25.40234375,87879.0
25.404296875,87906.0
25.40625,87904.0
25.408203125,87923.0
25.41015625,87900.0
25.412109375,87912.0
25.4140625,87928.0
25.416015625,87944.0
25.41796875,87963.0
25.419921875,87961.0
25.421875,87952.0
25.423828125,87958.0
25.42578125,87962.0
25.427734375,87981.0
25.4296875,87992.0
25.431640625,87963.0
25.43359375,87969.0
25.435546875,88008.0
25.4375,87975.0
25.439453125,88014.0
25.44140625,88010.0
25.443359375,87999.0
25.4453125,88022.0
25.447265625,88026.0
25.44921875,88035.0
25.451171875,88004.0
25.453125,88026.0
25.455078125,88072.0
25.45703125,88051.0
25.458984375,88062.0
25.4609375,88058.0
25.462890625,88090.0
25.46484375,88059.0
25.466796875,88094.0
25.46875,88090.0
25.470703125,88057.0
25.47265625,88097.0
25.474609375,88097.0
25.4765625,88083.0
25.478515625,88112.0
25.48046875,88127.0
25.482421875,88107.0
25.484375,88122.0
25.486328125,88124.0
25.48828125,88134.0
25.490234375,88136.0
25.4921875,88119.0
25.494140625,88125.0
25.49609375,88150.0
25.498046875,88158.0
25.5,88155.0
25.501953125,88136.0
25.50390625,88144.0
25.505859375,88163.0
25.5078125,88182.0
25.509765625,88172.0
25.51171875,88149.0
25.513671875,88168.0
25.515625,88137.0
25.517578125,88165.0
25.51953125,88155.0
25.521484375,88143.0
25.5234375,88177.0
25.525390625,88150.0
25.52734375,88168.0
25.529296875,88154.0
25.53125,88159.0
25.533203125,88140.0
25.53515625,88114.0
25.537109375,88110.0
25.5390625,88086.0
25.541015625,88083.0
25.54296875,88110.0
25.544921875,88084.0
25.546875,88063.0
25.548828125,88080.0
25.55078125,88043.0
25.552734375,87994.0
25.5546875,88014.0
25.556640625,87990.0
25.55859375,87983.0
25.560546875,87946.0
25.5625,87958.0
25.564453125,87927.0
25.56640625,87941.0
25.568359375,87922.0
25.5703125,87889.0
25.572265625,87887.0
25.57421875,87854.0
25.576171875,87835.0
25.578125,87816.0
25.580078125,87795.0
25.58203125,87805.0
25.583984375,87765.0
25.5859375,87745.0
25.587890625,87724.0
25.58984375,87707.0
25.591796875,87690.0
25.59375,87695.0
25.595703125,87662.0
25.59765625,87643.0
25.599609375,87639.0
25.6015625,87624.0
25.603515625,87603.0
25.60546875,87602.0
25.607421875,87574.0
25.609375,87550.0
25.611328125,87516.0
25.61328125,87511.0
25.615234375,87499.0
25.6171875,87490.0
25.619140625,87475.0
25.62109375,87460.0
25.623046875,87430.0
25.625,87431.0
25.626953125,87417.0
25.62890625,87416.0
25.630859375,87390.0
25.6328125,87368.0
25.634765625,87366.0
25.63671875,87362.0
25.638671875,87341.0
25.640625,87332.0
25.642578125,87359.0
25.64453125,87326.0
25.646484375,87318.0
25.6484375,87316.0
25.650390625,87299.0
25.65234375,87300.0
25.654296875,87292.0
25.65625,87282.0
25.658203125,87267.0
25.66015625,87265.0
25.662109375,87253.0
25.6640625,87253.0
25.666015625,87239.0
25.66796875,87234.0
25.669921875,87229.0
25.671875,87218.0
25.673828125,87199.0
25.67578125,87218.0
25.677734375,87192.0
25.6796875,87215.0
25.681640625,87195.0
25.68359375,87188.0
25.685546875,87194.0
25.6875,87190.0
25.689453125,87195.0
25.69140625,87179.0
25.693359375,87174.0
25.6953125,87163.0
25.697265625,87166.0
25.69921875,87133.0
25.701171875,87165.0
25.703125,87127.0
25.705078125,87144.0
25.70703125,87132.0
25.708984375,87127.0
25.7109375,87143.0
25.712890625,87113.0
25.71484375,87132.0
25.716796875,87131.0
25.71875,87153.0
25.720703125,87125.0
25.72265625,87089.0
25.724609375,87135.0
25.7265625,87128.0
25.728515625,87134.0
25.73046875,87127.0
25.732421875,87124.0
25.734375,87120.0
25.736328125,87124.0
25.73828125,87119.0
25.740234375,87114.0
25.7421875,87129.0
25.744140625,87147.0
25.74609375,87142.0
25.748046875,87123.0
25.75,87146.0
25.751953125,87140.0
25.75390625,87146.0
25.755859375,87125.0
25.7578125,87147.0
25.759765625,87165.0
25.76171875,87142.0
25.763671875,87131.0
25.765625,87148.0
25.767578125,87169.0
25.76953125,87186.0
25.771484375,87167.0
25.7734375,87155.0
25.775390625,87161.0
25.77734375,87190.0
25.779296875,87162.0
25.78125,87164.0
25.783203125,87175.0
25.78515625,87197.0
25.787109375,87186.0
25.7890625,87205.0
25.791015625,87186.0
25.79296875,87202.0
25.794921875,87200.0
25.796875,87201.0
25.798828125,87191.0
25.80078125,87194.0
25.802734375,87183.0
25.8046875,87203.0
25.806640625,87192.0
25.80859375,87208.0
25.810546875,87199.0
25.8125,87216.0
25.814453125,87185.0
25.81640625,87203.0
25.818359375,87176.0
25.8203125,87209.0
25.822265625,87210.0
25.82421875,87215.0
25.826171875,87195.0
25.828125,87202.0
25.830078125,87220.0
25.83203125,87208.0
25.833984375,87194.0
25.8359375,87202.0
25.837890625,87210.0
25.83984375,87220.0
25.841796875,87214.0
25.84375,87235.0
25.845703125,87210.0
25.84765625,87233.0
25.849609375,87215.0
25.8515625,87195.0
25.853515625,87214.0
25.85546875,87211.0
25.857421875,87205.0
25.859375,87231.0
25.861328125,87226.0
25.86328125,87205.0
25.865234375,87222.0
25.8671875,87231.0
25.869140625,87223.0
25.87109375,87231.0
25.873046875,87210.0
25.875,87210.0
25.876953125,87208.0
25.87890625,87256.0
25.880859375,87217.0
25.8828125,87205.0
25.884765625,87225.0
25.88671875,87210.0
25.888671875,87250.0
25.890625,87226.0
25.892578125,87242.0
25.89453125,87236.0
25.896484375,87229.0
25.8984375,87237.0
25.900390625,87253.0
25.90234375,87239.0
25.904296875,87233.0
25.90625,87252.0
25.908203125,87267.0
25.91015625,87257.0
25.912109375,87239.0
25.9140625,87258.0
25.916015625,87236.0
25.91796875,87264.0
25.919921875,87251.0
25.921875,87262.0
25.923828125,87274.0
25.92578125,87269.0
25.927734375,87279.0
25.9296875,87278.0
25.931640625,87264.0
25.93359375,87278.0
25.935546875,87272.0
25.9375,87288.0
25.939453125,87281.0
25.94140625,87297.0
25.943359375,87299.0
25.9453125,87302.0
25.947265625,87312.0
25.94921875,87318.0
25.951171875,87319.0
25.953125,87304.0
25.955078125,87295.0
25.95703125,87300.0
25.958984375,87298.0
25.9609375,87311.0
25.962890625,87284.0
25.96484375,87330.0
25.966796875,87351.0
25.96875,87350.0
25.970703125,87349.0
25.97265625,87339.0
25.974609375,87351.0
25.9765625,87333.0
25.978515625,87343.0
25.98046875,87346.0
25.982421875,87376.0
25.984375,87357.0
25.986328125,87385.0
25.98828125,87396.0
25.990234375,87378.0
25.9921875,87379.0
25.994140625,87404.0
25.99609375,87381.0
25.998046875,87385.0
26.0,87413.0
26.001953125,87406.0
26.00390625,87411.0
26.005859375,87428.0
26.0078125,87434.0
26.009765625,87422.0
26.01171875,87416.0
26.013671875,87436.0
26.015625,87438.0
26.017578125,87407.0
26.01953125,87429.0
26.021484375,87430.0
26.0234375,87440.0
26.025390625,87465.0
26.02734375,87429.0
26.029296875,87472.0
26.03125,87451.0
26.033203125,87485.0
26.03515625,87452.0
26.037109375,87475.0
26.0390625,87494.0
26.041015625,87483.0
26.04296875,87518.0
26.044921875,87498.0
26.046875,87491.0
26.048828125,87485.0
26.05078125,87503.0
26.052734375,87515.0
26.0546875,87502.0
26.056640625,87496.0
26.05859375,87530.0
26.060546875,87544.0
26.0625,87522.0
26.064453125,87533.0
26.06640625,87538.0
26.068359375,87528.0
26.0703125,87542.0
26.072265625,87540.0
26.07421875,87557.0
26.076171875,87549.0
26.078125,87550.0
26.080078125,87563.0
26.08203125,87585.0
26.083984375,87594.0
26.0859375,87574.0
26.087890625,87574.0
26.08984375,87581.0
26.091796875,87588.0
26.09375,87617.0
26.095703125,87594.0
26.09765625,87609.0
26.099609375,87606.0
26.1015625,87605.0
26.103515625,87592.0
26.10546875,87611.0
26.107421875,87621.0
26.109375,87625.0
26.111328125,87634.0
26.11328125,87652.0
26.115234375,87637.0
26.1171875,87647.0
26.119140625,87665.0
26.12109375,87687.0
26.123046875,87667.0
26.125,87678.0
26.126953125,87677.0
26.12890625,87676.0
26.130859375,87699.0
26.1328125,87661.0
26.134765625,87672.0
26.13671875,87685.0
26.138671875,87713.0
26.140625,87694.0
26.142578125,87701.0
26.14453125,87721.0
26.146484375,87711.0
26.1484375,87735.0
26.150390625,87745.0
26.15234375,87744.0
26.154296875,87738.0
26.15625,87729.0
26.158203125,87753.0
26.16015625,87764.0
26.162109375,87773.0
26.1640625,87743.0
26.166015625,87765.0
26.16796875,87766.0
26.169921875,87776.0
26.171875,87783.0
26.173828125,87819.0
26.17578125,87803.0
26.177734375,87802.0
26.1796875,87807.0
26.181640625,87798.0
26.18359375,87830.0
26.185546875,87821.0
26.1875,87834.0
26.189453125,87850.0
26.19140625,87842.0
26.193359375,87840.0
26.1953125,87855.0
26.197265625,87835.0
26.19921875,87853.0
26.201171875,87858.0
26.203125,87856.0
26.205078125,87863.0
26.20703125,87893.0
26.208984375,87863.0
26.2109375,87879.0
26.212890625,87881.0
26.21484375,87882.0
26.216796875,87884.0
26.21875,87916.0
26.220703125,87884.0
26.22265625,87879.0
26.224609375,87898.0
26.2265625,87907.0
26.228515625,87905.0
26.23046875,87890.0
26.232421875,87927.0
26.234375,87898.0
26.236328125,87892.0
26.23828125,87877.0
26.240234375,87898.0
26.2421875,87870.0
26.244140625,87873.0
26.24609375,87876.0
26.248046875,87865.0
26.25,87865.0
26.251953125,87876.0
26.25390625,87830.0
26.255859375,87839.0
26.2578125,87829.0
26.259765625,87799.0
26.26171875,87789.0
26.263671875,87810.0
26.265625,87790.0
26.267578125,87778.0
26.26953125,87750.0
26.271484375,87738.0
26.2734375,87727.0
26.275390625,87723.0
26.27734375,87677.0
26.279296875,87662.0
26.28125,87660.0
26.283203125,87638.0
26.28515625,87591.0
26.287109375,87612.0
26.2890625,87589.0
26.291015625,87592.0
26.29296875,87552.0
26.294921875,87516.0
26.296875,87500.0
26.298828125,87500.0
26.30078125,87484.0
26.302734375,87452.0
26.3046875,87425.0
26.306640625,87428.0
26.30859375,87416.0
26.310546875,87399.0
26.3125,87356.0
26.314453125,87344.0
26.31640625,87302.0
26.318359375,87328.0
26.3203125,87310.0
26.322265625,87252.0
26.32421875,87274.0
26.326171875,87253.0
26.328125,87234.0
26.330078125,87216.0
26.33203125,87224.0
26.333984375,87200.0
26.3359375,87194.0
26.337890625,87148.0
26.33984375,87122.0
26.341796875,87164.0
26.34375,87124.0
26.345703125,87113.0
26.34765625,87101.0
26.349609375,87105.0
26.3515625,87089.0
26.353515625,87089.0
26.35546875,87087.0
26.357421875,87056.0
26.359375,87046.0
26.361328125,87065.0
26.36328125,87030.0
26.365234375,87039.0
26.3671875,87027.0
26.369140625,87015.0
26.37109375,87035.0
26.373046875,87031.0
26.375,87000.0
26.376953125,86998.0
26.37890625,86975.0
26.380859375,86987.0
26.3828125,86977.0
26.384765625,86967.0
26.38671875,86944.0
26.388671875,86960.0
26.390625,86952.0
26.392578125,86959.0
26.39453125,86950.0
26.396484375,86936.0
26.3984375,86928.0
26.400390625,86916.0
26.40234375,86917.0
26.404296875,86926.0
26.40625,86933.0
26.408203125,86928.0
26.41015625,86912.0
26.412109375,86915.0
26.4140625,86898.0
26.416015625,86904.0
26.41796875,86890.0
26.419921875,86879.0
26.421875,86892.0
26.423828125,86901.0
26.42578125,86879.0
26.427734375,86868.0
26.4296875,86894.0
26.431640625,86881.0
26.43359375,86887.0
26.435546875,86857.0
26.4375,86849.0
26.439453125,86838.0
26.44140625,86854.0
26.443359375,86882.0
26.4453125,86852.0
26.447265625,86845.0
26.44921875,86864.0
26.451171875,86852.0
26.453125,86891.0
26.455078125,86884.0
26.45703125,86855.0
26.458984375,86867.0
26.4609375,86873.0
26.462890625,86884.0
26.46484375,86877.0
26.466796875,86902.0
26.46875,86903.0
26.470703125,86911.0
26.47265625,86900.0
26.474609375,86882.0
26.4765625,86906.0
26.478515625,86891.0
26.48046875,86921.0
26.482421875,86930.0
26.484375,86928.0
26.486328125,86916.0
26.48828125,86911.0
26.490234375,86936.0
26.4921875,86934.0
26.494140625,86914.0
26.49609375,86943.0
26.498046875,86909.0
26.5,86924.0
26.501953125,86950.0
26.50390625,86932.0
26.505859375,86947.0
26.5078125,86952.0
26.509765625,86954.0
26.51171875,86949.0
26.513671875,86942.0
26.515625,86961.0
26.517578125,86931.0
26.51953125,86953.0
26.521484375,86941.0
26.5234375,86955.0
26.525390625,86957.0
26.52734375,86950.0
26.529296875,86949.0
26.53125,86957.0
26.533203125,86992.0
26.53515625,86987.0
26.537109375,86970.0
26.5390625,86953.0
26.541015625,86964.0
26.54296875,86966.0
26.544921875,86961.0
26.546875,86953.0
26.548828125,86969.0
26.55078125,86970.0
26.552734375,86966.0
26.5546875,86971.0
26.556640625,86966.0
26.55859375,86996.0
26.560546875,86990.0
26.5625,86986.0
26.564453125,86984.0
26.56640625,87000.0
26.568359375,86972.0
26.5703125,87011.0
26.572265625,86971.0
26.57421875,86987.0
26.576171875,86998.0
26.578125,87001.0
26.580078125,86963.0
26.58203125,86969.0
26.583984375,86982.0
26.5859375,86971.0
26.587890625,86988.0
26.58984375,87011.0
26.591796875,86999.0
26.59375,87004.0
26.595703125,87020.0
26.59765625,86981.0
26.599609375,86980.0
26.6015625,87000.0
26.603515625,87007.0
26.60546875,87011.0
26.607421875,87006.0
26.609375,87008.0
26.611328125,87029.0
26.61328125,87024.0
26.615234375,87016.0
26.6171875,87036.0
26.619140625,87036.0
26.62109375,87021.0
26.623046875,87010.0
26.625,87023.0
26.626953125,87033.0
26.62890625,87027.0
26.630859375,87049.0
26.6328125,87066.0
26.634765625,87031.0
26.63671875,87058.0
26.638671875,87050.0
26.640625,87069.0
26.642578125,87058.0
26.64453125,87067.0
26.646484375,87086.0
26.6484375,87060.0
26.650390625,87073.0
26.65234375,87057.0
26.654296875,87084.0
26.65625,87054.0
26.658203125,87068.0
26.66015625,87088.0
26.662109375,87104.0
26.6640625,87107.0
26.666015625,87113.0
26.66796875,87114.0
26.669921875,87119.0
26.671875,87110.0
26.673828125,87148.0
26.67578125,87131.0
26.677734375,87121.0
26.6796875,87143.0
26.681640625,87146.0
26.68359375,87149.0
26.685546875,87122.0
26.6875,87138.0
26.689453125,87176.0
26.69140625,87159.0
26.693359375,87181.0
26.6953125,87175.0
26.697265625,87183.0
26.69921875,87163.0
26.701171875,87181.0
26.703125,87208.0
26.705078125,87196.0
26.70703125,87158.0
26.708984375,87200.0
26.7109375,87202.0
26.712890625,87210.0
26.71484375,87198.0
26.716796875,87207.0
26.71875,87214.0
26.720703125,87192.0
26.72265625,87221.0
26.724609375,87226.0
26.7265625,87223.0
26.728515625,87233.0
26.73046875,87235.0
26.732421875,87233.0
26.734375,87266.0
26.736328125,87260.0
26.73828125,87247.0
26.740234375,87251.0
26.7421875,87254.0
26.744140625,87258.0
26.74609375,87270.0
26.748046875,87279.0
26.75,87281.0
26.751953125,87297.0
26.75390625,87287.0
26.755859375,87294.0
26.7578125,87317.0
26.759765625,87317.0
26.76171875,87284.0
26.763671875,87321.0
26.765625,87310.0
26.767578125,87320.0
26.76953125,87335.0
26.771484375,87313.0
26.7734375,87323.0
26.775390625,87333.0
26.77734375,87323.0
26.779296875,87348.0
26.78125,87349.0
26.783203125,87367.0
26.78515625,87362.0
26.787109375,87352.0
26.7890625,87348.0
26.791015625,87373.0
26.79296875,87368.0
26.794921875,87387.0
26.796875,87389.0
26.798828125,87387.0
26.80078125,87387.0
26.802734375,87395.0
26.8046875,87435.0
26.806640625,87401.0
26.80859375,87400.0
26.810546875,87421.0
26.8125,87428.0
26.814453125,87448.0
26.81640625,87455.0
26.818359375,87423.0
26.8203125,87450.0
26.822265625,87439.0
26.82421875,87483.0
26.826171875,87467.0
26.828125,87478.0
26.830078125,87456.0
26.83203125,87473.0
26.833984375,87506.0
26.8359375,87521.0
26.837890625,87496.0
26.83984375,87479.0
26.841796875,87526.0
26.84375,87539.0
26.845703125,87524.0
26.84765625,87541.0
26.849609375,87565.0
26.8515625,87554.0
26.853515625,87569.0
26.85546875,87548.0
26.857421875,87575.0
26.859375,87561.0
26.861328125,87575.0
26.86328125,87600.0
26.865234375,87594.0
26.8671875,87582.0
26.869140625,87588.0
26.87109375,87609.0
26.873046875,87583.0
26.875,87602.0
26.876953125,87601.0
26.87890625,87600.0
26.880859375,87616.0
26.8828125,87630.0
26.884765625,87628.0
26.88671875,87625.0
26.888671875,87640.0
26.890625,87651.0
26.892578125,87638.0
26.89453125,87653.0
26.896484375,87677.0
26.8984375,87693.0
26.900390625,87634.0
26.90234375,87662.0
26.904296875,87670.0
26.90625,87687.0
26.908203125,87700.0
26.91015625,87667.0
26.912109375,87659.0
26.9140625,87713.0
26.916015625,87698.0
26.91796875,87669.0
26.919921875,87695.0
26.921875,87685.0
26.923828125,87686.0
26.92578125,87698.0
26.927734375,87685.0
26.9296875,87675.0
26.931640625,87676.0
26.93359375,87682.0
26.935546875,87666.0
26.9375,87647.0
26.939453125,87641.0
26.94140625,87639.0
26.943359375,87620.0
26.9453125,87594.0
26.947265625,87564.0
26.94921875,87578.0
26.951171875,87545.0
26.953125,87527.0
26.955078125,87534.0
26.95703125,87540.0
26.958984375,87500.0
26.9609375,87493.0
26.962890625,87485.0
26.96484375,87452.0
26.966796875,87463.0
26.96875,87430.0
26.970703125,87415.0
26.97265625,87398.0
26.974609375,87381.0
26.9765625,87371.0
26.978515625,87326.0
26.98046875,87309.0
26.982421875,87290.0
26.984375,87272.0
26.986328125,87263.0
26.98828125,87225.0
26.990234375,87197.0
26.9921875,87204.0
26.994140625,87185.0
26.99609375,87160.0
26.998046875,87131.0
27.0,87110.0
27.001953125,87087.0
27.00390625,87091.0
27.005859375,87064.0
27.0078125,87058.0
27.009765625,87050.0
27.01171875,87048.0
27.013671875,87038.0
27.015625,86983.0
27.017578125,86992.0
27.01953125,86955.0
27.021484375,86937.0
27.0234375,86909.0
27.025390625,86899.0
27.02734375,86879.0
27.029296875,86884.0
27.03125,86834.0
27.033203125,86854.0
27.03515625,86837.0
27.037109375,86801.0
27.0390625,86815.0
27.041015625,86781.0
27.04296875,86762.0
27.044921875,86745.0
27.046875,86759.0
27.048828125,86746.0
27.05078125,86701.0
27.052734375,86720.0
27.0546875,86704.0
27.056640625,86688.0
27.05859375,86666.0
27.060546875,86655.0
27.0625,86641.0
27.064453125,86658.0
27.06640625,86649.0
27.068359375,86622.0
27.0703125,86594.0
27.072265625,86632.0
27.07421875,86587.0
27.076171875,86596.0
27.078125,86573.0
27.080078125,86567.0
27.08203125,86553.0
27.083984375,86583.0
27.0859375,86542.0
27.087890625,86547.0
27.08984375,86515.0
27.091796875,86529.0
27.09375,86519.0
27.095703125,86522.0
27.09765625,86494.0
27.099609375,86535.0
27.1015625,86492.0
27.103515625,86456.0
27.10546875,86478.0
27.107421875,86480.0
27.109375,86473.0
27.111328125,86476.0
27.11328125,86438.0
27.115234375,86453.0
27.1171875,86446.0
27.119140625,86428.0
27.12109375,86430.0
27.123046875,86449.0
27.125,86441.0
27.126953125,86420.0
27.12890625,86426.0
27.130859375,86424.0
27.1328125,86439.0
27.134765625,86438.0
27.13671875,86444.0
27.138671875,86420.0
27.140625,86427.0
27.142578125,86411.0
27.14453125,86417.0
27.146484375,86417.0
27.1484375,86418.0
27.150390625,86450.0
27.15234375,86441.0
27.154296875,86445.0
27.15625,86426.0
27.158203125,86440.0
27.16015625,86421.0
27.162109375,86410.0
27.1640625,86418.0
27.166015625,86439.0
27.16796875,86464.0
27.169921875,86435.0
27.171875,86444.0
27.173828125,86442.0
27.17578125,86441.0
27.177734375,86454.0
27.1796875,86457.0
27.181640625,86459.0
27.18359375,86468.0
27.185546875,86457.0
27.1875,86445.0
27.189453125,86472.0
27.19140625,86480.0
27.193359375,86471.0
27.1953125,86476.0
27.197265625,86492.0
27.19921875,86513.0
27.201171875,86519.0
27.203125,86495.0
27.205078125,86516.0
27.20703125,86507.0
27.208984375,86498.0
27.2109375,86503.0
27.212890625,86510.0
27.21484375,86520.0
27.216796875,86513.0
27.21875,86541.0
27.220703125,86530.0
27.22265625,86523.0
27.224609375,86557.0
27.2265625,86533.0
27.228515625,86533.0
27.23046875,86525.0
27.232421875,86507.0
27.234375,86528.0
27.236328125,86517.0
27.23828125,86544.0
27.240234375,86542.0
27.2421875,86531.0
27.244140625,86516.0
27.24609375,86541.0
27.248046875,86564.0
27.25,86559.0
27.251953125,86569.0
27.25390625,86573.0
27.255859375,86589.0
27.2578125,86578.0
27.259765625,86571.0
27.26171875,86580.0
27.263671875,86571.0
27.265625,86586.0
27.267578125,86578.0
27.26953125,86607.0
27.271484375,86579.0
27.2734375,86612.0
27.275390625,86585.0
27.27734375,86589.0
27.279296875,86612.0
27.28125,86611.0
27.283203125,86604.0
27.28515625,86616.0
27.287109375,86613.0
27.2890625,86598.0
27.291015625,86597.0
27.29296875,86614.0
27.294921875,86622.0
27.296875,86621.0
27.298828125,86626.0
27.30078125,86639.0
27.302734375,86603.0
27.3046875,86647.0
27.306640625,86657.0
27.30859375,86645.0
27.310546875,86649.0
27.3125,86633.0
27.314453125,86661.0
27.31640625,86660.0
27.318359375,86651.0
27.3203125,86648.0
27.322265625,86663.0
27.32421875,86648.0
27.326171875,86658.0
27.328125,86657.0
27.330078125,86684.0
27.33203125,86668.0
27.333984375,86693.0
27.3359375,86715.0
27.337890625,86710.0
27.33984375,86673.0
27.341796875,86700.0
27.34375,86686.0
27.345703125,86696.0
27.34765625,86708.0
27.349609375,86736.0
27.3515625,86722.0
27.353515625,86720.0
27.35546875,86743.0
27.357421875,86756.0
27.359375,86748.0
27.361328125,86777.0
27.36328125,86754.0
27.365234375,86777.0
27.3671875,86762.0
27.369140625,86794.0
27.37109375,86785.0
27.373046875,86807.0
27.375,86795.0
27.376953125,86820.0
27.37890625,86791.0
27.380859375,86822.0
27.3828125,86812.0
27.384765625,86811.0
27.38671875,86845.0
27.388671875,86857.0
27.390625,86861.0
27.392578125,86851.0
27.39453125,86850.0
27.396484375,86873.0
27.3984375,86864.0
27.400390625,86856.0
27.40234375,86855.0
27.404296875,86859.0
27.40625,86896.0
27.408203125,86902.0
27.41015625,86859.0
27.412109375,86900.0
27.4140625,86906.0
27.416015625,86919.0
27.41796875,86928.0
27.419921875,86902.0
27.421875,86924.0
27.423828125,86919.0
27.42578125,86937.0
27.427734375,86926.0
27.4296875,86947.0
27.431640625,86941.0
27.43359375,86954.0
27.435546875,86950.0
27.4375,86968.0
27.439453125,86978.0
27.44140625,86974.0
27.443359375,86982.0
27.4453125,86974.0
27.447265625,86996.0
27.44921875,87003.0
27.451171875,87007.0
27.453125,87007.0
27.455078125,86997.0
27.45703125,87018.0
27.458984375,87017.0
27.4609375,87023.0
27.462890625,87015.0
27.46484375,87030.0
27.466796875,87060.0
27.46875,87056.0
27.470703125,87055.0
27.47265625,87064.0
27.474609375,87074.0
27.4765625,87072.0
27.478515625,87082.0
27.48046875,87103.0
27.482421875,87088.0
27.484375,87076.0
27.486328125,87068.0
27.48828125,87097.0
27.490234375,87113.0
27.4921875,87104.0
27.494140625,87113.0
27.49609375,87124.0
27.498046875,87131.0
27.5,87138.0
27.501953125,87141.0
27.50390625,87150.0
27.505859375,87151.0
27.5078125,87147.0
27.509765625,87155.0
27.51171875,87148.0
27.513671875,87167.0
27.515625,87185.0
27.517578125,87191.0
27.51953125,87187.0
27.521484375,87193.0
27.5234375,87182.0
27.525390625,87189.0
27.52734375,87216.0
27.529296875,87217.0
27.53125,87221.0
27.533203125,87236.0
27.53515625,87237.0
27.537109375,87252.0
27.5390625,87248.0
27.541015625,87273.0
27.54296875,87245.0
27.544921875,87245.0
27.546875,87268.0
27.548828125,87276.0
27.55078125,87268.0
27.552734375,87283.0
27.5546875,87293.0
27.556640625,87283.0
27.55859375,87305.0
27.560546875,87312.0
27.5625,87311.0
27.564453125,87298.0
27.56640625,87295.0
27.568359375,87315.0
27.5703125,87339.0
27.572265625,87338.0
27.57421875,87320.0
27.576171875,87362.0
27.578125,87339.0
27.580078125,87359.0
27.58203125,87336.0
27.583984375,87314.0
27.5859375,87361.0
27.587890625,87360.0
27.58984375,87409.0
27.591796875,87376.0
27.59375,87407.0
27.595703125,87394.0
27.59765625,87414.0
27.599609375,87383.0
27.6015625,87401.0
27.603515625,87392.0
27.60546875,87405.0
27.607421875,87411.0
27.609375,87432.0
27.611328125,87404.0
27.61328125,87431.0
27.615234375,87437.0
27.6171875,87456.0
27.619140625,87453.0
27.62109375,87473.0
27.623046875,87438.0
27.625,87470.0
27.626953125,87450.0
27.62890625,87461.0
27.630859375,87449.0
27.6328125,87454.0
27.634765625,87448.0
27.63671875,87462.0
27.638671875,87446.0
27.640625,87468.0
27.642578125,87459.0
27.64453125,87448.0
27.646484375,87434.0
27.6484375,87433.0
27.650390625,87397.0
27.65234375,87429.0
27.654296875,87409.0
27.65625,87403.0
27.658203125,87393.0
27.66015625,87388.0
27.662109375,87364.0
27.6640625,87365.0
27.666015625,87351.0
27.66796875,87324.0
27.669921875,87339.0
27.671875,87315.0
27.673828125,87278.0
27.67578125,87279.0
27.677734375,87259.0
27.6796875,87249.0
27.681640625,87209.0
27.68359375,87218.0
27.685546875,87160.0
27.6875,87167.0
27.689453125,87137.0
27.69140625,87126.0
27.693359375,87085.0
27.6953125,87073.0
27.697265625,87063.0
27.69921875,87034.0
27.701171875,87023.0
27.703125,87004.0
27.705078125,86986.0
27.70703125,86950.0
27.708984375,86929.0
27.7109375,86886.0
27.712890625,86864.0
27.71484375,86865.0
27.716796875,86841.0
27.71875,86819.0
27.720703125,86826.0
27.72265625,86789.0
27.724609375,86754.0
27.7265625,86728.0
27.728515625,86715.0
27.73046875,86682.0
27.732421875,86656.0
27.734375,86664.0
27.736328125,86626.0
27.73828125,86595.0
27.740234375,86625.0
27.7421875,86599.0
27.744140625,86548.0
27.74609375,86534.0
27.748046875,86550.0
27.75,86495.0
27.751953125,86483.0
27.75390625,86498.0
27.755859375,86485.0
27.7578125,86441.0
27.759765625,86446.0
27.76171875,86407.0
27.763671875,86417.0
27.765625,86393.0
27.767578125,86359.0
27.76953125,86375.0
27.771484375,86365.0
27.7734375,86331.0
27.775390625,86327.0
27.77734375,86345.0
27.779296875,86310.0
27.78125,86293.0
27.783203125,86287.0
27.78515625,86265.0
27.787109375,86262.0
27.7890625,86218.0
27.791015625,86223.0
27.79296875,86219.0
27.794921875,86217.0
27.796875,86217.0
27.798828125,86199.0
27.80078125,86183.0
27.802734375,86173.0
27.8046875,86151.0
27.806640625,86153.0
27.80859375,86154.0
27.810546875,86138.0
27.8125,86139.0
27.814453125,86107.0
27.81640625,86114.0
27.818359375,86086.0
27.8203125,86073.0
27.822265625,86073.0
27.82421875,86062.0
27.826171875,86053.0
27.828125,86064.0
27.830078125,86029.0
27.83203125,86038.0
27.833984375,86040.0
27.8359375,86025.0
27.837890625,86012.0
27.83984375,86020.0
27.841796875,86026.0
27.84375,86011.0
27.845703125,86004.0
27.84765625,85988.0
27.849609375,86006.0
27.8515625,85993.0
27.853515625,85992.0
27.85546875,85999.0
27.857421875,85974.0
27.859375,86005.0
27.861328125,86002.0
27.86328125,86004.0
27.865234375,85991.0
27.8671875,85995.0
27.869140625,86001.0
27.87109375,85989.0
27.873046875,85999.0
27.875,86015.0
27.876953125,85983.0
27.87890625,85988.0
27.880859375,86012.0
27.8828125,86014.0
27.884765625,85997.0
27.88671875,85988.0
27.888671875,85983.0
27.890625,86010.0
27.892578125,86003.0
27.89453125,85987.0
27.896484375,86017.0
27.8984375,86028.0
27.900390625,86043.0
27.90234375,86000.0
27.904296875,86007.0
27.90625,86016.0
27.908203125,86015.0
27.91015625,86040.0
27.912109375,85995.0
27.9140625,86021.0
27.916015625,86030.0
27.91796875,86040.0
27.919921875,86023.0
27.921875,86018.0
27.923828125,86019.0
27.92578125,86048.0
27.927734375,86027.0
27.9296875,86034.0
27.931640625,86040.0
27.93359375,86037.0
27.935546875,86061.0
27.9375,86057.0
27.939453125,86052.0
27.94140625,86069.0
27.943359375,86058.0
27.9453125,86039.0
27.947265625,86068.0
27.94921875,86068.0
27.951171875,86055.0
27.953125,86045.0
27.955078125,86080.0
27.95703125,86052.0
27.958984375,86066.0
27.9609375,86072.0
27.962890625,86079.0
27.96484375,86062.0
27.966796875,86067.0
27.96875,86062.0
27.970703125,86058.0
27.97265625,86052.0
27.974609375,86062.0
27.9765625,86053.0
27.978515625,86099.0
27.98046875,86084.0
27.982421875,86088.0
27.984375,86080.0
27.986328125,86055.0
27.98828125,86075.0
27.990234375,86069.0
27.9921875,86063.0
27.994140625,86084.0
27.99609375,86081.0
27.998046875,86097.0
28.0,86070.0
28.001953125,86077.0
28.00390625,86073.0
28.005859375,86081.0
28.0078125,86082.0
28.009765625,86066.0
28.01171875,86100.0
28.013671875,86082.0
28.015625,86099.0
28.017578125,86115.0
28.01953125,86114.0
28.021484375,86104.0
28.0234375,86112.0
28.025390625,86124.0
28.02734375,86121.0
28.029296875,86129.0
28.03125,86108.0
28.033203125,86110.0
28.03515625,86121.0
28.037109375,86178.0
28.0390625,86121.0
28.041015625,86134.0
28.04296875,86143.0
28.044921875,86126.0
28.046875,86115.0
28.048828125,86128.0
28.05078125,86146.0
28.052734375,86131.0
28.0546875,86125.0
28.056640625,86151.0
28.05859375,86142.0
28.060546875,86157.0
28.0625,86157.0
28.064453125,86144.0
28.06640625,86175.0
28.068359375,86151.0
28.0703125,86181.0
28.072265625,86168.0
28.07421875,86168.0
28.076171875,86186.0
28.078125,86188.0
28.080078125,86190.0
28.08203125,86196.0
28.083984375,86184.0
28.0859375,86204.0
28.087890625,86185.0
28.08984375,86167.0
28.091796875,86197.0
28.09375,86216.0
28.095703125,86226.0
28.09765625,86227.0
28.099609375,86213.0
28.1015625,86242.0
28.103515625,86230.0
28.10546875,86221.0
28.107421875,86241.0
28.109375,86256.0
28.111328125,86258.0
28.11328125,86256.0
28.115234375,86249.0
28.1171875,86268.0
28.119140625,86275.0
28.12109375,86267.0
28.123046875,86278.0
28.125,86253.0
28.126953125,86290.0
28.12890625,86291.0
28.130859375,86294.0
28.1328125,86293.0
28.134765625,86287.0
28.13671875,86309.0
28.138671875,86317.0
28.140625,86311.0
28.142578125,86309.0
28.14453125,86327.0
28.146484375,86316.0
28.1484375,86318.0
28.150390625,86361.0
28.15234375,86348.0
28.154296875,86338.0
28.15625,86344.0
28.158203125,86366.0
28.16015625,86361.0
28.162109375,86375.0
28.1640625,86381.0
28.166015625,86368.0
28.16796875,86364.0
28.169921875,86364.0
28.171875,86389.0
28.173828125,86387.0
28.17578125,86386.0
28.177734375,86388.0
28.1796875,86422.0
28.181640625,86423.0
28.18359375,86412.0
28.185546875,86417.0
28.1875,86396.0
28.189453125,86413.0
28.19140625,86459.0
28.193359375,86449.0
28.1953125,86439.0
28.197265625,86476.0
28.19921875,86474.0
28.201171875,86461.0
28.203125,86483.0
28.205078125,86496.0
28.20703125,86475.0
28.208984375,86471.0
28.2109375,86484.0
28.212890625,86515.0
28.21484375,86484.0
28.216796875,86494.0
28.21875,86510.0
28.220703125,86504.0
28.22265625,86539.0
28.224609375,86518.0
28.2265625,86546.0
28.228515625,86533.0
28.23046875,86536.0
28.232421875,86551.0
28.234375,86537.0
28.236328125,86539.0
28.23828125,86556.0
28.240234375,86580.0
28.2421875,86575.0
28.244140625,86608.0
28.24609375,86593.0
28.248046875,86593.0
28.25,86619.0
28.251953125,86622.0
28.25390625,86579.0
28.255859375,86621.0
28.2578125,86623.0
28.259765625,86637.0
28.26171875,86625.0
28.263671875,86644.0
28.265625,86640.0
28.267578125,86627.0
28.26953125,86637.0
28.271484375,86646.0
28.2734375,86656.0
28.275390625,86666.0
28.27734375,86676.0
28.279296875,86703.0
28.28125,86695.0
28.283203125,86683.0
28.28515625,86671.0
28.287109375,86713.0
28.2890625,86689.0
28.291015625,86675.0
28.29296875,86681.0
28.294921875,86725.0
28.296875,86719.0
28.298828125,86705.0
28.30078125,86736.0
28.302734375,86740.0
28.3046875,86730.0
28.306640625,86735.0
28.30859375,86729.0
28.310546875,86756.0
28.3125,86744.0
28.314453125,86753.0
28.31640625,86767.0
28.318359375,86793.0
28.3203125,86786.0
28.322265625,86776.0
28.32421875,86780.0
28.326171875,86832.0
28.328125,86803.0
28.330078125,86792.0
28.33203125,86807.0
28.333984375,86806.0
28.3359375,86817.0
28.337890625,86825.0
28.33984375,86844.0
28.341796875,86858.0
28.34375,86829.0
28.345703125,86862.0
28.34765625,86837.0
28.349609375,86859.0
28.3515625,86868.0
28.353515625,86864.0
28.35546875,86856.0
28.357421875,86845.0
28.359375,86886.0
28.361328125,86878.0
28.36328125,86908.0
28.365234375,86883.0
28.3671875,86902.0
28.369140625,86910.0
28.37109375,86897.0
28.373046875,86916.0
28.375,86926.0
28.376953125,86932.0
28.37890625,86921.0
28.380859375,86933.0
28.3828125,86945.0
28.384765625,86946.0
28.38671875,86948.0
28.388671875,86941.0
28.390625,86940.0
28.392578125,86954.0
28.39453125,86951.0
28.396484375,86952.0
28.3984375,86938.0
28.400390625,86978.0
28.40234375,86953.0
28.404296875,86944.0
28.40625,86953.0
28.408203125,86955.0
28.41015625,86944.0
28.412109375,86959.0
28.4140625,86961.0
28.416015625,86943.0
28.41796875,86932.0
28.419921875,86937.0
28.421875,86914.0
28.423828125,86888.0
28.42578125,86919.0
28.427734375,86881.0
28.4296875,86845.0
28.431640625,86834.0
28.43359375,86841.0
28.435546875,86854.0
28.4375,86801.0
28.439453125,86812.0
28.44140625,86784.0
28.443359375,86750.0
28.4453125,86738.0
28.447265625,86721.0
28.44921875,86698.0
28.451171875,86644.0
28.453125,86645.0
28.455078125,86642.0
28.45703125,86614.0
28.458984375,86558.0
28.4609375,86587.0
28.462890625,86550.0
28.46484375,86535.0
28.466796875,86488.0
28.46875,86472.0
28.470703125,86437.0
28.47265625,86414.0
28.474609375,86395.0
28.4765625,86378.0
28.478515625,86358.0
28.48046875,86319.0
28.482421875,86305.0
28.484375,86278.0
28.486328125,86257.0
28.48828125,86226.0
28.490234375,86164.0
28.4921875,86159.0
28.494140625,86130.0
28.49609375,86114.0
28.498046875,86117.0
28.5,86087.0
28.501953125,86073.0
28.50390625,86054.0
28.505859375,86031.0
28.5078125,85978.0
28.509765625,85976.0
28.51171875,85963.0
28.513671875,85964.0
28.515625,85905.0
28.517578125,85904.0
28.51953125,85911.0
28.521484375,85879.0
28.5234375,85858.0
28.525390625,85835.0
28.52734375,85828.0
28.529296875,85779.0
28.53125,85775.0
28.533203125,85764.0
28.53515625,85765.0
28.537109375,85728.0
28.5390625,85731.0
28.541015625,85718.0
28.54296875,85694.0
28.544921875,85691.0
28.546875,85665.0
28.548828125,85655.0
28.55078125,85643.0
28.552734375,85610.0
28.5546875,85620.0
28.556640625,85595.0
28.55859375,85592.0
28.560546875,85597.0
28.5625,85576.0
28.564453125,85575.0
28.56640625,85526.0
28.568359375,85530.0
28.5703125,85532.0
28.572265625,85520.0
28.57421875,85490.0
28.576171875,85513.0
28.578125,85476.0
28.580078125,85468.0
28.58203125,85471.0
28.583984375,85442.0
28.5859375,85416.0
28.587890625,85409.0
28.58984375,85422.0
28.591796875,85390.0
28.59375,85381.0
28.595703125,85369.0
28.59765625,85375.0
28.599609375,85357.0
28.6015625,85356.0
28.603515625,85352.0
28.60546875,85336.0
28.607421875,85327.0
28.609375,85333.0
28.611328125,85300.0
28.61328125,85323.0
28.615234375,85303.0
28.6171875,85307.0
28.619140625,85301.0
28.62109375,85278.0
28.623046875,85278.0
28.625,85276.0
28.626953125,85274.0
28.62890625,85278.0
28.630859375,85264.0
28.6328125,85268.0
28.634765625,85294.0
28.63671875,85267.0
28.638671875,85261.0
28.640625,85267.0
28.642578125,85272.0
28.64453125,85267.0
28.646484375,85293.0
28.6484375,85268.0
28.650390625,85283.0
28.65234375,85258.0
28.654296875,85274.0
28.65625,85256.0
28.658203125,85269.0
28.66015625,85263.0
28.662109375,85290.0
28.6640625,85300.0
28.666015625,85283.0
28.66796875,85297.0
28.669921875,85278.0
28.671875,85290.0
28.673828125,85283.0
28.67578125,85296.0
28.677734375,85276.0
28.6796875,85295.0
28.681640625,85315.0
28.68359375,85314.0
28.685546875,85332.0
28.6875,85322.0
28.689453125,85324.0
28.69140625,85301.0
28.693359375,85313.0
28.6953125,85321.0
28.697265625,85300.0
28.69921875,85309.0
28.701171875,85326.0
28.703125,85319.0
28.705078125,85346.0
28.70703125,85310.0
28.708984375,85334.0
28.7109375,85303.0
28.712890625,85311.0
28.71484375,85322.0
28.716796875,85311.0
28.71875,85340.0
28.720703125,85326.0
28.72265625,85327.0
28.724609375,85321.0
28.7265625,85331.0
28.728515625,85326.0
28.73046875,85322.0
28.732421875,85348.0
28.734375,85330.0
28.736328125,85296.0
28.73828125,85350.0
28.740234375,85341.0
28.7421875,85349.0
28.744140625,85341.0
28.74609375,85322.0
28.748046875,85325.0
28.75,85334.0
28.751953125,85305.0
28.75390625,85318.0
28.755859375,85349.0
28.7578125,85347.0
28.759765625,85347.0
28.76171875,85338.0
28.763671875,85332.0
28.765625,85334.0
28.767578125,85330.0
28.76953125,85326.0
28.771484375,85342.0
28.7734375,85340.0
28.775390625,85354.0
28.77734375,85322.0
28.779296875,85326.0
28.78125,85342.0
28.783203125,85343.0
28.78515625,85341.0
28.787109375,85360.0
28.7890625,85322.0
28.791015625,85338.0
28.79296875,85325.0
28.794921875,85347.0
28.796875,85333.0
28.798828125,85341.0
28.80078125,85349.0
28.802734375,85340.0
28.8046875,85368.0
28.806640625,85352.0
28.80859375,85373.0
28.810546875,85375.0
28.8125,85346.0
28.814453125,85366.0
28.81640625,85377.0
28.818359375,85373.0
28.8203125,85368.0
28.822265625,85362.0
28.82421875,85393.0
28.826171875,85386.0
28.828125,85392.0
28.830078125,85388.0
28.83203125,85395.0
28.833984375,85390.0
28.8359375,85395.0
28.837890625,85405.0
28.83984375,85419.0
28.841796875,85399.0
28.84375,85408.0
28.845703125,85409.0
28.84765625,85401.0
28.849609375,85430.0
28.8515625,85403.0
28.853515625,85436.0
28.85546875,85438.0
28.857421875,85424.0
28.859375,85427.0
28.861328125,85460.0
28.86328125,85466.0
28.865234375,85469.0
28.8671875,85470.0
28.869140625,85455.0
28.87109375,85441.0
28.873046875,85484.0
28.875,85469.0
28.876953125,85475.0
28.87890625,85447.0
28.880859375,85491.0
28.8828125,85495.0
28.884765625,85497.0
28.88671875,85518.0
28.888671875,85493.0
28.890625,85517.0
28.892578125,85507.0
28.89453125,85521.0
28.896484375,85498.0
28.8984375,85509.0
28.900390625,85535.0
28.90234375,85536.0
28.904296875,85561.0
28.90625,85550.0
28.908203125,85550.0
28.91015625,85552.0
28.912109375,85559.0
28.9140625,85584.0
28.916015625,85577.0
28.91796875,85565.0
28.919921875,85592.0
28.921875,85598.0
28.923828125,85604.0
28.92578125,85604.0
28.927734375,85613.0
28.9296875,85609.0
28.931640625,85593.0
28.93359375,85606.0
28.935546875,85629.0
28.9375,85618.0
28.939453125,85630.0
28.94140625,85651.0
28.943359375,85665.0
28.9453125,85661.0
28.947265625,85658.0
28.94921875,85654.0
28.951171875,85670.0
28.953125,85654.0
28.955078125,85692.0
28.95703125,85669.0
28.958984375,85691.0
28.9609375,85700.0
28.962890625,85696.0
28.96484375,85721.0
28.966796875,85707.0
28.96875,85706.0
28.970703125,85699.0
28.97265625,85731.0
28.974609375,85725.0
28.9765625,85713.0
28.978515625,85729.0
28.98046875,85745.0
28.982421875,85731.0
28.984375,85755.0
28.986328125,85768.0
28.98828125,85771.0
28.990234375,85756.0
28.9921875,85742.0
28.994140625,85770.0
28.99609375,85760.0
28.998046875,85791.0
29.0,85798.0
29.001953125,85789.0
29.00390625,85796.0
29.005859375,85819.0
29.0078125,85840.0
29.009765625,85818.0
29.01171875,85825.0
29.013671875,85811.0
29.015625,85839.0
29.017578125,85847.0
29.01953125,85826.0
29.021484375,85842.0
29.0234375,85853.0
29.025390625,85843.0
29.02734375,85868.0
29.029296875,85862.0
29.03125,85870.0
29.033203125,85876.0
29.03515625,85850.0
29.037109375,85878.0
29.0390625,85907.0
29.041015625,85904.0
29.04296875,85886.0
29.044921875,85934.0
29.046875,85896.0
29.048828125,85909.0
29.05078125,85905.0
29.052734375,85907.0
29.0546875,85921.0
29.056640625,85920.0
29.05859375,85912.0
29.060546875,85939.0
29.0625,85936.0
29.064453125,85959.0
29.06640625,85956.0
29.068359375,85950.0
29.0703125,85966.0
29.072265625,85940.0
29.07421875,85957.0
29.076171875,85983.0
29.078125,85990.0
29.080078125,85990.0
29.08203125,86003.0
29.083984375,85981.0
29.0859375,86026.0
29.087890625,85983.0
29.08984375,86025.0
29.091796875,86019.0
29.09375,86028.0
29.095703125,86043.0
29.09765625,86039.0
29.099609375,86040.0
29.1015625,86063.0
29.103515625,86069.0
29.10546875,86059.0
29.107421875,86090.0
29.109375,86071.0
29.111328125,86084.0
29.11328125,86083.0
29.115234375,86078.0
29.1171875,86082.0
29.119140625,86099.0
29.12109375,86112.0
29.123046875,86154.0
29.125,86126.0
29.126953125,86151.0
29.12890625,86145.0
29.130859375,86147.0
29.1328125,86134.0
29.134765625,86156.0
29.13671875,86162.0
29.138671875,86177.0
29.140625,86190.0
29.142578125,86191.0
29.14453125,86207.0
29.146484375,86204.0
29.1484375,86221.0
29.150390625,86221.0
29.15234375,86238.0
29.154296875,86225.0
29.15625,86223.0
29.158203125,86233.0
29.16015625,86248.0
29.162109375,86238.0
29.1640625,86266.0
29.166015625,86271.0
29.16796875,86250.0
29.169921875,86285.0
29.171875,86289.0
29.173828125,86304.0
29.17578125,86307.0
29.177734375,86300.0
29.1796875,86282.0
29.181640625,86291.0
29.18359375,86336.0
29.185546875,86320.0
29.1875,86326.0
29.189453125,86345.0
29.19140625,86351.0
29.193359375,86329.0
29.1953125,86362.0
29.197265625,86348.0
29.19921875,86386.0
29.201171875,86377.0
29.203125,86383.0
29.205078125,86395.0
29.20703125,86408.0
29.208984375,86396.0
29.2109375,86381.0
29.212890625,86409.0
29.21484375,86396.0
29.216796875,86399.0
29.21875,86371.0
29.220703125,86420.0
29.22265625,86407.0
29.224609375,86436.0
29.2265625,86413.0
29.228515625,86393.0
29.23046875,86417.0
29.232421875,86407.0
29.234375,86358.0
29.236328125,86419.0
29.23828125,86392.0
29.240234375,86394.0
29.2421875,86372.0
29.244140625,86368.0
29.24609375,86374.0
29.248046875,86340.0
29.25,86327.0
29.251953125,86336.0
29.25390625,86305.0
29.255859375,86258.0
29.2578125,86280.0
29.259765625,86277.0
29.26171875,86245.0
29.263671875,86243.0
29.265625,86212.0
29.267578125,86198.0
29.26953125,86168.0
29.271484375,86153.0
29.2734375,86110.0
29.275390625,86089.0
29.27734375,86084.0
29.279296875,86052.0
29.28125,86067.0
29.283203125,86025.0
29.28515625,85996.0
29.287109375,85961.0
29.2890625,85939.0
29.291015625,85908.0
29.29296875,85883.0
29.294921875,85881.0
29.296875,85869.0
29.298828125,85828.0
29.30078125,85793.0
29.302734375,85749.0
29.3046875,85758.0
29.306640625,85749.0
29.30859375,85712.0
29.310546875,85675.0
29.3125,85639.0
29.314453125,85603.0
29.31640625,85593.0
29.318359375,85569.0
29.3203125,85560.0
29.322265625,85536.0
29.32421875,85523.0
29.326171875,85501.0
29.328125,85462.0
29.330078125,85471.0
29.33203125,85436.0
29.333984375,85406.0
29.3359375,85409.0
29.337890625,85390.0
29.33984375,85374.0
29.341796875,85347.0
29.34375,85320.0
29.345703125,85303.0
29.34765625,85285.0
29.349609375,85279.0
29.3515625,85256.0
29.353515625,85227.0
29.35546875,85202.0
29.357421875,85212.0
29.359375,85196.0
29.361328125,85183.0
29.36328125,85168.0
29.365234375,85148.0
29.3671875,85139.0
29.369140625,85143.0
29.37109375,85109.0
29.373046875,85104.0
29.375,85082.0
29.376953125,85090.0
29.37890625,85083.0
29.380859375,85039.0
29.3828125,85042.0
29.384765625,85046.0
29.38671875,85025.0
29.388671875,85006.0
29.390625,85013.0
29.392578125,84993.0
29.39453125,84993.0
29.396484375,84965.0
29.3984375,84953.0
29.400390625,84954.0
29.40234375,84952.0
29.404296875,84950.0
29.40625,84913.0
29.408203125,84912.0
29.41015625,84927.0
29.412109375,84915.0
29.4140625,84884.0
29.416015625,84857.0
29.41796875,84880.0
29.419921875,84857.0
29.421875,84858.0
29.423828125,84855.0
29.42578125,84861.0
29.427734375,84861.0
29.4296875,84844.0
29.431640625,84808.0
29.43359375,84828.0
29.435546875,84796.0
29.4375,84815.0
29.439453125,84798.0
29.44140625,84798.0
29.443359375,84800.0
29.4453125,84792.0
29.447265625,84798.0
29.44921875,84786.0
29.451171875,84777.0
29.453125,84784.0
29.455078125,84795.0
29.45703125,84767.0
29.458984375,84796.0
29.4609375,84778.0
29.462890625,84783.0
29.46484375,84776.0
29.466796875,84784.0
29.46875,84782.0
29.470703125,84791.0
29.47265625,84784.0
29.474609375,84791.0
29.4765625,84788.0
29.478515625,84794.0
29.48046875,84802.0
29.482421875,84803.0
29.484375,84807.0
29.486328125,84799.0
29.48828125,84813.0
29.490234375,84828.0
29.4921875,84807.0
29.494140625,84816.0
29.49609375,84832.0
29.498046875,84830.0
29.5,84825.0
29.501953125,84825.0
29.50390625,84839.0
29.505859375,84833.0
29.5078125,84854.0
29.509765625,84837.0
29.51171875,84866.0
29.513671875,84863.0
29.515625,84854.0
29.517578125,84846.0
29.51953125,84864.0
29.521484375,84862.0
29.5234375,84866.0
29.525390625,84853.0
29.52734375,84868.0
29.529296875,84883.0
29.53125,84887.0
29.533203125,84885.0
29.53515625,84858.0
29.537109375,84859.0
29.5390625,84862.0
29.541015625,84887.0
29.54296875,84865.0
29.544921875,84869.0
29.546875,84851.0
29.548828125,84895.0
29.55078125,84873.0
29.552734375,84891.0
29.5546875,84891.0
29.556640625,84855.0
29.55859375,84886.0
29.560546875,84866.0
29.5625,84866.0
29.564453125,84904.0
29.56640625,84912.0
29.568359375,84895.0
29.5703125,84919.0
29.572265625,84894.0
29.57421875,84899.0
29.576171875,84882.0
29.578125,84894.0
29.580078125,84888.0
29.58203125,84889.0
29.583984375,84915.0
29.5859375,84916.0
29.587890625,84915.0
29.58984375,84928.0
29.591796875,84943.0
29.59375,84902.0
29.595703125,84927.0
29.59765625,84930.0
29.599609375,84927.0
29.6015625,84938.0
29.603515625,84944.0
29.60546875,84941.0
29.607421875,84952.0
29.609375,84951.0
29.611328125,84960.0
29.61328125,84954.0
29.615234375,84941.0
29.6171875,84944.0
29.619140625,84954.0
29.62109375,84960.0
29.623046875,84950.0
29.625,84959.0
29.626953125,84977.0
29.62890625,84999.0
29.630859375,84962.0
29.6328125,84980.0
29.634765625,84981.0
29.63671875,84979.0
29.638671875,84986.0
29.640625,85026.0
29.642578125,85012.0
29.64453125,85028.0
29.646484375,85026.0
29.6484375,85016.0
29.650390625,85034.0
29.65234375,85016.0
29.654296875,85037.0
29.65625,85032.0
29.658203125,85052.0
29.66015625,85033.0
29.662109375,85064.0
29.6640625,85055.0
29.666015625,85075.0
29.66796875,85083.0
29.669921875,85092.0
29.671875,85084.0
29.673828125,85085.0
29.67578125,85085.0
29.677734375,85098.0
29.6796875,85087.0
29.681640625,85104.0
29.68359375,85119.0
29.685546875,85116.0
29.6875,85127.0
29.689453125,85153.0
29.69140625,85137.0
29.693359375,85148.0
29.6953125,85143.0
29.697265625,85156.0
29.69921875,85174.0
29.701171875,85184.0
29.703125,85179.0
29.705078125,85198.0
29.70703125,85209.0
29.708984375,85202.0
29.7109375,85232.0
29.712890625,85221.0
29.71484375,85213.0
29.716796875,85222.0
29.71875,85214.0
29.720703125,85223.0
29.72265625,85243.0
29.724609375,85248.0
29.7265625,85243.0
29.728515625,85271.0
29.73046875,85264.0
29.732421875,85285.0
29.734375,85258.0
29.736328125,85277.0
29.73828125,85276.0
29.740234375,85301.0
29.7421875,85308.0
29.744140625,85273.0
29.74609375,85319.0
29.748046875,85314.0
29.75,85328.0
29.751953125,85332.0
29.75390625,85345.0
29.755859375,85329.0
29.7578125,85356.0
29.759765625,85366.0
29.76171875,85365.0
29.763671875,85372.0
29.765625,85344.0
29.767578125,85361.0
29.76953125,85371.0
29.771484375,85390.0
29.7734375,85399.0
29.775390625,85379.0
29.77734375,85402.0
29.779296875,85406.0
29.78125,85422.0
29.783203125,85423.0
29.78515625,85435.0
29.787109375,85412.0
29.7890625,85423.0
29.791015625,85450.0
29.79296875,85449.0
29.794921875,85438.0
29.796875,85469.0
29.798828125,85483.0
29.80078125,85501.0
29.802734375,85493.0
29.8046875,85485.0
29.806640625,85504.0
29.80859375,85510.0
29.810546875,85498.0
29.8125,85499.0
29.814453125,85515.0
29.81640625,85532.0
29.818359375,85508.0
29.8203125,85531.0
29.822265625,85567.0
29.82421875,85562.0
29.826171875,85557.0
29.828125,85560.0
29.830078125,85550.0
29.83203125,85566.0
29.833984375,85567.0
29.8359375,85578.0
29.837890625,85591.0
29.83984375,85596.0
29.841796875,85586.0
29.84375,85603.0
29.845703125,85618.0
29.84765625,85623.0
29.849609375,85635.0
29.8515625,85607.0
29.853515625,85648.0
29.85546875,85651.0
29.857421875,85629.0
29.859375,85650.0
29.861328125,85679.0
29.86328125,85670.0
29.865234375,85685.0
29.8671875,85678.0
29.869140625,85713.0
29.87109375,85711.0
29.873046875,85722.0
29.875,85700.0
29.876953125,85708.0
29.87890625,85701.0
29.880859375,85751.0
29.8828125,85731.0
29.884765625,85753.0
29.88671875,85745.0
29.888671875,85739.0
29.890625,85734.0
29.892578125,85761.0
29.89453125,85767.0
29.896484375,85784.0
29.8984375,85771.0
29.900390625,85808.0
29.90234375,85790.0
29.904296875,85792.0
29.90625,85811.0
29.908203125,85821.0
29.91015625,85821.0
29.912109375,85840.0
29.9140625,85831.0
29.916015625,85827.0
29.91796875,85844.0
29.919921875,85851.0
29.921875,85846.0
29.923828125,85883.0
29.92578125,85875.0
29.927734375,85888.0
29.9296875,85901.0
29.931640625,85919.0
29.93359375,85908.0
29.935546875,85913.0
29.9375,85918.0
29.939453125,85922.0
29.94140625,85951.0
29.943359375,85932.0
29.9453125,85943.0
29.947265625,85955.0
29.94921875,85966.0
29.951171875,85958.0
29.953125,85965.0
29.955078125,85965.0
29.95703125,85980.0
29.958984375,85997.0
29.9609375,86035.0
29.962890625,86031.0
29.96484375,86023.0
29.966796875,86030.0
29.96875,86038.0
29.970703125,86041.0
29.97265625,86075.0
29.974609375,86058.0
29.9765625,86056.0
29.978515625,86051.0
29.98046875,86089.0
29.982421875,86073.0
29.984375,86087.0
29.986328125,86094.0
29.98828125,86112.0
29.990234375,86126.0
29.9921875,86116.0
29.994140625,86126.0
29.99609375,86135.0
29.998046875,86132.0
30.0,86138.0
30.001953125,86148.0
30.00390625,86168.0
30.005859375,86163.0
30.0078125,86176.0
30.009765625,86185.0
30.01171875,86207.0
30.013671875,86194.0
30.015625,86207.0
30.017578125,86214.0
30.01953125,86184.0
30.021484375,86242.0
30.0234375,86206.0
30.025390625,86222.0
30.02734375,86241.0
30.029296875,86244.0
30.03125,86254.0
30.033203125,86260.0
30.03515625,86245.0
30.037109375,86268.0
30.0390625,86256.0
30.041015625,86268.0
30.04296875,86247.0
30.044921875,86272.0
30.046875,86247.0
30.048828125,86259.0
30.05078125,86266.0
30.052734375,86257.0
30.0546875,86270.0
30.056640625,86243.0
30.05859375,86223.0
30.060546875,86250.0
30.0625,86216.0
30.064453125,86212.0
30.06640625,86198.0
30.068359375,86186.0
30.0703125,86183.0
30.072265625,86172.0
30.07421875,86159.0
30.076171875,86150.0
30.078125,86115.0
30.080078125,86119.0
30.08203125,86099.0
30.083984375,86077.0
30.0859375,86065.0
30.087890625,86050.0
30.08984375,86018.0
30.091796875,86013.0
30.09375,85997.0
30.095703125,85962.0
30.09765625,85949.0
30.099609375,85902.0
30.1015625,85895.0
30.103515625,85875.0
30.10546875,85847.0
30.107421875,85832.0
30.109375,85851.0
30.111328125,85801.0
30.11328125,85760.0
30.115234375,85763.0
30.1171875,85728.0
30.119140625,85696.0
30.12109375,85680.0
30.123046875,85666.0
30.125,85661.0
30.126953125,85625.0
30.12890625,85585.0
30.130859375,85586.0
30.1328125,85556.0
30.134765625,85545.0
30.13671875,85527.0
