time_s,Green,Red
0.0,81715.0,188733.0
0.00250243987888191,81744.0,221498.0
0.00500487975776382,81758.0,254101.0
0.007507319636645729,81773.0,273266.0
0.01000975951552764,81803.0,273116.0
0.012512199394409548,81839.0,273091.0
0.015014639273291459,81845.0,273111.0
0.01751707915217337,81881.0,273107.0
0.02001951903105528,81903.0,273092.0
0.022521958909937186,81920.0,273058.0
0.025024398788819097,81932.0,273074.0
0.027526838667701007,81936.0,273044.0
0.030029278546582917,81945.0,273034.0
0.032531718425464824,81967.0,273032.0
0.03503415830434674,81984.0,273044.0
0.037536598183228645,81994.0,273040.0
0.04003903806211056,82019.0,273043.0
0.042541477940992466,82022.0,273005.0
0.04504391781987437,82040.0,273017.0
0.047546357698756286,82047.0,273018.0
0.05004879757763819,82059.0,273012.0
0.05255123745652011,82096.0,273008.0
0.055053677335402014,82091.0,272970.0
0.05755611721428393,82076.0,272992.0
0.060058557093165835,82113.0,273000.0
0.06256099697204774,82115.0,272968.0
0.06506343685092965,82145.0,272969.0
0.06756587672981157,82118.0,272988.0
0.07006831660869348,82123.0,272978.0
0.07257075648757538,82150.0,272977.0
0.07507319636645729,82178.0,272967.0
0.0775756362453392,82162.0,272953.0
0.08007807612422112,82176.0,272960.0
0.08258051600310302,82197.0,272983.0
0.08508295588198493,82192.0,272950.0
0.08758539576086684,82180.0,272949.0
0.09008783563974875,82192.0,272943.0
0.09259027551863067,82214.0,272929.0
0.09509271539751257,82231.0,272946.0
0.09759515527639448,82225.0,272962.0
0.10009759515527639,82206.0,272928.0
0.10260003503415831,82228.0,272917.0
0.10510247491304021,82245.0,272939.0
0.10760491479192212,82235.0,272921.0
0.11010735467080403,82231.0,272930.0
0.11260979454968593,82238.0,272945.0
0.11511223442856786,82251.0,272930.0
0.11761467430744976,82250.0,272950.0
0.12011711418633167,82283.0,272930.0
0.12261955406521358,82262.0,272947.0
0.12512199394409548,82274.0,272920.0
0.1276244338229774,82278.0,272955.0
0.1301268737018593,82282.0,272958.0
0.13262931358074123,82305.0,272938.0
0.13513175345962314,82302.0,272957.0
0.13763419333850505,82301.0,272932.0
0.14013663321738695,82302.0,272950.0
0.14263907309626886,82318.0,272940.0
0.14514151297515077,82336.0,272930.0
0.14764395285403267,82350.0,272943.0
0.15014639273291458,82343.0,272969.0
0.1526488326117965,82345.0,272922.0
0.1551512724906784,82368.0,272952.0
0.15765371236956033,82355.0,272937.0
0.16015615224844224,82392.0,272929.0
0.16265859212732414,82382.0,272934.0
0.16516103200620605,82378.0,272937.0
0.16766347188508796,82385.0,272940.0
0.17016591176396986,82392.0,272908.0
0.17266835164285177,82392.0,272917.0
0.17517079152173368,82421.0,272935.0
0.17767323140061558,82422.0,272892.0
0.1801756712794975,82441.0,272939.0
0.18267811115837942,82437.0,272925.0
0.18518055103726133,82478.0,272924.0
0.18768299091614324,82461.0,272925.0
0.19018543079502515,82463.0,272903.0
0.19268787067390705,82492.0,272918.0
0.19519031055278896,82488.0,272921.0
0.19769275043167087,82520.0,272915.0
0.20019519031055277,82509.0,272934.0
0.20269763018943468,82516.0,272911.0
0.20520007006831661,82526.0,272912.0
0.20770250994719852,82558.0,272911.0
0.21020494982608043,82573.0,272912.0
0.21270738970496234,82575.0,272897.0
0.21520982958384424,82579.0,272908.0
0.21771226946272615,82573.0,272911.0
0.22021470934160806,82590.0,272880.0
0.22271714922048996,82623.0,272896.0
0.22521958909937187,82638.0,272880.0
0.22772202897825378,82647.0,272862.0
0.2302244688571357,82664.0,272857.0
0.23272690873601762,82667.0,272898.0
0.23522934861489952,82668.0,272884.0
0.23773178849378143,82668.0,272900.0
0.24023422837266334,82725.0,272897.0
0.24273666825154525,82708.0,272911.0
0.24523910813042715,82705.0,272876.0
0.24774154800930906,82731.0,272893.0
0.25024398788819097,82749.0,272898.0
0.2527464277670729,82739.0,272909.0
0.2552488676459548,82770.0,272900.0
0.2577513075248367,82772.0,272887.0
0.2602537474037186,82799.0,272912.0
0.26275618728260053,82807.0,272896.0
0.26525862716148246,82819.0,272885.0
0.26776106704036434,82813.0,272864.0
0.2702635069192463,82837.0,272869.0
0.27276594679812816,82859.0,272890.0
0.2752683866770101,82850.0,272876.0
0.27777082655589197,82850.0,272896.0
0.2802732664347739,82893.0,272905.0
0.2827757063136558,82913.0,272909.0
0.2852781461925377,82913.0,272909.0
0.2877805860714196,82922.0,272910.0
0.29028302595030153,82940.0,272919.0
0.29278546582918347,82946.0,272905.0
0.29528790570806535,82958.0,272874.0
0.2977903455869473,82981.0,272921.0
0.30029278546582916,82984.0,272901.0
0.3027952253447111,82983.0,272904.0
0.305297665223593,82990.0,272897.0
0.3078001051024749,82999.0,272901.0
0.3103025449813568,83026.0,272886.0
0.3128049848602387,83045.0,272874.0
0.31530742473912066,83034.0,272900.0
0.31780986461800254,83075.0,272908.0
0.32031230449688447,83085.0,272905.0
0.32281474437576635,83072.0,272914.0
0.3253171842546483,83118.0,272921.0
0.32781962413353016,83113.0,272920.0
0.3303220640124121,83098.0,272903.0
0.332824503891294,83128.0,272901.0
0.3353269437701759,83133.0,272897.0
0.33782938364905785,83161.0,272910.0
0.3403318235279397,83168.0,272914.0
0.34283426340682166,83187.0,272891.0
0.34533670328570354,83181.0,272894.0
0.3478391431645855,83194.0,272919.0
0.35034158304346735,83195.0,272915.0
0.3528440229223493,83226.0,272939.0
0.35534646280123117,83239.0,272928.0
0.3578489026801131,83247.0,272909.0
0.360351342558995,83261.0,272933.0
0.3628537824378769,83272.0,272936.0
0.36535622231675885,83264.0,272924.0
0.36785866219564073,83307.0,272916.0
0.37036110207452266,83329.0,272919.0
0.37286354195340454,83314.0,272918.0
0.3753659818322865,83329.0,272930.0
0.37786842171116836,83354.0,272900.0
0.3803708615900503,83363.0,272911.0
0.38287330146893217,83384.0,272906.0
0.3853757413478141,83392.0,272940.0
0.38787818122669604,83388.0,272926.0
0.3903806211055779,83397.0,272937.0
0.39288306098445985,83389.0,272912.0
0.39538550086334173,83431.0,272924.0
0.39788794074222367,83443.0,272931.0
0.40039038062110555,83463.0,272916.0
0.4028928204999875,83457.0,272936.0
0.40539526037886936,83470.0,272922.0
0.4078977002577513,83501.0,272917.0
0.41040014013663323,83512.0,272915.0
0.4129025800155151,83517.0,272925.0
0.41540501989439704,83550.0,272909.0
0.4179074597732789,83529.0,272904.0
0.42040989965216086,83559.0,272897.0
0.42291233953104274,83566.0,272890.0
0.42541477940992467,83597.0,272927.0
0.42791721928880655,83602.0,272910.0
0.4304196591676885,83608.0,272890.0
0.4329220990465704,83631.0,272900.0
0.4354245389254523,83625.0,272937.0
0.43792697880433423,83652.0,272929.0
0.4404294186832161,83651.0,272898.0
0.44293185856209805,83679.0,272928.0
0.4454342984409799,83688.0,272907.0
0.44793673831986186,83680.0,272896.0
0.45043917819874374,83706.0,272901.0
0.4529416180776257,83719.0,272893.0
0.45544405795650755,83728.0,272903.0
0.4579464978353895,83746.0,272923.0
0.4604489377142714,83779.0,272914.0
0.4629513775931533,83777.0,272915.0
0.46545381747203524,83766.0,272886.0
0.4679562573509171,83789.0,272886.0
0.47045869722979905,83797.0,272893.0
0.47296113710868093,83795.0,272907.0
0.47546357698756286,83807.0,272917.0
0.47796601686644474,83837.0,272888.0
0.4804684567453267,83831.0,272905.0
0.4829708966242086,83831.0,272917.0
0.4854733365030905,83860.0,272915.0
0.4879757763819724,83862.0,272928.0
0.4904782162608543,83815.0,272911.0
0.49298065613973624,83845.0,272921.0
0.4954830960186181,83856.0,272895.0
0.49798553589750005,83865.0,272916.0
0.5004879757763819,83848.0,272909.0
0.5029904156552638,83840.0,272901.0
0.5054928555341458,83832.0,272936.0
0.5079952954130277,83808.0,272895.0
0.5104977352919096,83814.0,272923.0
0.5130001751707916,83796.0,272933.0
0.5155026150496734,83774.0,272920.0
0.5180050549285553,83757.0,272899.0
0.5205074948074372,83758.0,272911.0
0.5230099346863192,83729.0,272915.0
0.5255123745652011,83710.0,272896.0
0.5280148144440829,83693.0,272905.0
0.5305172543229649,83632.0,272912.0
0.5330196942018468,83628.0,272901.0
0.5355221340807287,83592.0,272889.0
0.5380245739596106,83543.0,272902.0
0.5405270138384926,83519.0,272898.0
0.5430294537173744,83464.0,272914.0
0.5455318935962563,83451.0,272881.0
0.5480343334751382,83412.0,272922.0
0.5505367733540202,83385.0,272908.0
0.5530392132329021,83342.0,272900.0
0.5555416531117839,83294.0,272875.0
0.5580440929906659,83255.0,272903.0
0.5605465328695478,83233.0,272885.0
0.5630489727484297,83191.0,272886.0
0.5655514126273116,83167.0,272868.0
0.5680538525061936,83096.0,272907.0
0.5705562923850754,83061.0,272890.0
0.5730587322639573,83030.0,272878.0
0.5755611721428392,82986.0,272853.0
0.5780636120217212,82963.0,272886.0
0.5805660519006031,82926.0,272875.0
0.5830684917794849,82869.0,272888.0
0.5855709316583669,82833.0,272881.0
0.5880733715372488,82809.0,272873.0
0.5905758114161307,82761.0,272892.0
0.5930782512950126,82751.0,272874.0
0.5955806911738946,82705.0,272859.0
0.5980831310527764,82686.0,272849.0
0.6005855709316583,82668.0,272873.0
0.6030880108105403,82658.0,272864.0
0.6055904506894222,82640.0,272877.0
0.6080928905683041,82602.0,272880.0
0.610595330447186,82590.0,272886.0
0.6130977703260679,82552.0,272837.0
0.6156002102049498,82522.0,272871.0
0.6181026500838317,82507.0,272867.0
0.6206050899627136,82490.0,272853.0
0.6231075298415956,82465.0,272846.0
0.6256099697204774,82452.0,272856.0
0.6281124095993593,82433.0,272828.0
0.6306148494782413,82419.0,272856.0
0.6331172893571232,82391.0,272837.0
0.6356197292360051,82380.0,272841.0
0.638122169114887,82359.0,272827.0
0.6406246089937689,82354.0,272804.0
0.6431270488726508,82363.0,272805.0
0.6456294887515327,82348.0,272814.0
0.6481319286304146,82354.0,272811.0
0.6506343685092966,82344.0,272795.0
0.6531368083881784,82294.0,272791.0
0.6556392482670603,82301.0,272803.0
0.6581416881459423,82294.0,272816.0
0.6606441280248242,82272.0,272798.0
0.6631465679037061,82278.0,272829.0
0.665649007782588,82270.0,272811.0
0.6681514476614699,82231.0,272780.0
0.6706538875403518,82228.0,272785.0
0.6731563274192337,82239.0,272828.0
0.6756587672981157,82185.0,272789.0
0.6781612071769976,82216.0,272793.0
0.6806636470558795,82195.0,272785.0
0.6831660869347613,82195.0,272773.0
0.6856685268136433,82223.0,272794.0
0.6881709666925252,82209.0,272771.0
0.6906734065714071,82190.0,272782.0
0.693175846450289,82225.0,272787.0
0.695678286329171,82196.0,272780.0
0.6981807262080528,82195.0,272764.0
0.7006831660869347,82201.0,272775.0
0.7031856059658167,82203.0,272781.0
0.7056880458446986,82220.0,272793.0
0.7081904857235805,82219.0,272802.0
0.7106929256024623,82246.0,272794.0
0.7131953654813443,82239.0,272802.0
0.7156978053602262,82253.0,272803.0
0.7182002452391081,82275.0,272797.0
0.72070268511799,82254.0,272806.0
0.723205124996872,82259.0,272799.0
0.7257075648757538,82288.0,272783.0
0.7282100047546357,82311.0,272799.0
0.7307124446335177,82307.0,272786.0
0.7332148845123996,82330.0,272820.0
0.7357173243912815,82365.0,272798.0
0.7382197642701633,82349.0,272804.0
0.7407222041490453,82386.0,272817.0
0.7432246440279272,82405.0,272791.0
0.7457270839068091,82420.0,272797.0
0.7482295237856911,82431.0,272777.0
0.750731963664573,82446.0,272798.0
0.7532344035434548,82480.0,272800.0
0.7557368434223367,82458.0,272797.0
0.7582392833012187,82497.0,272806.0
0.7607417231801006,82500.0,272799.0
0.7632441630589825,82512.0,272815.0
0.7657466029378643,82528.0,272790.0
0.7682490428167463,82544.0,272805.0
0.7707514826956282,82562.0,272799.0
0.7732539225745101,82543.0,272795.0
0.7757563624533921,82557.0,272805.0
0.778258802332274,82587.0,272770.0
0.7807612422111558,82613.0,272803.0
0.7832636820900377,82602.0,272771.0
0.7857661219689197,82636.0,272782.0
0.7882685618478016,82615.0,272749.0
0.7907710017266835,82646.0,272763.0
0.7932734416055655,82642.0,272774.0
0.7957758814844473,82657.0,272774.0
0.7982783213633292,82656.0,272798.0
0.8007807612422111,82681.0,272771.0
0.8032832011210931,82688.0,272781.0
0.805785640999975,82700.0,272761.0
0.8082880808788568,82709.0,272753.0
0.8107905207577387,82700.0,272775.0
0.8132929606366207,82713.0,272761.0
0.8157954005155026,82729.0,272775.0
0.8182978403943845,82703.0,272768.0
0.8208002802732665,82763.0,272777.0
0.8233027201521483,82768.0,272764.0
0.8258051600310302,82775.0,272760.0
0.8283075999099121,82802.0,272763.0
0.8308100397887941,82773.0,272761.0
0.833312479667676,82782.0,272775.0
0.8358149195465578,82826.0,272801.0
0.8383173594254397,82830.0,272768.0
0.8408197993043217,82832.0,272786.0
0.8433222391832036,82838.0,272786.0
0.8458246790620855,82849.0,272766.0
0.8483271189409675,82881.0,272791.0
0.8508295588198493,82901.0,272758.0
0.8533319986987312,82876.0,272785.0
0.8558344385776131,82924.0,272777.0
0.8583368784564951,82944.0,272754.0
0.860839318335377,82918.0,272773.0
0.8633417582142588,82938.0,272777.0
0.8658441980931408,82933.0,272777.0
0.8683466379720227,82965.0,272763.0
0.8708490778509046,82982.0,272776.0
0.8733515177297865,82998.0,272774.0
0.8758539576086685,82992.0,272760.0
0.8783563974875503,83030.0,272794.0
0.8808588373664322,83056.0,272765.0
0.8833612772453141,83071.0,272782.0
0.8858637171241961,83106.0,272769.0
0.888366157003078,83118.0,272800.0
0.8908685968819599,83137.0,272799.0
0.8933710367608418,83150.0,272767.0
0.8958734766397237,83158.0,272787.0
0.8983759165186056,83196.0,272791.0
0.9008783563974875,83177.0,272778.0
0.9033807962763695,83197.0,272808.0
0.9058832361552513,83197.0,272803.0
0.9083856760341332,83234.0,272823.0
0.9108881159130151,83241.0,272802.0
0.9133905557918971,83271.0,272838.0
0.915892995670779,83269.0,272804.0
0.9183954355496609,83273.0,272815.0
0.9208978754285428,83318.0,272812.0
0.9234003153074247,83317.0,272795.0
0.9259027551863066,83337.0,272793.0
0.9284051950651885,83338.0,272812.0
0.9309076349440705,83351.0,272794.0
0.9334100748229524,83413.0,272815.0
0.9359125147018342,83388.0,272805.0
0.9384149545807162,83395.0,272786.0
0.9409173944595981,83442.0,272810.0
0.94341983433848,83431.0,272794.0
0.9459222742173619,83439.0,272812.0
0.9484247140962438,83471.0,272810.0
0.9509271539751257,83479.0,272814.0
0.9534295938540076,83476.0,272798.0
0.9559320337328895,83524.0,272794.0
0.9584344736117715,83528.0,272806.0
0.9609369134906534,83561.0,272806.0
0.9634393533695352,83579.0,272814.0
0.9659417932484172,83583.0,272804.0
0.9684442331272991,83584.0,272797.0
0.970946673006181,83597.0,272804.0
0.9734491128850629,83616.0,272818.0
0.9759515527639449,83656.0,272822.0
0.9784539926428267,83665.0,272805.0
0.9809564325217086,83672.0,272817.0
0.9834588724005905,83699.0,272815.0
0.9859613122794725,83705.0,272828.0
0.9884637521583544,83724.0,272821.0
0.9909661920372362,83756.0,272837.0
0.9934686319161182,83756.0,272824.0
0.9959710717950001,83744.0,272827.0
0.998473511673882,83761.0,272808.0
1.0009759515527639,83781.0,272805.0
1.0034783914316459,83806.0,272828.0
1.0059808313105276,83814.0,272853.0
1.0084832711894096,83829.0,272827.0
1.0109857110682916,83838.0,272828.0
1.0134881509471734,83873.0,272842.0
1.0159905908260554,83877.0,272832.0
1.0184930307049374,83876.0,272840.0
1.0209954705838191,83898.0,272834.0
1.023497910462701,83931.0,272842.0
1.026000350341583,83925.0,272851.0
1.0285027902204649,83951.0,272840.0
1.0310052300993469,83961.0,272852.0
1.0335076699782286,83964.0,272840.0
1.0360101098571106,83988.0,272814.0
1.0385125497359926,83992.0,272857.0
1.0410149896148744,84007.0,272871.0
1.0435174294937564,84022.0,272870.0
1.0460198693726384,84059.0,272851.0
1.0485223092515201,84038.0,272845.0
1.0510247491304021,84060.0,272833.0
1.053527189009284,84074.0,272849.0
1.0560296288881659,84089.0,272825.0
1.0585320687670479,84095.0,272875.0
1.0610345086459299,84090.0,272858.0
1.0635369485248116,84132.0,272837.0
1.0660393884036936,84134.0,272840.0
1.0685418282825754,84130.0,272861.0
1.0710442681614574,84140.0,272848.0
1.0735467080403394,84155.0,272857.0
1.0760491479192211,84155.0,272864.0
1.0785515877981031,84200.0,272875.0
1.081054027676985,84196.0,272851.0
1.0835564675558669,84213.0,272880.0
1.0860589074347489,84223.0,272868.0
1.0885613473136309,84233.0,272881.0
1.0910637871925126,84257.0,272878.0
1.0935662270713946,84256.0,272871.0
1.0960686669502764,84279.0,272889.0
1.0985711068291584,84272.0,272848.0
1.1010735467080404,84297.0,272846.0
1.1035759865869221,84329.0,272858.0
1.1060784264658041,84313.0,272858.0
1.1085808663446861,84322.0,272863.0
1.1110833062235679,84335.0,272862.0
1.1135857461024499,84331.0,272878.0
1.1160881859813319,84392.0,272880.0
1.1185906258602136,84399.0,272854.0
1.1210930657390956,84404.0,272850.0
1.1235955056179774,84449.0,272842.0
1.1260979454968594,84428.0,272856.0
1.1286003853757414,84444.0,272888.0
1.1311028252546231,84472.0,272860.0
1.1336052651335051,84486.0,272885.0
1.1361077050123871,84459.0,272864.0
1.1386101448912689,84494.0,272860.0
1.1411125847701509,84499.0,272861.0
1.1436150246490329,84523.0,272868.0
1.1461174645279146,84541.0,272869.0
1.1486199044067966,84557.0,272862.0
1.1511223442856784,84547.0,272873.0
1.1536247841645604,84576.0,272865.0
1.1561272240434424,84588.0,272920.0
1.1586296639223241,84580.0,272872.0
1.1611321038012061,84582.0,272882.0
1.1636345436800881,84604.0,272881.0
1.1661369835589699,84620.0,272844.0
1.1686394234378519,84638.0,272852.0
1.1711418633167339,84635.0,272852.0
1.1736443031956156,84638.0,272856.0
1.1761467430744976,84665.0,272873.0
1.1786491829533796,84681.0,272870.0
1.1811516228322614,84687.0,272877.0
1.1836540627111434,84714.0,272855.0
1.1861565025900251,84695.0,272853.0
1.1886589424689071,84750.0,272858.0
1.1911613823477891,84742.0,272886.0
1.193663822226671,84755.0,272868.0
1.1961662621055529,84773.0,272851.0
1.1986687019844349,84757.0,272886.0
1.2011711418633166,84758.0,272852.0
1.2036735817421986,84795.0,272869.0
1.2061760216210806,84804.0,272861.0
1.2086784614999624,84818.0,272850.0
1.2111809013788444,84818.0,272889.0
1.2136833412577261,84834.0,272877.0
1.2161857811366081,84861.0,272866.0
1.2186882210154901,84847.0,272899.0
1.221190660894372,84850.0,272843.0
1.2236931007732539,84861.0,272872.0
1.2261955406521359,84895.0,272865.0
1.2286979805310176,84903.0,272918.0
1.2312004204098996,84875.0,272872.0
1.2337028602887816,84909.0,272825.0
1.2362053001676634,84940.0,272861.0
1.2387077400465454,84953.0,272832.0
1.2412101799254271,84926.0,272861.0
1.2437126198043091,84932.0,272863.0
1.2462150596831911,84936.0,272885.0
1.248717499562073,84923.0,272859.0
1.2512199394409549,84944.0,272849.0
1.2537223793198369,84941.0,272839.0
1.2562248191987186,84935.0,272854.0
1.2587272590776006,84922.0,272836.0
1.2612296989564826,84924.0,272852.0
1.2637321388353644,84890.0,272858.0
1.2662345787142464,84902.0,272833.0
1.2687370185931282,84892.0,272837.0
1.2712394584720101,84878.0,272836.0
1.2737418983508921,84848.0,272840.0
1.276244338229774,84832.0,272811.0
1.278746778108656,84792.0,272830.0
1.2812492179875379,84805.0,272857.0
1.2837516578664196,84780.0,272841.0
1.2862540977453016,84735.0,272819.0
1.2887565376241836,84730.0,272826.0
1.2912589775030654,84689.0,272803.0
1.2937614173819474,84651.0,272841.0
1.2962638572608292,84603.0,272819.0
1.2987662971397111,84600.0,272822.0
1.3012687370185931,84597.0,272840.0
1.303771176897475,84560.0,272815.0
1.306273616776357,84511.0,272816.0
1.3087760566552389,84495.0,272788.0
1.3112784965341207,84446.0,272821.0
1.3137809364130026,84427.0,272804.0
1.3162833762918846,84407.0,272831.0
1.3187858161707664,84337.0,272840.0
1.3212882560496484,84304.0,272805.0
1.3237906959285304,84310.0,272814.0
1.3262931358074121,84248.0,272813.0
1.3287955756862941,84212.0,272837.0
1.331298015565176,84193.0,272831.0
1.333800455444058,84177.0,272806.0
1.3363028953229399,84138.0,272787.0
1.3388053352018217,84106.0,272797.0
1.3413077750807036,84074.0,272796.0
1.3438102149595856,84052.0,272783.0
1.3463126548384674,84012.0,272804.0
1.3488150947173494,83976.0,272812.0
1.3513175345962314,83971.0,272796.0
1.3538199744751132,83925.0,272778.0
1.3563224143539951,83901.0,272827.0
1.358824854232877,83895.0,272797.0
1.361327294111759,83867.0,272800.0
1.363829733990641,83843.0,272789.0
1.3663321738695227,83837.0,272788.0
1.3688346137484046,83796.0,272804.0
1.3713370536272866,83769.0,272766.0
1.3738394935061684,83739.0,272808.0
1.3763419333850504,83729.0,272786.0
1.3788443732639324,83728.0,272780.0
1.3813468131428142,83696.0,272790.0
1.3838492530216961,83668.0,272800.0
1.386351692900578,83662.0,272777.0
1.38885413277946,83639.0,272796.0
1.391356572658342,83612.0,272794.0
1.3938590125372237,83608.0,272761.0
1.3963614524161057,83586.0,272766.0
1.3988638922949876,83595.0,272782.0
1.4013663321738694,83541.0,272776.0
1.4038687720527514,83552.0,272766.0
1.4063712119316334,83532.0,272781.0
1.4088736518105152,83525.0,272805.0
1.4113760916893971,83509.0,272769.0
1.413878531568279,83484.0,272790.0
1.416380971447161,83483.0,272759.0
1.418883411326043,83437.0,272770.0
1.4213858512049247,83449.0,272788.0
1.4238882910838067,83436.0,272778.0
1.4263907309626886,83414.0,272770.0
1.4288931708415704,83410.0,272770.0
1.4313956107204524,83410.0,272764.0
1.4338980505993344,83412.0,272782.0
1.4364004904782162,83406.0,272777.0
1.4389029303570982,83384.0,272767.0
1.44140537023598,83350.0,272781.0
1.443907810114862,83353.0,272809.0
1.446410249993744,83347.0,272791.0
1.4489126898726257,83312.0,272771.0
1.4514151297515077,83303.0,272765.0
1.4539175696303897,83306.0,272764.0
1.4564200095092714,83320.0,272774.0
1.4589224493881534,83323.0,272743.0
1.4614248892670354,83303.0,272754.0
1.4639273291459172,83335.0,272789.0
1.4664297690247992,83328.0,272776.0
1.4689322089036811,83329.0,272760.0
1.471434648782563,83309.0,272774.0
1.473937088661445,83322.0,272772.0
1.4764395285403267,83321.0,272755.0
1.4789419684192087,83341.0,272769.0
1.4814444082980907,83326.0,272754.0
1.4839468481769724,83339.0,272767.0
1.4864492880558544,83352.0,272778.0
1.4889517279347364,83372.0,272777.0
1.4914541678136182,83381.0,272798.0
1.4939566076925002,83355.0,272758.0
1.4964590475713822,83378.0,272771.0
1.498961487450264,83391.0,272781.0
1.501463927329146,83414.0,272783.0
1.5039663672080277,83397.0,272787.0
1.5064688070869097,83426.0,272770.0
1.5089712469657917,83409.0,272772.0
1.5114736868446734,83420.0,272782.0
1.5139761267235554,83442.0,272769.0
1.5164785666024374,83474.0,272800.0
1.5189810064813192,83455.0,272798.0
1.5214834463602012,83478.0,272801.0
1.5239858862390832,83495.0,272764.0
1.526488326117965,83471.0,272728.0
1.528990765996847,83488.0,272808.0
1.5314932058757287,83504.0,272787.0
1.5339956457546107,83504.0,272787.0
1.5364980856334927,83526.0,272759.0
1.5390005255123744,83534.0,272757.0
1.5415029653912564,83509.0,272784.0
1.5440054052701384,83530.0,272784.0
1.5465078451490202,83526.0,272793.0
1.5490102850279022,83549.0,272784.0
1.5515127249067842,83553.0,272792.0
1.554015164785666,83547.0,272787.0
1.556517604664548,83550.0,272772.0
1.5590200445434297,83560.0,272784.0
1.5615224844223117,83577.0,272760.0
1.5640249243011937,83596.0,272767.0
1.5665273641800754,83587.0,272788.0
1.5690298040589574,83576.0,272776.0
1.5715322439378394,83608.0,272769.0
1.5740346838167212,83599.0,272771.0
1.5765371236956032,83601.0,272794.0
1.5790395635744852,83613.0,272807.0
1.581542003453367,83600.0,272789.0
1.584044443332249,83612.0,272802.0
1.586546883211131,83620.0,272815.0
1.5890493230900127,83632.0,272771.0
1.5915517629688947,83647.0,272812.0
1.5940542028477764,83639.0,272786.0
1.5965566427266584,83650.0,272781.0
1.5990590826055404,83652.0,272788.0
1.6015615224844222,83640.0,272785.0
1.6040639623633042,83659.0,272788.0
1.6065664022421862,83638.0,272784.0
1.609068842121068,83677.0,272781.0
1.61157128199995,83683.0,272771.0
1.614073721878832,83687.0,272747.0
1.6165761617577137,83694.0,272767.0
1.6190786016365957,83681.0,272784.0
1.6215810415154774,83701.0,272770.0
1.6240834813943594,83703.0,272788.0
1.6265859212732414,83706.0,272775.0
1.6290883611521232,83713.0,272744.0
1.6315908010310052,83720.0,272797.0
1.6340932409098872,83725.0,272746.0
1.636595680788769,83725.0,272759.0
1.639098120667651,83731.0,272747.0
1.641600560546533,83758.0,272761.0
1.6441030004254147,83734.0,272765.0
1.6466054403042967,83751.0,272755.0
1.6491078801831784,83774.0,272776.0
1.6516103200620604,83771.0,272785.0
1.6541127599409424,83779.0,272722.0
1.6566151998198242,83770.0,272806.0
1.6591176396987062,83785.0,272751.0
1.6616200795775882,83789.0,272758.0
1.66412251945647,83792.0,272769.0
1.666624959335352,83822.0,272761.0
1.669127399214234,83811.0,272762.0
1.6716298390931157,83843.0,272761.0
1.6741322789719977,83837.0,272746.0
1.6766347188508794,83833.0,272773.0
1.6791371587297614,83818.0,272770.0
1.6816395986086434,83860.0,272752.0
1.6841420384875252,83844.0,272757.0
1.6866444783664072,83845.0,272739.0
1.6891469182452892,83853.0,272751.0
1.691649358124171,83846.0,272774.0
1.694151798003053,83881.0,272757.0
1.696654237881935,83879.0,272752.0
1.6991566777608167,83880.0,272758.0
1.7016591176396987,83908.0,272762.0
1.7041615575185804,83908.0,272738.0
1.7066639973974624,83915.0,272766.0
1.7091664372763444,83943.0,272768.0
1.7116688771552262,83941.0,272786.0
1.7141713170341082,83958.0,272789.0
1.7166737569129902,83941.0,272762.0
1.719176196791872,83976.0,272770.0
1.721678636670754,83961.0,272761.0
1.724181076549636,83963.0,272739.0
1.7266835164285177,84001.0,272765.0
1.7291859563073997,84021.0,272772.0
1.7316883961862817,84016.0,272788.0
1.7341908360651634,84035.0,272770.0
1.7366932759440454,84029.0,272775.0
1.7391957158229272,84050.0,272764.0
1.7416981557018092,84033.0,272788.0
1.7442005955806912,84056.0,272753.0
1.746703035459573,84079.0,272798.0
1.749205475338455,84081.0,272772.0
1.751707915217337,84088.0,272766.0
1.7542103550962187,84080.0,272786.0
1.7567127949751007,84097.0,272800.0
1.7592152348539827,84106.0,272790.0
1.7617176747328644,84130.0,272807.0
1.7642201146117464,84127.0,272781.0
1.7667225544906282,84142.0,272793.0
1.7692249943695102,84153.0,272796.0
1.7717274342483922,84182.0,272785.0
1.774229874127274,84194.0,272803.0
1.776732314006156,84185.0,272793.0
1.779234753885038,84186.0,272825.0
1.7817371937639197,84195.0,272810.0
1.7842396336428017,84185.0,272826.0
1.7867420735216837,84226.0,272801.0
1.7892445134005655,84224.0,272793.0
1.7917469532794474,84217.0,272800.0
1.7942493931583292,84231.0,272824.0
1.7967518330372112,84251.0,272797.0
1.7992542729160932,84268.0,272820.0
1.801756712794975,84262.0,272826.0
1.804259152673857,84277.0,272802.0
1.806761592552739,84288.0,272775.0
1.8092640324316207,84304.0,272818.0
1.8117664723105027,84319.0,272813.0
1.8142689121893847,84334.0,272803.0
1.8167713520682665,84332.0,272804.0
1.8192737919471484,84333.0,272789.0
1.8217762318260302,84340.0,272818.0
1.8242786717049122,84345.0,272830.0
1.8267811115837942,84343.0,272824.0
1.829283551462676,84380.0,272822.0
1.831785991341558,84355.0,272801.0
1.83428843122044,84395.0,272816.0
1.8367908710993217,84414.0,272816.0
1.8392933109782037,84422.0,272782.0
1.8417957508570857,84425.0,272763.0
1.8442981907359675,84403.0,272829.0
1.8468006306148494,84456.0,272794.0
1.8493030704937312,84439.0,272834.0
1.8518055103726132,84468.0,272823.0
1.8543079502514952,84454.0,272825.0
1.856810390130377,84499.0,272820.0
1.859312830009259,84516.0,272797.0
1.861815269888141,84506.0,272823.0
1.8643177097670227,84519.0,272820.0
1.8668201496459047,84528.0,272809.0
1.8693225895247867,84537.0,272833.0
1.8718250294036685,84549.0,272839.0
1.8743274692825505,84566.0,272838.0
1.8768299091614324,84562.0,272844.0
1.8793323490403142,84565.0,272843.0
1.8818347889191962,84568.0,272830.0
1.884337228798078,84579.0,272853.0
1.88683966867696,84569.0,272816.0
1.889342108555842,84615.0,272830.0
1.8918445484347237,84624.0,272818.0
1.8943469883136057,84638.0,272838.0
1.8968494281924877,84654.0,272834.0
1.8993518680713695,84655.0,272845.0
1.9018543079502515,84638.0,272846.0
1.9043567478291334,84678.0,272846.0
1.9068591877080152,84655.0,272844.0
1.9093616275868972,84691.0,272833.0
1.911864067465779,84687.0,272835.0
1.914366507344661,84714.0,272812.0
1.916868947223543,84720.0,272889.0
1.9193713871024247,84735.0,272871.0
1.9218738269813067,84740.0,272841.0
1.9243762668601887,84751.0,272829.0
1.9268787067390705,84762.0,272841.0
1.9293811466179525,84773.0,272854.0
1.9318835864968344,84799.0,272846.0
1.9343860263757162,84787.0,272839.0
1.9368884662545982,84802.0,272857.0
1.93939090613348,84801.0,272840.0
1.941893346012362,84854.0,272864.0
1.944395785891244,84850.0,272851.0
1.9468982257701257,84857.0,272860.0
1.9494006656490077,84837.0,272838.0
1.9519031055278897,84876.0,272854.0
1.9544055454067715,84888.0,272852.0
1.9569079852856535,84856.0,272856.0
1.9594104251645355,84904.0,272852.0
1.9619128650434172,84905.0,272847.0
1.9644153049222992,84899.0,272855.0
1.966917744801181,84933.0,272881.0
1.969420184680063,84932.0,272881.0
1.971922624558945,84940.0,272861.0
1.9744250644378267,84948.0,272840.0
1.9769275043167087,84949.0,272866.0
1.9794299441955907,84946.0,272869.0
1.9819323840744725,84981.0,272899.0
1.9844348239533545,84996.0,272877.0
1.9869372638322365,85002.0,272916.0
1.9894397037111182,84997.0,272874.0
1.9919421435900002,84994.0,272860.0
1.994444583468882,85042.0,272898.0
1.996947023347764,85041.0,272874.0
1.999449463226646,85025.0,272848.0
2.0019519031055277,85037.0,272878.0
2.0044543429844097,85029.0,272867.0
2.0069567828632917,85037.0,272866.0
2.0094592227421737,85035.0,272858.0
2.0119616626210552,85032.0,272873.0
2.0144641024999372,85046.0,272878.0
2.0169665423788192,85044.0,272857.0
2.019468982257701,85038.0,272848.0
2.021971422136583,85022.0,272873.0
2.024473862015465,85007.0,272835.0
2.0269763018943467,85035.0,272849.0
2.0294787417732287,84993.0,272852.0
2.0319811816521107,84987.0,272855.0
2.0344836215309927,84979.0,272872.0
2.0369860614098747,84972.0,272871.0
2.0394885012887563,84949.0,272843.0
2.0419909411676382,84921.0,272874.0
2.0444933810465202,84892.0,272828.0
2.046995820925402,84856.0,272856.0
2.049498260804284,84837.0,272845.0
2.052000700683166,84817.0,272843.0
2.0545031405620477,84785.0,272846.0
2.0570055804409297,84763.0,272862.0
2.0595080203198117,84720.0,272843.0
2.0620104601986937,84712.0,272869.0
2.0645129000775757,84669.0,272860.0
2.0670153399564573,84632.0,272868.0
2.0695177798353392,84569.0,272865.0
2.0720202197142212,84559.0,272854.0
2.0745226595931032,84530.0,272830.0
2.077025099471985,84483.0,272844.0
2.079527539350867,84430.0,272867.0
2.0820299792297488,84363.0,272872.0
2.0845324191086307,84353.0,272850.0
2.0870348589875127,84310.0,272854.0
2.0895372988663947,84255.0,272836.0
2.0920397387452767,84218.0,272847.0
2.0945421786241587,84196.0,272840.0
2.0970446185030402,84148.0,272852.0
2.0995470583819222,84116.0,272824.0
2.1020494982608042,84075.0,272804.0
2.104551938139686,84034.0,272822.0
2.107054378018568,83976.0,272825.0
2.1095568178974498,83984.0,272834.0
2.1120592577763317,83947.0,272824.0
2.1145616976552137,83875.0,272833.0
2.1170641375340957,83868.0,272819.0
2.1195665774129777,83820.0,272824.0
2.1220690172918597,83803.0,272808.0
2.1245714571707413,83779.0,272814.0
2.1270738970496232,83728.0,272826.0
2.1295763369285052,83707.0,272794.0
2.132078776807387,83671.0,272793.0
2.134581216686269,83633.0,272824.0
2.1370836565651508,83614.0,272820.0
2.1395860964440327,83592.0,272807.0
2.1420885363229147,83570.0,272804.0
2.1445909762017967,83545.0,272815.0
2.1470934160806787,83537.0,272824.0
2.1495958559595607,83509.0,272801.0
2.1520982958384423,83510.0,272813.0
2.1546007357173242,83457.0,272789.0
2.1571031755962062,83451.0,272799.0
2.1596056154750882,83414.0,272797.0
2.16210805535397,83415.0,272792.0
2.1646104952328518,83396.0,272812.0
2.1671129351117338,83371.0,272799.0
2.1696153749906157,83367.0,272806.0
2.1721178148694977,83320.0,272798.0
2.1746202547483797,83309.0,272804.0
2.1771226946272617,83306.0,272814.0
2.1796251345061433,83279.0,272790.0
2.1821275743850252,83256.0,272797.0
2.1846300142639072,83240.0,272787.0
2.1871324541427892,83235.0,272806.0
2.189634894021671,83219.0,272809.0
2.1921373339005528,83216.0,272818.0
2.1946397737794348,83186.0,272800.0
2.1971422136583167,83182.0,272800.0
2.1996446535371987,83146.0,272796.0
2.2021470934160807,83134.0,272782.0
2.2046495332949627,83107.0,272798.0
2.2071519731738443,83114.0,272756.0
2.2096544130527263,83100.0,272759.0
2.2121568529316082,83087.0,272805.0
2.2146592928104902,83073.0,272763.0
2.2171617326893722,83068.0,272773.0
2.2196641725682538,83054.0,272777.0
2.2221666124471358,83063.0,272773.0
2.2246690523260177,83027.0,272777.0
2.2271714922048997,83032.0,272786.0
2.2296739320837817,83055.0,272767.0
2.2321763719626637,83048.0,272768.0
2.2346788118415453,83031.0,272796.0
2.2371812517204273,83027.0,272743.0
2.2396836915993092,83025.0,272779.0
2.2421861314781912,83032.0,272768.0
2.2446885713570732,83037.0,272756.0
2.2471910112359548,83041.0,272798.0
2.2496934511148368,83029.0,272774.0
2.2521958909937188,83054.0,272808.0
2.2546983308726007,83059.0,272766.0
2.2572007707514827,83052.0,272792.0
2.2597032106303647,83057.0,272783.0
2.2622056505092463,83069.0,272784.0
2.2647080903881283,83057.0,272793.0
2.2672105302670102,83070.0,272776.0
2.2697129701458922,83081.0,272774.0
2.2722154100247742,83087.0,272755.0
2.2747178499036558,83086.0,272778.0
2.2772202897825378,83083.0,272770.0
2.2797227296614198,83102.0,272775.0
2.2822251695403017,83111.0,272796.0
2.2847276094191837,83106.0,272800.0
2.2872300492980657,83134.0,272779.0
2.2897324891769473,83143.0,272758.0
2.2922349290558293,83126.0,272760.0
2.2947373689347113,83139.0,272784.0
2.2972398088135932,83160.0,272781.0
2.2997422486924752,83127.0,272787.0
2.302244688571357,83156.0,272776.0
2.3047471284502388,83160.0,272798.0
2.3072495683291208,83163.0,272784.0
2.3097520082080027,83180.0,272773.0
2.3122544480868847,83159.0,272764.0
2.3147568879657667,83172.0,272786.0
2.3172593278446483,83195.0,272789.0
2.3197617677235303,83181.0,272770.0
2.3222642076024123,83183.0,272773.0
2.3247666474812942,83185.0,272777.0
2.3272690873601762,83173.0,272753.0
2.329771527239058,83192.0,272757.0
2.3322739671179398,83201.0,272781.0
2.3347764069968218,83171.0,272745.0
2.3372788468757038,83210.0,272782.0
2.3397812867545857,83216.0,272772.0
2.3422837266334677,83200.0,272778.0
2.3447861665123493,83211.0,272768.0
2.3472886063912313,83200.0,272779.0
2.3497910462701133,83211.0,272737.0
2.3522934861489952,83213.0,272720.0
2.3547959260278772,83192.0,272754.0
2.3572983659067592,83203.0,272739.0
2.3598008057856408,83225.0,272765.0
2.3623032456645228,83216.0,272744.0
2.3648056855434048,83210.0,272763.0
2.3673081254222867,83213.0,272760.0
2.3698105653011687,83225.0,272771.0
2.3723130051800503,83230.0,272750.0
2.3748154450589323,83234.0,272765.0
2.3773178849378143,83233.0,272730.0
2.3798203248166963,83232.0,272741.0
2.3823227646955782,83213.0,272759.0
2.3848252045744602,83233.0,272743.0
2.387327644453342,83231.0,272728.0
2.3898300843322238,83233.0,272743.0
2.3923325242111058,83254.0,272753.0
2.3948349640899877,83256.0,272735.0
2.3973374039688697,83282.0,272739.0
2.3998398438477513,83265.0,272749.0
2.4023422837266333,83255.0,272755.0
2.4048447236055153,83269.0,272757.0
2.4073471634843973,83265.0,272737.0
2.4098496033632792,83281.0,272768.0
2.4123520432421612,83281.0,272763.0
2.414854483121043,83286.0,272738.0
2.4173569229999248,83290.0,272769.0
2.4198593628788068,83303.0,272777.0
2.4223618027576888,83312.0,272788.0
2.4248642426365707,83307.0,272779.0
2.4273666825154523,83344.0,272769.0
2.4298691223943343,83320.0,272789.0
2.4323715622732163,83352.0,272790.0
2.4348740021520983,83350.0,272785.0
2.4373764420309803,83339.0,272774.0
2.4398788819098622,83382.0,272780.0
2.442381321788744,83392.0,272763.0
2.4448837616676258,83369.0,272750.0
2.4473862015465078,83387.0,272770.0
2.4498886414253898,83409.0,272786.0
2.4523910813042717,83407.0,272758.0
2.4548935211831533,83431.0,272778.0
2.4573959610620353,83436.0,272760.0
2.4598984009409173,83464.0,272770.0
2.4624008408197993,83448.0,272759.0
2.4649032806986813,83440.0,272783.0
2.4674057205775632,83451.0,272774.0
2.469908160456445,83476.0,272793.0
2.472410600335327,83467.0,272778.0
2.4749130402142088,83501.0,272777.0
2.4774154800930908,83509.0,272757.0
2.4799179199719728,83491.0,272782.0
2.4824203598508543,83528.0,272768.0
2.4849227997297363,83519.0,272767.0
2.4874252396086183,83526.0,272766.0
2.4899276794875003,83552.0,272768.0
2.4924301193663823,83557.0,272751.0
2.4949325592452642,83575.0,272753.0
2.497434999124146,83575.0,272803.0
2.499937439003028,83600.0,272758.0
2.5024398788819098,83600.0,272794.0
2.5049423187607918,83622.0,272805.0
2.5074447586396738,83631.0,272795.0
2.5099471985185553,83641.0,272767.0
2.5124496383974373,83649.0,272794.0
2.5149520782763193,83657.0,272783.0
2.5174545181552013,83658.0,272779.0
2.5199569580340833,83676.0,272764.0
2.5224593979129653,83679.0,272798.0
2.524961837791847,83694.0,272750.0
2.527464277670729,83701.0,272771.0
2.5299667175496108,83710.0,272787.0
2.5324691574284928,83729.0,272792.0
2.5349715973073748,83726.0,272761.0
2.5374740371862563,83733.0,272767.0
2.5399764770651383,83764.0,272806.0
2.5424789169440203,83765.0,272782.0
2.5449813568229023,83773.0,272794.0
2.5474837967017843,83796.0,272753.0
2.5499862365806663,83777.0,272771.0
2.552488676459548,83776.0,272790.0
2.55499111633843,83777.0,272759.0
2.557493556217312,83810.0,272771.0
2.5599959960961938,83807.0,272778.0
2.5624984359750758,83838.0,272768.0
2.5650008758539573,83858.0,272773.0
2.5675033157328393,83872.0,272770.0
2.5700057556117213,83863.0,272778.0
2.5725081954906033,83864.0,272777.0
2.5750106353694853,83883.0,272788.0
2.5775130752483673,83885.0,272771.0
2.580015515127249,83894.0,272791.0
2.582517955006131,83914.0,272792.0
2.585020394885013,83917.0,272785.0
2.5875228347638948,83906.0,272782.0
2.5900252746427768,83938.0,272770.0
2.5925277145216583,83972.0,272796.0
2.5950301544005403,83978.0,272786.0
2.5975325942794223,83978.0,272754.0
2.6000350341583043,83965.0,272795.0
2.6025374740371863,84005.0,272801.0
2.6050399139160683,83993.0,272802.0
2.60754235379495,84033.0,272770.0
2.610044793673832,84015.0,272761.0
2.612547233552714,84054.0,272772.0
2.615049673431596,84062.0,272765.0
2.6175521133104778,84040.0,272774.0
2.6200545531893593,84068.0,272769.0
2.6225569930682413,84083.0,272766.0
2.6250594329471233,84068.0,272793.0
2.6275618728260053,84092.0,272772.0
2.6300643127048873,84093.0,272783.0
2.6325667525837693,84127.0,272786.0
2.635069192462651,84125.0,272772.0
2.637571632341533,84130.0,272795.0
2.640074072220415,84135.0,272773.0
2.642576512099297,84167.0,272786.0
2.6450789519781788,84173.0,272780.0
2.6475813918570608,84165.0,272772.0
2.6500838317359423,84186.0,272765.0
2.6525862716148243,84196.0,272761.0
2.6550887114937063,84211.0,272763.0
2.6575911513725883,84196.0,272765.0
2.6600935912514703,84200.0,272758.0
2.662596031130352,84229.0,272783.0
2.665098471009234,84244.0,272794.0
2.667600910888116,84252.0,272794.0
2.670103350766998,84261.0,272793.0
2.6726057906458798,84269.0,272806.0
2.6751082305247618,84289.0,272784.0
2.6776106704036433,84311.0,272795.0
2.6801131102825253,84294.0,272767.0
2.6826155501614073,84316.0,272792.0
2.6851179900402893,84309.0,272781.0
2.6876204299191713,84314.0,272787.0
2.690122869798053,84348.0,272810.0
2.692625309676935,84356.0,272823.0
2.695127749555817,84346.0,272762.0
2.697630189434699,84369.0,272799.0
2.700132629313581,84374.0,272797.0
2.7026350691924628,84370.0,272789.0
2.7051375090713443,84367.0,272784.0
2.7076399489502263,84397.0,272782.0
2.7101423888291083,84414.0,272825.0
2.7126448287079903,84430.0,272804.0
2.7151472685868723,84446.0,272800.0
2.717649708465754,84460.0,272825.0
2.720152148344636,84472.0,272816.0
2.722654588223518,84464.0,272827.0
2.7251570281024,84485.0,272802.0
2.727659467981282,84492.0,272791.0
2.7301619078601638,84510.0,272801.0
2.7326643477390453,84487.0,272809.0
2.7351667876179273,84501.0,272822.0
2.7376692274968093,84515.0,272795.0
2.7401716673756913,84516.0,272776.0
2.7426741072545733,84547.0,272816.0
2.745176547133455,84536.0,272806.0
2.747678987012337,84559.0,272784.0
2.750181426891219,84566.0,272786.0
2.752683866770101,84582.0,272805.0
2.755186306648983,84594.0,272787.0
2.7576887465278648,84604.0,272804.0
2.7601911864067463,84643.0,272780.0
2.7626936262856283,84631.0,272777.0
2.7651960661645103,84598.0,272765.0
2.7676985060433923,84638.0,272786.0
2.7702009459222743,84636.0,272751.0
2.772703385801156,84659.0,272755.0
2.775205825680038,84669.0,272756.0
2.77770826555892,84651.0,272750.0
2.780210705437802,84689.0,272766.0
2.782713145316684,84698.0,272772.0
2.785215585195566,84682.0,272760.0
2.7877180250744473,84680.0,272764.0
2.7902204649533293,84675.0,272774.0
2.7927229048322113,84685.0,272737.0
2.7952253447110933,84702.0,272779.0
2.7977277845899753,84691.0,272751.0
2.800230224468857,84687.0,272760.0
2.802732664347739,84701.0,272775.0
2.805235104226621,84651.0,272742.0
2.807737544105503,84642.0,272726.0
2.810239983984385,84668.0,272766.0
2.812742423863267,84650.0,272773.0
2.8152448637421483,84616.0,272761.0
2.8177473036210303,84614.0,272772.0
2.8202497434999123,84595.0,272780.0
2.8227521833787943,84561.0,272788.0
2.8252546232576763,84542.0,272782.0
2.827757063136558,84505.0,272759.0
2.83025950301544,84498.0,272762.0
2.832761942894322,84484.0,272767.0
2.835264382773204,84409.0,272776.0
2.837766822652086,84416.0,272758.0
2.840269262530968,84376.0,272795.0
2.8427717024098493,84346.0,272763.0
2.8452741422887313,84288.0,272786.0
2.8477765821676133,84251.0,272757.0
2.8502790220464953,84205.0,272752.0
2.8527814619253773,84195.0,272752.0
2.855283901804259,84139.0,272765.0
2.857786341683141,84080.0,272750.0
2.860288781562023,84054.0,272739.0
2.862791221440905,84021.0,272742.0
2.865293661319787,83973.0,272738.0
2.867796101198669,83933.0,272750.0
2.8702985410775503,83904.0,272739.0
2.8728009809564323,83857.0,272737.0
2.8753034208353143,83830.0,272718.0
2.8778058607141963,83768.0,272734.0
2.8803083005930783,83739.0,272721.0
2.88281074047196,83698.0,272731.0
2.885313180350842,83658.0,272727.0
2.887815620229724,83613.0,272735.0
2.890318060108606,83585.0,272711.0
2.892820499987488,83550.0,272735.0
2.89532293986637,83537.0,272724.0
2.8978253797452513,83504.0,272718.0
2.9003278196241333,83456.0,272713.0
2.9028302595030153,83429.0,272724.0
2.9053326993818973,83411.0,272715.0
2.9078351392607793,83365.0,272697.0
2.9103375791396613,83316.0,272670.0
2.912840019018543,83304.0,272690.0
2.915342458897425,83285.0,272685.0
2.917844898776307,83286.0,272690.0
2.920347338655189,83233.0,272704.0
2.922849778534071,83220.0,272712.0
2.9253522184129523,83171.0,272707.0
2.9278546582918343,83172.0,272704.0
2.9303570981707163,83146.0,272718.0
2.9328595380495983,83115.0,272714.0
2.9353619779284803,83112.0,272703.0
2.9378644178073623,83070.0,272685.0
2.940366857686244,83066.0,272692.0
2.942869297565126,83045.0,272705.0
2.945371737444008,83012.0,272713.0
2.94787417732289,83007.0,272672.0
2.950376617201772,82977.0,272690.0
2.9528790570806533,82966.0,272714.0
2.9553814969595353,82940.0,272716.0
2.9578839368384173,82941.0,272676.0
2.9603863767172993,82928.0,272703.0
2.9628888165961813,82892.0,272702.0
2.9653912564750633,82868.0,272682.0
2.967893696353945,82861.0,272701.0
2.970396136232827,82846.0,272693.0
2.972898576111709,82838.0,272690.0
2.975401015990591,82829.0,272700.0
2.977903455869473,82810.0,272697.0
2.9804058957483544,82829.0,272698.0
2.9829083356272363,82794.0,272689.0
2.9854107755061183,82790.0,272702.0
2.9879132153850003,82781.0,272690.0
2.9904156552638823,82758.0,272698.0
2.9929180951427643,82754.0,272697.0
2.995420535021646,82758.0,272699.0
2.997922974900528,82731.0,272684.0
3.00042541477941,82723.0,272693.0
3.002927854658292,82727.0,272677.0
3.005430294537174,82713.0,272673.0
3.0079327344160554,82719.0,272702.0
3.0104351742949373,82714.0,272677.0
3.0129376141738193,82714.0,272700.0
3.0154400540527013,82706.0,272695.0
3.0179424939315833,82720.0,272684.0
3.0204449338104653,82708.0,272689.0
3.022947373689347,82729.0,272677.0
3.025449813568229,82712.0,272717.0
3.027952253447111,82698.0,272680.0
3.030454693325993,82737.0,272671.0
3.032957133204875,82727.0,272675.0
3.0354595730837564,82743.0,272683.0
3.0379620129626383,82762.0,272684.0
3.0404644528415203,82767.0,272692.0
3.0429668927204023,82751.0,272710.0
3.0454693325992843,82750.0,272685.0
3.0479717724781663,82761.0,272676.0
3.050474212357048,82769.0,272665.0
3.05297665223593,82769.0,272690.0
3.055479092114812,82792.0,272676.0
3.057981531993694,82797.0,272688.0
3.060483971872576,82805.0,272674.0
3.0629864117514574,82833.0,272691.0
3.0654888516303394,82837.0,272691.0
3.0679912915092213,82816.0,272686.0
3.0704937313881033,82824.0,272699.0
3.0729961712669853,82831.0,272688.0
3.0754986111458673,82848.0,272685.0
3.078001051024749,82836.0,272695.0
3.080503490903631,82862.0,272677.0
3.083005930782513,82851.0,272680.0
3.085508370661395,82870.0,272680.0
3.088010810540277,82849.0,272686.0
3.0905132504191584,82875.0,272686.0
3.0930156902980404,82883.0,272696.0
3.0955181301769223,82869.0,272696.0
3.0980205700558043,82886.0,272663.0
3.1005230099346863,82898.0,272695.0
3.1030254498135683,82911.0,272696.0
3.10552788969245,82903.0,272688.0
3.108030329571332,82942.0,272714.0
3.110532769450214,82917.0,272707.0
3.113035209329096,82931.0,272696.0
3.115537649207978,82944.0,272694.0
3.1180400890868594,82930.0,272681.0
3.1205425289657414,82919.0,272691.0
3.1230449688446233,82938.0,272675.0
3.1255474087235053,82967.0,272705.0
3.1280498486023873,82923.0,272681.0
3.1305522884812693,82950.0,272682.0
3.133054728360151,82962.0,272686.0
3.135557168239033,82974.0,272680.0
3.138059608117915,82986.0,272663.0
3.140562047996797,82980.0,272688.0
3.143064487875679,82994.0,272707.0
3.1455669277545604,82989.0,272670.0
3.1480693676334424,82998.0,272674.0
3.1505718075123244,83009.0,272664.0
3.1530742473912063,83018.0,272659.0
3.1555766872700883,83024.0,272688.0
3.1580791271489703,83017.0,272694.0
3.160581567027852,83031.0,272686.0
3.163084006906734,83048.0,272671.0
3.165586446785616,83030.0,272666.0
3.168088886664498,83045.0,272666.0
3.17059132654338,83030.0,272685.0
3.173093766422262,83068.0,272659.0
3.1755962063011434,83061.0,272655.0
3.1780986461800254,83075.0,272666.0
3.1806010860589073,83086.0,272657.0
3.1831035259377893,83109.0,272666.0
3.1856059658166713,83084.0,272675.0
3.188108405695553,83096.0,272684.0
3.190610845574435,83126.0,272683.0
3.193113285453317,83117.0,272682.0
3.195615725332199,83132.0,272682.0
3.198118165211081,83139.0,272690.0
3.200620605089963,83150.0,272670.0
3.2031230449688444,83158.0,272669.0
3.2056254848477264,83155.0,272689.0
3.2081279247266083,83166.0,272689.0
3.2106303646054903,83154.0,272680.0
3.2131328044843723,83168.0,272696.0
3.215635244363254,83210.0,272651.0
3.218137684242136,83192.0,272683.0
3.220640124121018,83216.0,272711.0
3.2231425639999,83231.0,272700.0
3.225645003878782,83224.0,272699.0
3.228147443757664,83229.0,272707.0
3.2306498836365454,83245.0,272702.0
3.2331523235154274,83257.0,272693.0
3.2356547633943094,83274.0,272669.0
3.2381572032731913,83286.0,272695.0
3.2406596431520733,83291.0,272700.0
3.243162083030955,83299.0,272714.0
3.245664522909837,83317.0,272712.0
3.248166962788719,83311.0,272675.0
3.250669402667601,83327.0,272701.0
3.253171842546483,83328.0,272682.0
3.255674282425365,83369.0,272698.0
3.2581767223042464,83356.0,272710.0
3.2606791621831284,83375.0,272697.0
3.2631816020620104,83395.0,272699.0
3.2656840419408923,83374.0,272663.0
3.2681864818197743,83393.0,272681.0
3.270688921698656,83427.0,272674.0
3.273191361577538,83440.0,272694.0
3.27569380145642,83436.0,272704.0
3.278196241335302,83474.0,272679.0
3.280698681214184,83470.0,272670.0
3.283201121093066,83489.0,272664.0
3.2857035609719474,83503.0,272659.0
3.2882060008508294,83503.0,272649.0
3.2907084407297114,83506.0,272683.0
3.2932108806085933,83527.0,272673.0
3.2957133204874753,83541.0,272690.0
3.298215760366357,83587.0,272676.0
3.300718200245239,83569.0,272651.0
3.303220640124121,83592.0,272685.0
3.305723080003003,83586.0,272672.0
3.308225519881885,83614.0,272666.0
3.310727959760767,83614.0,272688.0
3.3132303996396484,83629.0,272654.0
3.3157328395185304,83658.0,272692.0
3.3182352793974124,83651.0,272661.0
3.3207377192762944,83664.0,272671.0
3.3232401591551763,83690.0,272694.0
3.325742599034058,83698.0,272664.0
3.32824503891294,83706.0,272659.0
3.330747478791822,83715.0,272670.0
3.333249918670704,83722.0,272670.0
3.335752358549586,83763.0,272664.0
3.338254798428468,83754.0,272647.0
3.3407572383073494,83759.0,272677.0
3.3432596781862314,83770.0,272657.0
3.3457621180651134,83775.0,272672.0
3.3482645579439954,83810.0,272644.0
3.3507669978228773,83820.0,272655.0
3.353269437701759,83837.0,272651.0
3.355771877580641,83853.0,272645.0
3.358274317459523,83844.0,272659.0
3.360776757338405,83868.0,272647.0
3.363279197217287,83871.0,272645.0
3.365781637096169,83892.0,272617.0
3.3682840769750504,83901.0,272639.0
3.3707865168539324,83901.0,272645.0
3.3732889567328144,83925.0,272627.0
3.3757913966116964,83930.0,272625.0
3.3782938364905784,83959.0,272638.0
3.38079627636946,83956.0,272638.0
3.383298716248342,83957.0,272660.0
3.385801156127224,83989.0,272618.0
3.388303596006106,84014.0,272629.0
3.390806035884988,83994.0,272621.0
3.39330847576387,84033.0,272631.0
3.3958109156427514,84026.0,272607.0
3.3983133555216334,84024.0,272619.0
3.4008157954005154,84057.0,272643.0
3.4033182352793974,84081.0,272628.0
3.4058206751582794,84075.0,272644.0
3.408323115037161,84106.0,272649.0
3.410825554916043,84103.0,272648.0
3.413327994794925,84088.0,272640.0
3.415830434673807,84099.0,272616.0
3.418332874552689,84114.0,272642.0
3.420835314431571,84157.0,272632.0
3.4233377543104524,84147.0,272651.0
3.4258401941893344,84180.0,272658.0
3.4283426340682164,84164.0,272632.0
3.4308450739470984,84181.0,272643.0
3.4333475138259804,84175.0,272619.0
3.435849953704862,84209.0,272629.0
3.438352393583744,84209.0,272649.0
3.440854833462626,84211.0,272638.0
3.443357273341508,84213.0,272647.0
3.44585971322039,84254.0,272653.0
3.448362153099272,84269.0,272635.0
3.4508645929781534,84269.0,272624.0
3.4533670328570354,84269.0,272646.0
3.4558694727359174,84278.0,272631.0
3.4583719126147994,84333.0,272633.0
3.4608743524936814,84303.0,272645.0
3.4633767923725634,84331.0,272626.0
3.465879232251445,84379.0,272637.0
3.468381672130327,84369.0,272622.0
3.470884112009209,84370.0,272648.0
3.473386551888091,84371.0,272661.0
3.475888991766973,84384.0,272643.0
3.4783914316458544,84421.0,272641.0
3.4808938715247364,84428.0,272643.0
3.4833963114036184,84426.0,272650.0
3.4858987512825004,84438.0,272646.0
3.4884011911613824,84460.0,272646.0
3.4909036310402644,84445.0,272644.0
3.493406070919146,84487.0,272636.0
3.495908510798028,84496.0,272627.0
3.49841095067691,84494.0,272644.0
3.500913390555792,84528.0,272633.0
3.503415830434674,84550.0,272664.0
3.5059182703135554,84575.0,272638.0
3.5084207101924374,84531.0,272636.0
3.5109231500713194,84541.0,272670.0
3.5134255899502014,84581.0,272669.0
3.5159280298290834,84614.0,272661.0
3.5184304697079654,84613.0,272622.0
3.520932909586847,84636.0,272652.0
3.523435349465729,84624.0,272652.0
3.525937789344611,84650.0,272659.0
3.528440229223493,84656.0,272669.0
3.530942669102375,84655.0,272674.0
3.5334451089812564,84670.0,272657.0
3.5359475488601384,84699.0,272670.0
3.5384499887390204,84677.0,272677.0
3.5409524286179024,84715.0,272680.0
3.5434548684967844,84741.0,272681.0
3.5459573083756664,84730.0,272664.0
3.548459748254548,84739.0,272660.0
3.55096218813343,84735.0,272665.0
3.553464628012312,84725.0,272663.0
3.555967067891194,84755.0,272644.0
3.558469507770076,84744.0,272631.0
3.5609719476489574,84754.0,272655.0
3.5634743875278394,84727.0,272652.0
3.5659768274067214,84750.0,272649.0
3.5684792672856034,84727.0,272634.0
3.5709817071644854,84727.0,272675.0
3.5734841470433674,84717.0,272644.0
3.575986586922249,84718.0,272629.0
3.578489026801131,84681.0,272638.0
3.580991466680013,84678.0,272645.0
3.583493906558895,84695.0,272657.0
3.585996346437777,84662.0,272630.0
3.5884987863166584,84632.0,272612.0
3.5910012261955404,84637.0,272659.0
3.5935036660744224,84604.0,272620.0
3.5960061059533044,84596.0,272596.0
3.5985085458321864,84561.0,272639.0
3.6010109857110684,84561.0,272623.0
3.60351342558995,84523.0,272631.0
3.606015865468832,84501.0,272641.0
3.608518305347714,84465.0,272628.0
3.611020745226596,84433.0,272617.0
3.613523185105478,84388.0,272620.0
3.6160256249843594,84371.0,272603.0
3.6185280648632414,84354.0,272599.0
3.6210305047421234,84310.0,272605.0
3.6235329446210054,84284.0,272619.0
3.6260353844998874,84254.0,272584.0
3.6285378243787694,84218.0,272606.0
3.631040264257651,84160.0,272603.0
3.633542704136533,84160.0,272593.0
3.636045144015415,84114.0,272608.0
3.638547583894297,84093.0,272600.0
3.641050023773179,84075.0,272594.0
3.6435524636520604,84003.0,272591.0
3.6460549035309424,83988.0,272605.0
3.6485573434098244,83952.0,272593.0
3.6510597832887064,83934.0,272583.0
3.6535622231675884,83923.0,272587.0
3.6560646630464704,83873.0,272610.0
3.658567102925352,83834.0,272611.0
3.661069542804234,83794.0,272605.0
3.663571982683116,83816.0,272619.0
3.666074422561998,83787.0,272595.0
3.66857686244088,83771.0,272596.0
3.6710793023197614,83730.0,272576.0
3.6735817421986434,83712.0,272591.0
3.6760841820775254,83674.0,272596.0
3.6785866219564074,83671.0,272589.0
3.6810890618352894,83661.0,272588.0
3.6835915017141714,83637.0,272576.0
3.686093941593053,83610.0,272586.0
3.688596381471935,83591.0,272545.0
3.691098821350817,83571.0,272571.0
3.693601261229699,83582.0,272600.0
3.696103701108581,83566.0,272563.0
3.6986061409874624,83519.0,272571.0
3.7011085808663444,83517.0,272581.0
3.7036110207452264,83496.0,272562.0
3.7061134606241084,83496.0,272556.0
3.7086159005029904,83508.0,272568.0
3.7111183403818724,83489.0,272569.0
3.713620780260754,83451.0,272565.0
3.716123220139636,83433.0,272574.0
3.718625660018518,83410.0,272573.0
3.7211280998974,83406.0,272573.0
3.723630539776282,83408.0,272567.0
3.726132979655164,83417.0,272582.0
3.7286354195340454,83414.0,272550.0
3.7311378594129274,83393.0,272539.0
3.7336402992918094,83397.0,272563.0
3.7361427391706914,83382.0,272549.0
3.7386451790495734,83386.0,272562.0
3.741147618928455,83381.0,272533.0
3.743650058807337,83354.0,272556.0
3.746152498686219,83355.0,272535.0
3.748654938565101,83356.0,272548.0
3.751157378443983,83342.0,272527.0
3.753659818322865,83367.0,272530.0
3.7561622582017464,83337.0,272582.0
3.7586646980806284,83358.0,272562.0
3.7611671379595104,83351.0,272523.0
3.7636695778383924,83332.0,272539.0
3.7661720177172744,83358.0,272525.0
3.768674457596156,83355.0,272496.0
3.771176897475038,83334.0,272520.0
3.77367933735392,83340.0,272496.0
3.776181777232802,83354.0,272537.0
3.778684217111684,83352.0,272528.0
3.781186656990566,83342.0,272528.0
3.7836890968694474,83369.0,272527.0
3.7861915367483294,83347.0,272547.0
3.7886939766272114,83356.0,272524.0
3.7911964165060934,83345.0,272510.0
3.7936988563849754,83387.0,272538.0
3.796201296263857,83375.0,272552.0
3.798703736142739,83404.0,272526.0
3.801206176021621,83406.0,272551.0
3.803708615900503,83398.0,272542.0
3.806211055779385,83402.0,272556.0
3.808713495658267,83412.0,272539.0
3.8112159355371484,83411.0,272560.0
3.8137183754160304,83403.0,272553.0
3.8162208152949124,83431.0,272552.0
3.8187232551737944,83433.0,272541.0
3.8212256950526764,83439.0,272586.0
3.823728134931558,83429.0,272554.0
3.82623057481044,83456.0,272553.0
3.828733014689322,83442.0,272569.0
3.831235454568204,83452.0,272590.0
3.833737894447086,83482.0,272556.0
3.836240334325968,83438.0,272568.0
3.8387427742048494,83461.0,272552.0
3.8412452140837314,83464.0,272549.0
3.8437476539626134,83486.0,272553.0
3.8462500938414954,83479.0,272562.0
3.8487525337203774,83486.0,272570.0
3.851254973599259,83495.0,272558.0
3.853757413478141,83495.0,272545.0
3.856259853357023,83487.0,272599.0
3.858762293235905,83501.0,272570.0
3.861264733114787,83497.0,272561.0
3.863767172993669,83517.0,272561.0
3.8662696128725504,83497.0,272558.0
3.8687720527514324,83511.0,272556.0
3.8712744926303144,83521.0,272561.0
3.8737769325091964,83503.0,272552.0
3.8762793723880784,83503.0,272594.0
3.87878181226696,83496.0,272600.0
3.881284252145842,83529.0,272581.0
3.883786692024724,83502.0,272553.0
3.886289131903606,83512.0,272578.0
3.888791571782488,83526.0,272574.0
3.89129401166137,83523.0,272578.0
3.8937964515402514,83525.0,272587.0
3.8962988914191334,83512.0,272565.0
3.8988013312980154,83515.0,272567.0
3.9013037711768974,83526.0,272589.0
3.9038062110557794,83525.0,272585.0
3.906308650934661,83515.0,272572.0
3.908811090813543,83536.0,272594.0
3.911313530692425,83516.0,272578.0
3.913815970571307,83531.0,272575.0
3.916318410450189,83537.0,272585.0
3.918820850329071,83549.0,272582.0
3.9213232902079525,83531.0,272582.0
3.9238257300868344,83548.0,272565.0
3.9263281699657164,83540.0,272561.0
3.9288306098445984,83570.0,272583.0
3.9313330497234804,83576.0,272579.0
3.933835489602362,83564.0,272573.0
3.936337929481244,83571.0,272564.0
3.938840369360126,83580.0,272582.0
3.941342809239008,83598.0,272587.0
3.94384524911789,83568.0,272579.0
3.946347688996772,83587.0,272563.0
3.9488501288756535,83594.0,272600.0
3.9513525687545354,83624.0,272595.0
3.9538550086334174,83602.0,272608.0
3.9563574485122994,83614.0,272598.0
3.9588598883911814,83630.0,272568.0
3.961362328270063,83635.0,272600.0
3.963864768148945,83650.0,272586.0
3.966367208027827,83624.0,272593.0
3.968869647906709,83641.0,272607.0
3.971372087785591,83639.0,272596.0
3.973874527664473,83656.0,272576.0
3.9763769675433545,83657.0,272552.0
3.9788794074222364,83661.0,272585.0
3.9813818473011184,83692.0,272573.0
3.9838842871800004,83673.0,272582.0
3.9863867270588824,83694.0,272566.0
3.988889166937764,83690.0,272585.0
3.991391606816646,83725.0,272589.0
3.993894046695528,83706.0,272581.0
3.99639648657441,83719.0,272575.0
3.998898926453292,83730.0,272597.0
4.001401366332174,83733.0,272576.0
4.0039038062110555,83770.0,272593.0
4.006406246089938,83739.0,272591.0
4.008908685968819,83760.0,272595.0
4.011411125847701,83762.0,272569.0
4.013913565726583,83757.0,272603.0
4.016416005605465,83770.0,272601.0
4.018918445484347,83787.0,272589.0
4.021420885363229,83803.0,272609.0
4.0239233252421105,83803.0,272616.0
4.026425765120993,83813.0,272593.0
4.0289282049998745,83809.0,272626.0
4.031430644878757,83813.0,272631.0
4.0339330847576385,83842.0,272627.0
4.036435524636521,83844.0,272656.0
4.038937964515402,83857.0,272627.0
4.041440404394284,83872.0,272633.0
4.043942844273166,83843.0,272639.0
4.046445284152048,83882.0,272674.0
4.04894772403093,83862.0,272655.0
4.051450163909812,83903.0,272615.0
4.0539526037886935,83891.0,272632.0
4.056455043667576,83900.0,272663.0
4.0589574835464575,83931.0,272661.0
4.06145992342534,83939.0,272636.0
4.0639623633042214,83939.0,272653.0
4.066464803183103,83961.0,272647.0
4.068967243061985,83964.0,272637.0
4.071469682940867,83947.0,272668.0
4.073972122819749,83998.0,272660.0
4.076474562698631,83993.0,272654.0
4.0789770025775125,84006.0,272642.0
4.081479442456395,83991.0,272663.0
4.0839818823352765,84021.0,272647.0
4.086484322214159,84029.0,272675.0
4.0889867620930405,84025.0,272641.0
4.091489201971923,84005.0,272661.0
4.093991641850804,84041.0,272669.0
4.096494081729686,84042.0,272652.0
4.098996521608568,84064.0,272662.0
4.10149896148745,84072.0,272651.0
4.104001401366332,84087.0,272661.0
4.106503841245214,84071.0,272655.0
4.1090062811240955,84087.0,272676.0
4.111508721002978,84096.0,272653.0
4.1140111608818595,84097.0,272675.0
4.116513600760742,84093.0,272656.0
4.1190160406396235,84147.0,272645.0
4.121518480518505,84125.0,272663.0
4.124020920397387,84138.0,272661.0
4.126523360276269,84152.0,272665.0
4.129025800155151,84160.0,272680.0
4.131528240034033,84153.0,272652.0
4.1340306799129145,84173.0,272679.0
4.136533119791797,84184.0,272669.0
4.1390355596706785,84210.0,272640.0
4.141537999549561,84196.0,272667.0
4.1440404394284425,84190.0,272684.0
4.146542879307325,84230.0,272651.0
4.1490453191862064,84231.0,272663.0
4.151547759065088,84247.0,272679.0
4.15405019894397,84233.0,272672.0
4.156552638822852,84256.0,272668.0
4.159055078701734,84254.0,272663.0
4.161557518580616,84274.0,272654.0
4.1640599584594975,84283.0,272664.0
4.16656239833838,84313.0,272648.0
4.1690648382172615,84289.0,272676.0
4.171567278096144,84304.0,272673.0
4.1740697179750255,84305.0,272665.0
4.176572157853907,84334.0,272679.0
4.179074597732789,84344.0,272674.0
4.181577037611671,84350.0,272676.0
4.184079477490553,84378.0,272679.0
4.186581917369435,84355.0,272692.0
4.189084357248317,84389.0,272701.0
4.191586797127199,84372.0,272698.0
4.1940892370060805,84388.0,272676.0
4.196591676884963,84409.0,272662.0
4.1990941167638445,84398.0,272667.0
4.201596556642727,84420.0,272688.0
4.2040989965216085,84419.0,272678.0
4.20660143640049,84460.0,272682.0
4.209103876279372,84446.0,272680.0
4.211606316158254,84460.0,272694.0
4.214108756037136,84456.0,272688.0
4.216611195916018,84475.0,272691.0
4.2191136357948995,84501.0,272682.0
4.221616075673782,84504.0,272672.0
4.2241185155526635,84492.0,272678.0
4.226620955431546,84508.0,272673.0
4.2291233953104275,84518.0,272682.0
4.231625835189309,84535.0,272660.0
4.2341282750681914,84546.0,272694.0
4.236630714947073,84552.0,272692.0
4.239133154825955,84568.0,272664.0
4.241635594704837,84607.0,272698.0
4.244138034583719,84601.0,272681.0
4.246640474462601,84596.0,272680.0
4.2491429143414825,84594.0,272684.0
4.251645354220365,84595.0,272667.0
4.2541477940992465,84596.0,272669.0
4.256650233978129,84609.0,272684.0
4.2591526738570105,84636.0,272699.0
4.261655113735892,84640.0,272697.0
4.264157553614774,84687.0,272679.0
4.266659993493656,84678.0,272698.0
4.269162433372538,84677.0,272654.0
4.27166487325142,84692.0,272682.0
4.2741673131303015,84693.0,272679.0
4.276669753009184,84734.0,272678.0
4.2791721928880655,84722.0,272689.0
4.281674632766948,84712.0,272680.0
4.2841770726458295,84745.0,272686.0
4.286679512524711,84761.0,272693.0
4.2891819524035935,84774.0,272689.0
4.291684392282475,84786.0,272677.0
4.294186832161357,84761.0,272679.0
4.296689272040239,84785.0,272658.0
4.299191711919121,84759.0,272658.0
4.301694151798003,84764.0,272672.0
4.3041965916768845,84762.0,272671.0
4.306699031555767,84745.0,272691.0
4.3092014714346485,84754.0,272673.0
4.311703911313531,84766.0,272629.0
4.3142063511924125,84754.0,272648.0
4.316708791071294,84746.0,272656.0
4.3192112309501764,84748.0,272666.0
4.321713670829058,84719.0,272652.0
4.32421611070794,84743.0,272669.0
4.326718550586822,84686.0,272663.0
4.3292209904657035,84685.0,272663.0
4.331723430344586,84669.0,272690.0
4.3342258702234675,84646.0,272673.0
4.33672831010235,84616.0,272651.0
4.3392307499812315,84612.0,272667.0
4.341733189860113,84565.0,272674.0
4.3442356297389955,84552.0,272660.0
4.346738069617877,84520.0,272655.0
4.349240509496759,84501.0,272682.0
4.351742949375641,84448.0,272660.0
4.354245389254523,84426.0,272654.0
4.356747829133405,84364.0,272637.0
4.3592502690122865,84339.0,272652.0
4.361752708891169,84330.0,272642.0
4.3642551487700505,84283.0,272649.0
4.366757588648933,84231.0,272638.0
4.3692600285278145,84189.0,272641.0
4.371762468406696,84178.0,272636.0
4.3742649082855785,84117.0,272644.0
4.37676734816446,84071.0,272631.0
4.379269788043342,84061.0,272638.0
4.381772227922224,84003.0,272625.0
4.3842746678011055,83966.0,272636.0
4.386777107679988,83971.0,272644.0
4.3892795475588695,83917.0,272652.0
4.391781987437752,83867.0,272640.0
4.3942844273166335,83859.0,272633.0
4.396786867195515,83816.0,272628.0
4.3992893070743975,83817.0,272629.0
4.401791746953279,83745.0,272635.0
4.4042941868321615,83759.0,272604.0
4.406796626711043,83699.0,272626.0
4.409299066589925,83662.0,272628.0
4.411801506468807,83652.0,272639.0
4.4143039463476885,83611.0,272627.0
4.416806386226571,83582.0,272608.0
4.4193088261054525,83545.0,272605.0
4.421811265984335,83544.0,272612.0
4.4243137058632165,83510.0,272602.0
4.426816145742098,83474.0,272602.0
4.4293185856209805,83482.0,272616.0
4.431821025499862,83419.0,272594.0
4.4343234653787444,83410.0,272615.0
4.436825905257626,83379.0,272602.0
4.4393283451365075,83371.0,272604.0
4.44183078501539,83355.0,272618.0
4.4443332248942715,83345.0,272588.0
4.446835664773154,83324.0,272590.0
4.4493381046520355,83313.0,272597.0
4.451840544530918,83302.0,272598.0
4.4543429844097995,83308.0,272600.0
4.456845424288681,83250.0,272600.0
4.4593478641675635,83252.0,272599.0
4.461850304046445,83243.0,272601.0
4.464352743925327,83243.0,272619.0
4.466855183804209,83227.0,272606.0
4.4693576236830905,83203.0,272599.0
4.471860063561973,83186.0,272604.0
4.4743625034408545,83212.0,272590.0
4.476864943319737,83178.0,272598.0
4.4793673831986185,83151.0,272581.0
4.4818698230775,83154.0,272588.0
4.4843722629563825,83153.0,272602.0
4.486874702835264,83117.0,272568.0
4.4893771427141465,83123.0,272564.0
4.491879582593028,83123.0,272569.0
4.4943820224719095,83097.0,272607.0
4.496884462350792,83081.0,272589.0
4.4993869022296735,83081.0,272573.0
4.501889342108556,83073.0,272565.0
4.5043917819874375,83090.0,272562.0
4.50689422186632,83078.0,272561.0
4.5093966617452015,83050.0,272574.0
4.511899101624083,83079.0,272588.0
4.5144015415029655,83066.0,272585.0
4.516903981381847,83049.0,272602.0
4.5194064212607294,83049.0,272575.0
4.521908861139611,83078.0,272583.0
4.5244113010184925,83085.0,272580.0
4.526913740897375,83106.0,272601.0
4.5294161807762565,83077.0,272577.0
4.531918620655139,83079.0,272603.0
4.5344210605340205,83094.0,272570.0
4.536923500412902,83102.0,272584.0
4.5394259402917845,83101.0,272583.0
4.541928380170666,83094.0,272599.0
4.5444308200495485,83099.0,272580.0
4.54693325992843,83128.0,272589.0
4.5494356998073116,83156.0,272601.0
4.551938139686194,83139.0,272599.0
4.5544405795650755,83158.0,272602.0
4.556943019443958,83146.0,272617.0
4.5594454593228395,83165.0,272595.0
4.561947899201722,83176.0,272586.0
4.5644503390806035,83166.0,272612.0
4.566952778959485,83181.0,272573.0
4.5694552188383675,83196.0,272591.0
4.571957658717249,83170.0,272590.0
4.5744600985961315,83205.0,272579.0
4.576962538475013,83203.0,272601.0
4.5794649783538945,83208.0,272603.0
4.581967418232777,83215.0,272580.0
4.5844698581116585,83207.0,272596.0
4.586972297990541,83240.0,272630.0
4.5894747378694225,83229.0,272583.0
4.591977177748304,83213.0,272603.0
4.5944796176271865,83251.0,272591.0
4.596982057506068,83236.0,272613.0
4.5994844973849505,83233.0,272598.0
4.601986937263832,83267.0,272579.0
4.604489377142714,83232.0,272590.0
4.606991817021596,83243.0,272599.0
4.6094942569004775,83267.0,272604.0
4.61199669677936,83260.0,272612.0
4.6144991366582415,83265.0,272594.0
4.617001576537124,83278.0,272592.0
4.6195040164160055,83260.0,272625.0
4.622006456294887,83256.0,272591.0
4.6245088961737695,83263.0,272603.0
4.627011336052651,83278.0,272617.0
4.6295137759315335,83300.0,272575.0
4.632016215810415,83288.0,272626.0
4.6345186556892966,83286.0,272595.0
4.637021095568179,83293.0,272600.0
4.6395235354470605,83305.0,272610.0
4.642025975325943,83321.0,272592.0
4.6445284152048245,83300.0,272598.0
4.647030855083706,83323.0,272610.0
4.6495332949625885,83351.0,272606.0
4.65203573484147,83332.0,272604.0
4.6545381747203525,83326.0,272613.0
4.657040614599234,83318.0,272592.0
4.659543054478116,83330.0,272591.0
4.662045494356998,83336.0,272639.0
4.6645479342358795,83366.0,272609.0
4.667050374114762,83352.0,272599.0
4.6695528139936435,83364.0,272611.0
4.672055253872526,83383.0,272610.0
4.6745576937514075,83372.0,272586.0
4.677060133630289,83384.0,272600.0
4.6795625735091715,83390.0,272589.0
4.682065013388053,83392.0,272605.0
4.6845674532669355,83406.0,272613.0
4.687069893145817,83390.0,272613.0
4.689572333024699,83402.0,272602.0
4.692074772903581,83393.0,272608.0
4.6945772127824625,83419.0,272603.0
4.697079652661345,83405.0,272609.0
4.6995820925402265,83420.0,272582.0
4.702084532419108,83446.0,272594.0
4.7045869722979905,83452.0,272581.0
4.707089412176872,83449.0,272593.0
4.7095918520557545,83466.0,272619.0
4.712094291934636,83479.0,272600.0
4.7145967318135185,83464.0,272585.0
4.7170991716924,83468.0,272603.0
4.7196016115712816,83505.0,272611.0
4.722104051450164,83513.0,272625.0
4.7246064913290455,83528.0,272597.0
4.727108931207928,83512.0,272589.0
4.7296113710868095,83535.0,272599.0
4.732113810965691,83538.0,272618.0
4.7346162508445735,83543.0,272592.0
4.737118690723455,83557.0,272606.0
4.7396211306023375,83574.0,272594.0
4.742123570481219,83602.0,272601.0
4.744626010360101,83596.0,272605.0
4.747128450238983,83639.0,272604.0
4.7496308901178645,83641.0,272626.0
4.752133329996747,83627.0,272632.0
4.7546357698756285,83671.0,272608.0
4.75713820975451,83663.0,272625.0
4.7596406496333925,83674.0,272616.0
4.762143089512274,83700.0,272632.0
4.7646455293911565,83696.0,272616.0
4.767147969270038,83736.0,272622.0
4.7696504091489205,83723.0,272653.0
4.772152849027802,83738.0,272611.0
4.774655288906684,83754.0,272613.0
4.777157728785566,83758.0,272604.0
4.7796601686644475,83768.0,272641.0
4.78216260854333,83788.0,272639.0
4.7846650484222115,83800.0,272600.0
4.787167488301093,83815.0,272635.0
4.7896699281799755,83787.0,272639.0
4.792172368058857,83825.0,272618.0
4.7946748079377395,83833.0,272658.0
4.797177247816621,83833.0,272646.0
4.799679687695503,83844.0,272640.0
4.802182127574385,83871.0,272631.0
4.8046845674532666,83879.0,272631.0
4.807187007332149,83874.0,272614.0
4.8096894472110305,83895.0,272616.0
4.812191887089912,83937.0,272643.0
4.8146943269687945,83911.0,272620.0
4.817196766847676,83929.0,272636.0
4.8196992067265585,83912.0,272632.0
4.82220164660544,83937.0,272637.0
4.8247040864843225,83969.0,272637.0
4.827206526363204,83975.0,272632.0
4.829708966242086,83987.0,272657.0
4.832211406120968,83978.0,272661.0
4.8347138459998495,84008.0,272645.0
4.837216285878732,84033.0,272629.0
4.8397187257576135,84016.0,272641.0
4.842221165636495,84036.0,272662.0
4.8447236055153775,84047.0,272632.0
4.847226045394259,84068.0,272634.0
4.8497284852731415,84086.0,272651.0
4.852230925152023,84061.0,272638.0
4.854733365030905,84083.0,272649.0
4.857235804909787,84087.0,272650.0
4.859738244788669,84090.0,272636.0
4.862240684667551,84134.0,272642.0
4.8647431245464325,84136.0,272654.0
4.867245564425314,84129.0,272668.0
4.8697480043041965,84157.0,272647.0
4.872250444183078,84175.0,272624.0
4.8747528840619605,84177.0,272636.0
4.877255323940842,84191.0,272641.0
4.8797577638197245,84219.0,272650.0
4.882260203698606,84218.0,272655.0
4.884762643577488,84232.0,272655.0
4.88726508345637,84219.0,272636.0
4.8897675233352516,84218.0,272635.0
4.892269963214134,84255.0,272639.0
4.8947724030930155,84237.0,272654.0
4.897274842971897,84266.0,272641.0
4.8997772828507795,84275.0,272614.0
4.902279722729661,84284.0,272624.0
4.9047821626085435,84308.0,272610.0
4.907284602487425,84336.0,272640.0
4.909787042366307,84337.0,272631.0
4.912289482245189,84329.0,272614.0
4.914791922124071,84325.0,272597.0
4.917294362002953,84359.0,272629.0
4.9197968018818345,84341.0,272638.0
4.922299241760716,84380.0,272616.0
4.9248016816395985,84382.0,272639.0
4.92730412151848,84396.0,272629.0
4.9298065613973625,84423.0,272640.0
4.932309001276244,84429.0,272626.0
4.9348114411551265,84423.0,272642.0
4.937313881034008,84443.0,272648.0
4.93981632091289,84469.0,272645.0
4.942318760791772,84478.0,272646.0
4.944821200670654,84491.0,272631.0
4.947323640549536,84510.0,272669.0
4.9498260804284175,84509.0,272640.0
4.952328520307299,84507.0,272647.0
4.9548309601861815,84515.0,272654.0
4.957333400065063,84537.0,272629.0
4.9598358399439455,84537.0,272631.0
4.962338279822827,84558.0,272661.0
4.964840719701709,84589.0,272644.0
4.967343159580591,84575.0,272672.0
4.969845599459473,84587.0,272668.0
4.972348039338355,84599.0,272660.0
4.9748504792172366,84609.0,272675.0
4.977352919096119,84619.0,272666.0
4.9798553589750005,84646.0,272688.0
4.982357798853882,84660.0,272698.0
4.9848602387327645,84662.0,272665.0
4.987362678611646,84651.0,272642.0
4.9898651184905285,84654.0,272636.0
4.99236755836941,84665.0,272689.0
4.994869998248292,84690.0,272663.0
4.997372438127174,84669.0,272670.0
4.999874878006056,84705.0,272674.0
5.002377317884938,84696.0,272671.0
5.0048797577638195,84727.0,272663.0
5.007382197642701,84728.0,272636.0
5.0098846375215835,84757.0,272685.0
5.012387077400465,84754.0,272666.0
5.0148895172793475,84766.0,272687.0
5.017391957158229,84779.0,272665.0
5.019894397037111,84775.0,272665.0
5.022396836915993,84794.0,272657.0
5.024899276794875,84817.0,272663.0
5.027401716673757,84833.0,272663.0
5.029904156552639,84821.0,272673.0
5.032406596431521,84852.0,272672.0
5.0349090363104025,84852.0,272692.0
5.037411476189284,84847.0,272670.0
5.0399139160681665,84887.0,272671.0
5.042416355947048,84889.0,272671.0
5.0449187958259305,84882.0,272686.0
5.047421235704812,84911.0,272686.0
5.049923675583694,84920.0,272660.0
5.052426115462576,84904.0,272678.0
5.054928555341458,84909.0,272664.0
5.05743099522034,84943.0,272673.0
5.0599334350992216,84922.0,272645.0
5.062435874978103,84934.0,272673.0
5.0649383148569855,84948.0,272677.0
5.067440754735867,84933.0,272684.0
5.0699431946147495,84933.0,272675.0
5.072445634493631,84932.0,272670.0
5.074948074372513,84925.0,272662.0
5.077450514251395,84934.0,272642.0
5.079952954130277,84896.0,272664.0
5.082455394009159,84904.0,272652.0
5.084957833888041,84905.0,272657.0
5.087460273766923,84891.0,272631.0
5.0899627136458045,84874.0,272633.0
5.092465153524686,84834.0,272663.0
5.0949675934035685,84808.0,272651.0
5.09747003328245,84829.0,272642.0
5.0999724731613325,84798.0,272657.0
5.102474913040214,84767.0,272644.0
5.104977352919096,84738.0,272649.0
5.107479792797978,84696.0,272635.0
5.10998223267686,84695.0,272626.0
5.112484672555742,84647.0,272645.0
5.114987112434624,84631.0,272646.0
5.117489552313505,84579.0,272646.0
5.1199919921923875,84556.0,272645.0
5.122494432071269,84518.0,272653.0
5.1249968719501515,84500.0,272662.0
5.127499311829033,84444.0,272655.0
5.130001751707915,84395.0,272640.0
5.132504191586797,84371.0,272654.0
5.135006631465679,84331.0,272662.0
5.137509071344561,84290.0,272654.0
5.140011511223443,84252.0,272627.0
5.142513951102325,84205.0,272626.0
5.1450163909812066,84178.0,272644.0
5.147518830860088,84132.0,272636.0
5.1500212707389705,84085.0,272615.0
5.152523710617852,84072.0,272633.0
5.1550261504967345,84015.0,272642.0
5.157528590375616,84002.0,272627.0
5.160031030254498,83939.0,272642.0
5.16253347013338,83924.0,272627.0
5.165035910012262,83908.0,272611.0
5.167538349891144,83889.0,272619.0
5.170040789770026,83846.0,272608.0
5.172543229648907,83842.0,272579.0
5.1750456695277895,83786.0,272615.0
5.177548109406671,83728.0,272584.0
5.1800505492855535,83694.0,272583.0
5.182552989164435,83683.0,272606.0
5.185055429043317,83663.0,272624.0
5.187557868922199,83641.0,272611.0
5.190060308801081,83625.0,272590.0
5.192562748679963,83609.0,272596.0
5.195065188558845,83592.0,272614.0
5.197567628437727,83541.0,272611.0
5.200070068316609,83524.0,272604.0
5.20257250819549,83499.0,272593.0
5.2050749480743725,83472.0,272631.0
5.207577387953254,83464.0,272623.0
5.2100798278321365,83459.0,272589.0
5.212582267711018,83452.0,272605.0
5.2150847075899,83429.0,272610.0
5.217587147468782,83404.0,272564.0
5.220089587347664,83392.0,272615.0
5.222592027226546,83381.0,272612.0
5.225094467105428,83330.0,272604.0
5.227596906984309,83339.0,272584.0
5.230099346863192,83318.0,272585.0
5.232601786742073,83300.0,272578.0
5.2351042266209555,83282.0,272597.0
5.237606666499837,83281.0,272557.0
5.240109106378719,83260.0,272556.0
5.242611546257601,83240.0,272538.0
5.245113986136483,83230.0,272568.0
5.247616426015365,83222.0,272563.0
5.250118865894247,83199.0,272570.0
5.252621305773129,83180.0,272589.0
5.255123745652011,83187.0,272560.0
5.257626185530892,83191.0,272588.0
5.2601286254097745,83143.0,272583.0
5.262631065288656,83150.0,272558.0
5.2651335051675385,83143.0,272574.0
5.26763594504642,83137.0,272586.0
5.270138384925302,83141.0,272564.0
5.272640824804184,83144.0,272580.0
5.275143264683066,83135.0,272558.0
5.277645704561948,83132.0,272560.0
5.28014814444083,83119.0,272584.0
5.282650584319711,83119.0,272587.0
5.285153024198594,83119.0,272577.0
5.287655464077475,83118.0,272574.0
5.2901579039563575,83124.0,272582.0
5.292660343835239,83122.0,272580.0
5.2951627837141215,83145.0,272573.0
5.297665223593003,83138.0,272584.0
5.300167663471885,83132.0,272595.0
5.302670103350767,83118.0,272588.0
5.305172543229649,83122.0,272570.0
5.307674983108531,83160.0,272604.0
5.310177422987413,83162.0,272616.0
5.312679862866294,83154.0,272579.0
5.315182302745177,83169.0,272604.0
5.317684742624058,83188.0,272575.0
5.3201871825029405,83150.0,272584.0
5.322689622381822,83154.0,272577.0
5.325192062260704,83181.0,272579.0
5.327694502139586,83185.0,272581.0
5.330196942018468,83226.0,272577.0
5.33269938189735,83188.0,272584.0
5.335201821776232,83225.0,272602.0
5.337704261655113,83217.0,272588.0
5.340206701533996,83237.0,272613.0
5.342709141412877,83227.0,272624.0
5.3452115812917596,83260.0,272596.0
5.347714021170641,83263.0,272571.0
5.3502164610495235,83281.0,272576.0
5.352718900928405,83278.0,272578.0
5.355221340807287,83294.0,272565.0
5.357723780686169,83262.0,272566.0
5.360226220565051,83273.0,272591.0
5.362728660443933,83304.0,272564.0
5.365231100322815,83324.0,272614.0
5.367733540201696,83313.0,272580.0
5.370235980080579,83304.0,272563.0
5.37273841995946,83321.0,272574.0
5.3752408598383425,83325.0,272554.0
5.377743299717224,83322.0,272570.0
5.380245739596106,83351.0,272578.0
5.382748179474988,83346.0,272582.0
5.38525061935387,83362.0,272585.0
5.387753059232752,83344.0,272568.0
5.390255499111634,83353.0,272546.0
5.392757938990515,83348.0,272578.0
5.395260378869398,83343.0,272565.0
5.397762818748279,83375.0,272598.0
5.400265258627162,83343.0,272575.0
5.402767698506043,83383.0,272571.0
5.4052701383849255,83382.0,272596.0
5.407772578263807,83372.0,272623.0
5.410275018142689,83367.0,272618.0
5.412777458021571,83371.0,272564.0
5.415279897900453,83401.0,272602.0
5.417782337779335,83418.0,272581.0
5.420284777658217,83396.0,272579.0
5.422787217537098,83421.0,272548.0
5.425289657415981,83425.0,272589.0
5.427792097294862,83414.0,272573.0
5.4302945371737446,83437.0,272587.0
5.432796977052626,83426.0,272572.0
5.435299416931508,83442.0,272593.0
5.43780185681039,83448.0,272590.0
5.440304296689272,83444.0,272556.0
5.442806736568154,83456.0,272576.0
5.445309176447036,83472.0,272586.0
5.447811616325917,83458.0,272567.0
5.4503140562048,83479.0,272597.0
5.452816496083681,83483.0,272596.0
5.455318935962564,83486.0,272590.0
5.457821375841445,83481.0,272585.0
5.4603238157203275,83501.0,272575.0
5.462826255599209,83521.0,272583.0
5.465328695478091,83516.0,272563.0
5.467831135356973,83515.0,272591.0
5.470333575235855,83525.0,272573.0
5.472836015114737,83548.0,272569.0
5.475338454993619,83560.0,272606.0
5.4778408948725,83555.0,272611.0
5.480343334751383,83559.0,272585.0
5.482845774630264,83562.0,272580.0
5.485348214509147,83571.0,272612.0
5.487850654388028,83564.0,272580.0
5.49035309426691,83588.0,272613.0
5.492855534145792,83611.0,272590.0
5.495357974024674,83604.0,272586.0
5.497860413903556,83626.0,272590.0
5.500362853782438,83633.0,272597.0
5.502865293661319,83658.0,272599.0
5.505367733540202,83646.0,272616.0
5.507870173419083,83653.0,272599.0
5.510372613297966,83695.0,272608.0
5.512875053176847,83672.0,272580.0
5.5153774930557296,83700.0,272583.0
5.517879932934611,83698.0,272597.0
5.520382372813493,83717.0,272577.0
5.522884812692375,83732.0,272577.0
5.525387252571257,83734.0,272589.0
5.527889692450139,83737.0,272591.0
5.530392132329021,83758.0,272592.0
5.532894572207902,83766.0,272587.0
5.535397012086785,83773.0,272574.0
5.537899451965666,83792.0,272595.0
5.540401891844549,83824.0,272596.0
5.54290433172343,83827.0,272583.0
5.545406771602312,83819.0,272579.0
5.547909211481194,83846.0,272593.0
5.550411651360076,83856.0,272581.0
5.552914091238958,83857.0,272562.0
5.55541653111784,83873.0,272562.0
5.557918970996722,83879.0,272570.0
5.560421410875604,83908.0,272579.0
5.562923850754485,83902.0,272557.0
5.565426290633368,83917.0,272571.0
5.567928730512249,83939.0,272590.0
5.570431170391132,83938.0,272577.0
5.572933610270013,83958.0,272607.0
5.575436050148895,83984.0,272602.0
5.577938490027777,83995.0,272604.0
5.580440929906659,83971.0,272580.0
5.582943369785541,84000.0,272603.0
5.585445809664423,84005.0,272575.0
5.587948249543304,84018.0,272602.0
5.590450689422187,84040.0,272588.0
5.592953129301068,84054.0,272590.0
5.595455569179951,84046.0,272568.0
5.597958009058832,84065.0,272584.0
5.600460448937714,84070.0,272574.0
5.602962888816596,84073.0,272591.0
5.605465328695478,84101.0,272575.0
5.60796776857436,84117.0,272590.0
5.610470208453242,84134.0,272556.0
5.612972648332124,84148.0,272596.0
5.615475088211006,84156.0,272589.0
5.617977528089887,84172.0,272573.0
5.62047996796877,84155.0,272601.0
5.622982407847651,84177.0,272574.0
5.625484847726534,84187.0,272596.0
5.627987287605415,84189.0,272578.0
5.630489727484297,84191.0,272564.0
5.632992167363179,84224.0,272591.0
5.635494607242061,84220.0,272593.0
5.637997047120943,84244.0,272598.0
5.640499486999825,84247.0,272619.0
5.643001926878706,84249.0,272596.0
5.645504366757589,84246.0,272606.0
5.64800680663647,84264.0,272593.0
5.650509246515353,84295.0,272591.0
5.653011686394234,84285.0,272595.0
5.655514126273116,84310.0,272606.0
5.658016566151998,84310.0,272621.0
5.66051900603088,84319.0,272588.0
5.663021445909762,84346.0,272611.0
5.665523885788644,84325.0,272602.0
5.668026325667526,84376.0,272612.0
5.670528765546408,84359.0,272583.0
5.673031205425289,84388.0,272618.0
5.675533645304172,84377.0,272600.0
5.678036085183053,84409.0,272612.0
5.680538525061936,84410.0,272599.0
5.683040964940817,84405.0,272586.0
5.685543404819699,84427.0,272597.0
5.688045844698581,84411.0,272597.0
5.690548284577463,84436.0,272601.0
5.693050724456345,84453.0,272607.0
5.695553164335227,84449.0,272602.0
5.698055604214108,84479.0,272628.0
5.700558044092991,84494.0,272611.0
5.703060483971872,84483.0,272586.0
5.705562923850755,84504.0,272607.0
5.708065363729636,84507.0,272595.0
5.710567803608518,84528.0,272631.0
5.7130702434874,84544.0,272602.0
5.715572683366282,84546.0,272627.0
5.718075123245164,84540.0,272596.0
5.720577563124046,84561.0,272599.0
5.723080003002928,84593.0,272614.0
5.72558244288181,84579.0,272606.0
5.728084882760691,84604.0,272625.0
5.730587322639574,84587.0,272609.0
5.733089762518455,84628.0,272611.0
5.735592202397338,84652.0,272588.0
5.738094642276219,84652.0,272623.0
5.740597082155101,84655.0,272635.0
5.743099522033983,84677.0,272631.0
5.745601961912865,84673.0,272628.0
5.748104401791747,84687.0,272601.0
5.750606841670629,84704.0,272632.0
5.75310928154951,84702.0,272626.0
5.755611721428393,84691.0,272621.0
5.758114161307274,84706.0,272618.0
5.760616601186157,84738.0,272623.0
5.763119041065038,84751.0,272620.0
5.76562148094392,84758.0,272629.0
5.768123920822802,84757.0,272628.0
5.770626360701684,84793.0,272624.0
5.773128800580566,84802.0,272639.0
5.775631240459448,84810.0,272621.0
5.77813368033833,84804.0,272622.0
5.780636120217212,84824.0,272631.0
5.783138560096093,84842.0,272614.0
5.785640999974976,84848.0,272627.0
5.788143439853857,84857.0,272636.0
5.79064587973274,84862.0,272642.0
5.793148319611621,84888.0,272609.0
5.795650759490503,84872.0,272653.0
5.798153199369385,84900.0,272604.0
5.800655639248267,84891.0,272614.0
5.803158079127149,84907.0,272608.0
5.805660519006031,84918.0,272627.0
5.808162958884912,84945.0,272639.0
5.810665398763795,84968.0,272622.0
5.813167838642676,84941.0,272614.0
5.815670278521559,84971.0,272600.0
5.81817271840044,84984.0,272633.0
5.820675158279323,85005.0,272629.0
5.823177598158204,84991.0,272625.0
5.825680038037086,85028.0,272606.0
5.828182477915968,85017.0,272617.0
5.83068491779485,85034.0,272612.0
5.833187357673732,85061.0,272630.0
5.835689797552614,85038.0,272615.0
5.838192237431495,85068.0,272643.0
5.840694677310378,85063.0,272625.0
5.843197117189259,85074.0,272612.0
5.845699557068142,85083.0,272614.0
5.848201996947023,85118.0,272606.0
5.850704436825905,85099.0,272627.0
5.853206876704787,85115.0,272619.0
5.855709316583669,85136.0,272607.0
5.858211756462551,85091.0,272605.0
5.860714196341433,85083.0,272628.0
5.863216636220314,85103.0,272619.0
5.865719076099197,85103.0,272610.0
5.868221515978078,85103.0,272635.0
5.870723955856961,85116.0,272619.0
5.873226395735842,85111.0,272630.0
5.875728835614725,85102.0,272603.0
5.878231275493606,85069.0,272620.0
5.880733715372488,85045.0,272617.0
5.88323615525137,85036.0,272602.0
5.885738595130252,85029.0,272604.0
5.888241035009134,85018.0,272612.0
5.890743474888016,85005.0,272628.0
5.893245914766897,84942.0,272613.0
5.89574835464578,84949.0,272614.0
5.898250794524661,84934.0,272616.0
5.900753234403544,84886.0,272615.0
5.903255674282425,84830.0,272601.0
5.905758114161307,84835.0,272611.0
5.908260554040189,84816.0,272650.0
5.910762993919071,84760.0,272603.0
5.913265433797953,84717.0,272609.0
5.915767873676835,84680.0,272612.0
5.918270313555716,84639.0,272607.0
5.920772753434599,84618.0,272623.0
5.92327519331348,84577.0,272584.0
5.925777633192363,84537.0,272610.0
5.928280073071244,84497.0,272616.0
5.930782512950127,84460.0,272596.0
5.933284952829008,84440.0,272615.0
5.93578739270789,84409.0,272601.0
5.938289832586772,84383.0,272601.0
5.940792272465654,84322.0,272570.0
5.943294712344536,84274.0,272612.0
5.945797152223418,84251.0,272588.0
5.948299592102299,84174.0,272577.0
5.950802031981182,84183.0,272553.0
5.953304471860063,84147.0,272574.0
5.955806911738946,84107.0,272586.0
5.958309351617827,84101.0,272591.0
5.960811791496709,84058.0,272568.0
5.963314231375591,84038.0,272582.0
5.965816671254473,83982.0,272561.0
5.968319111133355,83962.0,272560.0
5.970821551012237,83951.0,272574.0
5.973323990891118,83929.0,272580.0
5.975826430770001,83873.0,272547.0
5.978328870648882,83848.0,272564.0
5.980831310527765,83849.0,272530.0
5.983333750406646,83809.0,272545.0
5.985836190285529,83798.0,272551.0
5.98833863016441,83778.0,272562.0
5.990841070043292,83757.0,272565.0
5.993343509922174,83743.0,272543.0
5.995845949801056,83733.0,272549.0
5.998348389679938,83682.0,272537.0
6.00085082955882,83649.0,272556.0
6.003353269437701,83654.0,272552.0
6.005855709316584,83632.0,272568.0
6.008358149195465,83638.0,272573.0
6.010860589074348,83611.0,272549.0
6.013363028953229,83589.0,272568.0
6.015865468832111,83590.0,272548.0
6.018367908710993,83549.0,272561.0
6.020870348589875,83534.0,272555.0
6.023372788468757,83524.0,272545.0
6.025875228347639,83540.0,272534.0
6.02837766822652,83514.0,272531.0
6.030880108105403,83502.0,272527.0
6.033382547984284,83475.0,272532.0
6.035884987863167,83489.0,272538.0
6.038387427742048,83466.0,272520.0
6.040889867620931,83464.0,272535.0
6.043392307499812,83431.0,272563.0
6.045894747378694,83433.0,272530.0
6.048397187257576,83398.0,272534.0
6.050899627136458,83422.0,272523.0
6.05340206701534,83383.0,272523.0
6.055904506894222,83367.0,272512.0
6.058406946773103,83387.0,272515.0
6.060909386651986,83370.0,272521.0
6.063411826530867,83378.0,272518.0
6.06591426640975,83381.0,272505.0
6.068416706288631,83346.0,272493.0
6.070919146167513,83349.0,272514.0
6.073421586046395,83309.0,272514.0
6.075924025925277,83311.0,272503.0
6.078426465804159,83313.0,272509.0
6.080928905683041,83318.0,272489.0
6.083431345561923,83333.0,272493.0
6.085933785440805,83309.0,272491.0
6.088436225319686,83333.0,272493.0
6.090938665198569,83329.0,272508.0
6.09344110507745,83335.0,272497.0
6.095943544956333,83325.0,272481.0
6.098445984835214,83360.0,272516.0
6.100948424714096,83349.0,272475.0
6.103450864592978,83325.0,272518.0
6.10595330447186,83345.0,272505.0
6.108455744350742,83371.0,272508.0
6.110958184229624,83357.0,272523.0
6.113460624108505,83390.0,272518.0
6.115963063987388,83389.0,272490.0
6.118465503866269,83370.0,272522.0
6.120967943745152,83395.0,272525.0
6.123470383624033,83398.0,272540.0
6.125972823502915,83399.0,272517.0
6.128475263381797,83398.0,272517.0
6.130977703260679,83404.0,272513.0
6.133480143139561,83426.0,272542.0
6.135982583018443,83428.0,272529.0
6.138485022897325,83409.0,272532.0
6.140987462776207,83447.0,272530.0
6.143489902655088,83429.0,272531.0
6.145992342533971,83434.0,272535.0
6.148494782412852,83438.0,272558.0
6.150997222291735,83460.0,272495.0
6.153499662170616,83472.0,272538.0
6.156002102049498,83475.0,272549.0
6.15850454192838,83470.0,272513.0
6.161006981807262,83480.0,272531.0
6.163509421686144,83449.0,272543.0
6.166011861565026,83478.0,272518.0
6.168514301443907,83471.0,272519.0
6.17101674132279,83459.0,272549.0
6.173519181201671,83508.0,272534.0
6.176021621080554,83506.0,272546.0
6.178524060959435,83499.0,272520.0
6.181026500838317,83491.0,272527.0
6.183528940717199,83500.0,272525.0
6.186031380596081,83508.0,272524.0
6.188533820474963,83490.0,272528.0
6.191036260353845,83500.0,272533.0
6.193538700232727,83510.0,272498.0
6.196041140111609,83483.0,272533.0
6.19854357999049,83541.0,272530.0
6.201046019869373,83533.0,272509.0
6.203548459748254,83517.0,272526.0
6.206050899627137,83532.0,272555.0
6.208553339506018,83522.0,272527.0
6.2110557793849,83510.0,272526.0
6.213558219263782,83524.0,272517.0
6.216060659142664,83542.0,272529.0
6.218563099021546,83528.0,272518.0
6.221065538900428,83541.0,272532.0
6.223567978779309,83530.0,272541.0
6.226070418658192,83522.0,272514.0
6.228572858537073,83531.0,272524.0
6.231075298415956,83571.0,272560.0
6.233577738294837,83548.0,272516.0
6.236080178173719,83540.0,272545.0
6.238582618052601,83582.0,272536.0
6.241085057931483,83580.0,272532.0
6.243587497810365,83592.0,272543.0
6.246089937689247,83573.0,272520.0
6.248592377568129,83569.0,272516.0
6.251094817447011,83569.0,272507.0
6.253597257325892,83585.0,272542.0
6.256099697204775,83616.0,272505.0
6.258602137083656,83614.0,272518.0
6.261104576962539,83618.0,272500.0
6.26360701684142,83609.0,272531.0
6.266109456720302,83605.0,272543.0
6.268611896599184,83633.0,272539.0
6.271114336478066,83625.0,272534.0
6.273616776356948,83650.0,272530.0
6.27611921623583,83642.0,272524.0
6.278621656114711,83658.0,272516.0
6.281124095993594,83671.0,272530.0
6.283626535872475,83669.0,272533.0
6.286128975751358,83658.0,272546.0
6.288631415630239,83699.0,272536.0
6.291133855509121,83701.0,272558.0
6.293636295388003,83681.0,272545.0
6.296138735266885,83708.0,272520.0
6.298641175145767,83706.0,272532.0
6.301143615024649,83734.0,272560.0
6.303646054903531,83749.0,272536.0
6.306148494782413,83747.0,272513.0
6.308650934661294,83764.0,272544.0
6.311153374540177,83752.0,272526.0
6.313655814419058,83764.0,272577.0
6.316158254297941,83786.0,272540.0
6.318660694176822,83795.0,272530.0
6.321163134055704,83806.0,272566.0
6.323665573934586,83805.0,272539.0
6.326168013813468,83813.0,272539.0
6.32867045369235,83850.0,272530.0
6.331172893571232,83842.0,272541.0
6.333675333450113,83865.0,272553.0
6.336177773328996,83848.0,272533.0
6.338680213207877,83854.0,272537.0
6.34118265308676,83912.0,272543.0
6.343685092965641,83876.0,272573.0
6.346187532844524,83892.0,272533.0
6.348689972723405,83908.0,272544.0
6.351192412602287,83932.0,272533.0
6.353694852481169,83953.0,272546.0
6.356197292360051,83932.0,272529.0
6.358699732238933,83954.0,272530.0
6.361202172117815,83955.0,272538.0
6.363704611996696,83946.0,272541.0
6.366207051875579,83995.0,272569.0
6.36870949175446,83994.0,272554.0
6.371211931633343,83997.0,272545.0
6.373714371512224,84003.0,272546.0
6.376216811391106,84010.0,272567.0
6.378719251269988,84022.0,272572.0
6.38122169114887,84058.0,272527.0
6.383724131027752,84059.0,272539.0
6.386226570906634,84051.0,272563.0
6.388729010785515,84053.0,272550.0
6.391231450664398,84080.0,272525.0
6.393733890543279,84082.0,272537.0
6.396236330422162,84105.0,272541.0
6.398738770301043,84131.0,272517.0
6.401241210179926,84136.0,272557.0
6.403743650058807,84138.0,272535.0
6.406246089937689,84150.0,272580.0
6.408748529816571,84169.0,272564.0
6.411250969695453,84165.0,272560.0
6.413753409574335,84204.0,272564.0
6.416255849453217,84172.0,272551.0
6.418758289332098,84188.0,272548.0
6.421260729210981,84198.0,272550.0
6.423763169089862,84226.0,272572.0
6.426265608968745,84204.0,272559.0
6.428768048847626,84223.0,272584.0
6.431270488726508,84259.0,272585.0
6.43377292860539,84226.0,272549.0
6.436275368484272,84237.0,272560.0
6.438777808363154,84275.0,272578.0
6.441280248242036,84264.0,272591.0
6.443782688120917,84286.0,272597.0
6.4462851279998,84307.0,272551.0
6.448787567878681,84291.0,272576.0
6.451290007757564,84339.0,272567.0
6.453792447636445,84312.0,272570.0
6.456294887515328,84326.0,272561.0
6.458797327394209,84334.0,272561.0
6.461299767273091,84329.0,272563.0
6.463802207151973,84359.0,272574.0
6.466304647030855,84352.0,272562.0
6.468807086909737,84364.0,272569.0
6.471309526788619,84369.0,272574.0
6.4738119666675,84375.0,272585.0
6.476314406546383,84392.0,272588.0
6.478816846425264,84410.0,272580.0
6.481319286304147,84408.0,272566.0
6.483821726183028,84448.0,272568.0
6.48632416606191,84426.0,272564.0
6.488826605940792,84411.0,272570.0
6.491329045819674,84450.0,272572.0
6.493831485698556,84456.0,272577.0
6.496333925577438,84471.0,272585.0
6.498836365456319,84467.0,272564.0
6.501338805335202,84508.0,272572.0
6.503841245214083,84494.0,272593.0
6.506343685092966,84517.0,272594.0
6.508846124971847,84520.0,272582.0
6.51134856485073,84536.0,272607.0
6.513851004729611,84545.0,272584.0
6.516353444608493,84538.0,272600.0
6.518855884487375,84558.0,272582.0
6.521358324366257,84561.0,272601.0
6.523860764245139,84571.0,272577.0
6.526363204124021,84560.0,272611.0
6.528865644002902,84590.0,272610.0
6.531368083881785,84619.0,272591.0
6.533870523760666,84620.0,272600.0
6.536372963639549,84607.0,272566.0
6.53887540351843,84629.0,272596.0
6.541377843397312,84646.0,272573.0
6.543880283276194,84642.0,272578.0
6.546382723155076,84655.0,272552.0
6.548885163033958,84703.0,272611.0
6.55138760291284,84664.0,272590.0
6.553890042791721,84706.0,272572.0
6.556392482670604,84688.0,272603.0
6.558894922549485,84724.0,272625.0
6.561397362428368,84719.0,272581.0
6.563899802307249,84724.0,272581.0
6.566402242186132,84705.0,272605.0
6.568904682065013,84740.0,272604.0
6.571407121943895,84740.0,272584.0
6.573909561822777,84775.0,272601.0
6.576412001701659,84759.0,272581.0
6.578914441580541,84815.0,272601.0
6.581416881459423,84793.0,272596.0
6.583919321338304,84802.0,272575.0
6.586421761217187,84787.0,272581.0
6.588924201096068,84815.0,272607.0
6.591426640974951,84813.0,272597.0
6.593929080853832,84844.0,272593.0
6.596431520732714,84836.0,272581.0
6.598933960611596,84860.0,272603.0
6.601436400490478,84867.0,272615.0
6.60393884036936,84867.0,272576.0
6.606441280248242,84868.0,272594.0
6.608943720127123,84902.0,272581.0
6.611446160006006,84904.0,272592.0
6.613948599884887,84917.0,272600.0
6.61645103976377,84918.0,272606.0
6.618953479642651,84931.0,272570.0
6.621455919521534,84928.0,272586.0
6.623958359400415,84946.0,272585.0
6.626460799279297,84934.0,272583.0
6.628963239158179,84963.0,272599.0
6.631465679037061,84974.0,272591.0
6.633968118915943,84971.0,272600.0
6.636470558794825,84993.0,272625.0
6.638972998673706,84964.0,272593.0
6.641475438552589,84999.0,272603.0
6.64397787843147,84996.0,272627.0
6.646480318310353,85032.0,272610.0
6.648982758189234,85008.0,272624.0
6.651485198068116,84997.0,272606.0
6.653987637946998,85041.0,272595.0
6.65649007782588,85046.0,272613.0
6.658992517704762,85015.0,272600.0
6.661494957583644,85025.0,272620.0
6.663997397462526,85025.0,272598.0
6.666499837341408,85031.0,272614.0
6.669002277220289,85000.0,272605.0
6.671504717099172,84988.0,272614.0
6.674007156978053,85002.0,272614.0
6.676509596856936,84986.0,272604.0
6.679012036735817,84963.0,272582.0
6.681514476614699,84958.0,272603.0
6.684016916493581,84951.0,272593.0
6.686519356372463,84929.0,272554.0
6.689021796251345,84914.0,272615.0
6.691524236130227,84865.0,272607.0
6.694026676009108,84849.0,272603.0
6.696529115887991,84818.0,272607.0
6.699031555766872,84815.0,272578.0
6.701533995645755,84791.0,272584.0
6.704036435524636,84742.0,272575.0
6.706538875403518,84714.0,272598.0
6.7090413152824,84674.0,272566.0
6.711543755161282,84639.0,272565.0
6.714046195040164,84614.0,272564.0
6.716548634919046,84551.0,272561.0
6.719051074797928,84517.0,272544.0
6.72155351467681,84498.0,272552.0
6.724055954555691,84455.0,272564.0
6.726558394434574,84399.0,272586.0
6.729060834313455,84344.0,272571.0
6.731563274192338,84306.0,272567.0
6.734065714071219,84263.0,272595.0
6.736568153950101,84239.0,272531.0
6.739070593828983,84206.0,272558.0
6.741573033707865,84163.0,272550.0
6.744075473586747,84103.0,272565.0
6.746577913465629,84070.0,272560.0
6.74908035334451,84026.0,272534.0
6.751582793223393,84003.0,272546.0
6.754085233102274,83974.0,272562.0
6.756587672981157,83923.0,272552.0
6.759090112860038,83897.0,272523.0
6.76159255273892,83842.0,272529.0
6.764094992617802,83815.0,272554.0
6.766597432496684,83795.0,272536.0
6.769099872375566,83739.0,272515.0
6.771602312254448,83704.0,272546.0
6.77410475213333,83675.0,272515.0
6.776607192012212,83648.0,272533.0
6.779109631891093,83629.0,272533.0
6.781612071769976,83598.0,272511.0
6.784114511648857,83571.0,272502.0
6.78661695152774,83538.0,272519.0
6.789119391406621,83534.0,272537.0
6.791621831285503,83509.0,272531.0
6.794124271164385,83492.0,272520.0
6.796626711043267,83458.0,272522.0
6.799129150922149,83452.0,272492.0
6.801631590801031,83418.0,272506.0
6.804134030679912,83390.0,272503.0
6.806636470558795,83386.0,272489.0
6.809138910437676,83360.0,272506.0
6.811641350316559,83316.0,272492.0
6.81414379019544,83308.0,272505.0
6.816646230074322,83320.0,272503.0
6.819148669953204,83303.0,272480.0
6.821651109832086,83255.0,272465.0
6.824153549710968,83278.0,272480.0
6.82665598958985,83252.0,272481.0
6.829158429468732,83227.0,272515.0
6.831660869347614,83205.0,272472.0
6.834163309226495,83198.0,272469.0
6.836665749105378,83171.0,272496.0
6.839168188984259,83152.0,272491.0
6.841670628863142,83173.0,272475.0
6.844173068742023,83151.0,272487.0
6.846675508620905,83101.0,272445.0
6.849177948499787,83088.0,272460.0
6.851680388378669,83088.0,272479.0
6.854182828257551,83073.0,272464.0
6.856685268136433,83077.0,272493.0
6.859187708015314,83047.0,272495.0
6.861690147894197,83050.0,272474.0
6.864192587773078,83031.0,272490.0
6.866695027651961,83008.0,272468.0
6.869197467530842,83006.0,272492.0
6.871699907409724,82995.0,272484.0
6.874202347288606,82996.0,272485.0
6.876704787167488,82983.0,272489.0
6.87920722704637,82963.0,272478.0
6.881709666925252,82993.0,272499.0
6.884212106804134,83006.0,272497.0
6.886714546683016,82960.0,272474.0
6.889216986561897,82967.0,272486.0
6.89171942644078,82999.0,272504.0
6.894221866319661,82986.0,272498.0
6.896724306198544,82998.0,272477.0
6.899226746077425,82977.0,272464.0
6.901729185956307,82986.0,272474.0
6.904231625835189,82975.0,272482.0
6.906734065714071,82964.0,272457.0
6.909236505592953,82993.0,272463.0
6.911738945471835,82948.0,272469.0
6.914241385350716,82987.0,272458.0
6.916743825229599,82979.0,272475.0
6.91924626510848,83007.0,272466.0
6.921748704987363,83006.0,272466.0
6.924251144866244,83015.0,272471.0
6.926753584745127,82999.0,272480.0
6.929256024624008,83015.0,272454.0
6.93175846450289,83004.0,272471.0
6.934260904381772,83002.0,272478.0
6.936763344260654,83007.0,272470.0
6.939265784139536,83032.0,272480.0
6.941768224018418,83030.0,272491.0
6.944270663897299,83026.0,272483.0
6.946773103776182,83037.0,272448.0
6.949275543655063,83043.0,272471.0
6.951777983533946,83046.0,272486.0
6.954280423412827,83053.0,272487.0
6.956782863291709,83043.0,272465.0
6.959285303170591,83061.0,272476.0
6.961787743049473,83058.0,272443.0
6.964290182928355,83066.0,272471.0
6.966792622807237,83042.0,272452.0
6.969295062686118,83047.0,272465.0
6.971797502565001,83046.0,272448.0
6.974299942443882,83076.0,272488.0
6.976802382322765,83060.0,272470.0
6.979304822201646,83061.0,272459.0
6.981807262080529,83069.0,272464.0
6.98430970195941,83078.0,272452.0
6.986812141838292,83051.0,272463.0
6.989314581717174,83039.0,272482.0
6.991817021596056,83053.0,272440.0
6.994319461474938,83058.0,272487.0
6.99682190135382,83056.0,272439.0
6.999324341232701,83042.0,272481.0
7.001826781111584,83061.0,272469.0
7.004329220990465,83045.0,272469.0
7.006831660869348,83064.0,272477.0
7.009334100748229,83066.0,272490.0
7.011836540627111,83068.0,272500.0
7.014338980505993,83070.0,272473.0
7.016841420384875,83050.0,272471.0
7.019343860263757,83076.0,272455.0
7.021846300142639,83063.0,272452.0
7.02434874002152,83049.0,272452.0
7.026851179900403,83050.0,272456.0
7.029353619779284,83064.0,272451.0
7.031856059658167,83086.0,272469.0
7.034358499537048,83101.0,272470.0
7.036860939415931,83104.0,272454.0
7.039363379294812,83095.0,272449.0
7.041865819173694,83108.0,272442.0
7.044368259052576,83096.0,272482.0
7.046870698931458,83103.0,272470.0
7.04937313881034,83086.0,272486.0
7.051875578689222,83094.0,272470.0
7.054378018568103,83133.0,272463.0
7.056880458446986,83122.0,272489.0
7.059382898325867,83117.0,272480.0
7.06188533820475,83126.0,272496.0
7.064387778083631,83096.0,272475.0
7.066890217962513,83148.0,272506.0
7.069392657841395,83124.0,272466.0
7.071895097720277,83157.0,272468.0
7.074397537599159,83144.0,272467.0
7.076899977478041,83145.0,272459.0
7.079402417356922,83142.0,272477.0
7.081904857235805,83167.0,272477.0
7.084407297114686,83146.0,272455.0
7.086909736993569,83174.0,272453.0
7.08941217687245,83167.0,272468.0
7.091914616751333,83206.0,272455.0
7.094417056630214,83224.0,272484.0
7.096919496509096,83224.0,272498.0
7.099421936387978,83225.0,272464.0
7.10192437626686,83240.0,272466.0
7.104426816145742,83228.0,272465.0
7.106929256024624,83247.0,272455.0
7.109431695903505,83259.0,272470.0
7.111934135782388,83250.0,272458.0
7.114436575661269,83275.0,272474.0
7.116939015540152,83272.0,272479.0
7.119441455419033,83290.0,272478.0
7.121943895297915,83304.0,272476.0
7.124446335176797,83312.0,272474.0
7.126948775055679,83292.0,272486.0
7.129451214934561,83291.0,272483.0
7.131953654813443,83329.0,272497.0
7.134456094692324,83344.0,272474.0
7.136958534571207,83361.0,272495.0
7.139460974450088,83364.0,272453.0
7.141963414328971,83381.0,272471.0
7.144465854207852,83376.0,272479.0
7.146968294086735,83402.0,272455.0
7.149470733965616,83387.0,272482.0
7.151973173844498,83411.0,272473.0
7.15447561372338,83432.0,272478.0
7.156978053602262,83425.0,272472.0
7.159480493481144,83467.0,272491.0
7.161982933360026,83463.0,272491.0
7.164485373238907,83437.0,272501.0
7.16698781311779,83485.0,272492.0
7.169490252996671,83486.0,272486.0
7.171992692875554,83517.0,272486.0
7.174495132754435,83510.0,272506.0
7.176997572633317,83523.0,272475.0
7.179500012512199,83510.0,272485.0
7.182002452391081,83538.0,272493.0
7.184504892269963,83575.0,272518.0
7.187007332148845,83556.0,272503.0
7.189509772027727,83572.0,272484.0
7.192012211906609,83583.0,272520.0
7.19451465178549,83574.0,272518.0
7.197017091664373,83608.0,272509.0
7.199519531543254,83610.0,272511.0
7.202021971422137,83636.0,272496.0
7.204524411301018,83644.0,272512.0
7.2070268511799,83626.0,272521.0
7.209529291058782,83658.0,272508.0
7.212031730937664,83678.0,272504.0
7.214534170816546,83684.0,272503.0
7.217036610695428,83696.0,272517.0
7.219539050574309,83705.0,272535.0
7.222041490453192,83706.0,272516.0
7.224543930332073,83710.0,272514.0
7.227046370210956,83724.0,272510.0
7.229548810089837,83736.0,272500.0
7.232051249968719,83741.0,272508.0
7.234553689847601,83752.0,272524.0
7.237056129726483,83759.0,272507.0
7.239558569605365,83780.0,272533.0
7.242061009484247,83775.0,272513.0
7.244563449363129,83779.0,272506.0
7.247065889242011,83810.0,272519.0
7.249568329120892,83797.0,272510.0
7.252070768999775,83809.0,272512.0
7.254573208878656,83834.0,272498.0
7.257075648757539,83824.0,272512.0
7.25957808863642,83856.0,272498.0
7.262080528515302,83875.0,272506.0
7.264582968394184,83849.0,272492.0
7.267085408273066,83875.0,272522.0
7.269587848151948,83865.0,272519.0
7.27209028803083,83893.0,272516.0
7.274592727909711,83892.0,272505.0
7.277095167788594,83930.0,272517.0
7.279597607667475,83895.0,272493.0
7.282100047546358,83919.0,272507.0
7.284602487425239,83935.0,272528.0
7.287104927304121,83949.0,272517.0
7.289607367183003,83970.0,272504.0
7.292109807061885,83978.0,272460.0
7.294612246940767,83977.0,272502.0
7.297114686819649,83982.0,272499.0
7.299617126698531,84011.0,272514.0
7.302119566577413,84041.0,272510.0
7.304622006456294,84045.0,272507.0
7.307124446335177,84058.0,272491.0
7.309626886214058,84042.0,272541.0
7.312129326092941,84075.0,272516.0
7.314631765971822,84072.0,272489.0
7.317134205850704,84083.0,272512.0
7.319636645729586,84094.0,272520.0
7.322139085608468,84104.0,272520.0
7.32464152548735,84111.0,272517.0
7.327143965366232,84130.0,272527.0
7.329646405245113,84173.0,272517.0
7.332148845123996,84146.0,272526.0
7.334651285002877,84157.0,272533.0
7.33715372488176,84174.0,272520.0
7.339656164760641,84219.0,272558.0
7.342158604639523,84220.0,272520.0
7.344661044518405,84227.0,272536.0
7.347163484397287,84220.0,272534.0
7.349665924276169,84238.0,272562.0
7.352168364155051,84239.0,272528.0
7.354670804033933,84264.0,272544.0
7.357173243912815,84267.0,272546.0
7.359675683791696,84296.0,272537.0
7.362178123670579,84285.0,272541.0
7.36468056354946,84304.0,272554.0
7.367183003428343,84306.0,272543.0
7.369685443307224,84311.0,272529.0
7.372187883186106,84333.0,272508.0
7.374690323064988,84340.0,272545.0
7.37719276294387,84344.0,272545.0
7.379695202822752,84373.0,272535.0
7.382197642701634,84387.0,272539.0
7.384700082580515,84380.0,272533.0
7.387202522459398,84391.0,272523.0
7.389704962338279,84405.0,272545.0
7.392207402217162,84420.0,272550.0
7.394709842096043,84457.0,272536.0
7.397212281974925,84451.0,272529.0
7.399714721853807,84454.0,272537.0
7.402217161732689,84473.0,272547.0
7.404719601611571,84487.0,272537.0
7.407222041490453,84518.0,272548.0
7.409724481369335,84509.0,272538.0
7.412226921248217,84525.0,272518.0
7.414729361127098,84526.0,272554.0
7.417231801005981,84536.0,272534.0
7.419734240884862,84544.0,272526.0
7.422236680763745,84551.0,272537.0
7.424739120642626,84568.0,272553.0
7.427241560521508,84576.0,272546.0
7.42974400040039,84585.0,272535.0
7.432246440279272,84598.0,272535.0
7.434748880158154,84605.0,272559.0
7.437251320037036,84617.0,272525.0
7.439753759915917,84625.0,272551.0
7.4422561997948,84605.0,272548.0
7.444758639673681,84631.0,272533.0
7.447261079552564,84628.0,272549.0
7.449763519431445,84645.0,272561.0
7.452265959310328,84641.0,272574.0
7.454768399189209,84638.0,272558.0
7.457270839068091,84633.0,272529.0
7.459773278946973,84648.0,272534.0
7.462275718825855,84627.0,272538.0
7.464778158704737,84642.0,272543.0
7.467280598583619,84635.0,272545.0
7.4697830384625,84630.0,272500.0
7.472285478341383,84590.0,272527.0
7.474787918220264,84593.0,272528.0
7.477290358099147,84590.0,272549.0
7.479792797978028,84576.0,272552.0
7.48229523785691,84559.0,272519.0
7.484797677735792,84556.0,272527.0
7.487300117614674,84532.0,272504.0
7.489802557493556,84529.0,272511.0
7.492304997372438,84492.0,272527.0
7.494807437251319,84462.0,272513.0
7.497309877130202,84426.0,272505.0
7.499812317009083,84407.0,272525.0
7.502314756887966,84380.0,272510.0
7.504817196766847,84355.0,272524.0
7.50731963664573,84339.0,272509.0
7.509822076524611,84283.0,272511.0
7.512324516403493,84238.0,272510.0
7.514826956282375,84219.0,272511.0
7.517329396161257,84178.0,272521.0
7.519831836040139,84158.0,272507.0
7.522334275919021,84134.0,272511.0
7.524836715797902,84077.0,272483.0
7.527339155676785,84040.0,272491.0
7.529841595555666,84007.0,272479.0
7.532344035434549,83974.0,272494.0
7.53484647531343,83954.0,272496.0
7.537348915192312,83899.0,272489.0
7.539851355071194,83891.0,272488.0
7.542353794950076,83820.0,272490.0
7.544856234828958,83802.0,272494.0
7.54735867470784,83770.0,272494.0
7.549861114586721,83720.0,272474.0
7.552363554465604,83704.0,272497.0
7.554865994344485,83656.0,272497.0
7.557368434223368,83663.0,272495.0
7.559870874102249,83623.0,272487.0
7.562373313981132,83607.0,272494.0
7.564875753860013,83556.0,272478.0
7.567378193738895,83542.0,272488.0
7.569880633617777,83516.0,272504.0
7.572383073496659,83500.0,272449.0
7.574885513375541,83432.0,272461.0
7.577387953254423,83435.0,272483.0
7.579890393133304,83445.0,272456.0
7.582392833012187,83432.0,272512.0
7.584895272891068,83373.0,272476.0
7.587397712769951,83354.0,272487.0
7.589900152648832,83352.0,272488.0
7.592402592527714,83328.0,272487.0
7.594905032406596,83332.0,272471.0
7.597407472285478,83286.0,272464.0
7.59990991216436,83291.0,272482.0
7.602412352043242,83280.0,272460.0
7.604914791922123,83233.0,272450.0
7.607417231801006,83230.0,272487.0
7.609919671679887,83216.0,272475.0
7.61242211155877,83229.0,272464.0
7.614924551437651,83213.0,272442.0
7.617426991316534,83200.0,272475.0
7.619929431195415,83180.0,272479.0
7.622431871074297,83176.0,272469.0
7.624934310953179,83183.0,272429.0
7.627436750832061,83147.0,272455.0
7.629939190710943,83156.0,272471.0
7.632441630589825,83121.0,272481.0
7.634944070468706,83124.0,272470.0
7.637446510347589,83123.0,272456.0
7.63994895022647,83139.0,272445.0
7.642451390105353,83109.0,272434.0
7.644953829984234,83121.0,272476.0
7.647456269863116,83061.0,272447.0
7.649958709741998,83079.0,272440.0
7.65246114962088,83064.0,272462.0
7.654963589499762,83075.0,272475.0
7.657466029378644,83060.0,272433.0
7.659968469257525,83082.0,272461.0
7.662470909136408,83081.0,272463.0
7.664973349015289,83048.0,272445.0
7.667475788894172,83057.0,272486.0
7.669978228773053,83066.0,272463.0
7.672480668651936,83066.0,272462.0
7.674983108530817,83058.0,272491.0
7.677485548409699,83077.0,272434.0
7.679987988288581,83058.0,272430.0
7.682490428167463,83058.0,272463.0
7.684992868046345,83091.0,272445.0
7.687495307925227,83081.0,272473.0
7.689997747804108,83103.0,272464.0
7.692500187682991,83123.0,272485.0
7.695002627561872,83110.0,272453.0
7.697505067440755,83113.0,272467.0
7.700007507319636,83123.0,272482.0
7.702509947198518,83115.0,272468.0
7.7050123870774,83127.0,272460.0
7.707514826956282,83135.0,272442.0
7.710017266835164,83136.0,272457.0
7.712519706714046,83153.0,272449.0
7.715022146592927,83168.0,272453.0
7.71752458647181,83171.0,272446.0
7.720027026350691,83178.0,272481.0
7.722529466229574,83194.0,272459.0
7.725031906108455,83216.0,272454.0
7.727534345987338,83214.0,272476.0
7.730036785866219,83212.0,272495.0
7.732539225745101,83216.0,272496.0
7.735041665623983,83242.0,272435.0
7.737544105502865,83231.0,272462.0
7.740046545381747,83212.0,272465.0
7.742548985260629,83218.0,272462.0
7.74505142513951,83222.0,272482.0
7.747553865018393,83262.0,272481.0
7.750056304897274,83267.0,272475.0
7.752558744776157,83271.0,272474.0
7.755061184655038,83254.0,272481.0
7.75756362453392,83282.0,272478.0
7.760066064412802,83297.0,272465.0
7.762568504291684,83265.0,272440.0
7.765070944170566,83286.0,272457.0
7.767573384049448,83272.0,272465.0
7.77007582392833,83268.0,272465.0
7.772578263807212,83272.0,272479.0
7.775080703686093,83267.0,272451.0
7.777583143564976,83258.0,272467.0
7.780085583443857,83282.0,272496.0
7.78258802332274,83272.0,272466.0
7.785090463201621,83268.0,272477.0
7.787592903080503,83296.0,272463.0
7.790095342959385,83292.0,272482.0
7.792597782838267,83296.0,272479.0
7.795100222717149,83282.0,272452.0
7.797602662596031,83270.0,272481.0
7.800105102474912,83314.0,272458.0
7.802607542353795,83299.0,272469.0
7.805109982232676,83288.0,272471.0
7.807612422111559,83327.0,272487.0
7.81011486199044,83315.0,272457.0
7.812617301869322,83305.0,272473.0
7.815119741748204,83317.0,272485.0
7.817622181627086,83318.0,272443.0
7.820124621505968,83316.0,272479.0
7.82262706138485,83344.0,272472.0
7.825129501263732,83331.0,272458.0
7.827631941142614,83356.0,272470.0
7.830134381021495,83342.0,272472.0
7.832636820900378,83350.0,272466.0
7.835139260779259,83367.0,272489.0
7.837641700658142,83363.0,272487.0
7.840144140537023,83371.0,272473.0
7.842646580415905,83399.0,272470.0
7.845149020294787,83384.0,272470.0
7.847651460173669,83373.0,272460.0
7.850153900052551,83399.0,272456.0
7.852656339931433,83401.0,272474.0
7.855158779810314,83416.0,272470.0
7.857661219689197,83415.0,272463.0
7.860163659568078,83427.0,272477.0
7.862666099446961,83432.0,272454.0
7.865168539325842,83449.0,272455.0
7.867670979204724,83426.0,272485.0
7.870173419083606,83460.0,272485.0
7.872675858962488,83468.0,272463.0
7.87517829884137,83465.0,272493.0
7.877680738720252,83462.0,272470.0
7.880183178599134,83499.0,272491.0
7.882685618478016,83473.0,272477.0
7.885188058356897,83513.0,272475.0
7.88769049823578,83538.0,272467.0
7.890192938114661,83530.0,272484.0
7.892695377993544,83534.0,272475.0
7.895197817872425,83541.0,272501.0
7.897700257751307,83544.0,272499.0
7.900202697630189,83580.0,272517.0
7.902705137509071,83580.0,272490.0
7.905207577387953,83572.0,272499.0
7.907710017266835,83620.0,272488.0
7.910212457145716,83633.0,272507.0
7.912714897024599,83611.0,272495.0
7.91521733690348,83639.0,272517.0
7.917719776782363,83651.0,272497.0
7.920222216661244,83653.0,272487.0
7.922724656540126,83666.0,272515.0
7.925227096419008,83697.0,272513.0
7.92772953629789,83691.0,272503.0
7.930231976176772,83715.0,272493.0
7.932734416055654,83710.0,272506.0
7.935236855934536,83723.0,272503.0
7.937739295813418,83728.0,272505.0
7.940241735692299,83763.0,272508.0
7.942744175571182,83793.0,272487.0
7.945246615450063,83752.0,272507.0
7.947749055328946,83779.0,272514.0
7.950251495207827,83797.0,272517.0
7.952753935086709,83812.0,272506.0
7.955256374965591,83812.0,272500.0
7.957758814844473,83825.0,272495.0
7.960261254723355,83848.0,272504.0
7.962763694602237,83847.0,272527.0
7.965266134481118,83843.0,272493.0
7.967768574360001,83876.0,272515.0
7.970271014238882,83883.0,272536.0
7.972773454117765,83899.0,272516.0
7.975275893996646,83886.0,272547.0
7.977778333875528,83889.0,272530.0
7.98028077375441,83906.0,272508.0
7.982783213633292,83934.0,272522.0
7.985285653512174,83942.0,272505.0
7.987788093391056,83949.0,272529.0
7.990290533269938,83986.0,272540.0
7.99279297314882,83965.0,272465.0
7.995295413027701,83992.0,272532.0
7.997797852906584,83969.0,272514.0
8.000300292785466,83991.0,272513.0
8.002802732664348,84006.0,272529.0
8.00530517254323,84045.0,272518.0
8.007807612422111,84019.0,272530.0
8.010310052300992,84053.0,272529.0
8.012812492179876,84050.0,272509.0
8.015314932058757,84062.0,272503.0
8.017817371937639,84084.0,272524.0
8.02031981181652,84075.0,272527.0
8.022822251695402,84097.0,272510.0
8.025324691574285,84095.0,272532.0
8.027827131453167,84099.0,272523.0
8.030329571332048,84115.0,272531.0
8.03283201121093,84127.0,272517.0
8.035334451089811,84132.0,272554.0
8.037836890968695,84130.0,272528.0
8.040339330847576,84163.0,272532.0
8.042841770726458,84157.0,272551.0
8.04534421060534,84162.0,272509.0
8.047846650484221,84184.0,272533.0
8.050349090363104,84163.0,272538.0
8.052851530241986,84191.0,272540.0
8.055353970120867,84189.0,272524.0
8.057856409999749,84230.0,272532.0
8.060358849878632,84235.0,272526.0
8.062861289757514,84239.0,272529.0
8.065363729636395,84262.0,272539.0
8.067866169515277,84257.0,272519.0
8.070368609394158,84263.0,272537.0
8.072871049273042,84262.0,272529.0
8.075373489151923,84278.0,272530.0
8.077875929030805,84298.0,272549.0
8.080378368909686,84327.0,272526.0
8.082880808788568,84325.0,272532.0
8.085383248667451,84349.0,272511.0
8.087885688546333,84327.0,272523.0
8.090388128425214,84354.0,272531.0
8.092890568304096,84355.0,272562.0
8.095393008182977,84388.0,272545.0
8.09789544806186,84397.0,272571.0
8.100397887940742,84403.0,272538.0
8.102900327819624,84427.0,272551.0
8.105402767698505,84426.0,272567.0
8.107905207577387,84442.0,272562.0
8.11040764745627,84450.0,272534.0
8.112910087335152,84461.0,272520.0
8.115412527214033,84442.0,272515.0
8.117914967092915,84473.0,272551.0
8.120417406971796,84475.0,272518.0
8.12291984685068,84485.0,272511.0
8.125422286729561,84486.0,272512.0
8.127924726608443,84523.0,272530.0
8.130427166487324,84524.0,272504.0
8.132929606366206,84533.0,272530.0
8.13543204624509,84528.0,272528.0
8.13793448612397,84532.0,272507.0
8.140436926002852,84582.0,272519.0
8.142939365881734,84532.0,272565.0
8.145441805760615,84569.0,272545.0
8.147944245639499,84569.0,272537.0
8.15044668551838,84606.0,272523.0
8.152949125397262,84593.0,272508.0
8.155451565276143,84593.0,272522.0
8.157954005155025,84609.0,272513.0
8.160456445033908,84609.0,272515.0
8.16295888491279,84625.0,272521.0
8.165461324791671,84641.0,272510.0
8.167963764670553,84660.0,272527.0
8.170466204549436,84676.0,272525.0
8.172968644428318,84688.0,272519.0
8.1754710843072,84672.0,272521.0
8.177973524186081,84686.0,272512.0
8.180475964064962,84702.0,272529.0
8.182978403943846,84723.0,272533.0
8.185480843822727,84709.0,272537.0
8.187983283701609,84739.0,272505.0
8.19048572358049,84724.0,272525.0
8.192988163459372,84757.0,272529.0
8.195490603338255,84730.0,272521.0
8.197993043217137,84763.0,272530.0
8.200495483096018,84756.0,272500.0
8.2029979229749,84773.0,272524.0
8.205500362853781,84772.0,272484.0
8.208002802732665,84787.0,272501.0
8.210505242611546,84783.0,272501.0
8.213007682490428,84802.0,272477.0
8.21551012236931,84780.0,272523.0
8.218012562248191,84796.0,272501.0
8.220515002127074,84775.0,272500.0
8.223017442005956,84788.0,272517.0
8.225519881884837,84785.0,272498.0
8.228022321763719,84809.0,272492.0
8.2305247616426,84783.0,272477.0
8.233027201521484,84761.0,272482.0
8.235529641400365,84728.0,272509.0
8.238032081279247,84718.0,272523.0
8.240534521158128,84721.0,272503.0
8.24303696103701,84698.0,272521.0
8.245539400915893,84680.0,272502.0
8.248041840794775,84665.0,272510.0
8.250544280673656,84625.0,272537.0
8.253046720552538,84617.0,272473.0
8.25554916043142,84591.0,272505.0
8.258051600310303,84584.0,272500.0
8.260554040189184,84542.0,272500.0
8.263056480068066,84494.0,272500.0
8.265558919946947,84482.0,272489.0
8.268061359825829,84445.0,272523.0
8.270563799704712,84411.0,272484.0
8.273066239583594,84400.0,272501.0
8.275568679462475,84336.0,272499.0
8.278071119341357,84289.0,272499.0
8.28057355922024,84277.0,272470.0
8.283075999099122,84243.0,272484.0
8.285578438978003,84199.0,272505.0
8.288080878856885,84155.0,272480.0
8.290583318735766,84150.0,272502.0
8.29308575861465,84070.0,272478.0
8.295588198493531,84061.0,272503.0
8.298090638372413,84013.0,272508.0
8.300593078251294,83986.0,272504.0
8.303095518130176,83972.0,272511.0
8.30559795800906,83928.0,272511.0
8.30810039788794,83913.0,272516.0
8.310602837766822,83897.0,272469.0
8.313105277645704,83828.0,272489.0
8.315607717524585,83786.0,272496.0
8.318110157403469,83764.0,272520.0
8.32061259728235,83739.0,272488.0
8.323115037161232,83687.0,272474.0
8.325617477040113,83692.0,272475.0
8.328119916918995,83670.0,272489.0
8.330622356797878,83627.0,272503.0
8.33312479667676,83604.0,272493.0
8.335627236555641,83565.0,272505.0
8.338129676434523,83574.0,272499.0
8.340632116313405,83551.0,272504.0
8.343134556192288,83544.0,272493.0
8.34563699607117,83512.0,272505.0
8.348139435950051,83482.0,272497.0
8.350641875828932,83475.0,272501.0
8.353144315707814,83456.0,272495.0
8.355646755586697,83433.0,272463.0
8.358149195465579,83396.0,272507.0
8.36065163534446,83378.0,272463.0
8.363154075223342,83405.0,272510.0
8.365656515102224,83382.0,272477.0
8.368158954981107,83362.0,272479.0
8.370661394859988,83369.0,272455.0
8.37316383473887,83333.0,272475.0
8.375666274617751,83320.0,272473.0
8.378168714496635,83314.0,272448.0
8.380671154375516,83316.0,272481.0
8.383173594254398,83280.0,272465.0
8.38567603413328,83299.0,272467.0
8.388178474012161,83268.0,272489.0
8.390680913891044,83240.0,272478.0
8.393183353769926,83255.0,272480.0
8.395685793648807,83227.0,272484.0
8.398188233527689,83224.0,272452.0
8.40069067340657,83221.0,272463.0
8.403193113285454,83221.0,272450.0
8.405695553164335,83198.0,272478.0
8.408197993043217,83202.0,272469.0
8.410700432922098,83217.0,272487.0
8.41320287280098,83220.0,272483.0
8.415705312679863,83199.0,272479.0
8.418207752558745,83179.0,272467.0
8.420710192437626,83187.0,272481.0
8.423212632316508,83205.0,272481.0
8.42571507219539,83190.0,272502.0
8.428217512074273,83195.0,272485.0
8.430719951953154,83197.0,272475.0
8.433222391832036,83183.0,272487.0
8.435724831710917,83204.0,272508.0
8.438227271589799,83187.0,272478.0
8.440729711468682,83189.0,272470.0
8.443232151347564,83206.0,272499.0
8.445734591226445,83213.0,272454.0
8.448237031105327,83232.0,272468.0
8.450739470984209,83240.0,272487.0
8.453241910863092,83235.0,272476.0
8.455744350741973,83245.0,272496.0
8.458246790620855,83239.0,272492.0
8.460749230499736,83229.0,272496.0
8.463251670378618,83274.0,272492.0
8.465754110257501,83262.0,272493.0
8.468256550136383,83263.0,272492.0
8.470758990015264,83277.0,272474.0
8.473261429894146,83304.0,272472.0
8.475763869773028,83301.0,272500.0
8.47826630965191,83303.0,272495.0
8.480768749530792,83301.0,272496.0
8.483271189409674,83321.0,272499.0
8.485773629288555,83341.0,272475.0
8.488276069167439,83347.0,272488.0
8.49077850904632,83358.0,272510.0
8.493280948925202,83355.0,272479.0
8.495783388804083,83354.0,272457.0
8.498285828682965,83345.0,272503.0
8.500788268561848,83371.0,272479.0
8.50329070844073,83371.0,272485.0
8.505793148319611,83401.0,272494.0
8.508295588198493,83376.0,272492.0
8.510798028077375,83371.0,272511.0
8.513300467956258,83400.0,272508.0
8.51580290783514,83397.0,272480.0
8.518305347714021,83407.0,272479.0
8.520807787592902,83393.0,272493.0
8.523310227471784,83399.0,272487.0
8.525812667350667,83409.0,272479.0
8.528315107229549,83387.0,272483.0
8.53081754710843,83418.0,272490.0
8.533319986987312,83416.0,272485.0
8.535822426866194,83368.0,272490.0
8.538324866745077,83414.0,272487.0
8.540827306623958,83404.0,272497.0
8.54332974650284,83436.0,272503.0
8.545832186381721,83410.0,272490.0
8.548334626260603,83413.0,272476.0
8.550837066139486,83412.0,272490.0
8.553339506018368,83425.0,272470.0
8.55584194589725,83415.0,272464.0
8.558344385776131,83399.0,272499.0
8.560846825655013,83439.0,272505.0
8.563349265533896,83422.0,272502.0
8.565851705412777,83441.0,272454.0
8.568354145291659,83432.0,272473.0
8.57085658517054,83447.0,272471.0
8.573359025049422,83439.0,272512.0
8.575861464928305,83429.0,272495.0
8.578363904807187,83431.0,272494.0
8.580866344686068,83463.0,272489.0
8.58336878456495,83476.0,272485.0
8.585871224443833,83448.0,272486.0
8.588373664322715,83482.0,272480.0
8.590876104201596,83457.0,272494.0
8.593378544080478,83480.0,272497.0
8.59588098395936,83485.0,272495.0
8.598383423838243,83471.0,272487.0
8.600885863717124,83479.0,272495.0
8.603388303596006,83482.0,272493.0
8.605890743474887,83509.0,272537.0
8.608393183353769,83509.0,272495.0
8.610895623232652,83516.0,272507.0
8.613398063111534,83536.0,272507.0
8.615900502990415,83552.0,272535.0
8.618402942869297,83539.0,272540.0
8.620905382748179,83554.0,272521.0
8.623407822627062,83533.0,272519.0
8.625910262505943,83548.0,272508.0
8.628412702384825,83557.0,272514.0
8.630915142263706,83579.0,272511.0
8.633417582142588,83584.0,272531.0
8.635920022021471,83579.0,272525.0
8.638422461900353,83605.0,272532.0
8.640924901779234,83617.0,272551.0
8.643427341658116,83628.0,272535.0
8.645929781536998,83615.0,272512.0
8.64843222141588,83618.0,272541.0
8.650934661294762,83649.0,272527.0
8.653437101173644,83654.0,272548.0
8.655939541052525,83671.0,272544.0
8.658441980931407,83670.0,272533.0
8.66094442081029,83666.0,272528.0
8.663446860689172,83703.0,272508.0
8.665949300568053,83676.0,272528.0
8.668451740446935,83714.0,272547.0
8.670954180325817,83700.0,272537.0
8.6734566202047,83722.0,272520.0
8.675959060083581,83749.0,272543.0
8.678461499962463,83744.0,272520.0
8.680963939841345,83747.0,272510.0
8.683466379720226,83758.0,272506.0
8.68596881959911,83787.0,272532.0
8.688471259477991,83822.0,272511.0
8.690973699356872,83785.0,272524.0
8.693476139235754,83837.0,272528.0
8.695978579114637,83813.0,272559.0
8.698481018993519,83828.0,272541.0
8.7009834588724,83852.0,272555.0
8.703485898751282,83857.0,272535.0
8.705988338630164,83880.0,272530.0
8.708490778509047,83889.0,272532.0
8.710993218387928,83889.0,272532.0
8.71349565826681,83903.0,272524.0
8.715998098145691,83904.0,272524.0
8.718500538024573,83933.0,272544.0
8.721002977903456,83919.0,272548.0
8.723505417782338,83946.0,272555.0
8.72600785766122,83980.0,272564.0
8.728510297540101,83985.0,272550.0
8.731012737418983,83987.0,272545.0
8.733515177297866,83998.0,272552.0
8.736017617176747,84011.0,272579.0
8.738520057055629,83994.0,272570.0
8.74102249693451,84048.0,272538.0
8.743524936813392,84026.0,272547.0
8.746027376692275,84056.0,272539.0
8.748529816571157,84059.0,272556.0
8.751032256450038,84081.0,272557.0
8.75353469632892,84088.0,272557.0
8.756037136207802,84080.0,272559.0
8.758539576086685,84108.0,272561.0
8.761042015965566,84106.0,272589.0
8.763544455844448,84124.0,272565.0
8.76604689572333,84129.0,272567.0
8.768549335602211,84158.0,272539.0
8.771051775481094,84155.0,272554.0
8.773554215359976,84163.0,272546.0
8.776056655238857,84177.0,272540.0
8.778559095117739,84193.0,272538.0
8.78106153499662,84197.0,272513.0
8.783563974875504,84216.0,272531.0
8.786066414754385,84216.0,272529.0
8.788568854633267,84240.0,272545.0
8.791071294512149,84248.0,272512.0
8.79357373439103,84269.0,272506.0
8.796076174269913,84248.0,272516.0
8.798578614148795,84251.0,272528.0
8.801081054027676,84308.0,272516.0
8.803583493906558,84277.0,272521.0
8.806085933785441,84335.0,272549.0
8.808588373664323,84335.0,272544.0
8.811090813543204,84340.0,272521.0
8.813593253422086,84338.0,272512.0
8.816095693300968,84349.0,272507.0
8.81859813317985,84369.0,272518.0
8.821100573058732,84363.0,272523.0
8.823603012937614,84396.0,272497.0
8.826105452816496,84404.0,272504.0
8.828607892695377,84410.0,272525.0
8.83111033257426,84393.0,272508.0
8.833612772453142,84442.0,272512.0
8.836115212332023,84439.0,272495.0
8.838617652210905,84437.0,272532.0
8.841120092089787,84438.0,272524.0
8.84362253196867,84473.0,272524.0
8.846124971847551,84461.0,272548.0
8.848627411726433,84505.0,272536.0
8.851129851605315,84505.0,272523.0
8.853632291484196,84519.0,272513.0
8.85613473136308,84500.0,272514.0
8.858637171241961,84522.0,272512.0
8.861139611120842,84534.0,272526.0
8.863642050999724,84539.0,272541.0
8.866144490878606,84595.0,272520.0
8.868646930757489,84574.0,272546.0
8.87114937063637,84578.0,272535.0
8.873651810515252,84607.0,272528.0
8.876154250394134,84613.0,272553.0
8.878656690273015,84594.0,272528.0
8.881159130151898,84626.0,272529.0
8.88366157003078,84656.0,272558.0
8.886164009909661,84628.0,272540.0
8.888666449788543,84668.0,272547.0
8.891168889667425,84661.0,272554.0
8.893671329546308,84691.0,272552.0
8.89617376942519,84692.0,272544.0
8.898676209304071,84707.0,272549.0
8.901178649182953,84708.0,272544.0
8.903681089061836,84729.0,272546.0
8.906183528940717,84757.0,272564.0
8.908685968819599,84755.0,272570.0
8.91118840869848,84776.0,272577.0
8.913690848577362,84768.0,272554.0
8.916193288456245,84806.0,272550.0
8.918695728335127,84812.0,272592.0
8.921198168214008,84791.0,272588.0
8.92370060809289,84804.0,272568.0
8.926203047971772,84834.0,272580.0
8.928705487850655,84818.0,272592.0
8.931207927729536,84850.0,272562.0
8.933710367608418,84867.0,272563.0
8.9362128074873,84869.0,272556.0
8.938715247366181,84900.0,272576.0
8.941217687245064,84880.0,272574.0
8.943720127123946,84892.0,272577.0
8.946222567002827,84889.0,272590.0
8.948725006881709,84908.0,272562.0
8.95122744676059,84925.0,272589.0
8.953729886639474,84930.0,272552.0
8.956232326518355,84937.0,272571.0
8.958734766397237,84955.0,272568.0
8.961237206276119,84947.0,272553.0
8.963739646155,84963.0,272562.0
8.966242086033883,84961.0,272564.0
8.968744525912765,84970.0,272553.0
8.971246965791646,84991.0,272565.0
8.973749405670528,85009.0,272563.0
8.97625184554941,84984.0,272558.0
8.978754285428293,84980.0,272543.0
8.981256725307174,85012.0,272552.0
8.983759165186056,84989.0,272547.0
8.986261605064938,85024.0,272538.0
8.988764044943819,85034.0,272573.0
8.991266484822702,85009.0,272549.0
8.993768924701584,84994.0,272578.0
8.996271364580466,85014.0,272555.0
8.998773804459347,84986.0,272539.0
9.001276244338229,84947.0,272552.0
9.003778684217112,84952.0,272548.0
9.006281124095993,84932.0,272580.0
9.008783563974875,84933.0,272552.0
9.011286003853757,84910.0,272545.0
9.01378844373264,84906.0,272553.0
9.016290883611521,84875.0,272535.0
9.018793323490403,84874.0,272554.0
9.021295763369285,84828.0,272545.0
9.023798203248166,84818.0,272534.0
9.02630064312705,84789.0,272530.0
9.028803083005931,84743.0,272563.0
9.031305522884812,84712.0,272550.0
9.033807962763694,84676.0,272523.0
9.036310402642576,84650.0,272521.0
9.038812842521459,84605.0,272535.0
9.04131528240034,84557.0,272537.0
9.043817722279222,84555.0,272553.0
9.046320162158104,84478.0,272541.0
9.048822602036985,84463.0,272534.0
9.051325041915868,84439.0,272519.0
9.05382748179475,84381.0,272545.0
9.056329921673631,84340.0,272542.0
9.058832361552513,84313.0,272540.0
9.061334801431395,84275.0,272537.0
9.063837241310278,84209.0,272536.0
9.06633968118916,84188.0,272520.0
9.068842121068041,84131.0,272530.0
9.071344560946923,84111.0,272517.0
9.073847000825804,84060.0,272539.0
9.076349440704687,84037.0,272518.0
9.078851880583569,83984.0,272536.0
9.08135432046245,83966.0,272527.0
9.083856760341332,83929.0,272554.0
9.086359200220214,83894.0,272505.0
9.088861640099097,83866.0,272511.0
9.091364079977978,83823.0,272515.0
9.09386651985686,83787.0,272522.0
9.096368959735742,83754.0,272520.0
9.098871399614623,83707.0,272495.0
9.101373839493506,83694.0,272522.0
9.103876279372388,83663.0,272489.0
9.10637871925127,83637.0,272506.0
9.108881159130151,83627.0,272493.0
9.111383599009034,83587.0,272501.0
9.113886038887916,83560.0,272511.0
9.116388478766797,83556.0,272521.0
9.118890918645679,83523.0,272492.0
9.12139335852456,83483.0,272491.0
9.123895798403444,83460.0,272517.0
9.126398238282325,83448.0,272474.0
9.128900678161207,83431.0,272484.0
9.131403118040089,83390.0,272467.0
9.13390555791897,83380.0,272495.0
9.136407997797853,83399.0,272493.0
9.138910437676735,83337.0,272488.0
9.141412877555616,83355.0,272499.0
9.143915317434498,83308.0,272497.0
9.14641775731338,83303.0,272475.0
9.148920197192263,83278.0,272472.0
9.151422637071144,83244.0,272466.0
9.153925076950026,83257.0,272465.0
9.156427516828908,83212.0,272455.0
9.158929956707789,83230.0,272474.0
9.161432396586672,83206.0,272482.0
9.163934836465554,83200.0,272482.0
9.166437276344436,83162.0,272472.0
9.168939716223317,83156.0,272471.0
9.171442156102199,83133.0,272437.0
9.173944595981082,83137.0,272473.0
9.176447035859963,83107.0,272462.0
9.178949475738845,83081.0,272480.0
9.181451915617727,83074.0,272450.0
9.183954355496608,83046.0,272465.0
9.186456795375491,83075.0,272487.0
9.188959235254373,83053.0,272460.0
9.191461675133255,83031.0,272478.0
9.193964115012136,83044.0,272471.0
9.196466554891018,83046.0,272455.0
9.198968994769901,83019.0,272466.0
9.201471434648782,83008.0,272451.0
9.203973874527664,82988.0,272468.0
9.206476314406546,83006.0,272482.0
9.208978754285427,83025.0,272468.0
9.21148119416431,82992.0,272455.0
9.213983634043192,83000.0,272482.0
9.216486073922074,82981.0,272470.0
9.218988513800955,82981.0,272470.0
9.221490953679838,82988.0,272460.0
9.22399339355872,82994.0,272474.0
9.226495833437601,82983.0,272465.0
9.228998273316483,82995.0,272482.0
9.231500713195365,83010.0,272459.0
9.234003153074248,82987.0,272458.0
9.23650559295313,83010.0,272464.0
9.239008032832011,82990.0,272486.0
9.241510472710893,83001.0,272488.0
9.244012912589774,83004.0,272474.0
9.246515352468657,83000.0,272499.0
9.249017792347539,83006.0,272469.0
9.25152023222642,83029.0,272454.0
9.254022672105302,83013.0,272488.0
9.256525111984184,83005.0,272482.0
9.259027551863067,83024.0,272480.0
9.261529991741948,83021.0,272502.0
9.26403243162083,83020.0,272490.0
9.266534871499712,83039.0,272469.0
9.269037311378593,83042.0,272481.0
9.271539751257476,83024.0,272490.0
9.274042191136358,83064.0,272485.0
9.27654463101524,83057.0,272485.0
9.279047070894121,83055.0,272462.0
9.281549510773003,83050.0,272500.0
9.284051950651886,83047.0,272473.0
9.286554390530767,83043.0,272476.0
9.289056830409649,83050.0,272476.0
9.29155927028853,83055.0,272474.0
9.294061710167412,83065.0,272496.0
9.296564150046295,83069.0,272491.0
9.299066589925177,83075.0,272466.0
9.301569029804059,83090.0,272461.0
9.30407146968294,83064.0,272452.0
9.306573909561822,83072.0,272478.0
9.309076349440705,83075.0,272477.0
9.311578789319586,83096.0,272469.0
9.314081229198468,83104.0,272452.0
9.31658366907735,83079.0,272488.0
9.319086108956231,83074.0,272460.0
9.321588548835114,83087.0,272453.0
9.324090988713996,83104.0,272481.0
9.326593428592878,83108.0,272466.0
9.329095868471759,83094.0,272468.0
9.331598308350642,83113.0,272466.0
9.334100748229524,83117.0,272485.0
9.336603188108406,83101.0,272477.0
9.339105627987287,83117.0,272477.0
9.341608067866169,83093.0,272472.0
9.344110507745052,83114.0,272479.0
9.346612947623933,83096.0,272454.0
9.349115387502815,83112.0,272472.0
9.351617827381697,83134.0,272474.0
9.354120267260578,83125.0,272483.0
9.356622707139461,83139.0,272495.0
9.359125147018343,83142.0,272501.0
9.361627586897225,83146.0,272469.0
9.364130026776106,83156.0,272474.0
9.366632466654988,83111.0,272457.0
9.369134906533871,83145.0,272490.0
9.371637346412752,83128.0,272472.0
9.374139786291634,83144.0,272477.0
9.376642226170516,83146.0,272496.0
9.379144666049397,83166.0,272486.0
9.38164710592828,83161.0,272470.0
9.384149545807162,83162.0,272479.0
9.386651985686044,83169.0,272492.0
9.389154425564925,83176.0,272494.0
9.391656865443807,83171.0,272505.0
9.39415930532269,83179.0,272479.0
9.396661745201571,83178.0,272469.0
9.399164185080453,83178.0,272486.0
9.401666624959335,83189.0,272511.0
9.404169064838216,83200.0,272488.0
9.4066715047171,83200.0,272480.0
9.409173944595981,83231.0,272497.0
9.411676384474863,83239.0,272495.0
9.414178824353744,83230.0,272476.0
9.416681264232626,83232.0,272512.0
9.419183704111509,83248.0,272490.0
9.42168614399039,83242.0,272487.0
9.424188583869272,83270.0,272490.0
9.426691023748154,83253.0,272496.0
9.429193463627037,83277.0,272500.0
9.431695903505918,83262.0,272475.0
9.4341983433848,83275.0,272490.0
9.436700783263682,83304.0,272497.0
9.439203223142563,83297.0,272489.0
9.441705663021446,83320.0,272514.0
9.444208102900328,83308.0,272489.0
9.44671054277921,83329.0,272503.0
9.449212982658091,83345.0,272490.0
9.451715422536973,83357.0,272479.0
9.454217862415856,83368.0,272461.0
9.456720302294737,83377.0,272475.0
9.459222742173619,83362.0,272485.0
9.4617251820525,83403.0,272486.0
9.464227621931382,83378.0,272453.0
9.466730061810265,83384.0,272500.0
9.469232501689147,83424.0,272478.0
9.471734941568029,83405.0,272475.0
9.47423738144691,83431.0,272475.0
9.476739821325792,83459.0,272510.0
9.479242261204675,83448.0,272479.0
9.481744701083556,83455.0,272492.0
9.484247140962438,83459.0,272466.0
9.48674958084132,83503.0,272469.0
9.489252020720201,83486.0,272469.0
9.491754460599084,83509.0,272476.0
9.494256900477966,83505.0,272465.0
9.496759340356848,83532.0,272465.0
9.499261780235729,83528.0,272463.0
9.50176422011461,83547.0,272471.0
9.504266659993494,83556.0,272480.0
9.506769099872376,83538.0,272450.0
9.509271539751257,83559.0,272481.0
9.511773979630139,83574.0,272455.0
9.51427641950902,83612.0,272465.0
9.516778859387903,83600.0,272447.0
9.519281299266785,83586.0,272478.0
9.521783739145667,83602.0,272444.0
9.524286179024548,83614.0,272484.0
9.52678861890343,83636.0,272463.0
9.529291058782313,83651.0,272465.0
9.531793498661195,83669.0,272455.0
9.534295938540076,83671.0,272432.0
9.536798378418958,83658.0,272494.0
9.539300818297841,83694.0,272496.0
9.541803258176722,83680.0,272468.0
9.544305698055604,83681.0,272438.0
9.546808137934486,83697.0,272462.0
9.549310577813367,83716.0,272458.0
9.55181301769225,83706.0,272459.0
9.554315457571132,83745.0,272463.0
9.556817897450014,83751.0,272459.0
9.559320337328895,83772.0,272483.0
9.561822777207777,83780.0,272448.0
9.56432521708666,83779.0,272481.0
9.566827656965541,83795.0,272467.0
9.569330096844423,83791.0,272445.0
9.571832536723305,83784.0,272454.0
9.574334976602186,83804.0,272456.0
9.57683741648107,83830.0,272441.0
9.579339856359951,83840.0,272434.0
9.581842296238833,83824.0,272466.0
9.584344736117714,83834.0,272482.0
9.586847175996596,83846.0,272459.0
9.589349615875479,83865.0,272432.0
9.59185205575436,83878.0,272464.0
9.594354495633242,83912.0,272451.0
9.596856935512124,83917.0,272445.0
9.599359375391005,83944.0,272450.0
9.601861815269888,83925.0,272458.0
9.60436425514877,83922.0,272453.0
9.606866695027652,83955.0,272424.0
9.609369134906533,83957.0,272434.0
9.611871574785415,83946.0,272460.0
9.614374014664298,83992.0,272463.0
9.61687645454318,83997.0,272446.0
9.619378894422061,83989.0,272448.0
9.621881334300943,84007.0,272429.0
9.624383774179824,84024.0,272467.0
9.626886214058707,84046.0,272461.0
9.629388653937589,84003.0,272477.0
9.63189109381647,84047.0,272473.0
9.634393533695352,84069.0,272452.0
9.636895973574234,84067.0,272473.0
9.639398413453117,84073.0,272473.0
9.641900853331999,84094.0,272476.0
9.64440329321088,84089.0,272462.0
9.646905733089762,84090.0,272492.0
9.649408172968645,84132.0,272458.0
9.651910612847526,84120.0,272478.0
9.654413052726408,84147.0,272480.0
9.65691549260529,84126.0,272470.0
9.659417932484171,84162.0,272473.0
9.661920372363054,84169.0,272478.0
9.664422812241936,84182.0,272481.0
9.666925252120818,84178.0,272491.0
9.669427691999699,84212.0,272496.0
9.67193013187858,84227.0,272480.0
9.674432571757464,84228.0,272454.0
9.676935011636346,84243.0,272487.0
9.679437451515227,84260.0,272474.0
9.681939891394109,84260.0,272492.0
9.68444233127299,84274.0,272456.0
9.686944771151873,84265.0,272471.0
9.689447211030755,84297.0,272465.0
9.691949650909637,84309.0,272478.0
9.694452090788518,84332.0,272472.0
9.6969545306674,84352.0,272468.0
9.699456970546283,84332.0,272479.0
9.701959410425165,84350.0,272449.0
9.704461850304046,84365.0,272479.0
9.706964290182928,84379.0,272481.0
9.70946673006181,84396.0,272461.0
9.711969169940692,84408.0,272441.0
9.714471609819574,84432.0,272468.0
9.716974049698456,84429.0,272436.0
9.719476489577337,84434.0,272466.0
9.721978929456219,84464.0,272465.0
9.724481369335102,84466.0,272433.0
9.726983809213984,84482.0,272471.0
9.729486249092865,84510.0,272475.0
9.731988688971747,84487.0,272463.0
9.734491128850628,84498.0,272445.0
9.736993568729511,84509.0,272451.0
9.739496008608393,84528.0,272442.0
9.741998448487275,84534.0,272484.0
9.744500888366156,84557.0,272470.0
9.74700332824504,84519.0,272465.0
9.749505768123921,84557.0,272453.0
9.752008208002803,84575.0,272460.0
9.754510647881684,84541.0,272430.0
9.757013087760566,84531.0,272435.0
9.759515527639449,84525.0,272435.0
9.76201796751833,84556.0,272446.0
9.764520407397212,84530.0,272442.0
9.767022847276094,84524.0,272445.0
9.769525287154975,84529.0,272442.0
9.772027727033858,84531.0,272442.0
9.77453016691274,84514.0,272460.0
9.777032606791622,84484.0,272454.0
9.779535046670503,84447.0,272441.0
9.782037486549385,84424.0,272434.0
9.784539926428268,84409.0,272426.0
9.78704236630715,84363.0,272428.0
9.789544806186031,84371.0,272448.0
9.792047246064913,84335.0,272438.0
9.794549685943794,84325.0,272412.0
9.797052125822677,84276.0,272395.0
9.799554565701559,84231.0,272441.0
9.80205700558044,84193.0,272382.0
9.804559445459322,84172.0,272400.0
9.807061885338204,84123.0,272434.0
9.809564325217087,84067.0,272397.0
9.812066765095969,84049.0,272404.0
9.81456920497485,84022.0,272400.0
9.817071644853732,83972.0,272380.0
9.819574084732613,83963.0,272425.0
9.822076524611496,83898.0,272418.0
9.824578964490378,83847.0,272400.0
9.82708140436926,83820.0,272394.0
9.829583844248141,83785.0,272392.0
9.832086284127023,83737.0,272386.0
9.834588724005906,83704.0,272379.0
9.837091163884788,83688.0,272394.0
9.839593603763669,83644.0,272379.0
9.84209604364255,83598.0,272382.0
9.844598483521432,83560.0,272390.0
9.847100923400316,83523.0,272409.0
9.849603363279197,83505.0,272399.0
9.852105803158079,83469.0,272379.0
9.85460824303696,83429.0,272396.0
9.857110682915843,83408.0,272384.0
9.859613122794725,83375.0,272373.0
9.862115562673607,83363.0,272393.0
9.864618002552488,83316.0,272381.0
9.86712044243137,83282.0,272428.0
9.869622882310253,83247.0,272388.0
9.872125322189135,83279.0,272388.0
9.874627762068016,83198.0,272429.0
9.877130201946898,83182.0,272398.0
9.87963264182578,83167.0,272380.0
9.882135081704662,83167.0,272376.0
9.884637521583544,83109.0,272395.0
9.887139961462426,83083.0,272376.0
9.889642401341307,83103.0,272389.0
9.892144841220189,83066.0,272379.0
9.894647281099072,83047.0,272369.0
9.897149720977954,83029.0,272406.0
9.899652160856835,82995.0,272373.0
9.902154600735717,82960.0,272355.0
9.904657040614598,82966.0,272371.0
9.907159480493481,82928.0,272347.0
9.909661920372363,82920.0,272369.0
9.912164360251245,82916.0,272359.0
9.914666800130126,82899.0,272378.0
9.917169240009008,82865.0,272357.0
9.919671679887891,82869.0,272375.0
9.922174119766773,82828.0,272369.0
9.924676559645654,82823.0,272358.0
9.927178999524536,82786.0,272363.0
9.929681439403417,82796.0,272375.0
9.9321838792823,82776.0,272360.0
9.934686319161182,82770.0,272345.0
9.937188759040064,82747.0,272372.0
9.939691198918945,82729.0,272347.0
9.942193638797827,82730.0,272361.0
9.94469607867671,82717.0,272368.0
9.947198518555592,82687.0,272338.0
9.949700958434473,82674.0,272337.0
9.952203398313355,82676.0,272355.0
9.954705838192238,82653.0,272337.0
9.95720827807112,82646.0,272318.0
9.959710717950001,82646.0,272344.0
9.962213157828883,82636.0,272373.0
9.964715597707764,82616.0,272348.0
9.967218037586647,82598.0,272366.0
9.969720477465529,82626.0,272343.0
9.97222291734441,82602.0,272321.0
9.974725357223292,82600.0,272342.0
9.977227797102174,82599.0,272324.0
9.979730236981057,82614.0,272346.0
9.982232676859939,82643.0,272355.0
9.98473511673882,82619.0,272319.0
9.987237556617702,82591.0,272325.0
9.989739996496583,82625.0,272316.0
9.992242436375466,82630.0,272332.0
9.994744876254348,82622.0,272346.0
9.99724731613323,82619.0,272324.0
9.999749756012111,82621.0,272333.0
10.002252195890993,82616.0,272308.0
10.004754635769876,82615.0,272335.0
10.007257075648758,82653.0,272315.0
10.009759515527639,82624.0,272315.0
10.01226195540652,82643.0,272349.0
10.014764395285402,82659.0,272338.0
10.017266835164286,82627.0,272364.0
10.019769275043167,82670.0,272339.0
10.022271714922049,82684.0,272348.0
10.02477415480093,82669.0,272373.0
10.027276594679812,82658.0,272341.0
10.029779034558695,82675.0,272366.0
10.032281474437577,82692.0,272333.0
10.034783914316458,82681.0,272360.0
10.03728635419534,82701.0,272365.0
10.039788794074221,82694.0,272371.0
10.042291233953105,82694.0,272354.0
10.044793673831986,82709.0,272366.0
10.047296113710868,82678.0,272342.0
10.04979855358975,82702.0,272346.0
10.05230099346863,82715.0,272353.0
10.054803433347514,82706.0,272372.0
10.057305873226396,82708.0,272354.0
10.059808313105277,82721.0,272357.0
10.062310752984159,82726.0,272361.0
10.064813192863042,82725.0,272348.0
10.067315632741924,82695.0,272366.0
10.069818072620805,82684.0,272367.0
10.072320512499687,82698.0,272364.0
10.074822952378568,82721.0,272356.0
10.077325392257451,82728.0,272354.0
10.079827832136333,82697.0,272365.0
10.082330272015215,82735.0,272356.0
10.084832711894096,82730.0,272333.0
10.087335151772978,82711.0,272342.0
10.089837591651861,82731.0,272366.0
10.092340031530743,82726.0,272354.0
10.094842471409624,82718.0,272325.0
10.097344911288506,82734.0,272357.0
10.099847351167387,82752.0,272356.0
10.10234979104627,82709.0,272360.0
10.104852230925152,82713.0,272343.0
10.107354670804034,82722.0,272342.0
10.109857110682915,82718.0,272328.0
10.112359550561797,82723.0,272346.0
10.11486199044068,82736.0,272360.0
10.117364430319562,82746.0,272319.0
10.119866870198443,82740.0,272337.0
10.122369310077325,82746.0,272345.0
10.124871749956206,82748.0,272338.0
10.12737418983509,82751.0,272336.0
10.129876629713971,82743.0,272333.0
10.132379069592853,82744.0,272355.0
10.134881509471734,82761.0,272370.0
10.137383949350616,82759.0,272345.0
10.139886389229499,82784.0,272353.0
10.14238882910838,82774.0,272331.0
10.144891268987262,82761.0,272352.0
10.147393708866144,82745.0,272369.0
10.149896148745025,82751.0,272372.0
10.152398588623909,82764.0,272337.0
10.15490102850279,82760.0,272361.0
10.157403468381672,82777.0,272332.0
10.159905908260553,82776.0,272329.0
10.162408348139435,82790.0,272342.0
10.164910788018318,82768.0,272357.0
10.1674132278972,82772.0,272355.0
10.169915667776081,82792.0,272360.0
10.172418107654963,82787.0,272354.0
10.174920547533846,82801.0,272337.0
10.177422987412728,82805.0,272362.0
10.179925427291609,82819.0,272369.0
10.18242786717049,82831.0,272380.0
10.184930307049372,82833.0,272368.0
10.187432746928256,82853.0,272353.0
10.189935186807137,82880.0,272396.0
10.192437626686019,82873.0,272387.0
10.1949400665649,82864.0,272383.0
10.197442506443782,82884.0,272397.0
10.199944946322665,82888.0,272380.0
10.202447386201547,82899.0,272383.0
10.204949826080428,82895.0,272378.0
10.20745226595931,82912.0,272402.0
10.209954705838191,82903.0,272404.0
10.212457145717075,82957.0,272404.0
10.214959585595956,82954.0,272404.0
10.217462025474838,82947.0,272416.0
10.21996446535372,82966.0,272393.0
10.2224669052326,82978.0,272397.0
10.224969345111484,82989.0,272376.0
10.227471784990366,82994.0,272378.0
10.229974224869247,82977.0,272396.0
10.232476664748129,83005.0,272381.0
10.23497910462701,83021.0,272407.0
10.237481544505894,83024.0,272383.0
10.239983984384775,83025.0,272394.0
10.242486424263657,83038.0,272396.0
10.244988864142538,83063.0,272381.0
10.24749130402142,83060.0,272392.0
10.249993743900303,83056.0,272414.0
10.252496183779185,83069.0,272406.0
10.254998623658066,83078.0,272402.0
10.257501063536948,83099.0,272398.0
10.26000350341583,83089.0,272371.0
10.262505943294713,83101.0,272398.0
10.265008383173594,83134.0,272362.0
10.267510823052476,83133.0,272406.0
10.270013262931357,83146.0,272404.0
10.27251570281024,83159.0,272398.0
10.275018142689122,83154.0,272391.0
10.277520582568004,83149.0,272400.0
10.280023022446885,83170.0,272414.0
10.282525462325767,83186.0,272408.0
10.28502790220465,83200.0,272405.0
10.287530342083532,83186.0,272404.0
10.290032781962413,83212.0,272400.0
10.292535221841295,83215.0,272406.0
10.295037661720176,83216.0,272401.0
10.29754010159906,83241.0,272427.0
10.300042541477941,83233.0,272404.0
10.302544981356823,83256.0,272424.0
10.305047421235704,83264.0,272436.0
10.307549861114586,83280.0,272405.0
10.310052300993469,83260.0,272415.0
10.31255474087235,83266.0,272392.0
10.315057180751232,83312.0,272430.0
10.317559620630114,83301.0,272401.0
10.320062060508995,83313.0,272421.0
10.322564500387879,83330.0,272387.0
10.32506694026676,83336.0,272398.0
10.327569380145642,83351.0,272393.0
10.330071820024523,83345.0,272401.0
10.332574259903405,83345.0,272420.0
10.335076699782288,83363.0,272406.0
10.33757913966117,83377.0,272404.0
10.340081579540051,83399.0,272405.0
10.342584019418933,83393.0,272448.0
10.345086459297814,83401.0,272406.0
10.347588899176698,83405.0,272435.0
10.350091339055579,83394.0,272435.0
10.35259377893446,83404.0,272440.0
10.355096218813342,83449.0,272440.0
10.357598658692224,83458.0,272440.0
10.360101098571107,83450.0,272407.0
10.362603538449989,83453.0,272415.0
10.36510597832887,83473.0,272409.0
10.367608418207752,83490.0,272428.0
10.370110858086633,83501.0,272416.0
10.372613297965517,83473.0,272423.0
10.375115737844398,83519.0,272458.0
10.37761817772328,83506.0,272417.0
10.380120617602161,83535.0,272432.0
10.382623057481045,83535.0,272401.0
10.385125497359926,83532.0,272435.0
10.387627937238808,83572.0,272429.0
10.39013037711769,83555.0,272431.0
10.39263281699657,83592.0,272417.0
10.395135256875454,83595.0,272429.0
10.397637696754336,83598.0,272448.0
10.400140136633217,83604.0,272424.0
10.402642576512099,83632.0,272455.0
10.40514501639098,83581.0,272417.0
10.407647456269864,83620.0,272430.0
10.410149896148745,83625.0,272452.0
10.412652336027627,83637.0,272442.0
10.415154775906508,83651.0,272441.0
10.41765721578539,83670.0,272425.0
10.420159655664273,83685.0,272437.0
10.422662095543155,83676.0,272443.0
10.425164535422036,83691.0,272428.0
10.427666975300918,83717.0,272423.0
10.4301694151798,83748.0,272450.0
10.432671855058683,83754.0,272427.0
10.435174294937564,83734.0,272472.0
10.437676734816446,83760.0,272444.0
10.440179174695327,83775.0,272453.0
10.442681614574209,83782.0,272439.0
10.445184054453092,83801.0,272441.0
10.447686494331974,83791.0,272448.0
10.450188934210855,83800.0,272455.0
10.452691374089737,83837.0,272487.0
10.455193813968618,83806.0,272459.0
10.457696253847502,83820.0,272474.0
10.460198693726383,83847.0,272451.0
10.462701133605265,83876.0,272456.0
10.465203573484146,83873.0,272454.0
10.467706013363028,83840.0,272475.0
10.470208453241911,83871.0,272437.0
10.472710893120793,83880.0,272457.0
10.475213332999674,83901.0,272425.0
10.477715772878556,83906.0,272443.0
10.480218212757437,83910.0,272464.0
10.48272065263632,83928.0,272455.0
10.485223092515202,83930.0,272457.0
10.487725532394084,83949.0,272477.0
10.490227972272965,83958.0,272441.0
10.492730412151849,83958.0,272444.0
10.49523285203073,83963.0,272455.0
10.497735291909612,84020.0,272428.0
10.500237731788493,84009.0,272464.0
10.502740171667375,84007.0,272467.0
10.505242611546258,84020.0,272451.0
10.50774505142514,83992.0,272445.0
10.510247491304021,84011.0,272458.0
10.512749931182903,84035.0,272435.0
10.515252371061784,84060.0,272460.0
10.517754810940668,84071.0,272438.0
10.520257250819549,84072.0,272442.0
10.52275969069843,84052.0,272449.0
10.525262130577312,84053.0,272456.0
10.527764570456194,84082.0,272447.0
10.530267010335077,84036.0,272474.0
10.532769450213959,84076.0,272451.0
10.53527189009284,84044.0,272449.0
10.537774329971722,84049.0,272427.0
10.540276769850603,84019.0,272461.0
10.542779209729487,84039.0,272452.0
10.545281649608368,84027.0,272434.0
10.54778408948725,84018.0,272456.0
10.550286529366131,83985.0,272457.0
10.552788969245013,83966.0,272456.0
10.555291409123896,83926.0,272476.0
10.557793849002778,83941.0,272464.0
10.56029628888166,83879.0,272461.0
10.56279872876054,83861.0,272486.0
10.565301168639422,83843.0,272501.0
10.567803608518306,83803.0,272483.0
10.570306048397187,83758.0,272475.0
10.572808488276069,83736.0,272468.0
10.57531092815495,83704.0,272464.0
10.577813368033832,83645.0,272458.0
10.580315807912715,83606.0,272471.0
10.582818247791597,83544.0,272462.0
10.585320687670478,83515.0,272480.0
10.58782312754936,83491.0,272464.0
10.590325567428243,83413.0,272475.0
10.592828007307125,83375.0,272451.0
10.595330447186006,83318.0,272468.0
10.597832887064888,83313.0,272470.0
10.60033532694377,83262.0,272429.0
10.602837766822653,83195.0,272453.0
10.605340206701534,83176.0,272445.0
10.607842646580416,83114.0,272431.0
10.610345086459297,83056.0,272413.0
10.612847526338179,83025.0,272422.0
10.615349966217062,82967.0,272451.0
10.617852406095944,82966.0,272430.0
10.620354845974825,82909.0,272433.0
10.622857285853707,82897.0,272422.0
10.625359725732588,82839.0,272417.0
10.627862165611472,82824.0,272412.0
10.630364605490353,82763.0,272408.0
10.632867045369235,82720.0,272431.0
10.635369485248116,82705.0,272424.0
10.637871925126998,82687.0,272411.0
10.640374365005881,82628.0,272409.0
10.642876804884763,82617.0,272424.0
10.645379244763644,82588.0,272405.0
10.647881684642526,82537.0,272403.0
10.650384124521407,82520.0,272390.0
10.65288656440029,82500.0,272427.0
10.655389004279172,82476.0,272416.0
10.657891444158054,82421.0,272407.0
10.660393884036935,82437.0,272395.0
10.662896323915817,82396.0,272400.0
10.6653987637947,82374.0,272411.0
10.667901203673582,82337.0,272412.0
10.670403643552463,82344.0,272421.0
10.672906083431345,82313.0,272409.0
10.675408523310226,82292.0,272404.0
10.67791096318911,82260.0,272410.0
10.680413403067991,82255.0,272375.0
10.682915842946873,82235.0,272401.0
10.685418282825754,82241.0,272387.0
10.687920722704636,82198.0,272433.0
10.690423162583519,82212.0,272413.0
10.6929256024624,82181.0,272393.0
10.695428042341282,82150.0,272377.0
10.697930482220164,82137.0,272378.0
10.700432922099047,82095.0,272410.0
10.702935361977929,82102.0,272398.0
10.70543780185681,82085.0,272386.0
10.707940241735692,82078.0,272389.0
10.710442681614573,82046.0,272374.0
10.712945121493457,82013.0,272416.0
10.715447561372338,82027.0,272403.0
10.71795000125122,82018.0,272407.0
10.720452441130101,82012.0,272399.0
10.722954881008983,82011.0,272405.0
10.725457320887866,81984.0,272425.0
10.727959760766748,81979.0,272381.0
10.73046220064563,81969.0,272380.0
10.73296464052451,81939.0,272364.0
10.735467080403392,81947.0,272367.0
10.737969520282276,81945.0,272379.0
10.740471960161157,81948.0,272365.0
10.742974400040039,81962.0,272367.0
10.74547683991892,81964.0,272381.0
10.747979279797802,81958.0,272370.0
10.750481719676685,81938.0,272365.0
10.752984159555567,81927.0,272344.0
10.755486599434448,81958.0,272354.0
10.75798903931333,81974.0,272376.0
10.760491479192211,81966.0,272369.0
10.762993919071095,81965.0,272352.0
10.765496358949976,81969.0,272366.0
10.767998798828858,81961.0,272371.0
10.77050123870774,81965.0,272368.0
10.77300367858662,81968.0,272362.0
10.775506118465504,81979.0,272387.0
10.778008558344386,81980.0,272371.0
10.780510998223267,81996.0,272384.0
10.783013438102149,82013.0,272360.0
10.78551587798103,82015.0,272377.0
10.788018317859914,82036.0,272364.0
10.790520757738795,82017.0,272347.0
10.793023197617677,82019.0,272375.0
10.795525637496558,82034.0,272330.0
10.798028077375442,82045.0,272371.0
10.800530517254323,82052.0,272376.0
10.803032957133205,82067.0,272359.0
10.805535397012086,82054.0,272371.0
10.808037836890968,82052.0,272404.0
10.810540276769851,82053.0,272366.0
10.813042716648733,82084.0,272376.0
10.815545156527614,82105.0,272357.0
10.818047596406496,82091.0,272376.0
10.820550036285377,82080.0,272362.0
10.82305247616426,82096.0,272385.0
10.825554916043142,82090.0,272375.0
10.828057355922024,82073.0,272352.0
10.830559795800905,82090.0,272357.0
10.833062235679787,82102.0,272377.0
10.83556467555867,82094.0,272364.0
10.838067115437552,82122.0,272380.0
10.840569555316433,82107.0,272390.0
10.843071995195315,82128.0,272394.0
10.845574435074196,82108.0,272366.0
10.84807687495308,82112.0,272371.0
10.850579314831961,82087.0,272379.0
10.853081754710843,82101.0,272377.0
10.855584194589724,82105.0,272380.0
10.858086634468606,82120.0,272364.0
10.860589074347489,82142.0,272366.0
10.86309151422637,82136.0,272334.0
10.865593954105252,82115.0,272368.0
10.868096393984134,82122.0,272390.0
10.870598833863015,82125.0,272395.0
10.873101273741899,82150.0,272361.0
10.87560371362078,82160.0,272343.0
10.878106153499662,82133.0,272350.0
10.880608593378543,82132.0,272372.0
10.883111033257425,82171.0,272351.0
10.885613473136308,82191.0,272364.0
10.88811591301519,82159.0,272366.0
10.890618352894071,82155.0,272364.0
10.893120792772953,82171.0,272387.0
10.895623232651834,82181.0,272360.0
10.898125672530718,82174.0,272373.0
10.9006281124096,82168.0,272384.0
10.90313055228848,82200.0,272383.0
10.905632992167362,82204.0,272387.0
10.908135432046246,82188.0,272396.0
10.910637871925127,82196.0,272383.0
10.913140311804009,82209.0,272411.0
10.91564275168289,82236.0,272349.0
10.918145191561772,82214.0,272380.0
10.920647631440655,82225.0,272367.0
10.923150071319537,82249.0,272394.0
10.925652511198418,82260.0,272347.0
10.9281549510773,82263.0,272370.0
10.930657390956181,82264.0,272351.0
10.933159830835065,82274.0,272356.0
10.935662270713946,82286.0,272374.0
10.938164710592828,82301.0,272401.0
10.94066715047171,82307.0,272405.0
10.94316959035059,82316.0,272399.0
10.945672030229474,82323.0,272365.0
10.948174470108356,82348.0,272398.0
10.950676909987237,82320.0,272403.0
10.953179349866119,82346.0,272389.0
10.955681789745,82357.0,272364.0
10.958184229623884,82383.0,272374.0
10.960686669502765,82362.0,272379.0
10.963189109381647,82386.0,272384.0
10.965691549260528,82412.0,272346.0
10.96819398913941,82415.0,272397.0
10.970696429018293,82400.0,272378.0
10.973198868897175,82396.0,272354.0
10.975701308776056,82414.0,272383.0
10.978203748654938,82437.0,272380.0
10.98070618853382,82446.0,272373.0
10.983208628412703,82457.0,272382.0
10.985711068291584,82461.0,272362.0
10.988213508170466,82458.0,272366.0
10.990715948049347,82494.0,272392.0
10.993218387928229,82530.0,272380.0
10.995720827807112,82517.0,272396.0
10.998223267685994,82553.0,272399.0
11.000725707564875,82549.0,272373.0
11.003228147443757,82548.0,272400.0
11.005730587322638,82579.0,272398.0
11.008233027201522,82556.0,272415.0
11.010735467080403,82601.0,272386.0
11.013237906959285,82606.0,272384.0
11.015740346838166,82601.0,272383.0
11.01824278671705,82607.0,272378.0
11.020745226595931,82624.0,272409.0
11.023247666474813,82642.0,272399.0
11.025750106353694,82629.0,272390.0
11.028252546232576,82671.0,272380.0
11.030754986111459,82657.0,272371.0
11.03325742599034,82685.0,272381.0
11.035759865869222,82687.0,272370.0
11.038262305748104,82697.0,272380.0
11.040764745626985,82700.0,272394.0
11.043267185505869,82711.0,272383.0
11.04576962538475,82752.0,272411.0
11.048272065263632,82729.0,272372.0
11.050774505142513,82742.0,272403.0
11.053276945021395,82771.0,272395.0
11.055779384900278,82758.0,272380.0
11.05828182477916,82781.0,272401.0
11.060784264658041,82774.0,272380.0
11.063286704536923,82789.0,272353.0
11.065789144415804,82799.0,272401.0
11.068291584294688,82809.0,272414.0
11.07079402417357,82813.0,272373.0
11.07329646405245,82846.0,272373.0
11.075798903931332,82837.0,272394.0
11.078301343810214,82858.0,272389.0
11.080803783689097,82873.0,272417.0
11.083306223567979,82893.0,272393.0
11.08580866344686,82883.0,272387.0
11.088311103325742,82879.0,272401.0
11.090813543204623,82926.0,272416.0
11.093315983083507,82894.0,272401.0
11.095818422962388,82927.0,272396.0
11.09832086284127,82957.0,272397.0
11.100823302720151,82966.0,272407.0
11.103325742599033,82968.0,272390.0
11.105828182477916,82971.0,272404.0
11.108330622356798,82971.0,272425.0
11.11083306223568,82984.0,272381.0
11.11333550211456,83000.0,272410.0
11.115837941993444,83002.0,272413.0
11.118340381872326,82997.0,272416.0
11.120842821751207,83018.0,272375.0
11.123345261630089,83021.0,272407.0
11.12584770150897,83051.0,272410.0
11.128350141387854,83054.0,272410.0
11.130852581266735,83058.0,272379.0
11.133355021145617,83068.0,272422.0
11.135857461024498,83087.0,272407.0
11.13835990090338,83112.0,272403.0
11.140862340782263,83126.0,272400.0
11.143364780661145,83119.0,272419.0
11.145867220540026,83155.0,272438.0
11.148369660418908,83123.0,272394.0
11.15087210029779,83148.0,272408.0
11.153374540176673,83173.0,272423.0
11.155876980055554,83173.0,272406.0
11.158379419934436,83200.0,272403.0
11.160881859813317,83223.0,272412.0
11.163384299692199,83196.0,272414.0
11.165886739571082,83218.0,272420.0
11.168389179449964,83217.0,272419.0
11.170891619328845,83232.0,272457.0
11.173394059207727,83238.0,272423.0
11.175896499086608,83243.0,272415.0
11.178398938965492,83268.0,272401.0
11.180901378844373,83275.0,272428.0
11.183403818723255,83258.0,272379.0
11.185906258602136,83290.0,272415.0
11.188408698481018,83300.0,272426.0
11.190911138359901,83338.0,272443.0
11.193413578238783,83313.0,272418.0
11.195916018117664,83313.0,272404.0
11.198418457996546,83325.0,272410.0
11.200920897875427,83342.0,272412.0
11.20342333775431,83354.0,272435.0
11.205925777633192,83365.0,272428.0
11.208428217512074,83373.0,272421.0
11.210930657390955,83376.0,272425.0
11.213433097269837,83384.0,272431.0
11.21593553714872,83400.0,272398.0
11.218437977027602,83386.0,272425.0
11.220940416906483,83428.0,272419.0
11.223442856785365,83429.0,272420.0
11.225945296664248,83453.0,272418.0
11.22844773654313,83471.0,272445.0
11.230950176422011,83458.0,272419.0
11.233452616300893,83460.0,272447.0
11.235955056179774,83475.0,272426.0
11.238457496058658,83473.0,272440.0
11.24095993593754,83489.0,272431.0
11.24346237581642,83481.0,272425.0
11.245964815695302,83491.0,272413.0
11.248467255574184,83487.0,272416.0
11.250969695453067,83509.0,272433.0
11.253472135331949,83506.0,272442.0
11.25597457521083,83504.0,272403.0
11.258477015089712,83547.0,272406.0
11.260979454968593,83514.0,272420.0
11.263481894847477,83516.0,272405.0
11.265984334726358,83518.0,272401.0
11.26848677460524,83516.0,272417.0
11.270989214484121,83499.0,272433.0
11.273491654363003,83493.0,272400.0
11.275994094241886,83476.0,272419.0
11.278496534120768,83464.0,272428.0
11.28099897399965,83432.0,272404.0
11.28350141387853,83406.0,272400.0
11.286003853757412,83390.0,272414.0
11.288506293636296,83368.0,272400.0
11.291008733515177,83344.0,272410.0
11.293511173394059,83365.0,272440.0
11.29601361327294,83283.0,272443.0
11.298516053151822,83279.0,272408.0
11.301018493030705,83259.0,272427.0
11.303520932909587,83206.0,272418.0
11.306023372788468,83191.0,272414.0
11.30852581266735,83151.0,272421.0
11.311028252546231,83114.0,272417.0
11.313530692425115,83054.0,272385.0
11.316033132303996,83017.0,272402.0
11.318535572182878,82993.0,272407.0
11.32103801206176,82944.0,272412.0
11.323540451940643,82899.0,272381.0
11.326042891819524,82865.0,272376.0
11.328545331698406,82825.0,272388.0
11.331047771577287,82785.0,272410.0
11.333550211456169,82728.0,272411.0
11.336052651335052,82687.0,272399.0
11.338555091213934,82658.0,272391.0
11.341057531092815,82593.0,272409.0
11.343559970971697,82553.0,272413.0
11.346062410850578,82526.0,272394.0
11.348564850729462,82484.0,272392.0
11.351067290608343,82431.0,272429.0
11.353569730487225,82387.0,272379.0
11.356072170366106,82359.0,272422.0
11.358574610244988,82298.0,272360.0
11.361077050123871,82288.0,272389.0
11.363579490002753,82276.0,272384.0
11.366081929881634,82222.0,272374.0
11.368584369760516,82177.0,272409.0
11.371086809639397,82133.0,272403.0
11.37358924951828,82134.0,272372.0
11.376091689397162,82105.0,272375.0
11.378594129276044,82068.0,272346.0
11.381096569154925,82056.0,272378.0
11.383599009033807,82014.0,272367.0
11.38610144891269,81978.0,272362.0
11.388603888791572,81973.0,272385.0
11.391106328670453,81916.0,272353.0
11.393608768549335,81894.0,272403.0
11.396111208428216,81881.0,272367.0
11.3986136483071,81874.0,272357.0
11.401116088185981,81833.0,272344.0
11.403618528064863,81797.0,272343.0
11.406120967943744,81773.0,272357.0
11.408623407822626,81769.0,272349.0
11.41112584770151,81739.0,272357.0
11.41362828758039,81736.0,272328.0
11.416130727459272,81725.0,272339.0
11.418633167338154,81730.0,272371.0
11.421135607217035,81698.0,272356.0
11.423638047095919,81686.0,272356.0
11.4261404869748,81658.0,272338.0
11.428642926853682,81635.0,272332.0
11.431145366732563,81663.0,272344.0
11.433647806611447,81625.0,272356.0
11.436150246490328,81613.0,272337.0
11.43865268636921,81601.0,272351.0
11.441155126248091,81583.0,272342.0
11.443657566126973,81589.0,272336.0
11.446160006005856,81571.0,272332.0
11.448662445884738,81552.0,272337.0
11.45116488576362,81543.0,272348.0
11.4536673256425,81512.0,272303.0
11.456169765521382,81495.0,272314.0
11.458672205400266,81476.0,272355.0
11.461174645279147,81489.0,272334.0
11.463677085158029,81488.0,272359.0
11.46617952503691,81466.0,272351.0
11.468681964915792,81472.0,272313.0
11.471184404794675,81454.0,272325.0
11.473686844673557,81440.0,272345.0
11.476189284552438,81468.0,272337.0
11.47869172443132,81461.0,272316.0
11.481194164310201,81437.0,272324.0
11.483696604189085,81462.0,272304.0
11.486199044067966,81473.0,272307.0
11.488701483946848,81460.0,272313.0
11.49120392382573,81482.0,272333.0
11.49370636370461,81480.0,272321.0
11.496208803583494,81481.0,272299.0
11.498711243462376,81496.0,272304.0
11.501213683341257,81500.0,272307.0
11.503716123220139,81514.0,272302.0
11.50621856309902,81519.0,272311.0
11.508721002977904,81529.0,272288.0
11.511223442856785,81524.0,272318.0
11.513725882735667,81541.0,272307.0
11.516228322614548,81527.0,272314.0
11.51873076249343,81560.0,272306.0
11.521233202372313,81549.0,272308.0
11.523735642251195,81590.0,272316.0
11.526238082130076,81566.0,272303.0
11.528740522008958,81574.0,272296.0
11.53124296188784,81589.0,272328.0
11.533745401766723,81586.0,272298.0
11.536247841645604,81595.0,272308.0
11.538750281524486,81594.0,272336.0
11.541252721403367,81561.0,272345.0
11.54375516128225,81593.0,272288.0
11.546257601161132,81571.0,272324.0
11.548760041040014,81598.0,272341.0
11.551262480918895,81572.0,272338.0
11.553764920797777,81598.0,272325.0
11.55626736067666,81604.0,272318.0
11.558769800555542,81583.0,272326.0
11.561272240434423,81597.0,272325.0
11.563774680313305,81596.0,272347.0
11.566277120192186,81611.0,272303.0
11.56877956007107,81605.0,272356.0
11.571281999949951,81632.0,272324.0
11.573784439828833,81622.0,272338.0
11.576286879707714,81609.0,272347.0
11.578789319586596,81595.0,272338.0
11.58129175946548,81595.0,272328.0
11.58379419934436,81640.0,272303.0
11.586296639223242,81617.0,272324.0
11.588799079102124,81630.0,272324.0
11.591301518981005,81633.0,272319.0
11.593803958859889,81609.0,272337.0
11.59630639873877,81632.0,272318.0
11.598808838617652,81637.0,272297.0
11.601311278496533,81621.0,272325.0
11.603813718375415,81642.0,272308.0
11.606316158254298,81650.0,272313.0
11.60881859813318,81628.0,272299.0
11.611321038012061,81632.0,272290.0
11.613823477890943,81658.0,272333.0
11.616325917769824,81658.0,272330.0
11.618828357648708,81657.0,272300.0
11.62133079752759,81636.0,272314.0
11.62383323740647,81643.0,272337.0
11.626335677285352,81659.0,272329.0
11.628838117164234,81656.0,272339.0
11.631340557043117,81653.0,272317.0
11.633842996921999,81670.0,272317.0
11.63634543680088,81672.0,272297.0
11.638847876679762,81683.0,272319.0
11.641350316558645,81698.0,272307.0
11.643852756437527,81680.0,272327.0
11.646355196316408,81685.0,272347.0
11.64885763619529,81723.0,272325.0
11.651360076074171,81700.0,272332.0
11.653862515953055,81726.0,272316.0
11.656364955831936,81736.0,272322.0
11.658867395710818,81727.0,272325.0
11.6613698355897,81728.0,272331.0
11.66387227546858,81731.0,272329.0
11.666374715347464,81771.0,272332.0
11.668877155226346,81761.0,272328.0
11.671379595105227,81764.0,272354.0
11.673882034984109,81774.0,272350.0
11.67638447486299,81780.0,272317.0
11.678886914741874,81789.0,272351.0
11.681389354620755,81815.0,272346.0
11.683891794499637,81828.0,272352.0
11.686394234378518,81843.0,272342.0
11.6888966742574,81832.0,272342.0
11.691399114136283,81850.0,272340.0
11.693901554015165,81849.0,272351.0
11.696403993894046,81860.0,272327.0
11.698906433772928,81880.0,272333.0
11.70140887365181,81882.0,272359.0
11.703911313530693,81891.0,272324.0
11.706413753409574,81921.0,272355.0
11.708916193288456,81906.0,272360.0
11.711418633167337,81929.0,272330.0
11.713921073046219,81925.0,272332.0
11.716423512925102,81934.0,272370.0
11.718925952803984,81966.0,272364.0
11.721428392682865,81994.0,272349.0
11.723930832561747,81989.0,272375.0
11.726433272440628,82005.0,272335.0
11.728935712319512,81988.0,272345.0
11.731438152198393,82024.0,272363.0
11.733940592077275,82032.0,272357.0
11.736443031956156,82034.0,272353.0
11.738945471835038,82033.0,272340.0
11.741447911713921,82057.0,272362.0
11.743950351592803,82083.0,272331.0
11.746452791471684,82094.0,272373.0
11.748955231350566,82091.0,272371.0
11.75145767122945,82104.0,272339.0
11.75396011110833,82128.0,272349.0
11.756462550987212,82139.0,272332.0
11.758964990866094,82136.0,272350.0
11.761467430744975,82148.0,272356.0
11.763969870623859,82183.0,272349.0
11.76647231050274,82179.0,272345.0
11.768974750381622,82207.0,272342.0
11.771477190260503,82217.0,272345.0
11.773979630139385,82197.0,272339.0
11.776482070018268,82224.0,272345.0
11.77898450989715,82256.0,272336.0
11.781486949776031,82245.0,272338.0
11.783989389654913,82247.0,272339.0
11.786491829533794,82275.0,272316.0
11.788994269412678,82266.0,272341.0
11.79149670929156,82322.0,272353.0
11.79399914917044,82325.0,272329.0
11.796501589049322,82329.0,272337.0
11.799004028928204,82348.0,272332.0
11.801506468807087,82346.0,272332.0
11.804008908685969,82388.0,272320.0
11.80651134856485,82369.0,272354.0
11.809013788443732,82408.0,272342.0
11.811516228322613,82426.0,272328.0
11.814018668201497,82403.0,272327.0
11.816521108080378,82418.0,272344.0
11.81902354795926,82441.0,272303.0
11.821525987838141,82452.0,272326.0
11.824028427717023,82462.0,272325.0
11.826530867595906,82477.0,272327.0
11.829033307474788,82489.0,272322.0
11.83153574735367,82509.0,272342.0
11.83403818723255,82524.0,272341.0
11.836540627111432,82516.0,272325.0
11.839043066990316,82545.0,272361.0
11.841545506869197,82571.0,272339.0
11.844047946748079,82535.0,272337.0
11.84655038662696,82550.0,272342.0
11.849052826505842,82576.0,272356.0
11.851555266384725,82595.0,272353.0
11.854057706263607,82608.0,272344.0
11.856560146142488,82606.0,272307.0
11.85906258602137,82628.0,272335.0
11.861565025900253,82662.0,272363.0
11.864067465779135,82677.0,272356.0
11.866569905658016,82666.0,272350.0
11.869072345536898,82674.0,272342.0
11.87157478541578,82682.0,272351.0
11.874077225294663,82685.0,272352.0
11.876579665173544,82685.0,272346.0
11.879082105052426,82701.0,272326.0
11.881584544931307,82732.0,272348.0
11.884086984810189,82740.0,272331.0
11.886589424689072,82742.0,272340.0
11.889091864567954,82750.0,272311.0
11.891594304446835,82764.0,272335.0
11.894096744325717,82768.0,272336.0
11.896599184204598,82782.0,272363.0
11.899101624083482,82805.0,272324.0
11.901604063962363,82791.0,272342.0
11.904106503841245,82837.0,272375.0
11.906608943720126,82840.0,272351.0
11.909111383599008,82845.0,272335.0
11.911613823477891,82862.0,272356.0
11.914116263356773,82878.0,272334.0
11.916618703235654,82859.0,272330.0
11.919121143114536,82893.0,272347.0
11.921623582993417,82907.0,272354.0
11.9241260228723,82901.0,272339.0
11.926628462751182,82928.0,272353.0
11.929130902630064,82930.0,272372.0
11.931633342508945,82945.0,272367.0
11.934135782387827,82927.0,272349.0
11.93663822226671,82958.0,272369.0
11.939140662145592,82963.0,272377.0
11.941643102024473,82963.0,272377.0
11.944145541903355,82966.0,272366.0
11.946647981782236,82993.0,272367.0
11.94915042166112,82988.0,272343.0
11.951652861540001,83006.0,272379.0
11.954155301418883,83019.0,272363.0
11.956657741297764,83019.0,272365.0
11.959160181176648,83030.0,272376.0
11.96166262105553,83036.0,272365.0
11.96416506093441,83029.0,272373.0
11.966667500813292,83029.0,272370.0
11.969169940692174,83015.0,272365.0
11.971672380571057,83036.0,272356.0
11.974174820449939,83052.0,272341.0
11.97667726032882,83018.0,272390.0
11.979179700207702,83017.0,272364.0
11.981682140086583,82980.0,272383.0
11.984184579965467,82985.0,272371.0
11.986687019844348,83000.0,272344.0
11.98918945972323,82963.0,272386.0
11.991691899602111,82959.0,272383.0
11.994194339480993,82930.0,272364.0
11.996696779359876,82919.0,272374.0
11.999199219238758,82889.0,272380.0
12.00170165911764,82849.0,272350.0
12.00420409899652,82834.0,272382.0
12.006706538875402,82807.0,272385.0
12.009208978754286,82785.0,272387.0
12.011711418633167,82732.0,272348.0
12.014213858512049,82678.0,272371.0
12.01671629839093,82639.0,272348.0
12.019218738269812,82605.0,272364.0
12.021721178148695,82560.0,272334.0
12.024223618027577,82526.0,272364.0
12.026726057906458,82477.0,272379.0
12.02922849778534,82421.0,272363.0
12.031730937664221,82381.0,272355.0
12.034233377543105,82347.0,272340.0
12.036735817421986,82294.0,272347.0
12.039238257300868,82254.0,272357.0
12.04174069717975,82241.0,272352.0
12.044243137058631,82176.0,272323.0
12.046745576937514,82100.0,272356.0
12.049248016816396,82055.0,272344.0
12.051750456695277,82005.0,272359.0
12.054252896574159,81960.0,272344.0
12.05675533645304,81906.0,272337.0
12.059257776331924,81881.0,272344.0
12.061760216210805,81838.0,272334.0
12.064262656089687,81824.0,272363.0
12.066765095968568,81752.0,272329.0
12.069267535847452,81713.0,272323.0
12.071769975726333,81693.0,272336.0
12.074272415605215,81638.0,272308.0
12.076774855484096,81586.0,272335.0
12.079277295362978,81529.0,272330.0
12.081779735241861,81522.0,272311.0
12.084282175120743,81485.0,272314.0
12.086784614999624,81445.0,272317.0
12.089287054878506,81402.0,272288.0
12.091789494757387,81379.0,272290.0
12.09429193463627,81330.0,272318.0
12.096794374515152,81283.0,272313.0
12.099296814394034,81264.0,272298.0
12.101799254272915,81247.0,272288.0
12.104301694151797,81188.0,272305.0
12.10680413403068,81168.0,272301.0
12.109306573909562,81169.0,272283.0
12.111809013788443,81127.0,272313.0
12.114311453667325,81108.0,272285.0
12.116813893546206,81061.0,272283.0
12.11931633342509,81022.0,272280.0
12.121818773303971,81015.0,272295.0
12.124321213182853,81012.0,272277.0
12.126823653061734,80977.0,272292.0
12.129326092940616,80926.0,272299.0
12.1318285328195,80924.0,272289.0
12.13433097269838,80907.0,272298.0
12.136833412577262,80889.0,272285.0
12.139335852456144,80842.0,272292.0
12.141838292335025,80824.0,272293.0
12.144340732213909,80797.0,272260.0
12.14684317209279,80790.0,272284.0
12.149345611971672,80756.0,272314.0
12.151848051850553,80768.0,272300.0
12.154350491729435,80723.0,272295.0
12.156852931608318,80720.0,272299.0
12.1593553714872,80673.0,272290.0
12.161857811366081,80687.0,272277.0
12.164360251244963,80673.0,272273.0
12.166862691123846,80640.0,272267.0
12.169365131002728,80622.0,272271.0
12.17186757088161,80623.0,272293.0
12.17437001076049,80598.0,272284.0
12.176872450639372,80598.0,272305.0
12.179374890518256,80589.0,272280.0
12.181877330397137,80572.0,272294.0
12.184379770276019,80558.0,272285.0
12.1868822101549,80559.0,272298.0
12.189384650033782,80557.0,272285.0
12.191887089912665,80543.0,272269.0
12.194389529791547,80539.0,272295.0
12.196891969670428,80521.0,272265.0
12.19939440954931,80542.0,272267.0
12.201896849428191,80542.0,272288.0
12.204399289307075,80555.0,272273.0
12.206901729185956,80554.0,272260.0
12.209404169064838,80548.0,272263.0
12.21190660894372,80529.0,272268.0
12.214409048822601,80542.0,272259.0
12.216911488701484,80564.0,272282.0
12.219413928580366,80542.0,272269.0
12.221916368459247,80563.0,272286.0
12.224418808338129,80552.0,272263.0
12.22692124821701,80548.0,272260.0
12.229423688095894,80586.0,272285.0
12.231926127974775,80560.0,272249.0
12.234428567853657,80565.0,272296.0
12.236931007732538,80577.0,272280.0
12.23943344761142,80572.0,272252.0
12.241935887490303,80574.0,272253.0
12.244438327369185,80589.0,272252.0
12.246940767248066,80561.0,272246.0
12.249443207126948,80582.0,272247.0
12.25194564700583,80579.0,272248.0
12.254448086884713,80572.0,272242.0
12.256950526763594,80607.0,272242.0
12.259452966642476,80605.0,272245.0
12.261955406521357,80604.0,272242.0
12.264457846400239,80602.0,272250.0
12.266960286279122,80608.0,272228.0
12.269462726158004,80631.0,272249.0
12.271965166036885,80593.0,272217.0
12.274467605915767,80609.0,272241.0
12.27697004579465,80597.0,272234.0
12.279472485673532,80619.0,272255.0
12.281974925552413,80628.0,272260.0
12.284477365431295,80606.0,272246.0
12.286979805310176,80608.0,272239.0
12.28948224518906,80629.0,272237.0
12.291984685067941,80620.0,272262.0
12.294487124946823,80628.0,272235.0
12.296989564825704,80626.0,272243.0
12.299492004704586,80607.0,272247.0
12.30199444458347,80617.0,272245.0
12.30449688446235,80615.0,272252.0
12.306999324341232,80621.0,272245.0
12.309501764220114,80614.0,272249.0
12.312004204098995,80625.0,272242.0
12.314506643977879,80642.0,272260.0
12.31700908385676,80617.0,272260.0
12.319511523735642,80622.0,272248.0
12.322013963614523,80618.0,272243.0
12.324516403493405,80627.0,272253.0
12.327018843372288,80620.0,272271.0
12.32952128325117,80600.0,272252.0
12.332023723130051,80645.0,272254.0
12.334526163008933,80642.0,272247.0
12.337028602887814,80630.0,272244.0
12.339531042766698,80618.0,272248.0
12.34203348264558,80649.0,272256.0
12.34453592252446,80644.0,272224.0
12.347038362403342,80641.0,272240.0
12.349540802282224,80644.0,272272.0
12.352043242161107,80655.0,272239.0
12.354545682039989,80648.0,272253.0
12.35704812191887,80660.0,272229.0
12.359550561797752,80645.0,272246.0
12.362053001676633,80637.0,272217.0
12.364555441555517,80653.0,272211.0
12.367057881434398,80667.0,272241.0
12.36956032131328,80671.0,272223.0
12.372062761192161,80675.0,272200.0
12.374565201071043,80691.0,272230.0
12.377067640949926,80673.0,272207.0
12.379570080828808,80676.0,272231.0
12.38207252070769,80701.0,272203.0
12.384574960586571,80676.0,272206.0
12.387077400465454,80701.0,272211.0
12.389579840344336,80679.0,272185.0
12.392082280223217,80719.0,272184.0
12.394584720102099,80705.0,272176.0
12.39708715998098,80717.0,272211.0
12.399589599859864,80736.0,272179.0
12.402092039738745,80734.0,272199.0
12.404594479617627,80753.0,272213.0
12.407096919496508,80734.0,272196.0
12.40959935937539,80763.0,272182.0
12.412101799254273,80753.0,272173.0
12.414604239133155,80801.0,272173.0
12.417106679012036,80771.0,272178.0
12.419609118890918,80784.0,272180.0
12.4221115587698,80803.0,272194.0
12.424613998648683,80815.0,272164.0
12.427116438527564,80829.0,272171.0
12.429618878406446,80834.0,272205.0
12.432121318285327,80843.0,272197.0
12.434623758164209,80860.0,272186.0
12.437126198043092,80854.0,272188.0
12.439628637921974,80867.0,272193.0
12.442131077800855,80880.0,272225.0
12.444633517679737,80893.0,272233.0
12.447135957558618,80895.0,272211.0
12.449638397437502,80916.0,272211.0
12.452140837316383,80941.0,272202.0
12.454643277195265,80941.0,272195.0
12.457145717074146,80942.0,272227.0
12.459648156953028,80954.0,272231.0
12.462150596831911,80956.0,272231.0
12.464653036710793,80964.0,272213.0
12.467155476589674,80974.0,272221.0
12.469657916468556,80985.0,272233.0
12.472160356347437,81007.0,272202.0
12.47466279622632,81017.0,272215.0
12.477165236105202,81033.0,272237.0
12.479667675984084,81028.0,272212.0
12.482170115862965,81039.0,272217.0
12.484672555741849,81065.0,272219.0
12.48717499562073,81054.0,272243.0
12.489677435499612,81060.0,272226.0
12.492179875378493,81078.0,272236.0
12.494682315257375,81111.0,272226.0
12.497184755136258,81114.0,272237.0
12.49968719501514,81107.0,272259.0
12.502189634894021,81116.0,272241.0
12.504692074772903,81137.0,272214.0
12.507194514651784,81157.0,272253.0
12.509696954530668,81149.0,272225.0
12.51219939440955,81164.0,272250.0
12.51470183428843,81181.0,272255.0
12.517204274167312,81195.0,272272.0
12.519706714046194,81198.0,272231.0
12.522209153925077,81214.0,272266.0
12.524711593803959,81233.0,272248.0
12.52721403368284,81245.0,272255.0
12.529716473561722,81272.0,272242.0
12.532218913440603,81291.0,272258.0
12.534721353319487,81281.0,272275.0
12.537223793198368,81284.0,272272.0
12.53972623307725,81284.0,272265.0
12.542228672956131,81304.0,272269.0
12.544731112835013,81310.0,272274.0
12.547233552713896,81341.0,272277.0
12.549735992592778,81339.0,272285.0
12.55223843247166,81362.0,272260.0
12.554740872350541,81385.0,272263.0
12.557243312229422,81392.0,272246.0
12.559745752108306,81378.0,272289.0
12.562248191987187,81379.0,272279.0
12.564750631866069,81403.0,272269.0
12.56725307174495,81420.0,272292.0
12.569755511623832,81434.0,272305.0
12.572257951502715,81448.0,272279.0
12.574760391381597,81444.0,272282.0
12.577262831260478,81473.0,272285.0
12.57976527113936,81489.0,272295.0
12.582267711018241,81476.0,272271.0
12.584770150897125,81502.0,272289.0
12.587272590776006,81490.0,272297.0
12.589775030654888,81525.0,272305.0
12.59227747053377,81504.0,272276.0
12.594779910412653,81535.0,272270.0
12.597282350291534,81536.0,272291.0
12.599784790170416,81557.0,272296.0
12.602287230049297,81567.0,272270.0
12.604789669928179,81574.0,272292.0
12.607292109807062,81601.0,272285.0
12.609794549685944,81613.0,272278.0
12.612296989564825,81627.0,272281.0
12.614799429443707,81641.0,272315.0
12.617301869322588,81610.0,272305.0
12.619804309201472,81639.0,272260.0
12.622306749080353,81647.0,272293.0
12.624809188959235,81655.0,272257.0
12.627311628838116,81680.0,272302.0
12.629814068716998,81695.0,272276.0
12.632316508595881,81687.0,272300.0
12.634818948474763,81713.0,272294.0
12.637321388353644,81698.0,272284.0
12.639823828232526,81724.0,272282.0
12.642326268111407,81721.0,272292.0
12.64482870799029,81741.0,272305.0
12.647331147869172,81739.0,272297.0
12.649833587748054,81756.0,272311.0
12.652336027626935,81786.0,272313.0
12.654838467505817,81783.0,272291.0
12.6573409073847,81785.0,272300.0
12.659843347263582,81786.0,272310.0
12.662345787142463,81817.0,272300.0
12.664848227021345,81847.0,272318.0
12.667350666900226,81838.0,272328.0
12.66985310677911,81836.0,272321.0
12.672355546657991,81832.0,272306.0
12.674857986536873,81848.0,272300.0
12.677360426415754,81877.0,272310.0
12.679862866294636,81875.0,272321.0
12.68236530617352,81862.0,272323.0
12.6848677460524,81878.0,272295.0
12.687370185931282,81895.0,272326.0
12.689872625810164,81886.0,272327.0
12.692375065689047,81873.0,272323.0
12.694877505567929,81889.0,272343.0
12.69737994544681,81903.0,272327.0
12.699882385325692,81860.0,272332.0
12.702384825204573,81869.0,272316.0
12.704887265083457,81868.0,272345.0
12.707389704962338,81862.0,272303.0
12.70989214484122,81866.0,272313.0
12.712394584720101,81821.0,272323.0
12.714897024598983,81793.0,272317.0
12.717399464477866,81794.0,272342.0
12.719901904356748,81752.0,272319.0
12.72240434423563,81749.0,272324.0
12.724906784114511,81730.0,272350.0
12.727409223993392,81690.0,272306.0
12.729911663872276,81658.0,272310.0
12.732414103751157,81631.0,272355.0
12.734916543630039,81585.0,272289.0
12.73741898350892,81548.0,272324.0
12.739921423387802,81499.0,272315.0
12.742423863266685,81447.0,272311.0
12.744926303145567,81401.0,272278.0
12.747428743024448,81394.0,272305.0
12.74993118290333,81327.0,272305.0
12.752433622782211,81283.0,272313.0
12.754936062661095,81206.0,272292.0
12.757438502539976,81182.0,272293.0
12.759940942418858,81135.0,272278.0
12.76244338229774,81075.0,272302.0
12.764945822176621,81018.0,272283.0
12.767448262055504,80966.0,272288.0
12.769950701934386,80918.0,272276.0
12.772453141813267,80869.0,272256.0
12.774955581692149,80835.0,272277.0
12.77745802157103,80729.0,272244.0
12.779960461449914,80702.0,272256.0
12.782462901328795,80665.0,272291.0
12.784965341207677,80600.0,272279.0
12.787467781086558,80555.0,272253.0
12.78997022096544,80512.0,272259.0
12.792472660844323,80433.0,272260.0
12.794975100723205,80408.0,272269.0
12.797477540602086,80381.0,272272.0
12.799979980480968,80323.0,272271.0
12.802482420359851,80271.0,272252.0
12.804984860238733,80242.0,272239.0
12.807487300117614,80190.0,272247.0
12.809989739996496,80147.0,272250.0
12.812492179875377,80119.0,272247.0
12.81499461975426,80102.0,272245.0
12.817497059633142,80028.0,272281.0
12.819999499512024,80001.0,272265.0
12.822501939390905,79983.0,272241.0
12.825004379269787,79940.0,272234.0
12.82750681914867,79906.0,272250.0
12.830009259027552,79868.0,272261.0
12.832511698906433,79844.0,272274.0
12.835014138785315,79820.0,272283.0
12.837516578664196,79767.0,272269.0
12.84001901854308,79747.0,272256.0
12.842521458421961,79688.0,272257.0
12.845023898300843,79677.0,272267.0
12.847526338179724,79643.0,272269.0
12.850028778058606,79630.0,272250.0
12.85253121793749,79580.0,272247.0
12.85503365781637,79588.0,272281.0
12.857536097695252,79535.0,272263.0
12.860038537574134,79508.0,272260.0
12.862540977453016,79479.0,272284.0
12.865043417331899,79453.0,272275.0
12.86754585721078,79428.0,272261.0
12.870048297089662,79407.0,272273.0
12.872550736968543,79377.0,272273.0
12.875053176847425,79378.0,272259.0
12.877555616726308,79340.0,272256.0
12.88005805660519,79291.0,272247.0
12.882560496484071,79296.0,272274.0
12.885062936362953,79244.0,272244.0
12.887565376241835,79222.0,272268.0
12.890067816120718,79223.0,272221.0
12.8925702559996,79205.0,272255.0
12.895072695878481,79194.0,272226.0
12.897575135757362,79171.0,272235.0
12.900077575636244,79170.0,272247.0
12.902580015515127,79106.0,272264.0
12.905082455394009,79121.0,272247.0
12.90758489527289,79114.0,272224.0
12.910087335151772,79087.0,272236.0
12.912589775030655,79111.0,272250.0
12.915092214909537,79080.0,272234.0
12.917594654788418,79053.0,272233.0
12.9200970946673,79064.0,272237.0
12.922599534546181,79065.0,272217.0
12.925101974425065,79047.0,272229.0
12.927604414303946,79049.0,272234.0
12.930106854182828,79039.0,272229.0
12.93260929406171,79054.0,272213.0
12.935111733940591,79034.0,272230.0
12.937614173819474,79037.0,272241.0
12.940116613698356,79042.0,272221.0
12.942619053577237,79051.0,272220.0
12.945121493456119,79058.0,272182.0
12.947623933335,79064.0,272233.0
12.950126373213884,79041.0,272198.0
12.952628813092765,79045.0,272213.0
12.955131252971647,79073.0,272188.0
12.957633692850528,79059.0,272203.0
12.96013613272941,79065.0,272209.0
12.962638572608293,79037.0,272198.0
12.965141012487175,79032.0,272222.0
12.967643452366056,79067.0,272193.0
12.970145892244938,79077.0,272218.0
12.97264833212382,79081.0,272191.0
12.975150772002703,79070.0,272192.0
12.977653211881584,79075.0,272201.0
12.980155651760466,79071.0,272184.0
12.982658091639347,79076.0,272201.0
12.985160531518229,79055.0,272205.0
12.987662971397112,79063.0,272222.0
12.990165411275994,79103.0,272195.0
12.992667851154875,79087.0,272177.0
12.995170291033757,79098.0,272172.0
12.997672730912639,79088.0,272192.0
13.000175170791522,79087.0,272190.0
13.002677610670403,79076.0,272230.0
13.005180050549285,79093.0,272231.0
13.007682490428166,79092.0,272210.0
13.01018493030705,79080.0,272208.0
13.012687370185931,79090.0,272199.0
13.015189810064813,79067.0,272216.0
13.017692249943694,79091.0,272198.0
13.020194689822576,79075.0,272185.0
13.02269712970146,79088.0,272197.0
13.02519956958034,79091.0,272181.0
13.027702009459222,79076.0,272186.0
13.030204449338104,79074.0,272177.0
13.032706889216986,79075.0,272195.0
13.035209329095869,79068.0,272197.0
13.03771176897475,79071.0,272197.0
13.040214208853632,79074.0,272196.0
13.042716648732513,79068.0,272183.0
13.045219088611395,79067.0,272184.0
13.047721528490278,79087.0,272231.0
13.05022396836916,79077.0,272207.0
13.052726408248041,79079.0,272221.0
13.055228848126923,79048.0,272227.0
13.057731288005805,79074.0,272186.0
13.060233727884688,79060.0,272203.0
13.06273616776357,79073.0,272217.0
13.065238607642451,79085.0,272230.0
13.067741047521332,79070.0,272220.0
13.070243487400214,79070.0,272201.0
13.072745927279097,79083.0,272219.0
13.075248367157979,79073.0,272238.0
13.07775080703686,79067.0,272207.0
13.080253246915742,79082.0,272236.0
13.082755686794624,79094.0,272225.0
13.085258126673507,79070.0,272210.0
13.087760566552388,79077.0,272226.0
13.09026300643127,79094.0,272237.0
13.092765446310151,79108.0,272255.0
13.095267886189033,79099.0,272240.0
13.097770326067916,79104.0,272260.0
13.100272765946798,79091.0,272235.0
13.10277520582568,79104.0,272244.0
13.105277645704561,79131.0,272259.0
13.107780085583443,79138.0,272226.0
13.110282525462326,79134.0,272236.0
13.112784965341207,79127.0,272231.0
13.115287405220089,79151.0,272216.0
13.11778984509897,79153.0,272259.0
13.120292284977854,79144.0,272215.0
13.122794724856735,79137.0,272272.0
13.125297164735617,79152.0,272240.0
13.127799604614498,79156.0,272241.0
13.13030204449338,79164.0,272242.0
13.132804484372263,79169.0,272240.0
13.135306924251145,79184.0,272216.0
13.137809364130026,79193.0,272251.0
13.140311804008908,79181.0,272235.0
13.14281424388779,79212.0,272231.0
13.145316683766673,79213.0,272244.0
13.147819123645554,79220.0,272250.0
13.150321563524436,79228.0,272245.0
13.152824003403317,79236.0,272241.0
13.155326443282199,79242.0,272264.0
13.157828883161082,79244.0,272254.0
13.160331323039964,79270.0,272229.0
13.162833762918845,79293.0,272235.0
13.165336202797727,79275.0,272238.0
13.167838642676609,79280.0,272249.0
13.170341082555492,79297.0,272278.0
13.172843522434373,79300.0,272222.0
13.175345962313255,79325.0,272213.0
13.177848402192136,79325.0,272227.0
13.180350842071018,79350.0,272246.0
13.182853281949901,79330.0,272242.0
13.185355721828783,79344.0,272254.0
13.187858161707664,79368.0,272233.0
13.190360601586546,79368.0,272226.0
13.192863041465428,79418.0,272252.0
13.19536548134431,79425.0,272230.0
13.197867921223192,79412.0,272221.0
13.200370361102074,79443.0,272269.0
13.202872800980956,79442.0,272251.0
13.205375240859837,79435.0,272252.0
13.20787768073872,79433.0,272237.0
13.210380120617602,79456.0,272249.0
13.212882560496483,79470.0,272237.0
13.215385000375365,79481.0,272252.0
13.217887440254247,79494.0,272259.0
13.22038988013313,79512.0,272272.0
13.222892320012011,79521.0,272256.0
13.225394759890893,79520.0,272268.0
13.227897199769775,79528.0,272229.0
13.230399639648658,79580.0,272254.0
13.23290207952754,79544.0,272252.0
13.235404519406421,79561.0,272258.0
13.237906959285302,79594.0,272254.0
13.240409399164184,79584.0,272271.0
13.242911839043067,79596.0,272266.0
13.245414278921949,79612.0,272265.0
13.24791671880083,79615.0,272262.0
13.250419158679712,79622.0,272256.0
13.252921598558594,79647.0,272279.0
13.255424038437477,79663.0,272261.0
13.257926478316358,79665.0,272262.0
13.26042891819524,79674.0,272271.0
13.262931358074121,79685.0,272244.0
13.265433797953003,79686.0,272275.0
13.267936237831886,79711.0,272251.0
13.270438677710768,79719.0,272245.0
13.27294111758965,79741.0,272273.0
13.275443557468531,79751.0,272255.0
13.277945997347413,79764.0,272258.0
13.280448437226296,79770.0,272257.0
13.282950877105177,79780.0,272259.0
13.285453316984059,79783.0,272267.0
13.28795575686294,79783.0,272310.0
13.290458196741822,79815.0,272280.0
13.292960636620705,79820.0,272232.0
13.295463076499587,79835.0,272287.0
13.297965516378468,79836.0,272307.0
13.30046795625735,79868.0,272271.0
13.302970396136232,79845.0,272314.0
13.305472836015115,79859.0,272276.0
13.307975275893996,79895.0,272264.0
13.310477715772878,79884.0,272298.0
13.31298015565176,79886.0,272294.0
13.315482595530641,79886.0,272249.0
13.317985035409524,79921.0,272280.0
13.320487475288406,79919.0,272237.0
13.322989915167287,79946.0,272265.0
13.325492355046169,79967.0,272259.0
13.327994794925052,79978.0,272268.0
13.330497234803934,79979.0,272269.0
13.332999674682815,79999.0,272249.0
13.335502114561697,79993.0,272256.0
13.338004554440579,80017.0,272250.0
13.340506994319462,80036.0,272258.0
13.343009434198343,80052.0,272276.0
13.345511874077225,80031.0,272264.0
13.348014313956106,80062.0,272271.0
13.350516753834988,80077.0,272279.0
13.353019193713871,80090.0,272254.0
13.355521633592753,80091.0,272278.0
13.358024073471634,80110.0,272269.0
13.360526513350516,80099.0,272250.0
13.363028953229398,80131.0,272256.0
13.36553139310828,80141.0,272255.0
13.368033832987162,80153.0,272248.0
13.370536272866044,80177.0,272271.0
13.373038712744926,80162.0,272304.0
13.375541152623807,80212.0,272268.0
13.37804359250269,80189.0,272262.0
13.380546032381572,80234.0,272246.0
13.383048472260453,80226.0,272285.0
13.385550912139335,80244.0,272276.0
13.388053352018217,80246.0,272292.0
13.3905557918971,80271.0,272279.0
13.393058231775981,80274.0,272281.0
13.395560671654863,80303.0,272266.0
13.398063111533745,80307.0,272269.0
13.400565551412626,80353.0,272262.0
13.40306799129151,80345.0,272311.0
13.405570431170391,80324.0,272287.0
13.408072871049272,80351.0,272278.0
13.410575310928154,80374.0,272259.0
13.413077750807036,80385.0,272280.0
13.415580190685919,80386.0,272284.0
13.4180826305648,80395.0,272252.0
13.420585070443682,80410.0,272276.0
13.423087510322564,80418.0,272277.0
13.425589950201445,80437.0,272294.0
13.428092390080328,80452.0,272257.0
13.43059482995921,80447.0,272277.0
13.433097269838091,80452.0,272276.0
13.435599709716973,80473.0,272259.0
13.438102149595856,80440.0,272267.0
13.440604589474738,80489.0,272239.0
13.44310702935362,80461.0,272263.0
13.445609469232501,80465.0,272263.0
13.448111909111383,80470.0,272267.0
13.450614348990266,80479.0,272260.0
13.453116788869147,80468.0,272261.0
13.455619228748029,80448.0,272264.0
13.45812166862691,80443.0,272286.0
13.460624108505792,80409.0,272282.0
13.463126548384675,80402.0,272299.0
13.465628988263557,80370.0,272272.0
13.468131428142438,80351.0,272301.0
13.47063386802132,80334.0,272289.0
13.473136307900202,80305.0,272266.0
13.475638747779085,80258.0,272292.0
13.478141187657966,80221.0,272263.0
13.480643627536848,80202.0,272280.0
13.48314606741573,80151.0,272312.0
13.485648507294611,80098.0,272275.0
13.488150947173494,80044.0,272294.0
13.490653387052376,80015.0,272277.0
13.493155826931257,79985.0,272307.0
13.495658266810139,79928.0,272298.0
13.49816070668902,79883.0,272305.0
13.500663146567904,79829.0,272310.0
13.503165586446785,79781.0,272317.0
13.505668026325667,79695.0,272299.0
13.508170466204549,79655.0,272305.0
13.51067290608343,79596.0,272296.0
13.513175345962313,79543.0,272272.0
13.515677785841195,79471.0,272274.0
13.518180225720076,79420.0,272296.0
13.520682665598958,79386.0,272286.0
13.52318510547784,79325.0,272301.0
13.525687545356723,79266.0,272282.0
13.528189985235604,79215.0,272288.0
13.530692425114486,79161.0,272282.0
13.533194864993368,79108.0,272289.0
13.53569730487225,79063.0,272284.0
13.538199744751132,78995.0,272287.0
13.540702184630014,78955.0,272274.0
13.543204624508896,78871.0,272261.0
13.545707064387777,78855.0,272276.0
13.54820950426666,78804.0,272275.0
13.550711944145542,78757.0,272247.0
13.553214384024423,78699.0,272265.0
13.555716823903305,78692.0,272265.0
13.558219263782187,78645.0,272243.0
13.56072170366107,78610.0,272242.0
13.563224143539951,78544.0,272249.0
13.565726583418833,78524.0,272257.0
13.568229023297715,78462.0,272224.0
13.570731463176596,78434.0,272214.0
13.57323390305548,78393.0,272239.0
13.575736342934361,78383.0,272241.0
13.578238782813242,78346.0,272209.0
13.580741222692124,78300.0,272206.0
13.583243662571006,78271.0,272228.0
13.585746102449889,78254.0,272220.0
13.58824854232877,78204.0,272225.0
13.590750982207652,78186.0,272210.0
13.593253422086534,78136.0,272198.0
13.595755861965415,78112.0,272192.0
13.598258301844298,78099.0,272225.0
13.60076074172318,78057.0,272211.0
13.603263181602061,78028.0,272204.0
13.605765621480943,78004.0,272186.0
13.608268061359825,77990.0,272228.0
13.610770501238708,77959.0,272174.0
13.61327294111759,77926.0,272205.0
13.615775380996471,77896.0,272181.0
13.618277820875353,77886.0,272205.0
13.620780260754234,77867.0,272204.0
13.623282700633117,77820.0,272193.0
13.625785140511999,77785.0,272178.0
13.62828758039088,77783.0,272200.0
13.630790020269762,77759.0,272182.0
13.633292460148644,77739.0,272183.0
13.635794900027527,77712.0,272197.0
13.638297339906408,77677.0,272172.0
13.64079977978529,77653.0,272166.0
13.643302219664172,77653.0,272192.0
13.645804659543055,77647.0,272185.0
13.648307099421936,77622.0,272178.0
13.650809539300818,77621.0,272183.0
13.6533119791797,77608.0,272158.0
13.655814419058581,77573.0,272183.0
13.658316858937464,77604.0,272177.0
13.660819298816346,77587.0,272188.0
13.663321738695227,77584.0,272173.0
13.665824178574109,77566.0,272164.0
13.66832661845299,77581.0,272148.0
13.670829058331874,77565.0,272170.0
13.673331498210755,77543.0,272175.0
13.675833938089637,77553.0,272180.0
13.678336377968519,77557.0,272178.0
13.6808388178474,77564.0,272144.0
13.683341257726283,77566.0,272138.0
13.685843697605165,77577.0,272169.0
13.688346137484046,77585.0,272141.0
13.690848577362928,77590.0,272136.0
13.69335101724181,77573.0,272124.0
13.695853457120693,77607.0,272138.0
13.698355896999574,77616.0,272134.0
13.700858336878456,77612.0,272121.0
13.703360776757338,77614.0,272120.0
13.705863216636219,77626.0,272111.0
13.708365656515102,77663.0,272104.0
13.710868096393984,77653.0,272100.0
13.713370536272866,77654.0,272073.0
13.715872976151747,77691.0,272099.0
13.718375416030629,77675.0,272101.0
13.720877855909512,77714.0,272071.0
13.723380295788393,77724.0,272084.0
13.725882735667275,77731.0,272049.0
13.728385175546157,77737.0,272059.0
13.730887615425038,77754.0,272081.0
13.733390055303921,77748.0,272052.0
13.735892495182803,77778.0,272055.0
13.738394935061685,77784.0,272037.0
13.740897374940566,77805.0,272049.0
13.743399814819448,77814.0,272050.0
13.745902254698331,77820.0,272047.0
13.748404694577212,77817.0,272013.0
13.750907134456094,77819.0,272025.0
13.753409574334976,77864.0,272021.0
13.755912014213859,77860.0,272014.0
13.75841445409274,77887.0,272022.0
13.760916893971622,77886.0,272029.0
13.763419333850504,77916.0,272005.0
13.765921773729385,77903.0,272015.0
13.768424213608268,77894.0,272011.0
13.77092665348715,77898.0,272013.0
13.773429093366031,77914.0,272008.0
13.775931533244913,77882.0,272008.0
13.778433973123795,77906.0,272004.0
13.780936413002678,77948.0,271998.0
13.78343885288156,77929.0,272010.0
13.785941292760441,77952.0,272029.0
13.788443732639323,77944.0,272036.0
13.790946172518204,77968.0,272048.0
13.793448612397087,77979.0,272037.0
13.795951052275969,77981.0,272000.0
13.79845349215485,77989.0,272017.0
13.800955932033732,77979.0,272030.0
13.803458371912614,78014.0,272016.0
13.805960811791497,78009.0,271982.0
13.808463251670378,78011.0,272032.0
13.81096569154926,78025.0,272013.0
13.813468131428142,78048.0,272025.0
13.815970571307023,78058.0,272017.0
13.818473011185906,78057.0,272004.0
13.820975451064788,78096.0,272026.0
13.82347789094367,78103.0,271998.0
13.825980330822551,78091.0,272019.0
13.828482770701433,78132.0,272010.0
13.830985210580316,78156.0,272015.0
13.833487650459197,78162.0,272015.0
13.835990090338079,78191.0,272019.0
13.83849253021696,78199.0,272009.0
13.840994970095842,78219.0,272002.0
13.843497409974725,78231.0,271994.0
13.845999849853607,78240.0,272012.0
13.848502289732489,78263.0,272008.0
13.85100472961137,78260.0,272006.0
13.853507169490253,78291.0,272011.0
13.856009609369135,78300.0,271999.0
13.858512049248016,78313.0,271988.0
13.861014489126898,78331.0,272017.0
13.86351692900578,78353.0,272018.0
13.866019368884663,78357.0,272005.0
13.868521808763544,78383.0,272008.0
13.871024248642426,78382.0,272000.0
13.873526688521308,78422.0,272022.0
13.876029128400189,78421.0,272017.0
13.878531568279072,78446.0,272021.0
13.881034008157954,78473.0,272051.0
13.883536448036836,78488.0,272019.0
13.886038887915717,78480.0,272024.0
13.888541327794599,78511.0,272023.0
13.891043767673482,78505.0,272038.0
13.893546207552363,78573.0,272039.0
13.896048647431245,78582.0,272016.0
13.898551087310127,78618.0,272026.0
13.901053527189008,78597.0,272041.0
13.903555967067891,78603.0,272068.0
13.906058406946773,78635.0,272041.0
13.908560846825655,78638.0,272036.0
13.911063286704536,78646.0,272037.0
13.913565726583418,78674.0,272054.0
13.916068166462301,78686.0,272032.0
13.918570606341182,78722.0,272034.0
13.921073046220064,78718.0,272023.0
13.923575486098946,78720.0,272025.0
13.926077925977827,78738.0,272035.0
13.92858036585671,78765.0,272022.0
13.931082805735592,78777.0,272039.0
13.933585245614474,78783.0,272058.0
13.936087685493355,78809.0,272066.0
13.938590125372237,78830.0,272044.0
13.94109256525112,78824.0,272098.0
13.943595005130001,78865.0,272019.0
13.946097445008883,78861.0,272050.0
13.948599884887765,78881.0,272035.0
13.951102324766646,78902.0,272038.0
13.95360476464553,78929.0,272067.0
13.956107204524411,78928.0,272048.0
13.958609644403293,78974.0,272082.0
13.961112084282174,78989.0,272090.0
13.963614524161057,78981.0,272066.0
13.966116964039939,78999.0,272059.0
13.96861940391882,79005.0,272047.0
13.971121843797702,79029.0,272065.0
13.973624283676584,79061.0,272045.0
13.976126723555467,79059.0,272060.0
13.978629163434348,79092.0,272085.0
13.98113160331323,79095.0,272068.0
13.983634043192112,79114.0,272069.0
13.986136483070993,79129.0,272075.0
13.988638922949876,79133.0,272109.0
13.991141362828758,79164.0,272068.0
13.99364380270764,79163.0,272077.0
13.996146242586521,79196.0,272082.0
13.998648682465403,79190.0,272071.0
14.001151122344286,79208.0,272094.0
14.003653562223167,79231.0,272086.0
14.006156002102049,79244.0,272078.0
14.00865844198093,79245.0,272082.0
14.011160881859812,79254.0,272100.0
14.013663321738695,79289.0,272108.0
14.016165761617577,79297.0,272090.0
14.018668201496459,79300.0,272081.0
14.02117064137534,79313.0,272082.0
14.023673081254222,79337.0,272096.0
14.026175521133105,79374.0,272099.0
14.028677961011986,79367.0,272096.0
14.031180400890868,79368.0,272111.0
14.03368284076975,79395.0,272112.0
14.036185280648631,79400.0,272115.0
14.038687720527514,79424.0,272117.0
14.041190160406396,79443.0,272115.0
14.043692600285278,79431.0,272129.0
14.046195040164159,79461.0,272116.0
14.04869748004304,79464.0,272119.0
14.051199919921924,79477.0,272115.0
14.053702359800806,79494.0,272094.0
14.056204799679687,79503.0,272157.0
14.058707239558569,79524.0,272159.0
14.06120967943745,79532.0,272124.0
14.063712119316333,79560.0,272120.0
14.066214559195215,79524.0,272133.0
14.068716999074097,79568.0,272153.0
14.071219438952978,79596.0,272129.0
14.073721878831861,79580.0,272131.0
14.076224318710743,79597.0,272132.0
14.078726758589625,79643.0,272107.0
14.081229198468506,79617.0,272134.0
14.083731638347388,79660.0,272111.0
14.086234078226271,79654.0,272150.0
14.088736518105152,79689.0,272167.0
14.091238957984034,79682.0,272138.0
14.093741397862916,79722.0,272133.0
14.096243837741797,79718.0,272124.0
14.09874627762068,79717.0,272123.0
14.101248717499562,79741.0,272110.0
14.103751157378444,79786.0,272124.0
14.106253597257325,79780.0,272140.0
14.108756037136207,79787.0,272134.0
14.11125847701509,79803.0,272123.0
14.113760916893971,79814.0,272118.0
14.116263356772853,79825.0,272153.0
14.118765796651735,79809.0,272119.0
14.121268236530616,79841.0,272137.0
14.1237706764095,79873.0,272127.0
14.126273116288381,79874.0,272147.0
14.128775556167263,79872.0,272156.0
14.131277996046144,79903.0,272137.0
14.133780435925026,79907.0,272126.0
14.136282875803909,79922.0,272123.0
14.13878531568279,79948.0,272139.0
14.141287755561672,79957.0,272128.0
14.143790195440554,79961.0,272124.0
14.146292635319435,79963.0,272113.0
14.148795075198318,79969.0,272112.0
14.1512975150772,79984.0,272101.0
14.153799954956082,80027.0,272117.0
14.156302394834963,80021.0,272095.0
14.158804834713845,80039.0,272124.0
14.161307274592728,80034.0,272104.0
14.16380971447161,80061.0,272104.0
14.166312154350491,80077.0,272105.0
14.168814594229373,80070.0,272101.0
14.171317034108256,80104.0,272104.0
14.173819473987137,80106.0,272105.0
14.176321913866019,80104.0,272098.0
14.1788243537449,80152.0,272113.0
14.181326793623782,80134.0,272092.0
14.183829233502665,80131.0,272111.0
14.186331673381547,80172.0,272091.0
14.188834113260429,80154.0,272109.0
14.19133655313931,80160.0,272109.0
14.193838993018192,80163.0,272103.0
14.196341432897075,80177.0,272133.0
14.198843872775956,80166.0,272109.0
14.201346312654838,80172.0,272069.0
14.20384875253372,80174.0,272079.0
14.206351192412601,80180.0,272115.0
14.208853632291484,80159.0,272096.0
14.211356072170366,80155.0,272117.0
14.213858512049248,80158.0,272089.0
14.216360951928129,80134.0,272099.0
14.21886339180701,80108.0,272086.0
14.221365831685894,80086.0,272103.0
14.223868271564776,80086.0,272131.0
14.226370711443657,80048.0,272115.0
14.228873151322539,80013.0,272110.0
14.23137559120142,79999.0,272117.0
14.233878031080303,79957.0,272100.0
14.236380470959185,79920.0,272105.0
14.238882910838067,79889.0,272125.0
14.241385350716948,79827.0,272108.0
14.24388779059583,79810.0,272104.0
14.246390230474713,79750.0,272115.0
14.248892670353595,79731.0,272125.0
14.251395110232476,79684.0,272107.0
14.253897550111358,79630.0,272126.0
14.25639998999024,79566.0,272094.0
14.258902429869122,79527.0,272129.0
14.261404869748004,79476.0,272098.0
14.263907309626886,79431.0,272105.0
14.266409749505767,79365.0,272086.0
14.268912189384649,79333.0,272106.0
14.271414629263532,79277.0,272100.0
14.273917069142414,79198.0,272119.0
14.276419509021295,79143.0,272099.0
14.278921948900177,79147.0,272089.0
14.28142438877906,79066.0,272089.0
14.283926828657941,79033.0,272094.0
14.286429268536823,78973.0,272089.0
14.288931708415705,78914.0,272100.0
14.291434148294586,78870.0,272091.0
14.29393658817347,78813.0,272103.0
14.296439028052351,78802.0,272093.0
14.298941467931233,78742.0,272104.0
14.301443907810114,78687.0,272077.0
14.303946347688996,78650.0,272070.0
14.306448787567879,78584.0,272081.0
14.30895122744676,78560.0,272062.0
14.311453667325642,78503.0,272089.0
14.313956107204524,78453.0,272052.0
14.316458547083405,78436.0,272070.0
14.318960986962288,78388.0,272055.0
14.32146342684117,78360.0,272062.0
14.323965866720052,78323.0,272046.0
14.326468306598933,78304.0,272086.0
14.328970746477815,78275.0,272061.0
14.331473186356698,78241.0,272073.0
14.33397562623558,78208.0,272070.0
14.336478066114461,78182.0,272065.0
14.338980505993343,78147.0,272053.0
14.341482945872224,78109.0,272047.0
14.343985385751107,78098.0,272060.0
14.346487825629989,78048.0,272057.0
14.34899026550887,78029.0,272051.0
14.351492705387752,77992.0,272046.0
14.353995145266634,77974.0,272059.0
14.356497585145517,77950.0,272068.0
14.359000025024399,77906.0,272055.0
14.36150246490328,77878.0,272032.0
14.364004904782162,77878.0,272056.0
14.366507344661043,77848.0,272048.0
14.369009784539926,77828.0,272057.0
14.371512224418808,77783.0,272049.0
14.37401466429769,77763.0,272047.0
14.376517104176571,77752.0,272054.0
14.379019544055454,77714.0,272046.0
14.381521983934336,77711.0,272040.0
14.384024423813218,77696.0,272052.0
14.386526863692099,77640.0,272062.0
14.38902930357098,77611.0,272063.0
14.391531743449864,77616.0,272067.0
14.394034183328746,77577.0,272029.0
14.396536623207627,77597.0,272034.0
14.399039063086509,77576.0,272042.0
14.40154150296539,77546.0,272035.0
14.404043942844273,77542.0,272060.0
14.406546382723155,77527.0,272041.0
14.409048822602037,77534.0,272006.0
14.411551262480918,77511.0,272026.0
14.4140537023598,77500.0,272029.0
14.416556142238683,77520.0,272035.0
14.419058582117565,77499.0,272001.0
14.421561021996446,77501.0,272031.0
14.424063461875328,77496.0,272003.0
14.42656590175421,77487.0,272012.0
14.429068341633092,77477.0,272047.0
14.431570781511974,77477.0,272014.0
14.434073221390856,77504.0,271986.0
14.436575661269737,77486.0,272013.0
14.439078101148619,77510.0,272022.0
14.441580541027502,77514.0,272008.0
14.444082980906384,77507.0,272011.0
14.446585420785265,77498.0,272000.0
14.449087860664147,77516.0,271986.0
14.451590300543028,77506.0,272001.0
14.454092740421912,77518.0,272009.0
14.456595180300793,77521.0,271994.0
14.459097620179675,77541.0,272024.0
14.461600060058556,77543.0,272011.0
14.464102499937438,77521.0,272016.0
14.466604939816321,77552.0,271994.0
14.469107379695203,77548.0,272001.0
14.471609819574084,77558.0,272016.0
14.474112259452966,77555.0,272013.0
14.476614699331847,77587.0,272050.0
14.47911713921073,77578.0,272019.0
14.481619579089612,77571.0,272024.0
14.484122018968494,77577.0,272025.0
14.486624458847375,77593.0,272002.0
14.489126898726258,77600.0,272030.0
14.49162933860514,77592.0,271993.0
14.494131778484022,77575.0,272020.0
14.496634218362903,77600.0,272021.0
14.499136658241785,77611.0,272017.0
14.501639098120668,77623.0,272002.0
14.50414153799955,77623.0,271989.0
14.506643977878431,77619.0,272006.0
14.509146417757313,77625.0,272000.0
14.511648857636194,77616.0,272003.0
14.514151297515077,77627.0,272006.0
14.516653737393959,77635.0,271983.0
14.51915617727284,77639.0,272013.0
14.521658617151722,77632.0,271985.0
14.524161057030604,77644.0,272002.0
14.526663496909487,77635.0,271996.0
14.529165936788369,77639.0,272003.0
14.53166837666725,77627.0,271993.0
14.534170816546132,77644.0,272008.0
14.536673256425013,77635.0,271967.0
14.539175696303897,77641.0,272000.0
14.541678136182778,77641.0,271971.0
14.54418057606166,77629.0,272009.0
14.546683015940541,77642.0,271979.0
14.549185455819423,77615.0,271975.0
14.551687895698306,77630.0,271998.0
14.554190335577188,77646.0,272007.0
14.556692775456069,77647.0,271989.0
14.55919521533495,77648.0,272003.0
14.561697655213832,77640.0,271986.0
14.564200095092716,77663.0,271990.0
14.566702534971597,77634.0,271998.0
14.569204974850479,77647.0,272016.0
14.57170741472936,77645.0,272011.0
14.574209854608242,77654.0,272003.0
14.576712294487125,77668.0,271988.0
14.579214734366007,77644.0,271994.0
14.581717174244888,77650.0,272010.0
14.58421961412377,77627.0,272024.0
14.586722054002651,77663.0,271989.0
14.589224493881535,77659.0,272006.0
14.591726933760416,77678.0,272038.0
14.594229373639298,77679.0,272014.0
14.59673181351818,77692.0,272005.0
14.599234253397062,77694.0,272013.0
14.601736693275944,77697.0,272010.0
14.604239133154826,77692.0,271996.0
14.606741573033707,77743.0,272000.0
14.609244012912589,77710.0,272026.0
14.611746452791472,77733.0,272006.0
14.614248892670354,77733.0,272029.0
14.616751332549235,77742.0,272015.0
14.619253772428117,77780.0,272047.0
14.621756212306998,77766.0,272016.0
14.624258652185882,77761.0,271991.0
14.626761092064763,77790.0,272033.0
14.629263531943645,77803.0,272007.0
14.631765971822526,77793.0,272036.0
14.634268411701408,77805.0,272017.0
14.636770851580291,77835.0,272016.0
14.639273291459173,77852.0,272005.0
14.641775731338054,77855.0,272015.0
14.644278171216936,77887.0,272025.0
14.646780611095817,77867.0,272022.0
14.6492830509747,77889.0,272019.0
14.651785490853582,77879.0,272005.0
14.654287930732464,77901.0,271999.0
14.656790370611345,77908.0,272004.0
14.659292810490227,77924.0,272045.0
14.66179525036911,77933.0,272016.0
14.664297690247992,77949.0,272020.0
14.666800130126873,77958.0,272016.0
14.669302570005755,77962.0,272037.0
14.671805009884636,77971.0,272029.0
14.67430744976352,78011.0,272052.0
14.676809889642401,78000.0,272027.0
14.679312329521283,78013.0,272028.0
14.681814769400164,78018.0,272036.0
14.684317209279046,78062.0,272000.0
14.686819649157929,78067.0,272014.0
14.68932208903681,78073.0,272023.0
14.691824528915692,78119.0,272035.0
14.694326968794574,78121.0,272023.0
14.696829408673457,78125.0,272030.0
14.699331848552339,78168.0,272006.0
14.70183428843122,78164.0,271999.0
14.704336728310102,78212.0,271993.0
14.706839168188983,78230.0,271995.0
14.709341608067867,78223.0,272031.0
14.711844047946748,78230.0,272007.0
14.71434648782563,78260.0,272002.0
14.716848927704511,78293.0,272010.0
14.719351367583393,78276.0,271990.0
14.721853807462276,78286.0,272004.0
14.724356247341158,78312.0,272007.0
14.726858687220039,78322.0,272010.0
14.72936112709892,78348.0,272009.0
14.731863566977802,78359.0,271999.0
14.734366006856686,78387.0,272026.0
14.736868446735567,78402.0,271989.0
14.739370886614449,78399.0,271986.0
14.74187332649333,78421.0,272006.0
14.744375766372212,78429.0,271995.0
14.746878206251095,78453.0,272001.0
14.749380646129977,78468.0,271998.0
14.751883086008858,78497.0,272014.0
14.75438552588774,78498.0,272016.0
14.756887965766621,78514.0,272025.0
14.759390405645505,78536.0,272023.0
14.761892845524386,78587.0,272046.0
14.764395285403268,78583.0,272024.0
14.76689772528215,78591.0,272029.0
14.76940016516103,78619.0,272017.0
14.771902605039914,78628.0,272025.0
14.774405044918796,78645.0,272049.0
14.776907484797677,78670.0,272031.0
14.779409924676559,78684.0,272016.0
14.78191236455544,78702.0,272032.0
14.784414804434324,78716.0,272050.0
14.786917244313205,78756.0,271990.0
14.789419684192087,78753.0,272020.0
14.791922124070968,78787.0,272031.0
14.79442456394985,78799.0,272034.0
14.796927003828733,78814.0,272043.0
14.799429443707615,78812.0,272016.0
14.801931883586496,78838.0,272019.0
14.804434323465378,78868.0,272041.0
14.806936763344261,78863.0,272029.0
14.809439203223143,78873.0,272018.0
14.811941643102024,78914.0,272026.0
14.814444082980906,78930.0,272028.0
14.816946522859787,78967.0,272035.0
14.81944896273867,78978.0,272034.0
14.821951402617552,79005.0,272041.0
14.824453842496434,79007.0,272026.0
14.826956282375315,79019.0,272015.0
14.829458722254197,79030.0,272033.0
14.83196116213308,79074.0,272030.0
14.834463602011962,79078.0,272061.0
14.836966041890843,79094.0,272056.0
14.839468481769725,79106.0,272052.0
14.841970921648606,79146.0,272049.0
14.84447336152749,79153.0,272041.0
14.846975801406371,79162.0,272061.0
14.849478241285253,79193.0,272026.0
14.851980681164134,79199.0,272083.0
14.854483121043016,79211.0,272041.0
14.856985560921899,79244.0,272054.0
14.85948800080078,79252.0,272053.0
14.861990440679662,79256.0,272031.0
14.864492880558544,79284.0,272083.0
14.866995320437425,79337.0,272071.0
14.869497760316309,79325.0,272062.0
14.87200020019519,79361.0,272041.0
14.874502640074072,79355.0,272053.0
14.877005079952953,79377.0,272050.0
14.879507519831835,79404.0,272053.0
14.882009959710718,79428.0,272064.0
14.8845123995896,79453.0,272044.0
14.887014839468481,79439.0,272054.0
14.889517279347363,79465.0,272074.0
14.892019719226244,79478.0,272076.0
14.894522159105128,79515.0,272055.0
14.897024598984009,79516.0,272048.0
14.89952703886289,79524.0,272068.0
14.902029478741772,79561.0,272062.0
14.904531918620656,79589.0,272054.0
14.907034358499537,79586.0,272039.0
14.909536798378419,79614.0,272063.0
14.9120392382573,79624.0,272074.0
14.914541678136182,79632.0,272078.0
14.917044118015065,79652.0,272060.0
14.919546557893947,79680.0,272071.0
14.922048997772828,79701.0,272036.0
14.92455143765171,79737.0,272073.0
14.927053877530591,79713.0,272071.0
14.929556317409475,79751.0,272050.0
14.932058757288356,79769.0,272070.0
14.934561197167238,79765.0,272047.0
14.93706363704612,79772.0,272068.0
14.939566076925,79805.0,272069.0
14.942068516803884,79827.0,272067.0
14.944570956682766,79835.0,272073.0
14.947073396561647,79868.0,272049.0
14.949575836440529,79849.0,272085.0
14.95207827631941,79865.0,272080.0
14.954580716198294,79880.0,272065.0
14.957083156077175,79873.0,272095.0
14.959585595956057,79888.0,272081.0
14.962088035834938,79892.0,272088.0
14.96459047571382,79899.0,272048.0
14.967092915592703,79903.0,272056.0
14.969595355471585,79916.0,272074.0
14.972097795350466,79902.0,272063.0
14.974600235229348,79924.0,272069.0
14.97710267510823,79891.0,272066.0
14.979605114987113,79915.0,272076.0
14.982107554865994,79882.0,272077.0
14.984609994744876,79838.0,272081.0
14.987112434623757,79856.0,272117.0
14.989614874502639,79828.0,272065.0
14.992117314381522,79802.0,272061.0
14.994619754260404,79762.0,272059.0
14.997122194139285,79752.0,272074.0
14.999624634018167,79719.0,272053.0
15.002127073897048,79693.0,272079.0
15.004629513775932,79664.0,272065.0
15.007131953654813,79627.0,272055.0
15.009634393533695,79572.0,272074.0
15.012136833412576,79522.0,272088.0
15.01463927329146,79478.0,272079.0
15.017141713170341,79446.0,272078.0
15.019644153049223,79412.0,272077.0
15.022146592928104,79384.0,272073.0
15.024649032806986,79310.0,272073.0
15.027151472685869,79293.0,272091.0
15.02965391256475,79235.0,272076.0
15.032156352443632,79165.0,272065.0
15.034658792322514,79109.0,272077.0
15.037161232201395,79051.0,272058.0
15.039663672080279,79036.0,272076.0
15.04216611195916,78967.0,272069.0
15.044668551838042,78935.0,272077.0
15.047170991716923,78878.0,272075.0
15.049673431595805,78847.0,272064.0
15.052175871474688,78779.0,272038.0
15.05467831135357,78729.0,272054.0
15.057180751232451,78687.0,272072.0
15.059683191111333,78640.0,272069.0
15.062185630990214,78614.0,272074.0
15.064688070869098,78562.0,272037.0
15.067190510747979,78521.0,272061.0
15.06969295062686,78495.0,272031.0
15.072195390505742,78452.0,272061.0
15.074697830384624,78422.0,272054.0
15.077200270263507,78395.0,272077.0
15.079702710142389,78364.0,272028.0
15.08220515002127,78316.0,272050.0
15.084707589900152,78295.0,272022.0
15.087210029779033,78254.0,272058.0
15.089712469657917,78220.0,272041.0
15.092214909536798,78208.0,272039.0
15.09471734941568,78165.0,272061.0
15.097219789294561,78151.0,272024.0
15.099722229173443,78111.0,272029.0
15.102224669052326,78114.0,272023.0
15.104727108931208,78065.0,272025.0
15.10722954881009,78030.0,272029.0
15.10973198868897,78011.0,272018.0
15.112234428567852,77992.0,272030.0
15.114736868446736,77982.0,272035.0
15.117239308325617,77950.0,272039.0
15.119741748204499,77944.0,272028.0
15.12224418808338,77916.0,272023.0
15.124746627962264,77898.0,272033.0
15.127249067841145,77908.0,272019.0
15.129751507720027,77865.0,272040.0
15.132253947598908,77846.0,272029.0
15.13475638747779,77840.0,272017.0
15.137258827356673,77806.0,272001.0
15.139761267235555,77808.0,272021.0
15.142263707114436,77789.0,272031.0
15.144766146993318,77758.0,272024.0
15.1472685868722,77781.0,272030.0
15.149771026751083,77717.0,272039.0
15.152273466629964,77723.0,272031.0
15.154775906508846,77712.0,272017.0
15.157278346387727,77706.0,272018.0
15.159780786266609,77682.0,272026.0
15.162283226145492,77695.0,272020.0
15.164785666024374,77681.0,272016.0
15.167288105903255,77682.0,272022.0
15.169790545782137,77666.0,272040.0
15.172292985661018,77667.0,272029.0
15.174795425539902,77664.0,272017.0
15.177297865418783,77663.0,272022.0
15.179800305297665,77666.0,272000.0
15.182302745176546,77688.0,272047.0
15.184805185055428,77669.0,272032.0
15.187307624934311,77692.0,272006.0
15.189810064813193,77698.0,272049.0
15.192312504692074,77685.0,272012.0
15.194814944570956,77674.0,272015.0
15.197317384449837,77662.0,272033.0
15.19981982432872,77711.0,272012.0
15.202322264207602,77722.0,271989.0
15.204824704086484,77730.0,272021.0
15.207327143965365,77722.0,272021.0
15.209829583844247,77737.0,272033.0
15.21233202372313,77746.0,272022.0
15.214834463602012,77758.0,271998.0
15.217336903480893,77770.0,272020.0
15.219839343359775,77790.0,271998.0
15.222341783238658,77789.0,272041.0
15.22484422311754,77809.0,272020.0
15.227346662996421,77781.0,272031.0
15.229849102875303,77817.0,272019.0
15.232351542754184,77820.0,272034.0
15.234853982633068,77831.0,272021.0
15.237356422511949,77851.0,272006.0
15.23985886239083,77841.0,272017.0
15.242361302269712,77895.0,272008.0
15.244863742148594,77851.0,272036.0
15.247366182027477,77871.0,272042.0
15.249868621906359,77907.0,272037.0
15.25237106178524,77881.0,272013.0
15.254873501664122,77885.0,272031.0
15.257375941543003,77929.0,272039.0
15.259878381421887,77921.0,272045.0
15.262380821300768,77915.0,272015.0
15.26488326117965,77933.0,272048.0
15.267385701058531,77940.0,272032.0
15.269888140937413,77956.0,272018.0
15.272390580816296,77972.0,272032.0
15.274893020695178,77952.0,272018.0
15.27739546057406,77966.0,272021.0
15.27989790045294,77981.0,272023.0
15.282400340331822,77996.0,272043.0
15.284902780210706,78007.0,272037.0
15.287405220089587,78023.0,272038.0
15.289907659968469,78021.0,272041.0
15.29241009984735,78017.0,272019.0
15.294912539726232,78009.0,272044.0
15.297414979605115,78025.0,272050.0
15.299917419483997,78038.0,272036.0
15.302419859362878,78039.0,272029.0
15.30492229924176,78062.0,272024.0
15.307424739120641,78055.0,272045.0
15.309927178999525,78057.0,272040.0
15.312429618878406,78055.0,272028.0
15.314932058757288,78069.0,272031.0
15.31743449863617,78087.0,272059.0
15.31993693851505,78089.0,272049.0
15.322439378393934,78094.0,272055.0
15.324941818272816,78101.0,272027.0
15.327444258151697,78089.0,272028.0
15.329946698030579,78126.0,272038.0
15.332449137909462,78124.0,272058.0
15.334951577788344,78161.0,272050.0
15.337454017667225,78148.0,272040.0
15.339956457546107,78130.0,272050.0
15.342458897424988,78152.0,272058.0
15.344961337303872,78177.0,272044.0
15.347463777182753,78170.0,272073.0
15.349966217061635,78186.0,272047.0
15.352468656940516,78198.0,272061.0
15.354971096819398,78211.0,272034.0
15.357473536698281,78219.0,272039.0
15.359975976577163,78207.0,272054.0
15.362478416456044,78235.0,272065.0
15.364980856334926,78253.0,272047.0
15.367483296213807,78266.0,272041.0
15.36998573609269,78240.0,272068.0
15.372488175971572,78288.0,272062.0
15.374990615850454,78262.0,272052.0
15.377493055729335,78286.0,272063.0
15.379995495608217,78289.0,272061.0
15.3824979354871,78304.0,272068.0
15.385000375365982,78301.0,272072.0
15.387502815244863,78347.0,272059.0
15.390005255123745,78347.0,272080.0
15.392507695002626,78385.0,272054.0
15.39501013488151,78382.0,272055.0
15.397512574760391,78394.0,272068.0
15.400015014639273,78398.0,272078.0
15.402517454518154,78417.0,272053.0
15.405019894397036,78451.0,272079.0
15.407522334275919,78457.0,272056.0
15.4100247741548,78455.0,272065.0
15.412527214033682,78455.0,272058.0
15.415029653912564,78478.0,272092.0
15.417532093791445,78503.0,272088.0
15.420034533670329,78508.0,272078.0
15.42253697354921,78524.0,272057.0
15.425039413428092,78555.0,272098.0
15.427541853306973,78556.0,272069.0
15.430044293185855,78557.0,272064.0
15.432546733064738,78595.0,272059.0
15.43504917294362,78603.0,272088.0
15.437551612822501,78650.0,272078.0
15.440054052701383,78645.0,272066.0
15.442556492580266,78662.0,272097.0
15.445058932459148,78675.0,272087.0
15.44756137233803,78654.0,272101.0
15.45006381221691,78713.0,272091.0
15.452566252095792,78727.0,272114.0
15.455068691974676,78715.0,272093.0
15.457571131853557,78729.0,272130.0
15.460073571732439,78763.0,272085.0
15.46257601161132,78791.0,272087.0
15.465078451490202,78792.0,272114.0
15.467580891369085,78831.0,272095.0
15.470083331247967,78834.0,272119.0
15.472585771126848,78836.0,272105.0
15.47508821100573,78848.0,272109.0
15.477590650884611,78852.0,272102.0
15.480093090763495,78893.0,272109.0
15.482595530642376,78901.0,272101.0
15.485097970521258,78941.0,272099.0
15.48760041040014,78960.0,272115.0
15.49010285027902,78950.0,272089.0
15.492605290157904,78961.0,272119.0
15.495107730036786,78970.0,272128.0
15.497610169915667,78991.0,272133.0
15.500112609794549,78998.0,272107.0
15.50261504967343,79020.0,272100.0
15.505117489552314,79030.0,272119.0
15.507619929431195,79028.0,272124.0
15.510122369310077,79081.0,272095.0
15.512624809188958,79076.0,272098.0
15.51512724906784,79106.0,272109.0
15.517629688946723,79099.0,272119.0
15.520132128825605,79117.0,272098.0
15.522634568704486,79103.0,272098.0
15.525137008583368,79176.0,272087.0
15.52763944846225,79172.0,272094.0
15.530141888341133,79174.0,272120.0
15.532644328220014,79195.0,272101.0
15.535146768098896,79221.0,272084.0
15.537649207977777,79224.0,272126.0
15.54015164785666,79263.0,272120.0
15.542654087735542,79231.0,272128.0
15.545156527614424,79259.0,272134.0
15.547658967493305,79299.0,272127.0
15.550161407372187,79309.0,272143.0
15.55266384725107,79337.0,272134.0
15.555166287129952,79334.0,272141.0
15.557668727008833,79346.0,272143.0
15.560171166887715,79367.0,272119.0
15.562673606766596,79420.0,272144.0
15.56517604664548,79416.0,272110.0
15.567678486524361,79425.0,272117.0
15.570180926403243,79424.0,272141.0
15.572683366282124,79445.0,272122.0
15.575185806161006,79467.0,272160.0
15.577688246039889,79477.0,272150.0
15.58019068591877,79482.0,272171.0
15.582693125797652,79509.0,272164.0
15.585195565676534,79526.0,272128.0
15.587698005555415,79555.0,272163.0
15.590200445434299,79559.0,272156.0
15.59270288531318,79590.0,272132.0
15.595205325192062,79591.0,272138.0
15.597707765070943,79604.0,272167.0
15.600210204949825,79620.0,272117.0
15.602712644828708,79619.0,272143.0
15.60521508470759,79657.0,272155.0
15.607717524586471,79658.0,272168.0
15.610219964465353,79663.0,272117.0
15.612722404344234,79673.0,272151.0
15.615224844223118,79678.0,272148.0
15.617727284102,79692.0,272176.0
15.62022972398088,79710.0,272162.0
15.622732163859762,79748.0,272127.0
15.625234603738644,79744.0,272153.0
15.627737043617527,79783.0,272143.0
15.630239483496409,79807.0,272135.0
15.63274192337529,79817.0,272154.0
15.635244363254172,79814.0,272155.0
15.637746803133053,79811.0,272167.0
15.640249243011937,79835.0,272137.0
15.642751682890818,79876.0,272165.0
15.6452541227697,79878.0,272173.0
15.647756562648581,79893.0,272184.0
15.650259002527465,79944.0,272199.0
15.652761442406346,79924.0,272171.0
15.655263882285228,79931.0,272182.0
15.65776632216411,79970.0,272150.0
15.66026876204299,79970.0,272155.0
15.662771201921874,79992.0,272151.0
15.665273641800756,80004.0,272163.0
15.667776081679637,80028.0,272175.0
15.670278521558519,80039.0,272203.0
15.6727809614374,80049.0,272158.0
15.675283401316284,80060.0,272174.0
15.677785841195165,80074.0,272183.0
15.680288281074047,80099.0,272201.0
15.682790720952928,80122.0,272188.0
15.68529316083181,80137.0,272205.0
15.687795600710693,80139.0,272182.0
15.690298040589575,80174.0,272183.0
15.692800480468456,80171.0,272164.0
15.695302920347338,80181.0,272179.0
15.69780536022622,80198.0,272150.0
15.700307800105103,80232.0,272168.0
15.702810239983984,80236.0,272206.0
15.705312679862866,80258.0,272170.0
15.707815119741747,80267.0,272180.0
15.710317559620629,80264.0,272159.0
15.712819999499512,80282.0,272175.0
15.715322439378394,80314.0,272187.0
15.717824879257275,80287.0,272183.0
15.720327319136157,80314.0,272202.0
15.722829759015038,80319.0,272167.0
15.725332198893922,80310.0,272196.0
15.727834638772803,80333.0,272154.0
15.730337078651685,80310.0,272163.0
15.732839518530566,80313.0,272172.0
15.735341958409448,80308.0,272199.0
15.737844398288331,80282.0,272187.0
15.740346838167213,80302.0,272205.0
15.742849278046094,80292.0,272192.0
15.745351717924976,80249.0,272165.0
15.747854157803859,80244.0,272204.0
15.75035659768274,80241.0,272208.0
15.752859037561622,80218.0,272202.0
15.755361477440504,80172.0,272178.0
15.757863917319385,80145.0,272205.0
15.760366357198269,80125.0,272196.0
15.76286879707715,80099.0,272210.0
15.765371236956032,80061.0,272197.0
15.767873676834913,80016.0,272230.0
15.770376116713795,79965.0,272215.0
15.772878556592678,79944.0,272206.0
15.77538099647156,79917.0,272200.0
15.777883436350441,79860.0,272208.0
15.780385876229323,79821.0,272206.0
15.782888316108204,79783.0,272202.0
15.785390755987088,79717.0,272198.0
15.78789319586597,79675.0,272212.0
15.79039563574485,79645.0,272185.0
15.792898075623732,79606.0,272176.0
15.795400515502614,79530.0,272209.0
15.797902955381497,79492.0,272215.0
15.800405395260379,79453.0,272211.0
15.80290783513926,79396.0,272227.0
15.805410275018142,79360.0,272196.0
15.807912714897023,79313.0,272188.0
15.810415154775907,79278.0,272172.0
15.812917594654788,79223.0,272171.0
15.81542003453367,79169.0,272160.0
15.817922474412551,79138.0,272174.0
15.820424914291433,79090.0,272158.0
15.822927354170316,79052.0,272181.0
15.825429794049198,79029.0,272193.0
15.82793223392808,78971.0,272163.0
15.83043467380696,78944.0,272170.0
15.832937113685842,78902.0,272180.0
15.835439553564726,78880.0,272190.0
15.837941993443607,78817.0,272201.0
15.840444433322489,78798.0,272175.0
15.84294687320137,78769.0,272167.0
15.845449313080252,78744.0,272180.0
15.847951752959135,78708.0,272174.0
15.850454192838017,78670.0,272181.0
15.852956632716898,78661.0,272178.0
15.85545907259578,78617.0,272194.0
15.857961512474663,78606.0,272190.0
15.860463952353545,78580.0,272155.0
15.862966392232426,78570.0,272147.0
15.865468832111308,78543.0,272167.0
15.86797127199019,78523.0,272162.0
15.870473711869073,78511.0,272136.0
15.872976151747954,78507.0,272129.0
15.875478591626836,78475.0,272157.0
15.877981031505717,78453.0,272159.0
15.880483471384599,78440.0,272145.0
15.882985911263482,78411.0,272152.0
15.885488351142364,78405.0,272142.0
15.887990791021245,78381.0,272113.0
15.890493230900127,78380.0,272156.0
15.892995670779008,78368.0,272156.0
15.895498110657892,78327.0,272144.0
15.898000550536773,78301.0,272125.0
15.900502990415655,78323.0,272135.0
15.903005430294536,78311.0,272133.0
15.905507870173418,78293.0,272122.0
15.908010310052301,78282.0,272130.0
15.910512749931183,78277.0,272134.0
15.913015189810064,78268.0,272109.0
15.915517629688946,78256.0,272101.0
15.918020069567827,78274.0,272129.0
15.92052250944671,78237.0,272139.0
15.923024949325592,78244.0,272117.0
15.925527389204474,78240.0,272119.0
15.928029829083355,78247.0,272126.0
15.930532268962237,78246.0,272112.0
15.93303470884112,78242.0,272123.0
15.935537148720002,78210.0,272124.0
15.938039588598883,78230.0,272130.0
15.940542028477765,78248.0,272112.0
15.943044468356646,78240.0,272135.0
15.94554690823553,78248.0,272111.0
15.948049348114411,78244.0,272102.0
15.950551787993293,78283.0,272124.0
15.953054227872174,78280.0,272145.0
15.955556667751056,78246.0,272139.0
15.95805910762994,78297.0,272117.0
15.96056154750882,78288.0,272119.0
15.963063987387702,78272.0,272113.0
15.965566427266584,78303.0,272109.0
15.968068867145467,78320.0,272133.0
15.970571307024349,78325.0,272103.0
15.97307374690323,78330.0,272101.0
15.975576186782112,78343.0,272117.0
15.978078626660993,78356.0,272091.0
15.980581066539877,78381.0,272139.0
15.983083506418758,78377.0,272130.0
15.98558594629764,78404.0,272132.0
15.988088386176521,78404.0,272125.0
15.990590826055403,78390.0,272140.0
15.993093265934286,78402.0,272138.0
15.995595705813168,78411.0,272132.0
15.99809814569205,78430.0,272124.0
16.000600585570933,78428.0,272107.0
16.003103025449814,78433.0,272123.0
16.005605465328696,78466.0,272134.0
16.008107905207577,78456.0,272112.0
16.01061034508646,78464.0,272120.0
16.01311278496534,78459.0,272124.0
16.015615224844222,78468.0,272154.0
16.018117664723103,78495.0,272124.0
16.020620104601985,78475.0,272126.0
16.02312254448087,78484.0,272138.0
16.02562498435975,78511.0,272122.0
16.028127424238633,78511.0,272125.0
16.030629864117515,78506.0,272122.0
16.033132303996396,78519.0,272134.0
16.035634743875278,78508.0,272113.0
16.03813718375416,78502.0,272142.0
16.04063962363304,78504.0,272128.0
16.043142063511922,78513.0,272137.0
16.045644503390804,78526.0,272134.0
16.04814694326969,78562.0,272125.0
16.05064938314857,78538.0,272161.0
16.053151823027452,78527.0,272138.0
16.055654262906334,78558.0,272140.0
16.058156702785215,78557.0,272126.0
16.060659142664097,78544.0,272155.0
16.06316158254298,78570.0,272151.0
16.06566402242186,78566.0,272154.0
16.06816646230074,78569.0,272145.0
16.070668902179623,78556.0,272158.0
16.073171342058508,78562.0,272154.0
16.07567378193739,78574.0,272157.0
16.07817622181627,78592.0,272129.0
16.080678661695153,78586.0,272142.0
16.083181101574034,78589.0,272139.0
16.085683541452916,78601.0,272145.0
16.088185981331797,78602.0,272152.0
16.09068842121068,78610.0,272161.0
16.09319086108956,78638.0,272167.0
16.095693300968442,78632.0,272130.0
16.098195740847327,78635.0,272164.0
16.10069818072621,78606.0,272131.0
16.10320062060509,78632.0,272159.0
16.10570306048397,78651.0,272151.0
16.108205500362853,78642.0,272149.0
16.110707940241735,78664.0,272149.0
16.113210380120616,78663.0,272128.0
16.115712819999498,78675.0,272183.0
16.11821525987838,78685.0,272156.0
16.120717699757265,78711.0,272169.0
16.123220139636146,78701.0,272157.0
16.125722579515028,78699.0,272133.0
16.12822501939391,78719.0,272127.0
16.13072745927279,78752.0,272136.0
16.133229899151672,78750.0,272177.0
16.135732339030554,78767.0,272167.0
16.138234778909435,78787.0,272164.0
16.140737218788317,78768.0,272151.0
16.1432396586672,78779.0,272148.0
16.145742098546084,78799.0,272160.0
16.148244538424965,78823.0,272147.0
16.150746978303847,78813.0,272157.0
16.153249418182728,78815.0,272148.0
16.15575185806161,78829.0,272144.0
16.15825429794049,78848.0,272151.0
16.160756737819373,78850.0,272138.0
16.163259177698254,78859.0,272118.0
16.165761617577136,78898.0,272162.0
16.168264057456017,78878.0,272156.0
16.170766497334903,78916.0,272165.0
16.173268937213784,78923.0,272161.0
16.175771377092666,78930.0,272154.0
16.178273816971547,78945.0,272161.0
16.18077625685043,78937.0,272152.0
16.18327869672931,78967.0,272136.0
16.185781136608192,78984.0,272139.0
16.188283576487073,78982.0,272154.0
16.190786016365955,79020.0,272150.0
16.193288456244836,79017.0,272153.0
16.19579089612372,79041.0,272151.0
16.198293336002603,79060.0,272149.0
16.200795775881485,79036.0,272162.0
16.203298215760366,79082.0,272147.0
16.205800655639248,79071.0,272153.0
16.20830309551813,79112.0,272157.0
16.21080553539701,79106.0,272148.0
16.213307975275892,79142.0,272141.0
16.215810415154774,79155.0,272137.0
16.218312855033655,79142.0,272154.0
16.22081529491254,79166.0,272162.0
16.223317734791422,79164.0,272168.0
16.225820174670304,79183.0,272170.0
16.228322614549185,79204.0,272150.0
16.230825054428067,79214.0,272160.0
16.23332749430695,79221.0,272161.0
16.23582993418583,79251.0,272162.0
16.23833237406471,79237.0,272129.0
16.240834813943593,79251.0,272155.0
16.243337253822478,79240.0,272152.0
16.24583969370136,79288.0,272161.0
16.24834213358024,79309.0,272129.0
16.250844573459123,79328.0,272141.0
16.253347013338004,79333.0,272171.0
16.255849453216886,79331.0,272156.0
16.258351893095767,79338.0,272169.0
16.26085433297465,79353.0,272188.0
16.26335677285353,79390.0,272166.0
16.265859212732412,79410.0,272160.0
16.268361652611297,79438.0,272163.0
16.27086409249018,79415.0,272148.0
16.27336653236906,79461.0,272150.0
16.27586897224794,79452.0,272168.0
16.278371412126823,79466.0,272162.0
16.280873852005705,79478.0,272158.0
16.283376291884586,79508.0,272179.0
16.285878731763468,79523.0,272165.0
16.28838117164235,79552.0,272164.0
16.29088361152123,79567.0,272156.0
16.293386051400116,79585.0,272159.0
16.295888491278998,79577.0,272165.0
16.29839093115788,79606.0,272169.0
16.30089337103676,79627.0,272171.0
16.303395810915642,79641.0,272175.0
16.305898250794524,79678.0,272166.0
16.308400690673405,79668.0,272180.0
16.310903130552287,79679.0,272162.0
16.31340557043117,79706.0,272168.0
16.31590801031005,79736.0,272171.0
16.318410450188935,79744.0,272199.0
16.320912890067817,79755.0,272192.0
16.323415329946698,79774.0,272197.0
16.32591776982558,79800.0,272207.0
16.32842020970446,79802.0,272167.0
16.330922649583343,79823.0,272159.0
16.333425089462224,79847.0,272189.0
16.335927529341106,79860.0,272169.0
16.338429969219987,79870.0,272203.0
16.340932409098873,79895.0,272204.0
16.343434848977754,79911.0,272192.0
16.345937288856636,79925.0,272187.0
16.348439728735517,79927.0,272158.0
16.3509421686144,79926.0,272175.0
16.35344460849328,79956.0,272188.0
16.355947048372162,79990.0,272196.0
16.358449488251043,80018.0,272177.0
16.360951928129925,80025.0,272191.0
16.363454368008806,80039.0,272186.0
16.36595680788769,80046.0,272159.0
16.368459247766573,80067.0,272177.0
16.370961687645455,80073.0,272189.0
16.373464127524336,80082.0,272161.0
16.375966567403218,80116.0,272174.0
16.3784690072821,80097.0,272159.0
16.38097144716098,80127.0,272153.0
16.383473887039862,80151.0,272164.0
16.385976326918744,80155.0,272150.0
16.388478766797625,80177.0,272163.0
16.39098120667651,80198.0,272151.0
16.393483646555392,80193.0,272142.0
16.395986086434274,80206.0,272143.0
16.398488526313155,80220.0,272144.0
16.400990966192037,80254.0,272145.0
16.40349340607092,80255.0,272139.0
16.4059958459498,80272.0,272131.0
16.40849828582868,80274.0,272147.0
16.411000725707563,80288.0,272141.0
16.413503165586445,80296.0,272153.0
16.41600560546533,80295.0,272129.0
16.41850804534421,80309.0,272128.0
16.421010485223093,80314.0,272140.0
16.423512925101974,80328.0,272137.0
16.426015364980856,80345.0,272159.0
16.428517804859737,80368.0,272135.0
16.43102024473862,80393.0,272154.0
16.4335226846175,80390.0,272167.0
16.436025124496382,80391.0,272188.0
16.438527564375267,80408.0,272196.0
16.44103000425415,80434.0,272181.0
16.44353244413303,80435.0,272199.0
16.44603488401191,80437.0,272176.0
16.448537323890793,80424.0,272214.0
16.451039763769675,80464.0,272208.0
16.453542203648556,80463.0,272208.0
16.456044643527438,80455.0,272173.0
16.45854708340632,80472.0,272175.0
16.4610495232852,80448.0,272170.0
16.463551963164086,80460.0,272168.0
16.466054403042968,80428.0,272165.0
16.46855684292185,80449.0,272165.0
16.47105928280073,80444.0,272166.0
16.473561722679612,80434.0,272164.0
16.476064162558494,80416.0,272151.0
16.478566602437375,80403.0,272141.0
16.481069042316257,80377.0,272141.0
16.48357148219514,80359.0,272111.0
16.48607392207402,80307.0,272119.0
16.488576361952905,80306.0,272137.0
16.491078801831787,80257.0,272118.0
16.493581241710668,80223.0,272094.0
16.49608368158955,80195.0,272081.0
16.49858612146843,80168.0,272077.0
16.501088561347313,80119.0,272105.0
16.503591001226194,80086.0,272080.0
16.506093441105076,80039.0,272098.0
16.508595880983957,79979.0,272069.0
16.51109832086284,79918.0,272082.0
16.513600760741724,79899.0,272072.0
16.516103200620606,79823.0,272105.0
16.518605640499487,79790.0,272115.0
16.52110808037837,79707.0,272057.0
16.52361052025725,79671.0,272074.0
16.526112960136132,79628.0,272092.0
16.528615400015013,79571.0,272092.0
16.531117839893895,79533.0,272058.0
16.533620279772776,79458.0,272080.0
16.536122719651658,79416.0,272062.0
16.538625159530543,79353.0,272073.0
16.541127599409425,79300.0,272076.0
16.543630039288306,79238.0,272054.0
16.546132479167188,79203.0,272054.0
16.54863491904607,79149.0,272048.0
16.55113735892495,79103.0,272041.0
16.553639798803832,79053.0,272056.0
16.556142238682714,78996.0,272068.0
16.558644678561595,78952.0,272049.0
16.56114711844048,78902.0,272027.0
16.563649558319362,78874.0,272052.0
16.566151998198244,78799.0,272032.0
16.568654438077125,78769.0,272031.0
16.571156877956007,78742.0,272033.0
16.57365931783489,78680.0,272029.0
16.57616175771377,78667.0,272059.0
16.57866419759265,78618.0,272063.0
16.581166637471533,78584.0,272050.0
16.583669077350415,78534.0,272037.0
16.5861715172293,78512.0,272033.0
16.58867395710818,78497.0,272069.0
16.591176396987063,78449.0,272042.0
16.593678836865944,78433.0,272025.0
16.596181276744826,78384.0,272054.0
16.598683716623707,78370.0,272045.0
16.60118615650259,78335.0,272022.0
16.60368859638147,78300.0,272050.0
16.606191036260352,78282.0,272025.0
16.608693476139234,78230.0,272044.0
16.61119591601812,78256.0,272024.0
16.613698355897,78195.0,272044.0
16.61620079577588,78172.0,271998.0
16.618703235654763,78168.0,272026.0
16.621205675533645,78134.0,272003.0
16.623708115412526,78128.0,272014.0
16.626210555291408,78093.0,272032.0
16.62871299517029,78095.0,272015.0
16.63121543504917,78055.0,272033.0
16.633717874928053,78043.0,272020.0
16.636220314806938,78015.0,272004.0
16.63872275468582,77992.0,271999.0
16.6412251945647,78002.0,272021.0
16.643727634443582,77959.0,272013.0
16.646230074322464,77934.0,272008.0
16.648732514201345,77917.0,272026.0
16.651234954080227,77938.0,272011.0
16.65373739395911,77919.0,272027.0
16.65623983383799,77884.0,272013.0
16.658742273716875,77896.0,272031.0
16.661244713595757,77881.0,272012.0
16.663747153474638,77867.0,272026.0
16.66624959335352,77854.0,271968.0
16.6687520332324,77841.0,272009.0
16.671254473111283,77835.0,272008.0
16.673756912990164,77834.0,272021.0
16.676259352869046,77850.0,272025.0
16.678761792747927,77845.0,272030.0
16.68126423262681,77838.0,271994.0
16.683766672505694,77844.0,272004.0
16.686269112384576,77841.0,271989.0
16.688771552263457,77859.0,272048.0
16.69127399214234,77824.0,272011.0
16.69377643202122,77849.0,272027.0
16.696278871900102,77850.0,272027.0
16.698781311778983,77860.0,272026.0
16.701283751657865,77857.0,272016.0
16.703786191536746,77863.0,272010.0
16.706288631415628,77878.0,272007.0
16.708791071294513,77886.0,272023.0
16.711293511173395,77882.0,272016.0
16.713795951052276,77906.0,272030.0
16.716298390931158,77904.0,272040.0
16.71880083081004,77913.0,272018.0
16.72130327068892,77899.0,272055.0
16.723805710567802,77920.0,272028.0
16.726308150446684,77938.0,272033.0
16.728810590325565,77943.0,272048.0
16.731313030204447,77973.0,272038.0
16.733815470083332,77951.0,272027.0
16.736317909962214,77968.0,272024.0
16.738820349841095,77976.0,272022.0
16.741322789719977,77968.0,272062.0
16.74382522959886,77974.0,272041.0
16.74632766947774,77998.0,272053.0
16.74883010935662,78004.0,272034.0
16.751332549235503,77995.0,272050.0
16.753834989114385,78008.0,272029.0
16.75633742899327,78036.0,272052.0
16.75883986887215,78035.0,272053.0
16.761342308751033,78047.0,272037.0
16.763844748629914,78028.0,272057.0
16.766347188508796,78033.0,272044.0
16.768849628387677,78061.0,272027.0
16.77135206826656,78068.0,272043.0
16.77385450814544,78055.0,272050.0
16.776356948024322,78088.0,272061.0
16.778859387903204,78088.0,272062.0
16.78136182778209,78063.0,272061.0
16.78386426766097,78073.0,272077.0
16.78636670753985,78076.0,272080.0
16.788869147418733,78072.0,272064.0
16.791371587297615,78082.0,272063.0
16.793874027176496,78101.0,272049.0
16.796376467055378,78067.0,272084.0
16.79887890693426,78103.0,272072.0
16.80138134681314,78073.0,272072.0
16.803883786692023,78098.0,272068.0
16.806386226570908,78114.0,272088.0
16.80888866644979,78100.0,272065.0
16.81139110632867,78097.0,272085.0
16.813893546207552,78100.0,272104.0
16.816395986086434,78104.0,272094.0
16.818898425965315,78134.0,272086.0
16.821400865844197,78144.0,272086.0
16.82390330572308,78132.0,272113.0
16.82640574560196,78140.0,272091.0
16.82890818548084,78134.0,272086.0
16.831410625359727,78151.0,272080.0
16.833913065238608,78152.0,272089.0
16.83641550511749,78150.0,272106.0
16.83891794499637,78175.0,272108.0
16.841420384875253,78183.0,272121.0
16.843922824754134,78179.0,272086.0
16.846425264633016,78180.0,272110.0
16.848927704511897,78180.0,272123.0
16.85143014439078,78176.0,272096.0
16.853932584269664,78192.0,272103.0
16.856435024148546,78236.0,272087.0
16.858937464027427,78214.0,272096.0
16.86143990390631,78247.0,272094.0
16.86394234378519,78231.0,272063.0
16.866444783664072,78238.0,272086.0
16.868947223542953,78249.0,272101.0
16.871449663421835,78259.0,272113.0
16.873952103300716,78267.0,272077.0
16.876454543179598,78273.0,272111.0
16.878956983058483,78277.0,272103.0
16.881459422937365,78299.0,272111.0
16.883961862816246,78296.0,272102.0
16.886464302695128,78307.0,272088.0
16.88896674257401,78320.0,272112.0
16.89146918245289,78353.0,272109.0
16.893971622331772,78352.0,272107.0
16.896474062210654,78350.0,272109.0
16.898976502089536,78362.0,272119.0
16.901478941968417,78401.0,272104.0
16.903981381847302,78377.0,272124.0
16.906483821726184,78407.0,272123.0
16.908986261605065,78429.0,272105.0
16.911488701483947,78426.0,272102.0
16.91399114136283,78442.0,272107.0
16.91649358124171,78455.0,272106.0
16.91899602112059,78468.0,272116.0
16.921498460999473,78491.0,272110.0
16.924000900878355,78501.0,272123.0
16.926503340757236,78503.0,272132.0
16.92900578063612,78526.0,272124.0
16.931508220515003,78542.0,272125.0
16.934010660393884,78550.0,272131.0
16.936513100272766,78574.0,272103.0
16.939015540151647,78607.0,272130.0
16.94151798003053,78616.0,272130.0
16.94402041990941,78596.0,272124.0
16.946522859788292,78635.0,272150.0
16.949025299667174,78637.0,272154.0
16.951527739546055,78670.0,272145.0
16.95403017942494,78692.0,272154.0
16.95653261930382,78707.0,272151.0
16.959035059182703,78732.0,272135.0
16.961537499061585,78708.0,272148.0
16.964039938940466,78732.0,272135.0
16.966542378819348,78771.0,272133.0
16.96904481869823,78768.0,272154.0
16.97154725857711,78769.0,272165.0
16.974049698455993,78820.0,272156.0
16.976552138334878,78811.0,272178.0
16.97905457821376,78840.0,272164.0
16.98155701809264,78847.0,272118.0
16.984059457971522,78861.0,272146.0
16.986561897850404,78873.0,272147.0
16.989064337729285,78904.0,272153.0
16.991566777608167,78911.0,272133.0
16.99406921748705,78914.0,272161.0
16.99657165736593,78946.0,272157.0
16.99907409724481,78972.0,272145.0
17.001576537123697,78960.0,272149.0
17.004078977002578,78993.0,272174.0
17.00658141688146,78994.0,272156.0
17.00908385676034,79013.0,272164.0
17.011586296639223,79007.0,272147.0
17.014088736518104,79046.0,272154.0
17.016591176396986,79041.0,272193.0
17.019093616275867,79060.0,272178.0
17.02159605615475,79078.0,272170.0
17.02409849603363,79090.0,272167.0
17.026600935912516,79098.0,272151.0
17.029103375791397,79126.0,272152.0
17.03160581567028,79137.0,272194.0
17.03410825554916,79153.0,272185.0
17.036610695428042,79193.0,272167.0
17.039113135306923,79193.0,272163.0
17.041615575185805,79196.0,272194.0
17.044118015064686,79217.0,272176.0
17.046620454943568,79228.0,272167.0
17.04912289482245,79258.0,272172.0
17.051625334701335,79276.0,272170.0
17.054127774580216,79293.0,272182.0
17.056630214459098,79284.0,272184.0
17.05913265433798,79322.0,272173.0
17.06163509421686,79343.0,272197.0
17.064137534095742,79343.0,272167.0
17.066639973974624,79342.0,272163.0
17.069142413853506,79366.0,272189.0
17.071644853732387,79381.0,272167.0
17.074147293611272,79387.0,272183.0
17.076649733490154,79411.0,272206.0
17.079152173369035,79414.0,272193.0
17.081654613247917,79435.0,272170.0
17.0841570531268,79448.0,272187.0
17.08665949300568,79467.0,272167.0
17.08916193288456,79503.0,272194.0
17.091664372763443,79519.0,272199.0
17.094166812642325,79502.0,272182.0
17.096669252521206,79537.0,272177.0
17.09917169240009,79540.0,272185.0
17.101674132278973,79540.0,272207.0
17.104176572157854,79582.0,272164.0
17.106679012036736,79573.0,272206.0
17.109181451915617,79571.0,272199.0
17.1116838917945,79614.0,272182.0
17.11418633167338,79605.0,272182.0
17.116688771552262,79619.0,272172.0
17.119191211431144,79644.0,272196.0
17.121693651310025,79653.0,272187.0
17.12419609118891,79675.0,272222.0
17.12669853106779,79669.0,272203.0
17.129200970946673,79701.0,272211.0
17.131703410825555,79732.0,272170.0
17.134205850704436,79727.0,272201.0
17.136708290583318,79748.0,272212.0
17.1392107304622,79786.0,272210.0
17.14171317034108,79778.0,272191.0
17.144215610219963,79790.0,272203.0
17.146718050098844,79803.0,272211.0
17.14922048997773,79799.0,272195.0
17.15172292985661,79832.0,272217.0
17.154225369735492,79845.0,272218.0
17.156727809614374,79845.0,272213.0
17.159230249493255,79890.0,272224.0
17.161732689372137,79905.0,272235.0
17.16423512925102,79927.0,272231.0
17.1667375691299,79916.0,272259.0
17.16924000900878,79933.0,272209.0
17.171742448887667,79948.0,272217.0
17.174244888766548,79970.0,272222.0
17.17674732864543,79982.0,272249.0
17.17924976852431,79999.0,272218.0
17.181752208403193,80017.0,272261.0
17.184254648282074,80013.0,272255.0
17.186757088160956,80016.0,272231.0
17.189259528039837,80032.0,272244.0
17.19176196791872,80061.0,272224.0
17.1942644077976,80080.0,272240.0
17.196766847676486,80080.0,272252.0
17.199269287555367,80109.0,272234.0
17.20177172743425,80108.0,272219.0
17.20427416731313,80146.0,272257.0
17.206776607192012,80157.0,272271.0
17.209279047070893,80173.0,272279.0
17.211781486949775,80182.0,272259.0
17.214283926828656,80210.0,272301.0
17.216786366707538,80207.0,272253.0
17.21928880658642,80203.0,272258.0
17.221791246465305,80197.0,272251.0
17.224293686344186,80241.0,272277.0
17.226796126223068,80234.0,272265.0
17.22929856610195,80222.0,272248.0
17.23180100598083,80247.0,272249.0
17.234303445859712,80210.0,272257.0
17.236805885738594,80229.0,272256.0
17.239308325617476,80211.0,272261.0
17.241810765496357,80210.0,272271.0
17.24431320537524,80178.0,272316.0
17.246815645254124,80173.0,272310.0
17.249318085133005,80139.0,272278.0
17.251820525011887,80167.0,272271.0
17.25432296489077,80148.0,272283.0
17.25682540476965,80121.0,272291.0
17.25932784464853,80099.0,272287.0
17.261830284527413,80082.0,272288.0
17.264332724406295,80032.0,272301.0
17.266835164285176,79997.0,272293.0
17.269337604164058,79966.0,272289.0
17.271840044042943,79912.0,272299.0
17.274342483921824,79886.0,272302.0
17.276844923800706,79837.0,272289.0
17.279347363679587,79799.0,272274.0
17.28184980355847,79753.0,272267.0
17.28435224343735,79710.0,272282.0
17.286854683316232,79643.0,272271.0
17.289357123195114,79610.0,272266.0
17.291859563073995,79540.0,272278.0
17.29436200295288,79512.0,272287.0
17.29686444283176,79470.0,272295.0
17.299366882710643,79407.0,272252.0
17.301869322589525,79356.0,272263.0
17.304371762468406,79288.0,272235.0
17.306874202347288,79238.0,272289.0
17.30937664222617,79190.0,272251.0
17.31187908210505,79150.0,272274.0
17.314381521983933,79096.0,272255.0
17.316883961862814,79045.0,272265.0
17.3193864017417,78995.0,272256.0
17.32188884162058,78983.0,272257.0
17.324391281499462,78953.0,272268.0
17.326893721378344,78881.0,272251.0
17.329396161257225,78831.0,272254.0
17.331898601136107,78801.0,272268.0
17.33440104101499,78767.0,272265.0
17.33690348089387,78735.0,272250.0
17.33940592077275,78717.0,272252.0
17.341908360651633,78659.0,272241.0
17.344410800530518,78631.0,272243.0
17.3469132404094,78584.0,272269.0
17.34941568028828,78544.0,272264.0
17.351918120167163,78496.0,272224.0
17.354420560046044,78517.0,272241.0
17.356922999924926,78472.0,272227.0
17.359425439803807,78449.0,272247.0
17.36192787968269,78392.0,272236.0
17.36443031956157,78372.0,272248.0
17.366932759440452,78322.0,272249.0
17.369435199319337,78335.0,272236.0
17.37193763919822,78311.0,272214.0
17.3744400790771,78283.0,272212.0
17.376942518955982,78276.0,272200.0
17.379444958834863,78236.0,272199.0
17.381947398713745,78210.0,272230.0
17.384449838592626,78200.0,272200.0
17.386952278471508,78147.0,272192.0
17.38945471835039,78154.0,272207.0
17.391957158229275,78126.0,272203.0
17.394459598108156,78108.0,272203.0
17.396962037987038,78100.0,272191.0
17.39946447786592,78090.0,272205.0
17.4019669177448,78083.0,272173.0
17.404469357623682,78061.0,272193.0
17.406971797502564,78044.0,272199.0
17.409474237381446,77998.0,272178.0
17.411976677260327,78003.0,272188.0
17.41447911713921,77987.0,272166.0
17.416981557018094,77975.0,272166.0
17.419483996896975,77961.0,272172.0
17.421986436775857,77940.0,272182.0
17.42448887665474,77943.0,272172.0
17.42699131653362,77934.0,272171.0
17.4294937564125,77914.0,272179.0
17.431996196291383,77901.0,272193.0
17.434498636170265,77925.0,272181.0
17.437001076049146,77922.0,272173.0
17.439503515928028,77883.0,272179.0
17.442005955806913,77885.0,272180.0
17.444508395685794,77901.0,272192.0
17.447010835564676,77882.0,272193.0
17.449513275443557,77908.0,272181.0
17.45201571532244,77896.0,272180.0
17.45451815520132,77887.0,272182.0
17.457020595080202,77904.0,272177.0
17.459523034959084,77900.0,272179.0
17.462025474837965,77900.0,272181.0
17.464527914716847,77903.0,272194.0
17.46703035459573,77923.0,272183.0
17.469532794474613,77926.0,272180.0
17.472035234353495,77937.0,272178.0
17.474537674232376,77960.0,272202.0
17.477040114111258,77959.0,272183.0
17.47954255399014,77959.0,272193.0
17.48204499386902,77973.0,272168.0
17.484547433747903,77959.0,272192.0
17.487049873626784,77985.0,272182.0
17.48955231350567,77990.0,272174.0
17.49205475338455,78003.0,272181.0
17.494557193263432,78007.0,272197.0
17.497059633142314,78029.0,272171.0
17.499562073021195,78058.0,272191.0
17.502064512900077,78034.0,272179.0
17.50456695277896,78048.0,272197.0
17.50706939265784,78046.0,272188.0
17.50957183253672,78067.0,272159.0
17.512074272415603,78087.0,272200.0
17.514576712294488,78083.0,272209.0
17.51707915217337,78085.0,272192.0
17.51958159205225,78137.0,272184.0
17.522084031931133,78118.0,272198.0
17.524586471810014,78133.0,272206.0
17.527088911688896,78137.0,272184.0
17.529591351567777,78130.0,272191.0
17.53209379144666,78144.0,272226.0
17.53459623132554,78180.0,272180.0
17.537098671204422,78172.0,272178.0
17.539601111083307,78184.0,272184.0
17.54210355096219,78173.0,272192.0
17.54460599084107,78188.0,272218.0
17.547108430719952,78182.0,272228.0
17.549610870598833,78212.0,272202.0
17.552113310477715,78203.0,272213.0
17.554615750356596,78209.0,272193.0
17.557118190235478,78181.0,272243.0
17.55962063011436,78215.0,272247.0
17.56212306999324,78210.0,272252.0
17.564625509872126,78224.0,272214.0
17.567127949751008,78232.0,272223.0
17.56963038962989,78226.0,272204.0
17.57213282950877,78241.0,272189.0
17.574635269387652,78223.0,272220.0
17.577137709266534,78251.0,272221.0
17.579640149145416,78232.0,272206.0
17.582142589024297,78235.0,272202.0
17.58464502890318,78254.0,272210.0
17.58714746878206,78254.0,272228.0
17.589649908660945,78260.0,272228.0
17.592152348539827,78234.0,272217.0
17.59465478841871,78274.0,272217.0
17.59715722829759,78255.0,272233.0
17.59965966817647,78297.0,272221.0
17.602162108055353,78268.0,272231.0
17.604664547934235,78298.0,272237.0
17.607166987813116,78300.0,272233.0
17.609669427691998,78315.0,272205.0
17.612171867570883,78311.0,272208.0
17.614674307449764,78317.0,272215.0
17.617176747328646,78335.0,272199.0
17.619679187207527,78354.0,272203.0
17.62218162708641,78363.0,272205.0
17.62468406696529,78366.0,272219.0
17.627186506844172,78369.0,272218.0
17.629688946723054,78385.0,272226.0
17.632191386601935,78396.0,272218.0
17.634693826480817,78401.0,272225.0
17.6371962663597,78419.0,272211.0
17.639698706238583,78444.0,272224.0
17.642201146117465,78440.0,272212.0
17.644703585996346,78439.0,272205.0
17.647206025875228,78452.0,272251.0
17.64970846575411,78481.0,272215.0
17.65221090563299,78474.0,272239.0
17.654713345511873,78507.0,272232.0
17.657215785390754,78521.0,272222.0
17.659718225269636,78548.0,272242.0
17.66222066514852,78539.0,272222.0
17.664723105027402,78552.0,272252.0
17.667225544906284,78566.0,272236.0
17.669727984785165,78584.0,272244.0
17.672230424664047,78588.0,272246.0
17.67473286454293,78601.0,272235.0
17.67723530442181,78629.0,272249.0
17.67973774430069,78637.0,272247.0
17.682240184179573,78655.0,272230.0
17.684742624058455,78658.0,272242.0
17.68724506393734,78660.0,272229.0
17.68974750381622,78661.0,272227.0
17.692249943695103,78689.0,272244.0
17.694752383573984,78701.0,272250.0
17.697254823452866,78728.0,272256.0
17.699757263331747,78750.0,272231.0
17.70225970321063,78771.0,272242.0
17.70476214308951,78774.0,272251.0
17.707264582968392,78791.0,272266.0
17.709767022847277,78801.0,272262.0
17.71226946272616,78798.0,272270.0
17.71477190260504,78837.0,272242.0
17.717274342483922,78868.0,272216.0
17.719776782362803,78854.0,272244.0
17.722279222241685,78859.0,272239.0
17.724781662120566,78908.0,272242.0
17.727284101999448,78911.0,272276.0
17.72978654187833,78929.0,272239.0
17.73228898175721,78942.0,272246.0
17.734791421636096,78970.0,272244.0
17.737293861514978,78969.0,272234.0
17.73979630139386,79011.0,272224.0
17.74229874127274,79029.0,272285.0
17.744801181151622,79031.0,272256.0
17.747303621030504,79058.0,272254.0
17.749806060909386,79047.0,272256.0
17.752308500788267,79078.0,272252.0
17.75481094066715,79090.0,272243.0
17.75731338054603,79112.0,272233.0
17.759815820424915,79107.0,272247.0
17.762318260303797,79136.0,272243.0
17.76482070018268,79156.0,272253.0
17.76732314006156,79170.0,272245.0
17.76982557994044,79179.0,272246.0
17.772328019819323,79208.0,272241.0
17.774830459698205,79213.0,272255.0
17.777332899577086,79254.0,272262.0
17.779835339455968,79261.0,272234.0
17.78233777933485,79285.0,272239.0
17.784840219213734,79279.0,272241.0
17.787342659092616,79312.0,272254.0
17.789845098971497,79316.0,272232.0
17.79234753885038,79328.0,272263.0
17.79484997872926,79342.0,272264.0
17.797352418608142,79345.0,272240.0
17.799854858487024,79374.0,272254.0
17.802357298365905,79394.0,272246.0
17.804859738244787,79421.0,272261.0
17.80736217812367,79431.0,272257.0
17.809864618002553,79447.0,272278.0
17.812367057881435,79464.0,272290.0
17.814869497760316,79495.0,272286.0
17.817371937639198,79505.0,272262.0
17.81987437751808,79520.0,272271.0
17.82237681739696,79525.0,272292.0
17.824879257275843,79538.0,272273.0
17.827381697154724,79578.0,272272.0
17.829884137033606,79570.0,272277.0
17.83238657691249,79600.0,272283.0
17.834889016791372,79615.0,272282.0
17.837391456670254,79606.0,272293.0
17.839893896549135,79636.0,272295.0
17.842396336428017,79680.0,272274.0
17.8448987763069,79665.0,272282.0
17.84740121618578,79694.0,272289.0
17.84990365606466,79718.0,272312.0
17.852406095943543,79720.0,272284.0
17.854908535822425,79739.0,272296.0
17.85741097570131,79774.0,272282.0
17.85991341558019,79767.0,272320.0
17.862415855459073,79814.0,272288.0
17.864918295337954,79822.0,272292.0
17.867420735216836,79831.0,272286.0
17.869923175095717,79857.0,272292.0
17.8724256149746,79880.0,272326.0
17.87492805485348,79883.0,272315.0
17.877430494732362,79904.0,272294.0
17.879932934611244,79923.0,272268.0
17.88243537449013,79931.0,272320.0
17.88493781436901,79976.0,272304.0
17.887440254247892,79986.0,272289.0
17.889942694126773,80008.0,272292.0
17.892445134005655,80004.0,272309.0
17.894947573884536,80045.0,272278.0
17.897450013763418,80045.0,272286.0
17.8999524536423,80095.0,272286.0
17.90245489352118,80099.0,272267.0
17.904957333400063,80087.0,272305.0
17.907459773278948,80136.0,272311.0
17.90996221315783,80152.0,272292.0
17.91246465303671,80169.0,272292.0
17.914967092915592,80188.0,272332.0
17.917469532794474,80199.0,272304.0
17.919971972673356,80224.0,272305.0
17.922474412552237,80221.0,272321.0
17.92497685243112,80248.0,272294.0
17.92747929231,80266.0,272318.0
17.929981732188885,80270.0,272321.0
17.932484172067767,80307.0,272311.0
17.93498661194665,80313.0,272320.0
17.93748905182553,80304.0,272328.0
17.93999149170441,80325.0,272323.0
17.942493931583293,80336.0,272342.0
17.944996371462175,80375.0,272313.0
17.947498811341056,80380.0,272357.0
17.950001251219938,80395.0,272327.0
17.95250369109882,80414.0,272331.0
17.955006130977704,80444.0,272337.0
17.957508570856586,80454.0,272351.0
17.960011010735467,80463.0,272331.0
17.96251345061435,80493.0,272314.0
17.96501589049323,80498.0,272311.0
17.967518330372112,80541.0,272335.0
17.970020770250994,80552.0,272366.0
17.972523210129875,80583.0,272335.0
17.975025650008757,80575.0,272317.0
17.977528089887638,80614.0,272316.0
17.980030529766523,80607.0,272348.0
17.982532969645405,80635.0,272327.0
17.985035409524286,80658.0,272332.0
17.987537849403168,80647.0,272340.0
17.99004028928205,80663.0,272351.0
17.99254272916093,80673.0,272342.0
17.995045169039813,80709.0,272350.0
17.997547608918694,80681.0,272340.0
18.000050048797576,80707.0,272349.0
18.002552488676457,80725.0,272339.0
18.005054928555342,80713.0,272345.0
18.007557368434224,80730.0,272333.0
18.010059808313105,80712.0,272339.0
18.012562248191987,80746.0,272337.0
18.01506468807087,80714.0,272356.0
18.01756712794975,80709.0,272362.0
18.02006956782863,80702.0,272365.0
18.022572007707513,80691.0,272373.0
18.025074447586395,80686.0,272366.0
18.02757688746528,80674.0,272384.0
18.03007932734416,80644.0,272357.0
18.032581767223043,80643.0,272388.0
18.035084207101924,80647.0,272387.0
18.037586646980806,80595.0,272387.0
18.040089086859687,80563.0,272387.0
18.04259152673857,80544.0,272372.0
18.04509396661745,80554.0,272400.0
18.047596406496332,80455.0,272375.0
18.050098846375214,80416.0,272370.0
18.0526012862541,80371.0,272398.0
18.05510372613298,80369.0,272352.0
18.057606166011862,80315.0,272357.0
18.060108605890743,80276.0,272344.0
18.062611045769625,80262.0,272372.0
18.065113485648506,80204.0,272366.0
18.067615925527388,80138.0,272360.0
18.07011836540627,80086.0,272378.0
18.07262080528515,80062.0,272366.0
18.075123245164033,80029.0,272356.0
18.077625685042918,79964.0,272343.0
18.0801281249218,79960.0,272362.0
18.08263056480068,79896.0,272336.0
18.085133004679562,79833.0,272345.0
18.087635444558444,79799.0,272358.0
18.090137884437326,79768.0,272350.0
18.092640324316207,79724.0,272340.0
18.09514276419509,79681.0,272355.0
18.09764520407397,79645.0,272361.0
18.10014764395285,79596.0,272338.0
18.102650083831737,79561.0,272334.0
18.10515252371062,79533.0,272335.0
18.1076549635895,79496.0,272337.0
18.11015740346838,79471.0,272330.0
18.112659843347263,79442.0,272337.0
18.115162283226145,79399.0,272330.0
18.117664723105026,79354.0,272333.0
18.120167162983908,79352.0,272331.0
18.12266960286279,79310.0,272335.0
18.125172042741674,79268.0,272322.0
18.127674482620556,79259.0,272318.0
18.130176922499437,79234.0,272312.0
18.13267936237832,79216.0,272315.0
18.1351818022572,79199.0,272310.0
18.137684242136082,79154.0,272331.0
18.140186682014964,79172.0,272301.0
18.142689121893845,79147.0,272292.0
18.145191561772727,79120.0,272301.0
18.147694001651608,79076.0,272317.0
18.150196441530493,79079.0,272304.0
18.152698881409375,79059.0,272292.0
18.155201321288256,79043.0,272279.0
18.157703761167138,79017.0,272293.0
18.16020620104602,78967.0,272283.0
18.1627086409249,78984.0,272293.0
18.165211080803783,78952.0,272284.0
18.167713520682664,78936.0,272252.0
18.170215960561546,78931.0,272280.0
18.172718400440427,78949.0,272276.0
18.175220840319312,78905.0,272300.0
18.177723280198194,78906.0,272297.0
18.180225720077075,78896.0,272258.0
18.182728159955957,78877.0,272308.0
18.18523059983484,78876.0,272290.0
18.18773303971372,78879.0,272261.0
18.1902354795926,78859.0,272275.0
18.192737919471483,78831.0,272267.0
18.195240359350365,78841.0,272261.0
18.197742799229246,78818.0,272278.0
18.20024523910813,78835.0,272302.0
18.202747678987013,78818.0,272265.0
18.205250118865894,78804.0,272260.0
18.207752558744776,78792.0,272281.0
18.210254998623657,78805.0,272284.0
18.21275743850254,78787.0,272248.0
18.21525987838142,78796.0,272277.0
18.217762318260302,78807.0,272291.0
18.220264758139184,78795.0,272281.0
18.22276719801807,78776.0,272274.0
18.22526963789695,78830.0,272259.0
18.227772077775832,78812.0,272246.0
18.230274517654713,78806.0,272282.0
18.232776957533595,78814.0,272308.0
18.235279397412476,78807.0,272268.0
18.237781837291358,78828.0,272258.0
18.24028427717024,78839.0,272259.0
18.24278671704912,78849.0,272259.0
18.245289156928003,78878.0,272285.0
18.247791596806888,78869.0,272270.0
18.25029403668577,78882.0,272292.0
18.25279647656465,78906.0,272289.0
18.255298916443532,78923.0,272250.0
18.257801356322414,78931.0,272274.0
18.260303796201296,78928.0,272264.0
18.262806236080177,78908.0,272289.0
18.26530867595906,78947.0,272292.0
18.26781111583794,78963.0,272273.0
18.27031355571682,78966.0,272287.0
18.272815995595707,78996.0,272281.0
18.27531843547459,78981.0,272319.0
18.27782087535347,79002.0,272291.0
18.28032331523235,79027.0,272303.0
18.282825755111233,79039.0,272296.0
18.285328194990115,79033.0,272300.0
18.287830634868996,79063.0,272283.0
18.290333074747878,79068.0,272284.0
18.29283551462676,79061.0,272279.0
18.29533795450564,79078.0,272301.0
18.297840394384526,79101.0,272290.0
18.300342834263407,79112.0,272282.0
18.30284527414229,79124.0,272312.0
18.30534771402117,79138.0,272293.0
18.307850153900052,79150.0,272304.0
18.310352593778934,79164.0,272298.0
18.312855033657815,79167.0,272283.0
18.315357473536697,79169.0,272295.0
18.317859913415578,79174.0,272299.0
18.32036235329446,79168.0,272261.0
18.322864793173345,79211.0,272283.0
18.325367233052226,79216.0,272299.0
18.327869672931108,79216.0,272277.0
18.33037211280999,79227.0,272296.0
18.33287455268887,79208.0,272273.0
18.335376992567753,79235.0,272283.0
18.337879432446634,79235.0,272289.0
18.340381872325516,79237.0,272307.0
18.342884312204397,79276.0,272301.0
18.345386752083282,79306.0,272292.0
18.347889191962164,79284.0,272307.0
18.350391631841045,79301.0,272256.0
18.352894071719927,79296.0,272281.0
18.35539651159881,79308.0,272297.0
18.35789895147769,79317.0,272266.0
18.36040139135657,79332.0,272296.0
18.362903831235453,79353.0,272253.0
18.365406271114335,79355.0,272295.0
18.367908710993216,79353.0,272289.0
18.3704111508721,79379.0,272293.0
18.372913590750983,79371.0,272273.0
18.375416030629864,79380.0,272291.0
18.377918470508746,79403.0,272268.0
18.380420910387627,79429.0,272277.0
18.38292335026651,79446.0,272283.0
18.38542579014539,79458.0,272275.0
18.387928230024272,79451.0,272269.0
18.390430669903154,79472.0,272284.0
18.392933109782035,79478.0,272256.0
18.39543554966092,79484.0,272270.0
18.397937989539802,79510.0,272294.0
18.400440429418683,79523.0,272281.0
18.402942869297565,79530.0,272265.0
18.405445309176447,79562.0,272274.0
18.407947749055328,79543.0,272284.0
18.41045018893421,79581.0,272277.0
18.41295262881309,79601.0,272287.0
18.415455068691973,79595.0,272292.0
18.417957508570854,79632.0,272291.0
18.42045994844974,79649.0,272302.0
18.42296238832862,79635.0,272303.0
18.425464828207502,79688.0,272277.0
18.427967268086384,79672.0,272255.0
18.430469707965266,79687.0,272282.0
18.432972147844147,79715.0,272291.0
18.43547458772303,79735.0,272289.0
18.43797702760191,79761.0,272290.0
18.44047946748079,79761.0,272296.0
18.442981907359677,79774.0,272313.0
18.44548434723856,79799.0,272285.0
18.44798678711744,79823.0,272318.0
18.45048922699632,79841.0,272295.0
18.452991666875203,79846.0,272305.0
18.455494106754085,79882.0,272283.0
18.457996546632966,79884.0,272278.0
18.460498986511848,79907.0,272320.0
18.46300142639073,79904.0,272298.0
18.46550386626961,79913.0,272322.0
18.468006306148496,79972.0,272303.0
18.470508746027377,79978.0,272307.0
18.47301118590626,79974.0,272307.0
18.47551362578514,80004.0,272318.0
18.478016065664022,80026.0,272327.0
18.480518505542904,80048.0,272288.0
18.483020945421785,80063.0,272314.0
18.485523385300667,80084.0,272283.0
18.488025825179548,80103.0,272307.0
18.49052826505843,80122.0,272320.0
18.493030704937315,80152.0,272332.0
18.495533144816196,80152.0,272334.0
18.498035584695078,80191.0,272312.0
18.50053802457396,80199.0,272329.0
18.50304046445284,80215.0,272317.0
18.505542904331723,80221.0,272315.0
18.508045344210604,80243.0,272293.0
18.510547784089486,80281.0,272337.0
18.513050223968367,80289.0,272337.0
18.51555266384725,80297.0,272309.0
18.518055103726134,80315.0,272329.0
18.520557543605015,80334.0,272310.0
18.523059983483897,80338.0,272298.0
18.52556242336278,80389.0,272319.0
18.52806486324166,80389.0,272327.0
18.53056730312054,80410.0,272329.0
18.533069742999423,80433.0,272325.0
18.535572182878305,80436.0,272322.0
18.538074622757186,80451.0,272345.0
18.54057706263607,80471.0,272292.0
18.543079502514953,80512.0,272323.0
18.545581942393834,80493.0,272343.0
18.548084382272716,80524.0,272341.0
18.550586822151597,80535.0,272337.0
18.55308926203048,80573.0,272362.0
18.55559170190936,80579.0,272335.0
18.558094141788242,80576.0,272313.0
18.560596581667124,80619.0,272320.0
18.563099021546005,80642.0,272346.0
18.56560146142489,80640.0,272362.0
18.568103901303772,80692.0,272331.0
18.570606341182653,80694.0,272339.0
18.573108781061535,80694.0,272345.0
18.575611220940417,80703.0,272329.0
18.578113660819298,80728.0,272334.0
18.58061610069818,80751.0,272363.0
18.58311854057706,80760.0,272340.0
18.585620980455943,80777.0,272343.0
18.588123420334824,80815.0,272340.0
18.59062586021371,80812.0,272322.0
18.59312830009259,80846.0,272312.0
18.595630739971472,80863.0,272351.0
18.598133179850354,80876.0,272321.0
18.600635619729236,80901.0,272320.0
18.603138059608117,80913.0,272389.0
18.605640499487,80943.0,272368.0
18.60814293936588,80946.0,272356.0
18.61064537924476,80978.0,272380.0
18.613147819123643,80980.0,272352.0
18.61565025900253,81002.0,272361.0
18.61815269888141,81003.0,272370.0
18.62065513876029,81029.0,272365.0
18.623157578639173,81056.0,272334.0
18.625660018518055,81060.0,272332.0
18.628162458396936,81088.0,272355.0
18.630664898275818,81098.0,272350.0
18.6331673381547,81102.0,272343.0
18.63566977803358,81145.0,272366.0
18.638172217912462,81143.0,272342.0
18.640674657791347,81174.0,272318.0
18.64317709767023,81169.0,272360.0
18.64567953754911,81196.0,272326.0
18.648181977427992,81230.0,272375.0
18.650684417306874,81254.0,272325.0
18.653186857185755,81258.0,272331.0
18.655689297064637,81215.0,272345.0
18.658191736943518,81259.0,272341.0
18.6606941768224,81298.0,272334.0
18.663196616701285,81294.0,272341.0
18.665699056580166,81317.0,272340.0
18.668201496459048,81344.0,272358.0
18.67070393633793,81366.0,272331.0
18.67320637621681,81354.0,272315.0
18.675708816095693,81356.0,272321.0
18.678211255974574,81403.0,272292.0
18.680713695853456,81416.0,272306.0
18.683216135732337,81416.0,272331.0
18.68571857561122,81442.0,272321.0
18.688221015490104,81450.0,272326.0
18.690723455368985,81492.0,272330.0
18.693225895247867,81475.0,272324.0
18.69572833512675,81512.0,272332.0
18.69823077500563,81526.0,272344.0
18.70073321488451,81545.0,272335.0
18.703235654763393,81565.0,272322.0
18.705738094642275,81577.0,272306.0
18.708240534521156,81587.0,272322.0
18.710742974400038,81612.0,272323.0
18.713245414278923,81625.0,272346.0
18.715747854157804,81632.0,272313.0
18.718250294036686,81683.0,272337.0
18.720752733915567,81702.0,272341.0
18.72325517379445,81685.0,272333.0
18.72575761367333,81725.0,272346.0
18.728260053552212,81740.0,272335.0
18.730762493431094,81741.0,272364.0
18.733264933309975,81766.0,272354.0
18.735767373188857,81773.0,272328.0
18.738269813067742,81784.0,272354.0
18.740772252946623,81801.0,272381.0
18.743274692825505,81794.0,272358.0
18.745777132704387,81812.0,272345.0
18.748279572583268,81843.0,272360.0
18.75078201246215,81842.0,272334.0
18.75328445234103,81874.0,272366.0
18.755786892219913,81884.0,272345.0
18.758289332098794,81884.0,272341.0
18.76079177197768,81909.0,272353.0
18.76329421185656,81911.0,272368.0
18.765796651735442,81912.0,272351.0
18.768299091614324,81949.0,272372.0
18.770801531493206,81943.0,272354.0
18.773303971372087,81951.0,272333.0
18.77580641125097,81920.0,272349.0
18.77830885112985,81928.0,272369.0
18.78081129100873,81940.0,272338.0
18.783313730887613,81914.0,272358.0
18.7858161707665,81919.0,272382.0
18.78831861064538,81870.0,272342.0
18.79082105052426,81888.0,272369.0
18.793323490403143,81890.0,272351.0
18.795825930282025,81829.0,272367.0
18.798328370160906,81825.0,272362.0
18.800830810039788,81809.0,272368.0
18.80333324991867,81798.0,272355.0
18.80583568979755,81766.0,272363.0
18.808338129676432,81725.0,272354.0
18.810840569555317,81710.0,272347.0
18.8133430094342,81673.0,272379.0
18.81584544931308,81651.0,272376.0
18.818347889191962,81610.0,272409.0
18.820850329070844,81591.0,272362.0
18.823352768949725,81533.0,272364.0
18.825855208828607,81496.0,272359.0
18.828357648707488,81501.0,272355.0
18.83086008858637,81450.0,272360.0
18.83336252846525,81415.0,272378.0
18.835864968344136,81378.0,272375.0
18.838367408223018,81338.0,272349.0
18.8408698481019,81299.0,272347.0
18.84337228798078,81275.0,272329.0
18.845874727859663,81230.0,272348.0
18.848377167738544,81200.0,272341.0
18.850879607617426,81153.0,272341.0
18.853382047496307,81129.0,272342.0
18.85588448737519,81079.0,272354.0
18.858386927254074,81044.0,272332.0
18.860889367132955,81041.0,272346.0
18.863391807011837,80992.0,272368.0
18.86589424689072,80983.0,272341.0
18.8683966867696,80937.0,272322.0
18.87089912664848,80931.0,272338.0
18.873401566527363,80884.0,272318.0
18.875904006406245,80840.0,272335.0
18.878406446285126,80820.0,272313.0
18.880908886164008,80847.0,272338.0
18.883411326042893,80769.0,272334.0
18.885913765921774,80778.0,272346.0
18.888416205800656,80761.0,272314.0
18.890918645679537,80734.0,272343.0
18.89342108555842,80710.0,272340.0
18.8959235254373,80719.0,272298.0
18.898425965316182,80690.0,272313.0
18.900928405195064,80664.0,272341.0
18.903430845073945,80651.0,272325.0
18.905933284952827,80647.0,272337.0
18.908435724831712,80642.0,272343.0
18.910938164710593,80605.0,272348.0
18.913440604589475,80581.0,272305.0
18.915943044468357,80561.0,272290.0
18.918445484347238,80557.0,272318.0
18.92094792422612,80543.0,272321.0
18.923450364105,80548.0,272318.0
18.925952803983883,80550.0,272311.0
18.928455243862764,80539.0,272329.0
18.930957683741646,80520.0,272320.0
18.93346012362053,80519.0,272329.0
18.935962563499412,80482.0,272332.0
18.938465003378294,80480.0,272333.0
18.940967443257176,80496.0,272352.0
18.943469883136057,80486.0,272308.0
18.94597232301494,80470.0,272306.0
18.94847476289382,80482.0,272312.0
18.9509772027727,80462.0,272339.0
18.953479642651583,80449.0,272336.0
18.955982082530465,80467.0,272318.0
18.95848452240935,80459.0,272357.0
18.96098696228823,80455.0,272310.0
18.963489402167113,80451.0,272338.0
18.965991842045995,80452.0,272313.0
18.968494281924876,80427.0,272328.0
18.970996721803758,80452.0,272331.0
18.97349916168264,80449.0,272342.0
18.97600160156152,80437.0,272313.0
18.978504041440402,80462.0,272337.0
18.981006481319287,80471.0,272319.0
18.98350892119817,80475.0,272325.0
18.98601136107705,80486.0,272337.0
18.988513800955932,80499.0,272324.0
18.991016240834814,80509.0,272319.0
18.993518680713695,80520.0,272325.0
18.996021120592577,80507.0,272309.0
18.998523560471458,80525.0,272306.0
19.00102600035034,80529.0,272324.0
19.00352844022922,80560.0,272344.0
19.006030880108106,80563.0,272295.0
19.008533319986988,80602.0,272350.0
19.01103575986587,80589.0,272328.0
19.01353819974475,80603.0,272325.0
19.016040639623633,80588.0,272345.0
19.018543079502514,80607.0,272334.0
19.021045519381396,80614.0,272337.0
19.023547959260277,80636.0,272336.0
19.02605039913916,80668.0,272348.0
19.02855283901804,80635.0,272350.0
19.031055278896925,80688.0,272354.0
19.033557718775807,80694.0,272357.0
19.03606015865469,80676.0,272363.0
19.03856259853357,80675.0,272381.0
19.04106503841245,80700.0,272340.0
19.043567478291333,80747.0,272336.0
19.046069918170215,80728.0,272380.0
19.048572358049096,80711.0,272361.0
19.051074797927978,80728.0,272351.0
19.05357723780686,80744.0,272396.0
19.056079677685744,80745.0,272344.0
19.058582117564626,80776.0,272337.0
19.061084557443507,80770.0,272353.0
19.06358699732239,80777.0,272338.0
19.06608943720127,80783.0,272357.0
19.068591877080152,80779.0,272358.0
19.071094316959034,80810.0,272362.0
19.073596756837915,80802.0,272367.0
19.076099196716797,80797.0,272334.0
19.078601636595682,80816.0,272348.0
19.081104076474563,80803.0,272342.0
19.083606516353445,80817.0,272317.0
19.086108956232327,80830.0,272338.0
19.088611396111208,80838.0,272330.0
19.09111383599009,80839.0,272365.0
19.09361627586897,80847.0,272335.0
19.096118715747853,80834.0,272372.0
19.098621155626734,80841.0,272340.0
19.101123595505616,80867.0,272340.0
19.1036260353845,80871.0,272359.0
19.106128475263382,80887.0,272348.0
19.108630915142264,80881.0,272355.0
19.111133355021146,80903.0,272328.0
19.113635794900027,80903.0,272349.0
19.11613823477891,80894.0,272338.0
19.11864067465779,80911.0,272332.0
19.12114311453667,80921.0,272366.0
19.123645554415553,80923.0,272355.0
19.126147994294435,80926.0,272324.0
19.12865043417332,80951.0,272363.0
19.1311528740522,80934.0,272348.0
19.133655313931083,80977.0,272342.0
19.136157753809965,80969.0,272339.0
19.138660193688846,80974.0,272344.0
19.141162633567728,80979.0,272356.0
19.14366507344661,80981.0,272371.0
19.14616751332549,81007.0,272347.0
19.148669953204372,80994.0,272364.0
19.151172393083254,81017.0,272342.0
19.15367483296214,81020.0,272331.0
19.15617727284102,81014.0,272356.0
19.158679712719902,81032.0,272346.0
19.161182152598784,81044.0,272335.0
19.163684592477665,81054.0,272352.0
19.166187032356547,81047.0,272358.0
19.168689472235428,81066.0,272350.0
19.17119191211431,81097.0,272330.0
19.17369435199319,81105.0,272361.0
19.176196791872076,81110.0,272342.0
19.178699231750958,81089.0,272370.0
19.18120167162984,81110.0,272357.0
19.18370411150872,81126.0,272341.0
19.186206551387603,81136.0,272346.0
19.188708991266484,81138.0,272358.0
19.191211431145366,81174.0,272371.0
19.193713871024247,81156.0,272382.0
19.19621631090313,81200.0,272405.0
19.19871875078201,81176.0,272374.0
19.201221190660895,81219.0,272364.0
19.203723630539777,81231.0,272355.0
19.20622607041866,81225.0,272384.0
19.20872851029754,81260.0,272395.0
19.21123095017642,81286.0,272379.0
19.213733390055303,81278.0,272390.0
19.216235829934185,81271.0,272358.0
19.218738269813066,81274.0,272378.0
19.221240709691948,81290.0,272367.0
19.22374314957083,81315.0,272377.0
19.226245589449714,81337.0,272394.0
19.228748029328596,81354.0,272372.0
19.231250469207477,81348.0,272377.0
19.23375290908636,81359.0,272357.0
19.23625534896524,81374.0,272376.0
19.238757788844122,81394.0,272379.0
19.241260228723004,81394.0,272359.0
19.243762668601885,81436.0,272365.0
19.246265108480767,81404.0,272371.0
19.24876754835965,81455.0,272382.0
19.251269988238533,81479.0,272378.0
19.253772428117415,81470.0,272370.0
19.256274867996297,81476.0,272379.0
19.258777307875178,81515.0,272393.0
19.26127974775406,81521.0,272385.0
19.26378218763294,81505.0,272365.0
19.266284627511823,81553.0,272380.0
19.268787067390704,81523.0,272372.0
19.271289507269586,81550.0,272381.0
19.273791947148467,81577.0,272388.0
19.276294387027352,81571.0,272406.0
19.278796826906234,81574.0,272369.0
19.281299266785116,81589.0,272373.0
19.283801706663997,81594.0,272401.0
19.28630414654288,81636.0,272394.0
19.28880658642176,81614.0,272394.0
19.29130902630064,81657.0,272384.0
19.293811466179523,81686.0,272383.0
19.296313906058405,81665.0,272430.0
19.29881634593729,81667.0,272381.0
19.30131878581617,81689.0,272391.0
19.303821225695053,81713.0,272382.0
19.306323665573935,81700.0,272387.0
19.308826105452816,81720.0,272388.0
19.311328545331698,81736.0,272397.0
19.31383098521058,81742.0,272376.0
19.31633342508946,81756.0,272410.0
19.318835864968342,81757.0,272398.0
19.321338304847224,81768.0,272410.0
19.32384074472611,81813.0,272404.0
19.32634318460499,81829.0,272422.0
19.328845624483872,81823.0,272410.0
19.331348064362754,81838.0,272415.0
19.333850504241635,81840.0,272407.0
19.336352944120517,81846.0,272394.0
19.338855383999398,81858.0,272391.0
19.34135782387828,81882.0,272414.0
19.34386026375716,81875.0,272389.0
19.346362703636043,81913.0,272412.0
19.348865143514928,81904.0,272409.0
19.35136758339381,81927.0,272411.0
19.35387002327269,81925.0,272436.0
19.356372463151573,81960.0,272407.0
19.358874903030454,81963.0,272417.0
19.361377342909336,81964.0,272388.0
19.363879782788217,81995.0,272398.0
19.3663822226671,81984.0,272398.0
19.36888466254598,82011.0,272386.0
19.371387102424862,82037.0,272405.0
19.373889542303747,82037.0,272424.0
19.37639198218263,82014.0,272398.0
19.37889442206151,82059.0,272404.0
19.38139686194039,82058.0,272402.0
19.383899301819273,82094.0,272375.0
19.386401741698155,82104.0,272384.0
19.388904181577036,82116.0,272415.0
19.391406621455918,82129.0,272406.0
19.3939090613348,82153.0,272402.0
19.396411501213684,82160.0,272403.0
19.398913941092566,82148.0,272409.0
19.401416380971447,82180.0,272411.0
19.40391882085033,82189.0,272399.0
19.40642126072921,82194.0,272418.0
19.408923700608092,82207.0,272430.0
19.411426140486974,82224.0,272417.0
19.413928580365855,82232.0,272410.0
19.416431020244737,82255.0,272409.0
19.41893346012362,82262.0,272409.0
19.421435900002503,82259.0,272417.0
19.423938339881385,82307.0,272419.0
19.426440779760267,82304.0,272410.0
19.428943219639148,82310.0,272416.0
19.43144565951803,82331.0,272424.0
19.43394809939691,82338.0,272411.0
19.436450539275793,82330.0,272433.0
19.438952979154674,82343.0,272425.0
19.441455419033556,82375.0,272438.0
19.443957858912437,82389.0,272439.0
19.446460298791322,82390.0,272431.0
19.448962738670204,82386.0,272409.0
19.451465178549086,82386.0,272428.0
19.453967618427967,82424.0,272414.0
19.45647005830685,82442.0,272434.0
19.45897249818573,82446.0,272444.0
19.46147493806461,82451.0,272448.0
19.463977377943493,82477.0,272421.0
19.466479817822375,82514.0,272429.0
19.468982257701256,82519.0,272447.0
19.47148469758014,82531.0,272454.0
19.473987137459023,82523.0,272421.0
19.476489577337905,82535.0,272441.0
19.478992017216786,82530.0,272446.0
19.481494457095668,82554.0,272391.0
19.48399689697455,82575.0,272414.0
19.48649933685343,82593.0,272459.0
19.489001776732312,82568.0,272441.0
19.491504216611194,82594.0,272429.0
19.49400665649008,82611.0,272453.0
19.49650909636896,82595.0,272446.0
19.499011536247842,82622.0,272447.0
19.501513976126724,82614.0,272423.0
19.504016416005605,82626.0,272444.0
19.506518855884487,82625.0,272436.0
19.509021295763368,82621.0,272453.0
19.51152373564225,82616.0,272434.0
19.51402617552113,82594.0,272435.0
19.516528615400013,82600.0,272425.0
19.519031055278898,82583.0,272437.0
19.52153349515778,82612.0,272452.0
19.52403593503666,82567.0,272444.0
19.526538374915543,82554.0,272445.0
19.529040814794424,82544.0,272458.0
19.531543254673306,82542.0,272460.0
19.534045694552187,82496.0,272437.0
19.53654813443107,82473.0,272450.0
19.53905057430995,82435.0,272472.0
19.541553014188832,82387.0,272453.0
19.544055454067717,82362.0,272475.0
19.5465578939466,82348.0,272463.0
19.54906033382548,82296.0,272426.0
19.55156277370436,82255.0,272453.0
19.554065213583243,82183.0,272457.0
19.556567653462125,82182.0,272468.0
19.559070093341006,82124.0,272466.0
19.561572533219888,82111.0,272470.0
19.56407497309877,82031.0,272435.0
19.56657741297765,81977.0,272431.0
19.569079852856536,81932.0,272432.0
19.571582292735417,81886.0,272447.0
19.5740847326143,81824.0,272469.0
19.57658717249318,81768.0,272456.0
19.579089612372062,81724.0,272437.0
19.581592052250944,81672.0,272425.0
19.584094492129825,81622.0,272424.0
19.586596932008707,81566.0,272395.0
19.58909937188759,81508.0,272420.0
19.591601811766473,81463.0,272429.0
19.594104251645355,81404.0,272452.0
19.596606691524237,81348.0,272426.0
19.599109131403118,81311.0,272419.0
19.601611571282,81247.0,272413.0
19.60411401116088,81216.0,272416.0
19.606616451039763,81165.0,272414.0
19.609118890918644,81134.0,272397.0
19.611621330797526,81090.0,272408.0
19.614123770676407,81046.0,272373.0
19.616626210555292,81007.0,272407.0
19.619128650434174,80966.0,272397.0
19.621631090313056,80937.0,272405.0
19.624133530191937,80908.0,272383.0
19.62663597007082,80878.0,272378.0
19.6291384099497,80826.0,272408.0
19.63164084982858,80816.0,272398.0
19.634143289707463,80774.0,272399.0
19.636645729586345,80761.0,272370.0
19.639148169465226,80710.0,272383.0
19.64165060934411,80690.0,272399.0
19.644153049222993,80661.0,272362.0
19.646655489101875,80633.0,272396.0
19.649157928980756,80600.0,272384.0
19.651660368859638,80574.0,272386.0
19.65416280873852,80554.0,272390.0
19.6566652486174,80541.0,272396.0
19.659167688496282,80499.0,272348.0
19.661670128375164,80504.0,272359.0
19.664172568254045,80466.0,272379.0
19.66667500813293,80469.0,272377.0
19.669177448011812,80436.0,272355.0
19.671679887890694,80431.0,272360.0
19.674182327769575,80414.0,272385.0
19.676684767648457,80386.0,272338.0
19.679187207527338,80365.0,272360.0
19.68168964740622,80349.0,272360.0
19.6841920872851,80330.0,272370.0
19.686694527163983,80317.0,272348.0
19.689196967042864,80298.0,272355.0
19.69169940692175,80279.0,272366.0
19.69420184680063,80276.0,272366.0
19.696704286679513,80236.0,272354.0
19.699206726558394,80250.0,272338.0
19.701709166437276,80251.0,272308.0
19.704211606316157,80232.0,272351.0
19.70671404619504,80245.0,272333.0
19.70921648607392,80232.0,272335.0
19.711718925952802,80215.0,272337.0
19.714221365831687,80205.0,272361.0
19.71672380571057,80196.0,272338.0
19.71922624558945,80214.0,272328.0
19.72172868546833,80218.0,272309.0
19.724231125347213,80197.0,272323.0
19.726733565226095,80217.0,272317.0
19.729236005104976,80213.0,272326.0
19.731738444983858,80221.0,272355.0
19.73424088486274,80238.0,272325.0
19.73674332474162,80217.0,272315.0
19.739245764620506,80225.0,272335.0
19.741748204499387,80225.0,272310.0
19.74425064437827,80246.0,272321.0
19.74675308425715,80240.0,272305.0
19.749255524136032,80256.0,272352.0
19.751757964014914,80265.0,272310.0
19.754260403893795,80275.0,272303.0
19.756762843772677,80290.0,272311.0
19.75926528365156,80288.0,272310.0
19.76176772353044,80280.0,272313.0
19.764270163409325,80286.0,272305.0
19.766772603288207,80289.0,272322.0
19.769275043167088,80292.0,272324.0
19.77177748304597,80298.0,272318.0
19.77427992292485,80331.0,272301.0
19.776782362803733,80301.0,272307.0
19.779284802682614,80329.0,272316.0
19.781787242561496,80318.0,272334.0
19.784289682440377,80348.0,272332.0
19.78679212231926,80342.0,272313.0
19.789294562198144,80341.0,272293.0
19.791797002077026,80370.0,272329.0
19.794299441955907,80360.0,272335.0
19.79680188183479,80367.0,272312.0
19.79930432171367,80394.0,272315.0
19.80180676159255,80367.0,272314.0
19.804309201471433,80386.0,272320.0
19.806811641350315,80386.0,272341.0
19.809314081229196,80398.0,272332.0
19.81181652110808,80374.0,272358.0
19.814318960986963,80387.0,272344.0
19.816821400865845,80399.0,272339.0
19.819323840744726,80383.0,272340.0
19.821826280623608,80395.0,272299.0
19.82432872050249,80387.0,272317.0
19.82683116038137,80395.0,272351.0
19.829333600260252,80417.0,272324.0
19.831836040139134,80415.0,272348.0
19.834338480018015,80413.0,272356.0
19.8368409198969,80417.0,272356.0
19.839343359775782,80422.0,272361.0
19.841845799654664,80403.0,272355.0
19.844348239533545,80416.0,272386.0
19.846850679412427,80416.0,272344.0
19.849353119291308,80427.0,272385.0
19.85185555917019,80430.0,272336.0
19.85435799904907,80422.0,272354.0
19.856860438927953,80454.0,272366.0
19.859362878806834,80419.0,272364.0
19.86186531868572,80470.0,272362.0
19.8643677585646,80464.0,272359.0
19.866870198443483,80447.0,272372.0
19.869372638322364,80464.0,272342.0
19.871875078201246,80466.0,272348.0
19.874377518080127,80464.0,272350.0
19.87687995795901,80476.0,272329.0
19.87938239783789,80461.0,272376.0
19.881884837716772,80461.0,272365.0
19.884387277595653,80466.0,272347.0
19.88688971747454,80483.0,272349.0
19.88939215735342,80513.0,272374.0
19.8918945972323,80499.0,272353.0
19.894397037111183,80517.0,272376.0
19.896899476990065,80537.0,272362.0
19.899401916868946,80545.0,272381.0
19.901904356747828,80536.0,272370.0
19.90440679662671,80557.0,272345.0
19.90690923650559,80552.0,272351.0
19.909411676384476,80570.0,272372.0
19.911914116263357,80579.0,272373.0
19.91441655614224,80570.0,272371.0
19.91691899602112,80606.0,272349.0
19.919421435900002,80590.0,272398.0
19.921923875778884,80603.0,272373.0
19.924426315657765,80615.0,272356.0
19.926928755536647,80637.0,272371.0
19.92943119541553,80642.0,272382.0
19.93193363529441,80650.0,272383.0
19.934436075173295,80655.0,272373.0
19.936938515052177,80659.0,272367.0
19.939440954931058,80686.0,272399.0
19.94194339480994,80691.0,272396.0
19.94444583468882,80689.0,272370.0
19.946948274567703,80709.0,272392.0
19.949450714446584,80725.0,272382.0
19.951953154325466,80720.0,272355.0
19.954455594204347,80751.0,272403.0
19.95695803408323,80761.0,272393.0
19.959460473962114,80752.0,272405.0
19.961962913840996,80759.0,272409.0
19.964465353719877,80769.0,272376.0
19.96696779359876,80786.0,272401.0
19.96947023347764,80779.0,272384.0
19.97197267335652,80808.0,272391.0
19.974475113235403,80799.0,272414.0
19.976977553114285,80821.0,272395.0
19.979479992993166,80833.0,272411.0
19.981982432872048,80841.0,272414.0
19.984484872750933,80850.0,272394.0
19.986987312629815,80869.0,272371.0
19.989489752508696,80896.0,272389.0
19.991992192387578,80896.0,272379.0
19.99449463226646,80908.0,272383.0
19.99699707214534,80909.0,272399.0
19.999499512024222,80911.0,272358.0
20.002001951903104,80922.0,272373.0
20.004504391781985,80936.0,272372.0
20.007006831660867,80952.0,272385.0
20.009509271539752,80984.0,272397.0
20.012011711418634,80970.0,272394.0
20.014514151297515,80984.0,272385.0
20.017016591176397,81028.0,272380.0
20.019519031055278,81031.0,272388.0
20.02202147093416,81029.0,272384.0
20.02452391081304,81054.0,272396.0
20.027026350691923,81063.0,272404.0
20.029528790570804,81120.0,272387.0
20.03203123044969,81076.0,272420.0
20.03453367032857,81074.0,272380.0
20.037036110207453,81105.0,272444.0
20.039538550086334,81134.0,272402.0
20.042040989965216,81133.0,272426.0
20.044543429844097,81163.0,272419.0
20.04704586972298,81156.0,272396.0
20.04954830960186,81213.0,272387.0
20.052050749480742,81222.0,272425.0
20.054553189359623,81215.0,272389.0
20.05705562923851,81224.0,272416.0
20.05955806911739,81218.0,272403.0
20.06206050899627,81226.0,272389.0
20.064562948875153,81240.0,272378.0
20.067065388754035,81255.0,272398.0
20.069567828632916,81283.0,272417.0
20.072070268511798,81301.0,272397.0
20.07457270839068,81297.0,272405.0
20.07707514826956,81338.0,272388.0
20.079577588148442,81333.0,272402.0
20.082080028027328,81330.0,272411.0
20.08458246790621,81348.0,272406.0
20.08708490778509,81381.0,272404.0
20.089587347663972,81394.0,272419.0
20.092089787542854,81387.0,272405.0
20.094592227421735,81413.0,272427.0
20.097094667300617,81399.0,272424.0
20.0995971071795,81432.0,272398.0
20.10209954705838,81450.0,272408.0
20.10460198693726,81466.0,272392.0
20.107104426816147,81458.0,272425.0
20.109606866695028,81507.0,272415.0
20.11210930657391,81510.0,272410.0
20.11461174645279,81537.0,272432.0
20.117114186331673,81519.0,272430.0
20.119616626210554,81571.0,272423.0
20.122119066089436,81550.0,272403.0
20.124621505968317,81580.0,272399.0
20.1271239458472,81594.0,272395.0
20.129626385726084,81604.0,272390.0
20.132128825604966,81600.0,272415.0
20.134631265483847,81635.0,272412.0
20.13713370536273,81650.0,272410.0
20.13963614524161,81658.0,272407.0
20.14213858512049,81643.0,272399.0
20.144641024999373,81665.0,272418.0
20.147143464878255,81688.0,272430.0
20.149645904757136,81702.0,272384.0
20.152148344636018,81748.0,272415.0
20.154650784514903,81726.0,272426.0
20.157153224393785,81755.0,272404.0
20.159655664272666,81778.0,272413.0
20.162158104151548,81769.0,272423.0
20.16466054403043,81801.0,272418.0
20.16716298390931,81800.0,272411.0
20.169665423788192,81809.0,272394.0
20.172167863667074,81860.0,272397.0
20.174670303545955,81843.0,272419.0
20.177172743424837,81860.0,272429.0
20.179675183303722,81865.0,272413.0
20.182177623182604,81899.0,272413.0
20.184680063061485,81921.0,272441.0
20.187182502940367,81930.0,272404.0
20.189684942819248,81950.0,272414.0
20.19218738269813,81950.0,272440.0
20.19468982257701,81979.0,272419.0
20.197192262455893,81992.0,272432.0
20.199694702334774,82015.0,272424.0
20.202197142213656,82027.0,272425.0
20.20469958209254,82027.0,272452.0
20.207202021971423,82042.0,272436.0
20.209704461850304,82055.0,272431.0
20.212206901729186,82092.0,272429.0
20.214709341608067,82098.0,272472.0
20.21721178148695,82090.0,272416.0
20.21971422136583,82104.0,272435.0
20.222216661244712,82139.0,272441.0
20.224719101123593,82130.0,272429.0
20.22722154100248,82157.0,272464.0
20.22972398088136,82167.0,272472.0
20.23222642076024,82164.0,272451.0
20.234728860639123,82177.0,272462.0
20.237231300518005,82209.0,272445.0
20.239733740396886,82207.0,272469.0
20.242236180275768,82230.0,272466.0
20.24473862015465,82250.0,272464.0
20.24724106003353,82262.0,272449.0
20.249743499912412,82277.0,272446.0
20.252245939791298,82282.0,272443.0
20.25474837967018,82290.0,272452.0
20.25725081954906,82298.0,272448.0
20.259753259427942,82320.0,272445.0
20.262255699306824,82325.0,272433.0
20.264758139185705,82323.0,272469.0
20.267260579064587,82347.0,272471.0
20.26976301894347,82356.0,272464.0
20.27226545882235,82350.0,272448.0
20.27476789870123,82348.0,272451.0
20.277270338580117,82365.0,272439.0
20.279772778458998,82352.0,272451.0
20.28227521833788,82336.0,272450.0
20.28477765821676,82340.0,272451.0
20.287280098095643,82340.0,272430.0
20.289782537974524,82329.0,272465.0
20.292284977853406,82348.0,272448.0
20.294787417732287,82345.0,272453.0
20.29728985761117,82309.0,272458.0
20.29979229749005,82299.0,272458.0
20.302294737368936,82269.0,272483.0
20.304797177247817,82243.0,272467.0
20.3072996171267,82226.0,272464.0
20.30980205700558,82185.0,272478.0
20.31230449688446,82169.0,272470.0
20.314806936763343,82144.0,272451.0
20.317309376642225,82117.0,272457.0
20.319811816521106,82042.0,272479.0
20.322314256399988,82023.0,272439.0
20.32481669627887,81992.0,272441.0
20.327319136157755,81933.0,272445.0
20.329821576036636,81859.0,272474.0
20.332324015915518,81827.0,272434.0
20.3348264557944,81784.0,272457.0
20.33732889567328,81754.0,272460.0
20.339831335552162,81679.0,272457.0
20.342333775431044,81615.0,272435.0
20.344836215309925,81584.0,272485.0
20.347338655188807,81537.0,272433.0
20.349841095067692,81476.0,272441.0
20.352343534946574,81428.0,272421.0
20.354845974825455,81375.0,272430.0
20.357348414704337,81355.0,272445.0
20.359850854583218,81300.0,272441.0
20.3623532944621,81229.0,272448.0
20.36485573434098,81169.0,272452.0
20.367358174219863,81122.0,272447.0
20.369860614098744,81076.0,272427.0
20.372363053977626,81021.0,272442.0
20.37486549385651,81002.0,272429.0
20.377367933735393,80929.0,272398.0
20.379870373614274,80886.0,272407.0
20.382372813493156,80843.0,272431.0
20.384875253372037,80807.0,272442.0
20.38737769325092,80772.0,272448.0
20.3898801331298,80748.0,272407.0
20.392382573008682,80688.0,272426.0
20.394885012887563,80651.0,272458.0
20.397387452766445,80613.0,272434.0
20.39988989264533,80585.0,272443.0
20.40239233252421,80539.0,272432.0
20.404894772403093,80523.0,272439.0
20.407397212281975,80450.0,272416.0
20.409899652160856,80445.0,272416.0
20.412402092039738,80405.0,272410.0
20.41490453191862,80379.0,272408.0
20.4174069717975,80330.0,272428.0
20.419909411676382,80322.0,272416.0
20.422411851555264,80291.0,272400.0
20.42491429143415,80272.0,272429.0
20.42741673131303,80210.0,272399.0
20.429919171191912,80202.0,272411.0
20.432421611070794,80191.0,272390.0
20.434924050949675,80128.0,272402.0
20.437426490828557,80121.0,272418.0
20.43992893070744,80083.0,272401.0
20.44243137058632,80070.0,272403.0
20.4449338104652,80035.0,272388.0
20.447436250344087,80028.0,272392.0
20.449938690222968,80005.0,272409.0
20.45244113010185,79985.0,272397.0
20.45494356998073,79977.0,272389.0
20.457446009859613,79951.0,272404.0
20.459948449738494,79933.0,272398.0
20.462450889617376,79875.0,272384.0
20.464953329496257,79877.0,272381.0
20.46745576937514,79860.0,272386.0
20.46995820925402,79833.0,272362.0
20.472460649132906,79813.0,272389.0
20.474963089011787,79812.0,272354.0
20.47746552889067,79798.0,272388.0
20.47996796876955,79784.0,272390.0
20.48247040864843,79775.0,272391.0
20.484972848527313,79724.0,272378.0
20.487475288406195,79697.0,272359.0
20.489977728285076,79724.0,272358.0
20.492480168163958,79699.0,272353.0
20.49498260804284,79703.0,272353.0
20.497485047921725,79704.0,272388.0
20.499987487800606,79685.0,272345.0
20.502489927679488,79677.0,272376.0
20.50499236755837,79654.0,272355.0
20.50749480743725,79671.0,272348.0
20.509997247316132,79660.0,272382.0
20.512499687195014,79676.0,272344.0
20.515002127073895,79693.0,272350.0
20.517504566952777,79686.0,272352.0
20.52000700683166,79709.0,272362.0
20.522509446710544,79665.0,272373.0
20.525011886589425,79688.0,272334.0
20.527514326468307,79700.0,272344.0
20.530016766347188,79703.0,272344.0
20.53251920622607,79671.0,272341.0
20.53502164610495,79715.0,272370.0
20.537524085983833,79700.0,272341.0
20.540026525862714,79701.0,272345.0
20.542528965741596,79718.0,272357.0
20.54503140562048,79721.0,272351.0
20.547533845499363,79732.0,272344.0
20.550036285378244,79714.0,272356.0
20.552538725257126,79753.0,272369.0
20.555041165136007,79744.0,272366.0
20.55754360501489,79757.0,272383.0
20.56004604489377,79748.0,272360.0
20.562548484772652,79760.0,272352.0
20.565050924651533,79742.0,272364.0
20.567553364530415,79771.0,272353.0
20.5700558044093,79766.0,272377.0
20.57255824428818,79769.0,272356.0
20.575060684167063,79794.0,272336.0
20.577563124045945,79784.0,272356.0
20.580065563924826,79801.0,272353.0
20.582568003803708,79807.0,272368.0
20.58507044368259,79787.0,272364.0
20.58757288356147,79796.0,272356.0
20.590075323440352,79787.0,272385.0
20.592577763319234,79806.0,272372.0
20.59508020319812,79789.0,272373.0
20.597582643077,79816.0,272367.0
20.600085082955882,79807.0,272386.0
20.602587522834764,79778.0,272363.0
20.605089962713645,79792.0,272362.0
20.607592402592527,79800.0,272383.0
20.61009484247141,79806.0,272339.0
20.61259728235029,79789.0,272351.0
20.61509972222917,79822.0,272355.0
20.617602162108053,79781.0,272382.0
20.620104601986938,79805.0,272361.0
20.62260704186582,79815.0,272366.0
20.6251094817447,79805.0,272380.0
20.627611921623583,79825.0,272357.0
20.630114361502464,79820.0,272376.0
20.632616801381346,79827.0,272345.0
20.635119241260227,79821.0,272333.0
20.63762168113911,79850.0,272354.0
20.64012412101799,79823.0,272353.0
20.642626560896872,79842.0,272357.0
20.645129000775757,79846.0,272340.0
20.64763144065464,79823.0,272364.0
20.65013388053352,79851.0,272364.0
20.6526363204124,79836.0,272334.0
20.655138760291283,79857.0,272335.0
20.657641200170165,79861.0,272347.0
20.660143640049046,79841.0,272345.0
20.662646079927928,79887.0,272349.0
20.66514851980681,79864.0,272341.0
20.667650959685695,79847.0,272339.0
20.670153399564576,79888.0,272373.0
20.672655839443458,79864.0,272357.0
20.67515827932234,79905.0,272332.0
20.67766071920122,79893.0,272361.0
20.680163159080102,79876.0,272360.0
20.682665598958984,79918.0,272358.0
20.685168038837865,79898.0,272348.0
20.687670478716747,79902.0,272332.0
20.69017291859563,79925.0,272360.0
20.692675358474514,79925.0,272346.0
20.695177798353395,79931.0,272370.0
20.697680238232277,79943.0,272372.0
20.700182678111158,79952.0,272342.0
20.70268511799004,79969.0,272377.0
20.70518755786892,79977.0,272359.0
20.707689997747803,79986.0,272369.0
20.710192437626684,79980.0,272364.0
20.712694877505566,80004.0,272367.0
20.715197317384447,80015.0,272406.0
20.717699757263333,80019.0,272367.0
20.720202197142214,80020.0,272381.0
20.722704637021096,80018.0,272380.0
20.725207076899977,80033.0,272386.0
20.72770951677886,80067.0,272380.0
20.73021195665774,80052.0,272364.0
20.732714396536622,80078.0,272347.0
20.735216836415503,80094.0,272355.0
20.737719276294385,80118.0,272353.0
20.740221716173266,80099.0,272368.0
20.74272415605215,80122.0,272358.0
20.745226595931033,80110.0,272358.0
20.747729035809915,80152.0,272367.0
20.750231475688796,80169.0,272381.0
20.752733915567678,80171.0,272345.0
20.75523635544656,80162.0,272381.0
20.75773879532544,80193.0,272356.0
20.760241235204322,80207.0,272387.0
20.762743675083204,80210.0,272371.0
20.76524611496209,80224.0,272370.0
20.76774855484097,80240.0,272395.0
20.770250994719852,80237.0,272362.0
20.772753434598734,80245.0,272370.0
20.775255874477615,80256.0,272378.0
20.777758314356497,80276.0,272363.0
20.78026075423538,80275.0,272403.0
20.78276319411426,80275.0,272404.0
20.78526563399314,80318.0,272393.0
20.787768073872023,80344.0,272378.0
20.790270513750908,80338.0,272394.0
20.79277295362979,80356.0,272390.0
20.79527539350867,80345.0,272366.0
20.797777833387553,80384.0,272396.0
20.800280273266434,80394.0,272389.0
20.802782713145316,80406.0,272391.0
20.805285153024197,80397.0,272363.0
20.80778759290308,80402.0,272402.0
20.81029003278196,80417.0,272378.0
20.812792472660842,80444.0,272381.0
20.815294912539727,80448.0,272379.0
20.81779735241861,80504.0,272383.0
20.82029979229749,80484.0,272390.0
20.82280223217637,80505.0,272399.0
20.825304672055253,80513.0,272381.0
20.827807111934135,80504.0,272391.0
20.830309551813016,80534.0,272394.0
20.832811991691898,80542.0,272413.0
20.83531443157078,80562.0,272420.0
20.83781687144966,80572.0,272397.0
20.840319311328546,80584.0,272404.0
20.842821751207428,80575.0,272384.0
20.84532419108631,80598.0,272412.0
20.84782663096519,80614.0,272403.0
20.850329070844072,80631.0,272392.0
20.852831510722954,80657.0,272404.0
20.855333950601835,80644.0,272403.0
20.857836390480717,80666.0,272384.0
20.8603388303596,80699.0,272402.0
20.862841270238484,80705.0,272410.0
20.865343710117365,80704.0,272399.0
20.867846149996247,80705.0,272406.0
20.870348589875128,80738.0,272404.0
20.87285102975401,80737.0,272408.0
20.87535346963289,80757.0,272383.0
20.877855909511773,80755.0,272400.0
20.880358349390654,80773.0,272384.0
20.882860789269536,80776.0,272424.0
20.885363229148417,80804.0,272380.0
20.887865669027303,80796.0,272395.0
20.890368108906184,80827.0,272413.0
20.892870548785066,80865.0,272419.0
20.895372988663947,80865.0,272398.0
20.89787542854283,80847.0,272387.0
20.90037786842171,80867.0,272383.0
20.902880308300592,80881.0,272371.0
20.905382748179473,80883.0,272401.0
20.907885188058355,80900.0,272396.0
20.910387627937236,80907.0,272418.0
20.91289006781612,80910.0,272405.0
20.915392507695003,80951.0,272406.0
20.917894947573885,80925.0,272438.0
20.920397387452766,80975.0,272439.0
20.922899827331648,80960.0,272438.0
20.92540226721053,80986.0,272414.0
20.92790470708941,81002.0,272413.0
20.930407146968292,81012.0,272432.0
20.932909586847174,81019.0,272395.0
20.935412026726056,81047.0,272419.0
20.93791446660494,81061.0,272435.0
20.940416906483822,81065.0,272403.0
20.942919346362704,81076.0,272421.0
20.945421786241585,81102.0,272414.0
20.947924226120467,81134.0,272429.0
20.95042666599935,81110.0,272416.0
20.95292910587823,81110.0,272406.0
20.95543154575711,81163.0,272424.0
20.957933985635993,81145.0,272393.0
20.960436425514875,81156.0,272422.0
20.96293886539376,81164.0,272414.0
20.96544130527264,81176.0,272413.0
20.967943745151523,81193.0,272452.0
20.970446185030404,81217.0,272432.0
20.972948624909286,81217.0,272416.0
20.975451064788167,81247.0,272418.0
20.97795350466705,81261.0,272418.0
20.98045594454593,81274.0,272422.0
20.982958384424812,81271.0,272428.0
20.985460824303697,81287.0,272431.0
20.98796326418258,81307.0,272392.0
20.99046570406146,81304.0,272424.0
20.99296814394034,81329.0,272449.0
20.995470583819223,81328.0,272418.0
20.997973023698105,81370.0,272466.0
21.000475463576986,81368.0,272445.0
21.002977903455868,81411.0,272419.0
21.00548034333475,81415.0,272427.0
21.00798278321363,81414.0,272427.0
21.010485223092516,81444.0,272423.0
21.012987662971398,81448.0,272442.0
21.01549010285028,81472.0,272439.0
21.01799254272916,81460.0,272419.0
21.020494982608042,81473.0,272438.0
21.022997422486924,81511.0,272428.0
21.025499862365805,81499.0,272430.0
21.028002302244687,81523.0,272457.0
21.03050474212357,81537.0,272432.0
21.03300718200245,81555.0,272453.0
21.035509621881335,81560.0,272442.0
21.038012061760217,81583.0,272444.0
21.040514501639098,81588.0,272451.0
21.04301694151798,81599.0,272408.0
21.04551938139686,81642.0,272411.0
21.048021821275743,81636.0,272428.0
21.050524261154624,81619.0,272437.0
21.053026701033506,81666.0,272439.0
21.055529140912387,81650.0,272416.0
21.05803158079127,81666.0,272421.0
21.060534020670154,81665.0,272436.0
21.063036460549036,81704.0,272420.0
21.065538900427917,81701.0,272384.0
21.0680413403068,81711.0,272445.0
21.07054378018568,81727.0,272429.0
21.073046220064562,81739.0,272421.0
21.075548659943443,81744.0,272417.0
21.078051099822325,81741.0,272446.0
21.080553539701206,81761.0,272418.0
21.08305597958009,81758.0,272457.0
21.085558419458973,81779.0,272445.0
21.088060859337855,81750.0,272464.0
21.090563299216736,81767.0,272451.0
21.093065739095618,81790.0,272438.0
21.0955681789745,81773.0,272459.0
21.09807061885338,81773.0,272454.0
21.100573058732262,81750.0,272448.0
21.103075498611144,81741.0,272450.0
21.105577938490026,81733.0,272469.0
21.10808037836891,81711.0,272468.0
21.110582818247792,81697.0,272471.0
21.113085258126674,81683.0,272442.0
21.115587698005555,81629.0,272468.0
21.118090137884437,81635.0,272489.0
21.12059257776332,81580.0,272477.0
21.1230950176422,81552.0,272459.0
21.12559745752108,81502.0,272481.0
21.128099897399963,81466.0,272480.0
21.130602337278845,81440.0,272456.0
21.13310477715773,81389.0,272458.0
21.13560721703661,81343.0,272446.0
21.138109656915493,81314.0,272494.0
21.140612096794374,81228.0,272470.0
21.143114536673256,81200.0,272468.0
21.145616976552137,81140.0,272457.0
21.14811941643102,81107.0,272449.0
21.1506218563099,81055.0,272447.0
21.153124296188782,80971.0,272444.0
21.155626736067664,80911.0,272455.0
21.15812917594655,80877.0,272421.0
21.16063161582543,80819.0,272450.0
21.16313405570431,80751.0,272436.0
21.165636495583193,80727.0,272437.0
21.168138935462075,80658.0,272415.0
21.170641375340956,80599.0,272456.0
21.173143815219838,80549.0,272437.0
21.17564625509872,80500.0,272430.0
21.1781486949776,80450.0,272425.0
21.180651134856486,80396.0,272439.0
21.183153574735368,80352.0,272456.0
21.18565601461425,80298.0,272417.0
21.18815845449313,80261.0,272439.0
21.190660894372012,80211.0,272409.0
21.193163334250894,80160.0,272418.0
21.195665774129775,80128.0,272413.0
21.198168214008657,80089.0,272415.0
21.20067065388754,80041.0,272411.0
21.20317309376642,80004.0,272412.0
21.205675533645305,79957.0,272424.0
21.208177973524187,79903.0,272403.0
21.210680413403068,79893.0,272404.0
21.21318285328195,79858.0,272415.0
21.21568529316083,79820.0,272404.0
21.218187733039713,79782.0,272385.0
21.220690172918594,79759.0,272420.0
21.223192612797476,79741.0,272398.0
21.225695052676357,79672.0,272385.0
21.22819749255524,79666.0,272369.0
21.230699932434124,79622.0,272419.0
21.233202372313006,79602.0,272385.0
21.235704812191887,79560.0,272395.0
21.23820725207077,79551.0,272383.0
21.24070969194965,79484.0,272406.0
21.243212131828532,79479.0,272392.0
21.245714571707413,79427.0,272403.0
21.248217011586295,79430.0,272404.0
21.250719451465176,79415.0,272388.0
21.253221891344058,79351.0,272398.0
21.255724331222943,79358.0,272395.0
21.258226771101825,79330.0,272377.0
21.260729210980706,79305.0,272381.0
21.263231650859588,79275.0,272369.0
21.26573409073847,79254.0,272389.0
21.26823653061735,79223.0,272375.0
21.270738970496232,79200.0,272389.0
21.273241410375114,79197.0,272377.0
21.275743850253996,79185.0,272351.0
21.27824629013288,79159.0,272364.0
21.280748730011762,79146.0,272395.0
21.283251169890644,79135.0,272350.0
21.285753609769525,79089.0,272381.0
21.288256049648407,79088.0,272419.0
21.29075848952729,79079.0,272342.0
21.29326092940617,79063.0,272344.0
21.29576336928505,79035.0,272369.0
21.298265809163933,79014.0,272337.0
21.300768249042815,79018.0,272372.0
21.3032706889217,79006.0,272362.0
21.30577312880058,79001.0,272331.0
21.308275568679463,78986.0,272338.0
21.310778008558344,78970.0,272358.0
21.313280448437226,78977.0,272353.0
21.315782888316107,78994.0,272347.0
21.31828532819499,78990.0,272342.0
21.32078776807387,78982.0,272362.0
21.323290207952752,78972.0,272334.0
21.325792647831634,78972.0,272352.0
21.32829508771052,78978.0,272333.0
21.3307975275894,78969.0,272339.0
21.33329996746828,78979.0,272348.0
21.335802407347163,78987.0,272331.0
21.338304847226045,79016.0,272371.0
21.340807287104926,78990.0,272358.0
21.343309726983808,78987.0,272334.0
21.34581216686269,79017.0,272364.0
21.34831460674157,79017.0,272348.0
21.350817046620453,79015.0,272345.0
21.353319486499338,79000.0,272329.0
21.35582192637822,79014.0,272347.0
21.3583243662571,79036.0,272340.0
21.360826806135982,79029.0,272342.0
21.363329246014864,79032.0,272340.0
21.365831685893745,79025.0,272374.0
21.368334125772627,79044.0,272353.0
21.37083656565151,79049.0,272359.0
21.37333900553039,79056.0,272330.0
21.37584144540927,79050.0,272346.0
21.378343885288157,79032.0,272368.0
21.380846325167038,79053.0,272328.0
21.38334876504592,79044.0,272335.0
21.3858512049248,79064.0,272346.0
21.388353644803683,79052.0,272354.0
21.390856084682564,79063.0,272381.0
21.393358524561446,79069.0,272349.0
21.395860964440327,79088.0,272355.0
21.39836340431921,79096.0,272370.0
21.400865844198094,79078.0,272359.0
21.403368284076976,79081.0,272359.0
21.405870723955857,79068.0,272352.0
21.40837316383474,79084.0,272366.0
21.41087560371362,79093.0,272363.0
21.413378043592502,79098.0,272340.0
21.415880483471383,79091.0,272370.0
21.418382923350265,79080.0,272363.0
21.420885363229146,79081.0,272365.0
21.423387803108028,79100.0,272384.0
21.425890242986913,79087.0,272342.0
21.428392682865795,79100.0,272339.0
21.430895122744676,79091.0,272358.0
21.433397562623558,79098.0,272340.0
21.43590000250244,79090.0,272368.0
21.43840244238132,79104.0,272363.0
21.440904882260202,79095.0,272382.0
21.443407322139084,79077.0,272337.0
21.445909762017966,79114.0,272364.0
21.448412201896847,79093.0,272345.0
21.450914641775732,79099.0,272365.0
21.453417081654614,79112.0,272374.0
21.455919521533495,79094.0,272364.0
21.458421961412377,79095.0,272341.0
21.46092440129126,79093.0,272353.0
21.46342684117014,79108.0,272352.0
21.46592928104902,79123.0,272362.0
21.468431720927903,79127.0,272360.0
21.470934160806785,79118.0,272359.0
21.473436600685666,79094.0,272366.0
21.47593904056455,79131.0,272359.0
21.478441480443433,79131.0,272358.0
21.480943920322314,79132.0,272379.0
21.483446360201196,79148.0,272364.0
21.485948800080077,79121.0,272366.0
21.48845123995896,79152.0,272386.0
21.49095367983784,79138.0,272356.0
21.493456119716722,79152.0,272376.0
21.495958559595604,79145.0,272363.0
21.49846099947449,79189.0,272327.0
21.50096343935337,79176.0,272366.0
21.50346587923225,79176.0,272373.0
21.505968319111133,79206.0,272362.0
21.508470758990015,79193.0,272400.0
21.510973198868896,79213.0,272368.0
21.513475638747778,79217.0,272352.0
21.51597807862666,79222.0,272334.0
21.51848051850554,79230.0,272371.0
21.520982958384423,79226.0,272363.0
21.523485398263308,79262.0,272369.0
21.52598783814219,79268.0,272370.0
21.52849027802107,79275.0,272359.0
21.530992717899952,79273.0,272365.0
21.533495157778834,79300.0,272355.0
21.535997597657715,79279.0,272364.0
21.538500037536597,79310.0,272360.0
21.54100247741548,79315.0,272370.0
21.54350491729436,79327.0,272373.0
21.54600735717324,79348.0,272375.0
21.548509797052127,79367.0,272383.0
21.551012236931008,79358.0,272383.0
21.55351467680989,79383.0,272363.0
21.55601711668877,79409.0,272385.0
21.558519556567653,79429.0,272393.0
21.561021996446534,79394.0,272366.0
21.563524436325416,79413.0,272378.0
21.566026876204297,79448.0,272365.0
21.56852931608318,79462.0,272365.0
21.57103175596206,79470.0,272391.0
21.573534195840946,79461.0,272388.0
21.576036635719827,79466.0,272366.0
21.57853907559871,79463.0,272390.0
21.58104151547759,79514.0,272372.0
21.583543955356472,79526.0,272372.0
21.586046395235353,79546.0,272386.0
21.588548835114235,79544.0,272386.0
21.591051274993116,79549.0,272366.0
21.593553714871998,79566.0,272373.0
21.596056154750883,79599.0,272400.0
21.598558594629765,79611.0,272371.0
21.601061034508646,79596.0,272379.0
21.603563474387528,79627.0,272386.0
21.60606591426641,79666.0,272365.0
21.60856835414529,79662.0,272371.0
21.611070794024172,79657.0,272399.0
21.613573233903054,79686.0,272391.0
21.616075673781936,79679.0,272373.0
21.618578113660817,79688.0,272380.0
21.621080553539702,79708.0,272392.0
21.623582993418584,79722.0,272376.0
21.626085433297465,79735.0,272394.0
21.628587873176347,79751.0,272389.0
21.63109031305523,79753.0,272406.0
21.63359275293411,79806.0,272396.0
21.63609519281299,79804.0,272393.0
21.638597632691873,79824.0,272394.0
21.641100072570755,79804.0,272413.0
21.643602512449636,79843.0,272404.0
21.64610495232852,79858.0,272406.0
21.648607392207403,79870.0,272414.0
21.651109832086284,79870.0,272403.0
21.653612271965166,79889.0,272411.0
21.656114711844047,79898.0,272418.0
21.65861715172293,79904.0,272413.0
21.66111959160181,79926.0,272405.0
21.663622031480692,79944.0,272406.0
21.666124471359574,79940.0,272421.0
21.668626911238455,79973.0,272406.0
21.67112935111734,79980.0,272432.0
21.67363179099622,79977.0,272424.0
21.676134230875103,80026.0,272401.0
21.678636670753985,80028.0,272398.0
21.681139110632866,80033.0,272439.0
21.683641550511748,80054.0,272402.0
21.68614399039063,80046.0,272439.0
21.68864643026951,80076.0,272444.0
21.691148870148393,80071.0,272426.0
21.693651310027274,80079.0,272418.0
21.69615374990616,80092.0,272430.0
21.69865618978504,80122.0,272414.0
21.701158629663922,80115.0,272442.0
21.703661069542804,80132.0,272417.0
21.706163509421685,80148.0,272431.0
21.708665949300567,80161.0,272432.0
21.71116838917945,80144.0,272447.0
21.71367082905833,80166.0,272419.0
21.71617326893721,80194.0,272439.0
21.718675708816097,80228.0,272418.0
21.721178148694978,80220.0,272422.0
21.72368058857386,80245.0,272442.0
21.72618302845274,80247.0,272409.0
21.728685468331623,80258.0,272431.0
21.731187908210504,80275.0,272445.0
21.733690348089386,80294.0,272430.0
21.736192787968267,80302.0,272433.0
21.73869522784715,80323.0,272441.0
21.74119766772603,80333.0,272462.0
21.743700107604916,80343.0,272416.0
21.746202547483797,80353.0,272445.0
21.74870498736268,80378.0,272442.0
21.75120742724156,80372.0,272415.0
21.753709867120442,80393.0,272443.0
21.756212306999323,80402.0,272432.0
21.758714746878205,80424.0,272447.0
21.761217186757086,80437.0,272411.0
21.763719626635968,80467.0,272442.0
21.76622206651485,80473.0,272436.0
21.768724506393735,80455.0,272433.0
21.771226946272616,80482.0,272475.0
21.773729386151498,80518.0,272435.0
21.77623182603038,80524.0,272431.0
21.77873426590926,80521.0,272418.0
21.781236705788142,80536.0,272456.0
21.783739145667024,80538.0,272409.0
21.786241585545906,80565.0,272427.0
21.788744025424787,80581.0,272429.0
21.79124646530367,80606.0,272431.0
21.793748905182554,80599.0,272419.0
21.796251345061435,80598.0,272458.0
21.798753784940317,80656.0,272405.0
21.8012562248192,80662.0,272438.0
21.80375866469808,80657.0,272422.0
21.80626110457696,80660.0,272421.0
21.808763544455843,80679.0,272416.0
21.811265984334725,80715.0,272436.0
21.813768424213606,80747.0,272437.0
21.81627086409249,80754.0,272435.0
21.818773303971373,80765.0,272443.0
21.821275743850254,80755.0,272414.0
21.823778183729136,80793.0,272457.0
21.826280623608017,80793.0,272462.0
21.8287830634869,80818.0,272430.0
21.83128550336578,80824.0,272459.0
21.833787943244662,80838.0,272433.0
21.836290383123544,80873.0,272466.0
21.838792823002425,80887.0,272461.0
21.84129526288131,80884.0,272459.0
21.84379770276019,80890.0,272454.0
21.846300142639073,80914.0,272452.0
21.848802582517955,80916.0,272472.0
21.851305022396836,80948.0,272468.0
21.853807462275718,80955.0,272458.0
21.8563099021546,80965.0,272484.0
21.85881234203348,80964.0,272495.0
21.861314781912363,81009.0,272480.0
21.863817221791244,81040.0,272462.0
21.86631966167013,81021.0,272503.0
21.86882210154901,81034.0,272444.0
21.871324541427892,81068.0,272484.0
21.873826981306774,81069.0,272478.0
21.876329421185655,81069.0,272486.0
21.878831861064537,81112.0,272474.0
21.88133430094342,81100.0,272473.0
21.8838367408223,81129.0,272477.0
21.88633918070118,81150.0,272483.0
21.888841620580063,81166.0,272465.0
21.891344060458948,81136.0,272483.0
21.89384650033783,81169.0,272493.0
21.89634894021671,81152.0,272467.0
21.898851380095593,81192.0,272484.0
21.901353819974474,81185.0,272485.0
21.903856259853356,81180.0,272483.0
21.906358699732237,81195.0,272487.0
21.90886113961112,81178.0,272527.0
21.91136357949,81195.0,272472.0
21.913866019368886,81183.0,272494.0
21.916368459247767,81171.0,272500.0
21.91887089912665,81164.0,272452.0
21.92137333900553,81136.0,272473.0
21.923875778884412,81118.0,272509.0
21.926378218763293,81088.0,272508.0
21.928880658642175,81102.0,272473.0
21.931383098521056,81062.0,272478.0
21.933885538399938,81033.0,272509.0
21.93638797827882,80987.0,272497.0
21.938890418157705,80967.0,272485.0
21.941392858036586,80916.0,272483.0
21.943895297915468,80882.0,272510.0
21.94639773779435,80852.0,272465.0
21.94890017767323,80774.0,272473.0
21.951402617552112,80761.0,272491.0
21.953905057430994,80707.0,272460.0
21.956407497309876,80680.0,272451.0
21.958909937188757,80593.0,272466.0
21.96141237706764,80545.0,272456.0
21.963914816946524,80501.0,272433.0
21.966417256825405,80453.0,272466.0
21.968919696704287,80395.0,272459.0
21.97142213658317,80341.0,272474.0
21.97392457646205,80277.0,272464.0
21.97642701634093,80223.0,272460.0
21.978929456219813,80185.0,272460.0
21.981431896098695,80127.0,272445.0
21.983934335977576,80070.0,272449.0
21.986436775856458,80005.0,272443.0
21.988939215735343,79952.0,272443.0
21.991441655614224,79921.0,272439.0
21.993944095493106,79828.0,272453.0
21.996446535371987,79793.0,272451.0
21.99894897525087,79734.0,272448.0
22.00145141512975,79719.0,272412.0
22.003953855008632,79645.0,272457.0
22.006456294887514,79618.0,272446.0
22.008958734766395,79547.0,272426.0
22.011461174645277,79507.0,272427.0
22.01396361452416,79472.0,272437.0
22.016466054403043,79433.0,272402.0
22.018968494281925,79395.0,272431.0
22.021470934160806,79335.0,272424.0
22.023973374039688,79334.0,272420.0
22.02647581391857,79284.0,272433.0
22.02897825379745,79242.0,272418.0
22.031480693676333,79205.0,272399.0
22.033983133555214,79156.0,272376.0
22.0364855734341,79132.0,272392.0
22.03898801331298,79096.0,272412.0
22.041490453191862,79088.0,272419.0
22.043992893070744,79064.0,272405.0
22.046495332949625,79018.0,272421.0
22.048997772828507,78997.0,272408.0
22.05150021270739,78958.0,272417.0
22.05400265258627,78949.0,272412.0
22.05650509246515,78908.0,272378.0
22.059007532344033,78880.0,272408.0
22.061509972222918,78889.0,272394.0
22.0640124121018,78837.0,272409.0
22.06651485198068,78830.0,272415.0
22.069017291859563,78797.0,272425.0
22.071519731738444,78762.0,272391.0
22.074022171617326,78744.0,272410.0
22.076524611496207,78705.0,272414.0
22.07902705137509,78700.0,272396.0
22.08152949125397,78669.0,272377.0
22.084031931132852,78677.0,272393.0
22.086534371011737,78637.0,272379.0
22.08903681089062,78629.0,272390.0
22.0915392507695,78610.0,272364.0
22.094041690648382,78557.0,272396.0
22.096544130527263,78570.0,272390.0
22.099046570406145,78541.0,272387.0
22.101549010285026,78522.0,272382.0
22.104051450163908,78499.0,272391.0
22.10655389004279,78496.0,272359.0
22.10905632992167,78498.0,272371.0
22.111558769800556,78466.0,272378.0
22.114061209679438,78474.0,272374.0
22.11656364955832,78439.0,272375.0
22.1190660894372,78456.0,272400.0
22.121568529316082,78462.0,272359.0
22.124070969194964,78446.0,272365.0
22.126573409073846,78417.0,272381.0
22.129075848952727,78428.0,272350.0
22.13157828883161,78430.0,272357.0
22.134080728710494,78425.0,272354.0
22.136583168589375,78423.0,272344.0
22.139085608468257,78444.0,272370.0
22.14158804834714,78425.0,272358.0
22.14409048822602,78413.0,272334.0
22.1465929281049,78453.0,272339.0
22.149095367983783,78433.0,272341.0
22.151597807862665,78430.0,272358.0
22.154100247741546,78438.0,272351.0
22.156602687620428,78433.0,272367.0
22.159105127499313,78434.0,272370.0
22.161607567378194,78449.0,272361.0
22.164110007257076,78460.0,272365.0
22.166612447135957,78459.0,272369.0
22.16911488701484,78466.0,272379.0
22.17161732689372,78482.0,272370.0
22.174119766772602,78482.0,272370.0
22.176622206651484,78488.0,272361.0
22.179124646530365,78483.0,272385.0
22.181627086409247,78525.0,272411.0
22.18412952628813,78500.0,272364.0
22.186631966167013,78514.0,272390.0
22.189134406045895,78533.0,272378.0
22.191636845924776,78523.0,272389.0
22.194139285803658,78517.0,272386.0
22.19664172568254,78540.0,272407.0
22.19914416556142,78538.0,272387.0
22.201646605440303,78543.0,272404.0
22.204149045319184,78535.0,272373.0
22.206651485198066,78541.0,272390.0
22.20915392507695,78553.0,272351.0
22.211656364955832,78559.0,272387.0
22.214158804834714,78563.0,272358.0
22.216661244713595,78575.0,272399.0
22.219163684592477,78570.0,272385.0
22.22166612447136,78585.0,272384.0
22.22416856435024,78587.0,272397.0
22.22667100422912,78583.0,272393.0
22.229173444108003,78562.0,272386.0
22.231675883986888,78578.0,272366.0
22.23417832386577,78572.0,272385.0
22.23668076374465,78556.0,272376.0
22.239183203623533,78569.0,272384.0
22.241685643502414,78590.0,272369.0
22.244188083381296,78586.0,272406.0
22.246690523260177,78588.0,272370.0
22.24919296313906,78581.0,272373.0
22.25169540301794,78591.0,272381.0
22.254197842896822,78572.0,272370.0
22.256700282775707,78616.0,272378.0
22.25920272265459,78585.0,272391.0
22.26170516253347,78602.0,272352.0
22.264207602412352,78598.0,272341.0
22.266710042291233,78604.0,272368.0
22.269212482170115,78612.0,272354.0
22.271714922048996,78608.0,272386.0
22.274217361927878,78618.0,272367.0
22.27671980180676,78630.0,272361.0
22.27922224168564,78644.0,272358.0
22.281724681564526,78619.0,272416.0
22.284227121443408,78624.0,272384.0
22.28672956132229,78645.0,272370.0
22.28923200120117,78631.0,272396.0
22.291734441080052,78651.0,272370.0
22.294236880958934,78645.0,272383.0
22.296739320837816,78673.0,272365.0
22.299241760716697,78657.0,272375.0
22.30174420059558,78670.0,272367.0
22.30424664047446,78663.0,272378.0
22.306749080353345,78655.0,272387.0
22.309251520232227,78646.0,272369.0
22.31175396011111,78650.0,272380.0
22.31425639998999,78627.0,272387.0
22.31675883986887,78647.0,272377.0
22.319261279747753,78662.0,272370.0
22.321763719626635,78668.0,272359.0
22.324266159505516,78681.0,272389.0
22.326768599384398,78683.0,272369.0
22.32927103926328,78681.0,272364.0
22.331773479142164,78686.0,272379.0
22.334275919021046,78711.0,272392.0
22.336778358899927,78704.0,272385.0
22.33928079877881,78707.0,272385.0
22.34178323865769,78728.0,272381.0
22.344285678536572,78729.0,272392.0
22.346788118415454,78722.0,272350.0
22.349290558294335,78766.0,272379.0
22.351792998173217,78758.0,272406.0
22.3542954380521,78788.0,272405.0
22.356797877930983,78805.0,272410.0
22.359300317809865,78802.0,272406.0
22.361802757688746,78817.0,272388.0
22.364305197567628,78806.0,272386.0
22.36680763744651,78819.0,272395.0
22.36931007732539,78865.0,272399.0
22.371812517204273,78891.0,272404.0
22.374314957083154,78876.0,272393.0
22.376817396962036,78890.0,272401.0
22.37931983684092,78897.0,272392.0
22.381822276719802,78928.0,272429.0
22.384324716598684,78914.0,272405.0
22.386827156477565,78953.0,272386.0
22.389329596356447,78966.0,272395.0
22.39183203623533,78941.0,272412.0
22.39433447611421,78976.0,272398.0
22.39683691599309,78978.0,272384.0
22.399339355871973,78989.0,272390.0
22.401841795750855,79034.0,272419.0
22.40434423562974,79023.0,272407.0
22.40684667550862,79043.0,272426.0
22.409349115387503,79067.0,272411.0
22.411851555266384,79079.0,272405.0
22.414353995145266,79082.0,272393.0
22.416856435024147,79092.0,272411.0
22.41935887490303,79099.0,272406.0
22.42186131478191,79126.0,272407.0
22.424363754660792,79148.0,272403.0
22.426866194539674,79164.0,272394.0
22.42936863441856,79171.0,272391.0
22.43187107429744,79211.0,272385.0
22.434373514176322,79194.0,272391.0
22.436875954055203,79217.0,272424.0
22.439378393934085,79202.0,272410.0
22.441880833812967,79256.0,272391.0
22.444383273691848,79254.0,272417.0
22.44688571357073,79271.0,272419.0
22.44938815344961,79303.0,272406.0
22.451890593328496,79304.0,272425.0
22.454393033207378,79314.0,272389.0
22.45689547308626,79333.0,272391.0
22.45939791296514,79323.0,272414.0
22.461900352844022,79358.0,272417.0
22.464402792722904,79370.0,272436.0
22.466905232601786,79380.0,272409.0
22.469407672480667,79397.0,272400.0
22.47191011235955,79412.0,272413.0
22.47441255223843,79424.0,272396.0
22.476914992117315,79444.0,272404.0
22.479417431996197,79470.0,272412.0
22.48191987187508,79466.0,272399.0
22.48442231175396,79505.0,272411.0
22.48692475163284,79515.0,272426.0
22.489427191511723,79504.0,272438.0
22.491929631390605,79552.0,272426.0
22.494432071269486,79538.0,272398.0
22.496934511148368,79559.0,272414.0
22.49943695102725,79580.0,272422.0
22.501939390906134,79591.0,272442.0
22.504441830785016,79615.0,272443.0
22.506944270663897,79619.0,272425.0
22.50944671054278,79635.0,272438.0
22.51194915042166,79652.0,272440.0
22.514451590300542,79650.0,272438.0
22.516954030179424,79661.0,272420.0
22.519456470058305,79684.0,272389.0
22.521958909937187,79696.0,272406.0
22.524461349816068,79722.0,272442.0
22.526963789694953,79720.0,272441.0
22.529466229573835,79725.0,272426.0
22.531968669452716,79733.0,272405.0
22.534471109331598,79751.0,272434.0
22.53697354921048,79777.0,272437.0
22.53947598908936,79798.0,272424.0
22.541978428968243,79802.0,272452.0
22.544480868847124,79803.0,272426.0
22.546983308726006,79820.0,272435.0
22.54948574860489,79828.0,272419.0
22.551988188483772,79864.0,272407.0
22.554490628362654,79894.0,272445.0
22.556993068241535,79873.0,272439.0
22.559495508120417,79893.0,272431.0
22.5619979479993,79925.0,272454.0
22.56450038787818,79945.0,272432.0
22.56700282775706,79943.0,272439.0
22.569505267635943,79942.0,272429.0
22.572007707514825,79978.0,272424.0
22.57451014739371,79968.0,272438.0
22.57701258727259,79992.0,272445.0
22.579515027151473,80003.0,272442.0
22.582017467030354,80022.0,272441.0
22.584519906909236,80029.0,272466.0
22.587022346788117,80039.0,272453.0
22.589524786667,80048.0,272426.0
22.59202722654588,80054.0,272438.0
22.594529666424762,80098.0,272449.0
22.597032106303644,80101.0,272459.0
22.59953454618253,80113.0,272457.0
22.60203698606141,80134.0,272443.0
22.604539425940292,80170.0,272464.0
22.607041865819173,80139.0,272448.0
22.609544305698055,80195.0,272456.0
22.612046745576937,80182.0,272450.0
22.614549185455818,80190.0,272439.0
22.6170516253347,80217.0,272461.0
22.61955406521358,80225.0,272479.0
22.622056505092463,80251.0,272458.0
22.624558944971348,80253.0,272483.0
22.62706138485023,80297.0,272445.0
22.62956382472911,80297.0,272463.0
22.632066264607992,80310.0,272480.0
22.634568704486874,80332.0,272460.0
22.637071144365756,80328.0,272472.0
22.639573584244637,80329.0,272469.0
22.64207602412352,80383.0,272470.0
22.6445784640024,80391.0,272479.0
22.647080903881285,80369.0,272456.0
22.649583343760167,80385.0,272450.0
22.65208578363905,80425.0,272450.0
22.65458822351793,80447.0,272457.0
22.65709066339681,80462.0,272481.0
22.659593103275693,80477.0,272477.0
22.662095543154575,80470.0,272480.0
22.664597983033456,80492.0,272501.0
22.667100422912338,80508.0,272475.0
22.66960286279122,80518.0,272457.0
22.672105302670104,80517.0,272484.0
22.674607742548986,80547.0,272494.0
22.677110182427867,80552.0,272498.0
22.67961262230675,80569.0,272477.0
22.68211506218563,80571.0,272501.0
22.684617502064512,80575.0,272467.0
22.687119941943394,80618.0,272463.0
22.689622381822275,80593.0,272473.0
22.692124821701157,80630.0,272462.0
22.694627261580038,80646.0,272500.0
22.697129701458923,80654.0,272462.0
22.699632141337805,80678.0,272509.0
22.702134581216686,80678.0,272469.0
22.704637021095568,80696.0,272472.0
22.70713946097445,80719.0,272487.0
22.70964190085333,80715.0,272483.0
22.712144340732213,80732.0,272481.0
22.714646780611094,80726.0,272465.0
22.717149220489976,80742.0,272483.0
22.719651660368857,80733.0,272491.0
22.722154100247742,80737.0,272481.0
22.724656540126624,80766.0,272476.0
22.727158980005505,80770.0,272493.0
22.729661419884387,80746.0,272492.0
22.73216385976327,80744.0,272473.0
22.73466629964215,80737.0,272466.0
22.73716873952103,80713.0,272496.0
22.739671179399913,80728.0,272487.0
22.742173619278795,80713.0,272506.0
22.744676059157676,80685.0,272524.0
22.74717849903656,80673.0,272487.0
22.749680938915443,80638.0,272522.0
22.752183378794324,80626.0,272527.0
22.754685818673206,80568.0,272532.0
22.757188258552087,80537.0,272503.0
22.75969069843097,80509.0,272487.0
22.76219313830985,80473.0,272515.0
22.764695578188732,80420.0,272508.0
22.767198018067614,80388.0,272503.0
22.7697004579465,80337.0,272504.0
22.77220289782538,80293.0,272506.0
22.774705337704262,80208.0,272517.0
22.777207777583143,80184.0,272512.0
22.779710217462025,80139.0,272517.0
22.782212657340907,80079.0,272498.0
22.784715097219788,80047.0,272500.0
22.78721753709867,80002.0,272486.0
22.78971997697755,79939.0,272512.0
22.792222416856433,79893.0,272475.0
22.794724856735318,79816.0,272484.0
22.7972272966142,79765.0,272494.0
22.79972973649308,79704.0,272488.0
22.802232176371962,79648.0,272502.0
22.804734616250844,79622.0,272489.0
22.807237056129726,79553.0,272488.0
22.809739496008607,79504.0,272497.0
22.81224193588749,79466.0,272469.0
22.81474437576637,79418.0,272465.0
22.81724681564525,79360.0,272462.0
22.819749255524137,79298.0,272456.0
22.82225169540302,79268.0,272459.0
22.8247541352819,79222.0,272479.0
22.82725657516078,79174.0,272500.0
22.829759015039663,79134.0,272456.0
22.832261454918545,79082.0,272479.0
22.834763894797426,79031.0,272456.0
22.837266334676308,78988.0,272461.0
22.83976877455519,78985.0,272470.0
22.84227121443407,78940.0,272449.0
22.844773654312956,78914.0,272447.0
22.847276094191837,78874.0,272455.0
22.84977853407072,78850.0,272469.0
22.8522809739496,78794.0,272439.0
22.854783413828482,78777.0,272443.0
22.857285853707364,78746.0,272452.0
22.859788293586245,78733.0,272451.0
22.862290733465127,78696.0,272438.0
22.864793173344008,78697.0,272432.0
22.867295613222893,78656.0,272419.0
22.869798053101775,78621.0,272422.0
22.872300492980656,78590.0,272420.0
22.874802932859538,78585.0,272402.0
22.87730537273842,78552.0,272445.0
22.8798078126173,78552.0,272424.0
22.882310252496183,78494.0,272429.0
22.884812692375064,78497.0,272399.0
22.887315132253946,78490.0,272417.0
22.889817572132827,78467.0,272421.0
22.892320012011712,78454.0,272400.0
22.894822451890594,78421.0,272435.0
22.897324891769475,78419.0,272415.0
22.899827331648357,78378.0,272387.0
22.90232977152724,78370.0,272425.0
22.90483221140612,78368.0,272381.0
22.907334651285,78364.0,272389.0
22.909837091163883,78329.0,272420.0
22.912339531042765,78313.0,272417.0
22.914841970921646,78309.0,272401.0
22.91734441080053,78296.0,272420.0
22.919846850679413,78289.0,272417.0
22.922349290558294,78268.0,272396.0
22.924851730437176,78272.0,272400.0
22.927354170316057,78264.0,272422.0
22.92985661019494,78282.0,272409.0
22.93235905007382,78281.0,272387.0
22.934861489952702,78267.0,272407.0
22.937363929831584,78260.0,272422.0
22.939866369710465,78260.0,272400.0
22.94236880958935,78244.0,272377.0
22.944871249468232,78259.0,272391.0
22.947373689347113,78247.0,272409.0
22.949876129225995,78249.0,272403.0
22.952378569104877,78242.0,272401.0
22.954881008983758,78254.0,272404.0
22.95738344886264,78271.0,272388.0
22.95988588874152,78287.0,272375.0
22.962388328620403,78281.0,272385.0
22.964890768499288,78274.0,272393.0
22.96739320837817,78276.0,272392.0
22.96989564825705,78288.0,272408.0
22.972398088135932,78332.0,272397.0
22.974900528014814,78293.0,272414.0
22.977402967893696,78329.0,272395.0
22.979905407772577,78303.0,272413.0
22.98240784765146,78331.0,272429.0
22.98491028753034,78306.0,272422.0
22.98741272740922,78328.0,272390.0
22.989915167288107,78346.0,272414.0
22.99241760716699,78355.0,272408.0
22.99492004704587,78345.0,272409.0
22.99742248692475,78356.0,272400.0
22.999924926803633,78355.0,272417.0
23.002427366682515,78356.0,272405.0
23.004929806561396,78393.0,272420.0
23.007432246440278,78384.0,272398.0
23.00993468631916,78385.0,272427.0
23.01243712619804,78387.0,272435.0
23.014939566076926,78401.0,272411.0
23.017442005955807,78405.0,272406.0
23.01994444583469,78378.0,272414.0
23.02244688571357,78393.0,272424.0
23.024949325592452,78404.0,272413.0
23.027451765471334,78419.0,272420.0
23.029954205350215,78416.0,272423.0
23.032456645229097,78428.0,272428.0
23.034959085107978,78404.0,272427.0
23.03746152498686,78415.0,272445.0
23.039963964865745,78403.0,272412.0
23.042466404744626,78414.0,272429.0
23.044968844623508,78422.0,272409.0
23.04747128450239,78429.0,272425.0
23.04997372438127,78412.0,272398.0
23.052476164260153,78414.0,272407.0
23.054978604139034,78416.0,272420.0
23.057481044017916,78418.0,272423.0
23.059983483896797,78403.0,272444.0
23.06248592377568,78403.0,272440.0
23.064988363654564,78437.0,272440.0
23.067490803533445,78416.0,272417.0
23.069993243412327,78415.0,272444.0
23.07249568329121,78399.0,272422.0
23.07499812317009,78381.0,272420.0
23.07750056304897,78411.0,272431.0
23.080003002927853,78399.0,272425.0
23.082505442806735,78409.0,272413.0
23.085007882685616,78396.0,272413.0
23.0875103225645,78385.0,272451.0
23.090012762443383,78404.0,272434.0
23.092515202322264,78414.0,272426.0
23.095017642201146,78425.0,272423.0
23.097520082080027,78423.0,272413.0
23.10002252195891,78433.0,272406.0
23.10252496183779,78446.0,272409.0
23.105027401716672,78422.0,272406.0
23.107529841595554,78435.0,272413.0
23.110032281474435,78443.0,272434.0
23.11253472135332,78427.0,272445.0
23.115037161232202,78489.0,272445.0
23.117539601111083,78475.0,272423.0
23.120042040989965,78463.0,272414.0
23.122544480868847,78494.0,272410.0
23.125046920747728,78511.0,272443.0
23.12754936062661,78507.0,272440.0
23.13005180050549,78501.0,272437.0
23.132554240384373,78509.0,272424.0
23.135056680263254,78523.0,272414.0
23.13755912014214,78527.0,272441.0
23.14006156002102,78562.0,272437.0
23.142563999899902,78565.0,272417.0
23.145066439778784,78576.0,272457.0
23.147568879657666,78561.0,272425.0
23.150071319536547,78593.0,272424.0
23.15257375941543,78622.0,272438.0
23.15507619929431,78604.0,272441.0
23.15757863917319,78608.0,272447.0
23.160081079052073,78633.0,272462.0
23.16258351893096,78649.0,272456.0
23.16508595880984,78640.0,272442.0
23.16758839868872,78666.0,272461.0
23.170090838567603,78664.0,272427.0
23.172593278446485,78695.0,272463.0
23.175095718325366,78717.0,272464.0
23.177598158204248,78696.0,272460.0
23.18010059808313,78715.0,272451.0
23.18260303796201,78737.0,272454.0
23.185105477840896,78759.0,272445.0
23.187607917719777,78766.0,272447.0
23.19011035759866,78798.0,272485.0
23.19261279747754,78808.0,272453.0
23.195115237356422,78819.0,272458.0
23.197617677235304,78826.0,272475.0
23.200120117114185,78849.0,272476.0
23.202622556993067,78851.0,272451.0
23.205124996871948,78861.0,272446.0
23.20762743675083,78886.0,272449.0
23.210129876629715,78901.0,272453.0
23.212632316508596,78928.0,272436.0
23.215134756387478,78918.0,272471.0
23.21763719626636,78949.0,272482.0
23.22013963614524,78959.0,272469.0
23.222642076024123,78957.0,272489.0
23.225144515903004,78961.0,272456.0
23.227646955781886,79015.0,272461.0
23.230149395660767,79017.0,272503.0
23.23265183553965,79023.0,272494.0
23.235154275418534,79044.0,272475.0
23.237656715297415,79039.0,272456.0
23.240159155176297,79069.0,272481.0
23.24266159505518,79108.0,272464.0
23.24516403493406,79128.0,272474.0
23.24766647481294,79136.0,272479.0
23.250168914691823,79140.0,272471.0
23.252671354570705,79140.0,272487.0
23.255173794449586,79136.0,272457.0
23.257676234328468,79175.0,272465.0
23.260178674207353,79168.0,272465.0
23.262681114086234,79171.0,272500.0
23.265183553965116,79227.0,272469.0
23.267685993843997,79227.0,272459.0
23.27018843372288,79229.0,272476.0
23.27269087360176,79275.0,272483.0
23.275193313480642,79276.0,272511.0
23.277695753359524,79283.0,272490.0
23.280198193238405,79275.0,272488.0
23.28270063311729,79302.0,272496.0
23.285203072996172,79335.0,272471.0
23.287705512875053,79340.0,272507.0
23.290207952753935,79336.0,272469.0
23.292710392632817,79341.0,272477.0
23.295212832511698,79384.0,272485.0
23.29771527239058,79378.0,272496.0
23.30021771226946,79397.0,272489.0
23.302720152148343,79407.0,272524.0
23.305222592027224,79418.0,272491.0
23.30772503190611,79455.0,272509.0
23.31022747178499,79433.0,272503.0
23.312729911663872,79462.0,272502.0
23.315232351542754,79448.0,272509.0
23.317734791421636,79476.0,272486.0
23.320237231300517,79491.0,272483.0
23.3227396711794,79509.0,272510.0
23.32524211105828,79528.0,272514.0
23.32774455093716,79522.0,272507.0
23.330246990816043,79558.0,272502.0
23.33274943069493,79546.0,272506.0
23.33525187057381,79572.0,272501.0
23.33775431045269,79575.0,272468.0
23.340256750331573,79582.0,272496.0
23.342759190210455,79620.0,272489.0
23.345261630089336,79626.0,272509.0
23.347764069968218,79625.0,272498.0
23.3502665098471,79662.0,272485.0
23.35276894972598,79694.0,272512.0
23.355271389604862,79691.0,272492.0
23.357773829483747,79667.0,272497.0
23.36027626936263,79709.0,272496.0
23.36277870924151,79730.0,272491.0
23.365281149120392,79709.0,272497.0
23.367783588999274,79745.0,272494.0
23.370286028878155,79759.0,272492.0
23.372788468757037,79754.0,272507.0
23.375290908635918,79779.0,272468.0
23.3777933485148,79781.0,272486.0
23.38029578839368,79798.0,272503.0
23.382798228272566,79796.0,272486.0
23.385300668151448,79826.0,272497.0
23.38780310803033,79853.0,272487.0
23.39030554790921,79836.0,272505.0
23.392807987788093,79890.0,272525.0
23.395310427666974,79883.0,272531.0
23.397812867545856,79890.0,272498.0
23.400315307424737,79911.0,272502.0
23.40281774730362,79930.0,272505.0
23.405320187182504,79927.0,272521.0
23.407822627061385,79977.0,272511.0
23.410325066940267,79973.0,272507.0
23.41282750681915,80011.0,272514.0
23.41532994669803,79997.0,272504.0
23.41783238657691,80044.0,272501.0
23.420334826455793,80024.0,272495.0
23.422837266334675,80072.0,272500.0
23.425339706213556,80072.0,272507.0
23.427842146092438,80092.0,272538.0
23.430344585971323,80083.0,272539.0
23.432847025850204,80101.0,272530.0
23.435349465729086,80122.0,272508.0
23.437851905607967,80129.0,272515.0
23.44035434548685,80156.0,272517.0
23.44285678536573,80151.0,272511.0
23.445359225244612,80192.0,272525.0
23.447861665123494,80209.0,272522.0
23.450364105002375,80232.0,272502.0
23.452866544881257,80216.0,272504.0
23.455368984760142,80248.0,272512.0
23.457871424639023,80264.0,272541.0
23.460373864517905,80266.0,272497.0
23.462876304396787,80264.0,272536.0
23.465378744275668,80291.0,272502.0
23.46788118415455,80314.0,272510.0
23.47038362403343,80345.0,272520.0
23.472886063912313,80360.0,272493.0
23.475388503791194,80350.0,272495.0
23.477890943670076,80371.0,272508.0
23.48039338354896,80376.0,272519.0
23.482895823427842,80402.0,272560.0
23.485398263306724,80405.0,272507.0
23.487900703185606,80424.0,272492.0
23.490403143064487,80411.0,272495.0
23.49290558294337,80446.0,272515.0
23.49540802282225,80440.0,272521.0
23.49791046270113,80475.0,272523.0
23.500412902580013,80470.0,272530.0
23.5029153424589,80484.0,272523.0
23.50541778233778,80487.0,272517.0
23.50792022221666,80525.0,272530.0
23.510422662095543,80526.0,272512.0
23.512925101974425,80527.0,272544.0
23.515427541853306,80529.0,272533.0
23.517929981732188,80515.0,272510.0
23.52043242161107,80514.0,272538.0
23.52293486148995,80494.0,272513.0
23.525437301368832,80492.0,272531.0
23.527939741247717,80491.0,272531.0
23.5304421811266,80498.0,272512.0
23.53294462100548,80468.0,272537.0
23.535447060884362,80478.0,272526.0
23.537949500763244,80451.0,272532.0
23.540451940642125,80428.0,272553.0
23.542954380521007,80380.0,272527.0
23.545456820399888,80382.0,272542.0
23.54795926027877,80319.0,272533.0
23.55046170015765,80296.0,272550.0
23.552964140036536,80255.0,272548.0
23.555466579915418,80245.0,272541.0
23.5579690197943,80191.0,272560.0
23.56047145967318,80171.0,272548.0
23.562973899552063,80079.0,272549.0
23.565476339430944,80077.0,272552.0
23.567978779309826,80030.0,272542.0
23.570481219188707,79984.0,272555.0
23.57298365906759,79932.0,272559.0
23.57548609894647,79897.0,272546.0
23.577988538825355,79827.0,272549.0
23.580490978704237,79758.0,272535.0
23.58299341858312,79705.0,272571.0
23.585495858462,79673.0,272545.0
23.58799829834088,79632.0,272517.0
23.590500738219763,79561.0,272526.0
23.593003178098645,79521.0,272520.0
23.595505617977526,79488.0,272531.0
23.598008057856408,79424.0,272550.0
23.600510497735293,79358.0,272557.0
23.603012937614174,79323.0,272550.0
23.605515377493056,79275.0,272517.0
23.608017817371937,79244.0,272495.0
23.61052025725082,79202.0,272517.0
23.6130226971297,79158.0,272512.0
23.615525137008582,79106.0,272505.0
23.618027576887464,79075.0,272494.0
23.620530016766345,79025.0,272518.0
23.623032456645227,78997.0,272509.0
23.625534896524112,78957.0,272511.0
23.628037336402993,78930.0,272504.0
23.630539776281875,78878.0,272492.0
23.633042216160757,78846.0,272507.0
23.635544656039638,78806.0,272489.0
23.63804709591852,78784.0,272484.0
23.6405495357974,78747.0,272494.0
23.643051975676283,78709.0,272480.0
23.645554415555164,78673.0,272498.0
23.648056855434046,78657.0,272529.0
23.65055929531293,78648.0,272489.0
23.653061735191812,78627.0,272506.0
23.655564175070694,78604.0,272486.0
23.658066614949576,78597.0,272503.0
23.660569054828457,78553.0,272496.0
23.66307149470734,78563.0,272495.0
23.66557393458622,78530.0,272459.0
23.6680763744651,78488.0,272458.0
23.670578814343983,78484.0,272477.0
23.673081254222865,78466.0,272460.0
23.67558369410175,78457.0,272467.0
23.67808613398063,78449.0,272487.0
23.680588573859513,78402.0,272463.0
23.683091013738395,78393.0,272461.0
23.685593453617276,78390.0,272467.0
23.688095893496158,78382.0,272469.0
23.69059833337504,78374.0,272446.0
23.69310077325392,78334.0,272438.0
23.695603213132802,78344.0,272437.0
23.698105653011684,78312.0,272460.0
23.70060809289057,78306.0,272444.0
23.70311053276945,78308.0,272449.0
23.705612972648332,78282.0,272440.0
23.708115412527214,78302.0,272448.0
23.710617852406095,78276.0,272425.0
23.713120292284977,78262.0,272452.0
23.715622732163858,78253.0,272446.0
23.71812517204274,78279.0,272425.0
23.72062761192162,78256.0,272424.0
23.723130051800506,78250.0,272430.0
23.725632491679388,78260.0,272451.0
23.72813493155827,78268.0,272458.0
23.73063737143715,78252.0,272428.0
23.733139811316033,78249.0,272438.0
23.735642251194914,78269.0,272460.0
23.738144691073796,78266.0,272439.0
23.740647130952677,78260.0,272427.0
23.74314957083156,78273.0,272439.0
23.74565201071044,78261.0,272449.0
23.748154450589325,78279.0,272441.0
23.750656890468207,78284.0,272435.0
23.75315933034709,78288.0,272431.0
23.75566177022597,78286.0,272454.0
23.75816421010485,78308.0,272428.0
23.760666649983733,78310.0,272457.0
23.763169089862615,78322.0,272455.0
23.765671529741496,78327.0,272458.0
23.768173969620378,78336.0,272452.0
23.77067640949926,78359.0,272462.0
23.773178849378144,78348.0,272450.0
23.775681289257026,78358.0,272454.0
23.778183729135907,78366.0,272454.0
23.78068616901479,78367.0,272467.0
23.78318860889367,78409.0,272482.0
23.785691048772552,78380.0,272463.0
23.788193488651434,78385.0,272475.0
23.790695928530315,78427.0,272476.0
23.793198368409197,78416.0,272456.0
23.79570080828808,78431.0,272452.0
23.798203248166963,78434.0,272468.0
23.800705688045845,78436.0,272495.0
23.803208127924727,78447.0,272462.0
23.805710567803608,78448.0,272468.0
23.80821300768249,78458.0,272448.0
23.81071544756137,78459.0,272452.0
23.813217887440253,78457.0,272468.0
23.815720327319134,78463.0,272469.0
23.818222767198016,78454.0,272460.0
23.8207252070769,78461.0,272457.0
23.823227646955782,78461.0,272456.0
23.825730086834664,78469.0,272451.0
23.828232526713546,78499.0,272473.0
23.830734966592427,78490.0,272494.0
23.83323740647131,78482.0,272488.0
23.83573984635019,78498.0,272474.0
23.83824228622907,78493.0,272466.0
23.840744726107953,78505.0,272468.0
23.843247165986835,78486.0,272482.0
23.84574960586572,78515.0,272461.0
23.8482520457446,78499.0,272466.0
23.850754485623483,78501.0,272493.0
23.853256925502365,78512.0,272458.0
23.855759365381246,78467.0,272470.0
23.858261805260128,78501.0,272459.0
23.86076424513901,78499.0,272471.0
23.86326668501789,78496.0,272478.0
23.865769124896772,78514.0,272458.0
23.868271564775654,78529.0,272455.0
23.87077400465454,78508.0,272476.0
23.87327644453342,78518.0,272469.0
23.875778884412302,78529.0,272451.0
23.878281324291184,78521.0,272457.0
23.880783764170065,78532.0,272464.0
23.883286204048947,78521.0,272456.0
23.885788643927828,78564.0,272445.0
23.88829108380671,78552.0,272484.0
23.89079352368559,78553.0,272465.0
23.893295963564473,78567.0,272495.0
23.895798403443358,78575.0,272472.0
23.89830084332224,78582.0,272454.0
23.90080328320112,78595.0,272462.0
23.903305723080003,78600.0,272475.0
23.905808162958884,78615.0,272463.0
23.908310602837766,78598.0,272477.0
23.910813042716647,78634.0,272439.0
23.91331548259553,78639.0,272489.0
23.91581792247441,78628.0,272469.0
23.918320362353295,78649.0,272490.0
23.920822802232177,78662.0,272481.0
23.92332524211106,78657.0,272483.0
23.92582768198994,78673.0,272478.0
23.92833012186882,78688.0,272471.0
23.930832561747703,78695.0,272501.0
23.933335001626585,78724.0,272464.0
23.935837441505466,78717.0,272460.0
23.938339881384348,78731.0,272485.0
23.94084232126323,78721.0,272499.0
23.943344761142114,78763.0,272483.0
23.945847201020996,78768.0,272458.0
23.948349640899877,78775.0,272484.0
23.95085208077876,78786.0,272493.0
23.95335452065764,78790.0,272489.0
23.955856960536522,78818.0,272465.0
23.958359400415404,78838.0,272507.0
23.960861840294285,78848.0,272493.0
23.963364280173167,78817.0,272485.0
23.96586672005205,78854.0,272483.0
23.968369159930933,78852.0,272476.0
23.970871599809815,78907.0,272496.0
23.973374039688697,78893.0,272461.0
23.975876479567578,78936.0,272458.0
23.97837891944646,78920.0,272481.0
23.98088135932534,78908.0,272471.0
23.983383799204223,78946.0,272479.0
23.985886239083104,78974.0,272489.0
23.988388678961986,78985.0,272477.0
23.990891118840867,78981.0,272457.0
23.993393558719752,78994.0,272483.0
23.995895998598634,78991.0,272482.0
23.998398438477516,79032.0,272481.0
24.000900878356397,79009.0,272477.0
24.00340331823528,79070.0,272495.0
24.00590575811416,79059.0,272489.0
24.00840819799304,79074.0,272504.0
24.010910637871923,79073.0,272509.0
24.013413077750805,79097.0,272475.0
24.01591551762969,79131.0,272453.0
24.01841795750857,79126.0,272469.0
24.020920397387453,79132.0,272498.0
24.023422837266335,79166.0,272464.0
24.025925277145216,79164.0,272476.0
24.028427717024098,79187.0,272482.0
24.03093015690298,79195.0,272508.0
24.03343259678186,79206.0,272510.0
24.035935036660742,79213.0,272496.0
24.038437476539624,79232.0,272507.0
24.04093991641851,79256.0,272486.0
24.04344235629739,79263.0,272497.0
24.045944796176272,79259.0,272489.0
24.048447236055154,79299.0,272481.0
24.050949675934035,79307.0,272499.0
24.053452115812917,79309.0,272494.0
24.055954555691798,79343.0,272494.0
24.05845699557068,79346.0,272473.0
24.06095943544956,79372.0,272510.0
24.063461875328443,79374.0,272503.0
24.065964315207328,79400.0,272502.0
24.06846675508621,79397.0,272511.0
24.07096919496509,79387.0,272495.0
24.073471634843973,79438.0,272502.0
24.075974074722854,79429.0,272522.0
24.078476514601736,79467.0,272493.0
24.080978954480617,79492.0,272512.0
24.0834813943595,79499.0,272517.0
24.08598383423838,79492.0,272502.0
24.088486274117262,79526.0,272532.0
24.090988713996147,79527.0,272509.0
24.09349115387503,79547.0,272507.0
24.09599359375391,79534.0,272510.0
24.09849603363279,79565.0,272504.0
24.100998473511673,79570.0,272489.0
24.103500913390555,79585.0,272524.0
24.106003353269436,79597.0,272510.0
24.108505793148318,79605.0,272515.0
24.1110082330272,79623.0,272519.0
24.11351067290608,79646.0,272502.0
24.116013112784966,79638.0,272510.0
24.118515552663848,79671.0,272506.0
24.12101799254273,79672.0,272511.0
24.12352043242161,79673.0,272544.0
24.126022872300492,79700.0,272504.0
24.128525312179374,79726.0,272505.0
24.131027752058255,79746.0,272510.0
24.133530191937137,79754.0,272513.0
24.13603263181602,79771.0,272508.0
24.138535071694903,79791.0,272513.0
24.141037511573785,79785.0,272516.0
24.143539951452667,79793.0,272518.0
24.146042391331548,79820.0,272511.0
24.14854483121043,79849.0,272509.0
24.15104727108931,79847.0,272509.0
24.153549710968193,79869.0,272497.0
24.156052150847074,79888.0,272532.0
24.158554590725956,79903.0,272524.0
24.161057030604837,79925.0,272508.0
24.163559470483722,79907.0,272529.0
24.166061910362604,79948.0,272536.0
24.168564350241486,79953.0,272513.0
24.171066790120367,79958.0,272534.0
24.17356922999925,79969.0,272539.0
24.17607166987813,79999.0,272528.0
24.17857410975701,80003.0,272533.0
24.181076549635893,80036.0,272540.0
24.183578989514775,80031.0,272540.0
24.186081429393656,80053.0,272512.0
24.18858386927254,80058.0,272548.0
24.191086309151423,80067.0,272513.0
24.193588749030305,80082.0,272532.0
24.196091188909186,80108.0,272547.0
24.198593628788068,80107.0,272522.0
24.20109606866695,80105.0,272547.0
24.20359850854583,80128.0,272535.0
24.206100948424712,80149.0,272534.0
24.208603388303594,80170.0,272520.0
24.211105828182475,80205.0,272536.0
24.21360826806136,80213.0,272523.0
24.216110707940242,80228.0,272514.0
24.218613147819124,80238.0,272535.0
24.221115587698005,80232.0,272544.0
24.223618027576887,80275.0,272514.0
24.226120467455768,80268.0,272502.0
24.22862290733465,80294.0,272527.0
24.23112534721353,80344.0,272529.0
24.233627787092413,80298.0,272523.0
24.236130226971298,80326.0,272507.0
24.23863266685018,80339.0,272536.0
24.24113510672906,80343.0,272513.0
24.243637546607943,80393.0,272540.0
24.246139986486824,80384.0,272539.0
24.248642426365706,80409.0,272517.0
24.251144866244587,80408.0,272530.0
24.25364730612347,80426.0,272542.0
24.25614974600235,80441.0,272529.0
24.258652185881232,80478.0,272525.0
24.261154625760117,80460.0,272520.0
24.263657065639,80479.0,272545.0
24.26615950551788,80479.0,272545.0
24.26866194539676,80530.0,272522.0
24.271164385275643,80522.0,272531.0
24.273666825154525,80539.0,272561.0
24.276169265033406,80564.0,272560.0
24.278671704912288,80546.0,272532.0
24.28117414479117,80569.0,272540.0
24.28367658467005,80565.0,272521.0
24.286179024548936,80588.0,272550.0
24.288681464427818,80583.0,272542.0
24.2911839043067,80598.0,272525.0
24.29368634418558,80623.0,272537.0
24.296188784064462,80589.0,272547.0
24.298691223943344,80623.0,272547.0
24.301193663822225,80597.0,272541.0
24.303696103701107,80602.0,272555.0
24.30619854357999,80622.0,272537.0
24.30870098345887,80578.0,272558.0
24.311203423337755,80578.0,272544.0
24.313705863216637,80566.0,272577.0
24.316208303095518,80543.0,272553.0
24.3187107429744,80534.0,272577.0
24.32121318285328,80503.0,272578.0
24.323715622732163,80488.0,272549.0
24.326218062611044,80433.0,272560.0
24.328720502489926,80413.0,272586.0
24.331222942368807,80391.0,272590.0
24.333725382247692,80337.0,272584.0
24.336227822126574,80309.0,272562.0
24.338730262005456,80255.0,272553.0
24.341232701884337,80194.0,272567.0
24.34373514176322,80174.0,272541.0
24.3462375816421,80101.0,272559.0
24.34874002152098,80062.0,272585.0
24.351242461399863,80010.0,272580.0
24.353744901278745,79952.0,272561.0
24.356247341157626,79906.0,272557.0
24.35874978103651,79838.0,272553.0
24.361252220915393,79794.0,272561.0
24.363754660794275,79737.0,272555.0
24.366257100673156,79691.0,272545.0
24.368759540552038,79619.0,272515.0
24.37126198043092,79575.0,272569.0
24.3737644203098,79507.0,272538.0
24.376266860188682,79453.0,272529.0
24.378769300067564,79372.0,272514.0
24.381271739946445,79319.0,272529.0
24.38377417982533,79283.0,272534.0
24.386276619704212,79233.0,272527.0
24.388779059583094,79166.0,272533.0
24.391281499461975,79101.0,272503.0
24.393783939340857,79062.0,272480.0
24.396286379219738,79033.0,272491.0
24.39878881909862,78975.0,272522.0
24.4012912589775,78925.0,272504.0
24.403793698856383,78902.0,272499.0
24.406296138735264,78842.0,272495.0
24.40879857861415,78790.0,272507.0
24.41130101849303,78770.0,272501.0
24.413803458371913,78716.0,272489.0
24.416305898250794,78710.0,272512.0
24.418808338129676,78637.0,272528.0
24.421310778008557,78589.0,272490.0
24.42381321788744,78600.0,272502.0
24.42631565776632,78544.0,272456.0
24.428818097645202,78521.0,272499.0
24.431320537524083,78455.0,272488.0
24.43382297740297,78453.0,272467.0
24.43632541728185,78423.0,272487.0
24.43882785716073,78390.0,272495.0
24.441330297039613,78365.0,272492.0
24.443832736918495,78331.0,272475.0
24.446335176797376,78301.0,272459.0
24.448837616676258,78274.0,272478.0
24.45134005655514,78246.0,272492.0
24.45384249643402,78245.0,272483.0
24.456344936312906,78191.0,272479.0
24.458847376191788,78183.0,272465.0
24.46134981607067,78202.0,272476.0
24.46385225594955,78155.0,272464.0
24.466354695828432,78144.0,272472.0
24.468857135707314,78124.0,272443.0
24.471359575586195,78095.0,272452.0
24.473862015465077,78049.0,272495.0
24.47636445534396,78036.0,272480.0
24.47886689522284,78023.0,272466.0
24.481369335101725,78013.0,272472.0
24.483871774980607,77974.0,272465.0
24.486374214859488,77982.0,272471.0
24.48887665473837,77949.0,272462.0
24.49137909461725,77926.0,272462.0
24.493881534496133,77924.0,272456.0
24.496383974375014,77893.0,272438.0
24.498886414253896,77888.0,272469.0
24.501388854132777,77898.0,272446.0
24.50389129401166,77868.0,272477.0
24.506393733890544,77854.0,272451.0
24.508896173769426,77853.0,272453.0
24.511398613648307,77845.0,272444.0
24.51390105352719,77838.0,272433.0
24.51640349340607,77829.0,272445.0
24.51890593328495,77820.0,272441.0
24.521408373163833,77814.0,272458.0
24.523910813042715,77830.0,272484.0
24.526413252921596,77841.0,272472.0
24.528915692800478,77810.0,272453.0
24.531418132679363,77822.0,272421.0
24.533920572558245,77832.0,272442.0
24.536423012437126,77826.0,272440.0
24.538925452316008,77864.0,272446.0
24.54142789219489,77852.0,272466.0
24.54393033207377,77850.0,272435.0
24.546432771952652,77839.0,272446.0
24.548935211831534,77843.0,272436.0
24.551437651710415,77872.0,272472.0
24.5539400915893,77871.0,272463.0
24.556442531468182,77874.0,272437.0
24.558944971347064,77873.0,272466.0
24.561447411225945,77909.0,272438.0
24.563949851104827,77899.0,272451.0
24.566452290983708,77923.0,272454.0
24.56895473086259,77920.0,272462.0
24.57145717074147,77924.0,272458.0
24.573959610620353,77932.0,272473.0
24.576462050499234,77949.0,272464.0
24.57896449037812,77953.0,272448.0
24.581466930257,77953.0,272483.0
24.583969370135883,77964.0,272449.0
24.586471810014764,77965.0,272437.0
24.588974249893646,77959.0,272456.0
24.591476689772527,77984.0,272475.0
24.59397912965141,77996.0,272474.0
24.59648156953029,77982.0,272470.0
24.598984009409172,77969.0,272443.0
24.601486449288053,77999.0,272463.0
24.60398888916694,77993.0,272457.0
24.60649132904582,77994.0,272448.0
24.6089937689247,78004.0,272466.0
24.611496208803583,78006.0,272466.0
24.613998648682465,78003.0,272470.0
24.616501088561346,78006.0,272453.0
24.619003528440228,77993.0,272463.0
24.62150596831911,78006.0,272447.0
24.62400840819799,78030.0,272464.0
24.626510848076872,78012.0,272491.0
24.629013287955758,77995.0,272451.0
24.63151572783464,78006.0,272470.0
24.63401816771352,78002.0,272482.0
24.636520607592402,78019.0,272498.0
24.639023047471284,78024.0,272469.0
24.641525487350165,78043.0,272456.0
24.644027927229047,78013.0,272471.0
24.64653036710793,78019.0,272484.0
24.64903280698681,78026.0,272473.0
24.651535246865695,78019.0,272479.0
24.654037686744577,78028.0,272477.0
24.656540126623458,78037.0,272461.0
24.65904256650234,78056.0,272456.0
24.66154500638122,78043.0,272454.0
24.664047446260103,78039.0,272466.0
24.666549886138984,78054.0,272471.0
24.669052326017866,78045.0,272484.0
24.671554765896747,78039.0,272459.0
24.67405720577563,78047.0,272486.0
24.676559645654514,78069.0,272484.0
24.679062085533396,78056.0,272483.0
24.681564525412277,78057.0,272470.0
24.68406696529116,78080.0,272469.0
24.68656940517004,78061.0,272482.0
24.68907184504892,78069.0,272488.0
24.691574284927803,78067.0,272499.0
24.694076724806685,78076.0,272463.0
24.696579164685566,78103.0,272479.0
24.699081604564448,78098.0,272490.0
24.701584044443333,78117.0,272473.0
24.704086484322215,78108.0,272517.0
24.706588924201096,78128.0,272507.0
24.709091364079978,78127.0,272503.0
24.71159380395886,78132.0,272511.0
24.71409624383774,78153.0,272514.0
24.716598683716622,78165.0,272496.0
24.719101123595504,78168.0,272532.0
24.721603563474385,78195.0,272486.0
24.724106003353267,78196.0,272523.0
24.726608443232152,78181.0,272502.0
24.729110883111034,78202.0,272528.0
24.731613322989915,78192.0,272526.0
24.734115762868797,78207.0,272550.0
24.736618202747678,78241.0,272542.0
24.73912064262656,78253.0,272510.0
24.74162308250544,78251.0,272564.0
24.744125522384323,78290.0,272548.0
24.746627962263204,78281.0,272549.0
24.749130402142086,78299.0,272547.0
24.75163284202097,78312.0,272521.0
24.754135281899853,78343.0,272514.0
24.756637721778734,78350.0,272522.0
24.759140161657616,78384.0,272541.0
24.761642601536497,78381.0,272523.0
24.76414504141538,78380.0,272502.0
24.76664748129426,78383.0,272503.0
24.769149921173142,78418.0,272506.0
24.771652361052023,78412.0,272519.0
24.77415480093091,78447.0,272515.0
24.77665724080979,78451.0,272524.0
24.77915968068867,78484.0,272511.0
24.781662120567553,78485.0,272503.0
24.784164560446435,78492.0,272545.0
24.786667000325316,78503.0,272508.0
24.789169440204198,78501.0,272499.0
24.79167188008308,78518.0,272494.0
24.79417431996196,78578.0,272496.0
24.796676759840842,78567.0,272510.0
24.799179199719728,78575.0,272479.0
24.80168163959861,78590.0,272507.0
24.80418407947749,78611.0,272489.0
24.806686519356372,78624.0,272474.0
24.809188959235254,78636.0,272498.0
24.811691399114135,78653.0,272507.0
24.814193838993017,78671.0,272499.0
24.8166962788719,78670.0,272502.0
24.81919871875078,78694.0,272483.0
24.82170115862966,78710.0,272495.0
24.824203598508547,78719.0,272509.0
24.826706038387428,78737.0,272509.0
24.82920847826631,78757.0,272514.0
24.83171091814519,78768.0,272516.0
24.834213358024073,78789.0,272487.0
24.836715797902954,78808.0,272510.0
24.839218237781836,78817.0,272513.0
24.841720677660717,78846.0,272519.0
24.8442231175396,78850.0,272470.0
24.84672555741848,78876.0,272501.0
24.849227997297366,78892.0,272494.0
24.851730437176247,78919.0,272506.0
24.85423287705513,78899.0,272483.0
24.85673531693401,78934.0,272489.0
24.85923775681289,78935.0,272501.0
24.861740196691773,78964.0,272496.0
24.864242636570655,78984.0,272493.0
24.866745076449536,79002.0,272490.0
24.869247516328418,79002.0,272498.0
24.871749956207303,79031.0,272483.0
24.874252396086185,79030.0,272524.0
24.876754835965066,79061.0,272496.0
24.879257275843948,79057.0,272521.0
24.88175971572283,79076.0,272519.0
24.88426215560171,79095.0,272503.0
24.886764595480592,79098.0,272515.0
24.889267035359474,79110.0,272492.0
24.891769475238355,79151.0,272528.0
24.894271915117237,79164.0,272504.0
24.896774354996122,79197.0,272511.0
24.899276794875004,79202.0,272488.0
24.901779234753885,79210.0,272513.0
24.904281674632767,79234.0,272514.0
24.906784114511648,79245.0,272547.0
24.90928655439053,79233.0,272516.0
24.91178899426941,79266.0,272544.0
24.914291434148293,79289.0,272520.0
24.916793874027174,79317.0,272539.0
24.919296313906056,79307.0,272525.0
24.92179875378494,79361.0,272534.0
24.924301193663823,79356.0,272536.0
24.926803633542704,79363.0,272539.0
24.929306073421586,79374.0,272541.0
24.931808513300467,79382.0,272517.0
24.93431095317935,79421.0,272530.0
24.93681339305823,79433.0,272532.0
24.939315832937112,79455.0,272552.0
24.941818272815993,79468.0,272538.0
24.944320712694875,79491.0,272538.0
24.94682315257376,79492.0,272510.0
24.94932559245264,79515.0,272545.0
24.951828032331523,79529.0,272527.0
24.954330472210405,79564.0,272520.0
24.956832912089286,79556.0,272539.0
24.959335351968168,79571.0,272533.0
24.96183779184705,79586.0,272521.0
24.96434023172593,79606.0,272532.0
24.966842671604812,79614.0,272525.0
24.969345111483698,79628.0,272538.0
24.97184755136258,79663.0,272515.0
24.97434999124146,79642.0,272512.0
24.976852431120342,79690.0,272545.0
24.979354870999224,79710.0,272540.0
24.981857310878105,79724.0,272534.0
24.984359750756987,79743.0,272545.0
24.98686219063587,79749.0,272554.0
24.98936463051475,79777.0,272537.0
24.99186707039363,79773.0,272516.0
24.994369510272517,79796.0,272547.0
24.996871950151398,79820.0,272563.0
24.99937439003028,79850.0,272542.0
25.00187682990916,79853.0,272552.0
25.004379269788043,79855.0,272553.0
25.006881709666924,79877.0,272551.0
25.009384149545806,79891.0,272534.0
25.011886589424687,79899.0,272557.0
25.01438902930357,79924.0,272555.0
25.01689146918245,79935.0,272559.0
25.019393909061336,79957.0,272554.0
25.021896348940217,79968.0,272564.0
25.0243987888191,79985.0,272580.0
25.02690122869798,80020.0,272578.0
25.02940366857686,80015.0,272559.0
25.031906108455743,80041.0,272525.0
25.034408548334625,80061.0,272538.0
25.036910988213506,80060.0,272577.0
25.039413428092388,80056.0,272567.0
25.04191586797127,80096.0,272553.0
25.044418307850155,80135.0,272542.0
25.046920747729036,80148.0,272601.0
25.049423187607918,80132.0,272569.0
25.0519256274868,80149.0,272578.0
25.05442806736568,80163.0,272560.0
25.056930507244562,80197.0,272579.0
25.059432947123444,80209.0,272574.0
25.061935387002325,80217.0,272567.0
25.064437826881207,80236.0,272552.0
25.06694026676009,80240.0,272581.0
25.069442706638974,80245.0,272567.0
25.071945146517855,80238.0,272577.0
25.074447586396737,80270.0,272560.0
25.076950026275618,80279.0,272579.0
25.0794524661545,80278.0,272587.0
25.08195490603338,80283.0,272550.0
25.084457345912263,80312.0,272578.0
25.086959785791144,80307.0,272582.0
25.089462225670026,80307.0,272541.0
25.09196466554891,80292.0,272562.0
25.094467105427793,80305.0,272592.0
25.096969545306674,80285.0,272571.0
25.099471985185556,80279.0,272555.0
25.101974425064437,80304.0,272587.0
25.10447686494332,80276.0,272590.0
25.1069793048222,80270.0,272563.0
25.109481744701082,80269.0,272581.0
25.111984184579963,80225.0,272623.0
25.114486624458845,80205.0,272576.0
25.11698906433773,80193.0,272567.0
25.11949150421661,80154.0,272603.0
25.121993944095493,80128.0,272582.0
25.124496383974375,80078.0,272595.0
25.126998823853256,80057.0,272597.0
25.129501263732138,79999.0,272595.0
25.13200370361102,79965.0,272603.0
25.1345061434899,79894.0,272609.0
25.137008583368782,79871.0,272595.0
25.139511023247664,79833.0,272582.0
25.14201346312655,79760.0,272613.0
25.14451590300543,79708.0,272611.0
25.147018342884312,79663.0,272579.0
25.149520782763194,79604.0,272582.0
25.152023222642075,79545.0,272575.0
25.154525662520957,79501.0,272607.0
25.15702810239984,79448.0,272595.0
25.15953054227872,79381.0,272591.0
25.1620329821576,79338.0,272571.0
25.164535422036483,79291.0,272564.0
25.167037861915368,79231.0,272570.0
25.16954030179425,79167.0,272547.0
25.17204274167313,79121.0,272559.0
25.174545181552013,79075.0,272555.0
25.177047621430894,79033.0,272553.0
25.179550061309776,78986.0,272579.0
25.182052501188657,78894.0,272586.0
25.18455494106754,78880.0,272557.0
25.18705738094642,78813.0,272539.0
25.189559820825306,78791.0,272564.0
25.192062260704187,78737.0,272553.0
25.19456470058307,78683.0,272539.0
25.19706714046195,78622.0,272536.0
25.19956958034083,78638.0,272544.0
25.202072020219713,78594.0,272517.0
25.204574460098595,78545.0,272541.0
25.207076899977476,78522.0,272517.0
25.209579339856358,78485.0,272490.0
25.21208177973524,78454.0,272549.0
25.214584219614125,78432.0,272523.0
25.217086659493006,78415.0,272511.0
25.219589099371888,78375.0,272506.0
25.22209153925077,78355.0,272516.0
25.22459397912965,78326.0,272526.0
25.227096419008532,78288.0,272526.0
25.229598858887414,78247.0,272522.0
25.232101298766295,78229.0,272512.0
25.234603738645177,78217.0,272479.0
25.23710617852406,78176.0,272492.0
25.239608618402944,78169.0,272499.0
25.242111058281825,78146.0,272485.0
25.244613498160707,78124.0,272488.0
25.247115938039588,78118.0,272508.0
25.24961837791847,78089.0,272481.0
25.25212081779735,78060.0,272497.0
25.254623257676233,78063.0,272479.0
25.257125697555114,78024.0,272466.0
25.259628137433996,78007.0,272506.0
25.262130577312877,78031.0,272504.0
25.264633017191763,77981.0,272492.0
25.267135457070644,77959.0,272478.0
25.269637896949526,77978.0,272506.0
25.272140336828407,77919.0,272482.0
25.27464277670729,77913.0,272477.0
25.27714521658617,77904.0,272477.0
25.279647656465052,77888.0,272486.0
25.282150096343933,77906.0,272484.0
25.284652536222815,77877.0,272480.0
25.2871549761017,77861.0,272512.0
25.28965741598058,77842.0,272467.0
25.292159855859463,77832.0,272489.0
25.294662295738345,77804.0,272458.0
25.297164735617226,77826.0,272509.0
25.299667175496108,77812.0,272485.0
25.30216961537499,77787.0,272486.0
25.30467205525387,77790.0,272495.0
25.307174495132752,77805.0,272467.0
25.309676935011634,77808.0,272495.0
25.31217937489052,77792.0,272496.0
25.3146818147694,77801.0,272496.0
25.317184254648282,77796.0,272482.0
25.319686694527164,77830.0,272496.0
25.322189134406045,77809.0,272479.0
25.324691574284927,77801.0,272516.0
25.32719401416381,77812.0,272497.0
25.32969645404269,77819.0,272495.0
25.33219889392157,77836.0,272479.0
25.334701333800453,77819.0,272504.0
25.337203773679338,77841.0,272508.0
25.33970621355822,77859.0,272501.0
25.3422086534371,77856.0,272506.0
25.344711093315983,77864.0,272517.0
25.347213533194864,77894.0,272512.0
25.349715973073746,77883.0,272503.0
25.352218412952627,77884.0,272518.0
25.35472085283151,77880.0,272484.0
25.35722329271039,77899.0,272505.0
25.359725732589272,77901.0,272501.0
25.362228172468157,77939.0,272487.0
25.36473061234704,77921.0,272502.0
25.36723305222592,77937.0,272460.0
25.3697354921048,77943.0,272491.0
25.372237931983683,77942.0,272460.0
25.374740371862565,77946.0,272484.0
25.377242811741446,77961.0,272501.0
25.379745251620328,77964.0,272490.0
25.38224769149921,77984.0,272461.0
25.384750131378095,77979.0,272469.0
25.387252571256976,77989.0,272486.0
25.389755011135858,78018.0,272487.0
25.39225745101474,78025.0,272463.0
25.39475989089362,78009.0,272483.0
25.397262330772502,78015.0,272488.0
25.399764770651384,78024.0,272500.0
25.402267210530265,78053.0,272512.0
25.404769650409147,78039.0,272488.0
25.40727209028803,78050.0,272498.0
25.409774530166914,78067.0,272506.0
25.412276970045795,78059.0,272516.0
25.414779409924677,78071.0,272492.0
25.417281849803558,78081.0,272510.0
25.41978428968244,78089.0,272510.0
25.42228672956132,78075.0,272509.0
25.424789169440203,78100.0,272522.0
25.427291609319084,78107.0,272525.0
25.429794049197966,78081.0,272489.0
25.432296489076847,78077.0,272518.0
25.434798928955733,78097.0,272527.0
25.437301368834614,78109.0,272503.0
25.439803808713496,78112.0,272492.0
25.442306248592377,78139.0,272510.0
25.44480868847126,78146.0,272485.0
25.44731112835014,78157.0,272518.0
25.449813568229022,78138.0,272508.0
25.452316008107903,78162.0,272498.0
25.454818447986785,78140.0,272494.0
25.457320887865666,78178.0,272515.0
25.45982332774455,78166.0,272509.0
25.462325767623433,78182.0,272495.0
25.464828207502315,78185.0,272528.0
25.467330647381196,78211.0,272502.0
25.469833087260078,78213.0,272512.0
25.47233552713896,78208.0,272532.0
25.47483796701784,78216.0,272499.0
25.477340406896722,78222.0,272512.0
25.479842846775604,78229.0,272520.0
25.482345286654486,78247.0,272521.0
25.48484772653337,78250.0,272492.0
25.487350166412252,78249.0,272507.0
25.489852606291134,78275.0,272496.0
25.492355046170015,78284.0,272514.0
25.494857486048897,78297.0,272521.0
25.49735992592778,78315.0,272530.0
25.49986236580666,78312.0,272502.0
25.50236480568554,78321.0,272499.0
25.504867245564423,78346.0,272522.0
25.507369685443308,78365.0,272516.0
25.50987212532219,78361.0,272507.0
25.51237456520107,78377.0,272520.0
25.514877005079953,78392.0,272529.0
25.517379444958834,78419.0,272539.0
25.519881884837716,78406.0,272522.0
25.522384324716597,78427.0,272532.0
25.52488676459548,78457.0,272524.0
25.52738920447436,78465.0,272535.0
25.529891644353242,78476.0,272526.0
25.532394084232127,78486.0,272509.0
25.53489652411101,78501.0,272526.0
25.53739896398989,78533.0,272524.0
25.53990140386877,78516.0,272537.0
25.542403843747653,78546.0,272506.0
25.544906283626535,78558.0,272522.0
25.547408723505416,78579.0,272543.0
25.549911163384298,78590.0,272523.0
25.55241360326318,78605.0,272533.0
25.55491604314206,78596.0,272541.0
25.557418483020946,78631.0,272517.0
25.559920922899828,78637.0,272546.0
25.56242336277871,78655.0,272529.0
25.56492580265759,78637.0,272534.0
25.567428242536472,78686.0,272545.0
25.569930682415354,78709.0,272542.0
25.572433122294235,78698.0,272511.0
25.574935562173117,78733.0,272535.0
25.577438002052,78729.0,272532.0
25.57994044193088,78745.0,272552.0
25.582442881809765,78788.0,272552.0
25.584945321688647,78785.0,272538.0
25.587447761567528,78809.0,272546.0
25.58995020144641,78836.0,272526.0
25.59245264132529,78828.0,272562.0
25.594955081204173,78840.0,272562.0
25.597457521083054,78865.0,272543.0
25.599959960961936,78883.0,272553.0
25.602462400840817,78912.0,272560.0
25.604964840719703,78941.0,272552.0
25.607467280598584,78943.0,272558.0
25.609969720477466,78953.0,272560.0
25.612472160356347,78974.0,272559.0
25.61497460023523,79000.0,272568.0
25.61747704011411,78994.0,272571.0
25.619979479992992,78999.0,272546.0
25.622481919871873,79027.0,272555.0
25.624984359750755,79049.0,272570.0
25.627486799629636,79071.0,272559.0
25.62998923950852,79091.0,272556.0
25.632491679387403,79111.0,272594.0
25.634994119266285,79132.0,272556.0
25.637496559145166,79151.0,272563.0
25.639998999024048,79128.0,272568.0
25.64250143890293,79156.0,272560.0
25.64500387878181,79179.0,272560.0
25.647506318660692,79183.0,272571.0
25.650008758539574,79219.0,272573.0
25.652511198418456,79237.0,272584.0
25.65501363829734,79257.0,272585.0
25.657516078176222,79270.0,272594.0
25.660018518055104,79285.0,272578.0
25.662520957933985,79297.0,272602.0
25.665023397812867,79308.0,272562.0
25.66752583769175,79338.0,272591.0
25.67002827757063,79341.0,272568.0
25.67253071744951,79377.0,272580.0
25.675033157328393,79385.0,272573.0
25.677535597207275,79393.0,272585.0
25.68003803708616,79420.0,272590.0
25.68254047696504,79437.0,272590.0
25.685042916843923,79445.0,272601.0
25.687545356722804,79461.0,272590.0
25.690047796601686,79483.0,272620.0
25.692550236480567,79507.0,272615.0
25.69505267635945,79507.0,272609.0
25.69755511623833,79525.0,272616.0
25.700057556117212,79562.0,272600.0
25.702559995996097,79555.0,272600.0
25.70506243587498,79590.0,272612.0
25.70756487575386,79623.0,272596.0
25.71006731563274,79610.0,272584.0
25.712569755511623,79614.0,272609.0
25.715072195390505,79646.0,272585.0
25.717574635269386,79653.0,272610.0
25.720077075148268,79695.0,272594.0
25.72257951502715,79696.0,272583.0
25.72508195490603,79696.0,272592.0
25.727584394784916,79726.0,272593.0
25.730086834663798,79754.0,272592.0
25.73258927454268,79792.0,272603.0
25.73509171442156,79770.0,272584.0
25.737594154300442,79787.0,272601.0
25.740096594179324,79799.0,272603.0
25.742599034058205,79832.0,272595.0
25.745101473937087,79844.0,272607.0
25.74760391381597,79856.0,272615.0
25.75010635369485,79885.0,272635.0
25.752608793573735,79908.0,272632.0
25.755111233452617,79931.0,272583.0
25.757613673331498,79912.0,272602.0
25.76011611321038,79946.0,272612.0
25.76261855308926,79959.0,272613.0
25.765120992968143,79974.0,272627.0
25.767623432847024,79993.0,272630.0
25.770125872725906,80018.0,272647.0
25.772628312604787,80015.0,272629.0
25.77513075248367,80043.0,272605.0
25.777633192362554,80061.0,272636.0
25.780135632241436,80095.0,272636.0
25.782638072120317,80092.0,272624.0
25.7851405119992,80107.0,272607.0
25.78764295187808,80120.0,272628.0
25.790145391756962,80146.0,272610.0
25.792647831635843,80167.0,272619.0
25.795150271514725,80168.0,272658.0
25.797652711393606,80196.0,272617.0
25.800155151272488,80219.0,272648.0
25.802657591151373,80228.0,272621.0
25.805160031030255,80235.0,272618.0
25.807662470909136,80269.0,272639.0
25.810164910788018,80289.0,272637.0
25.8126673506669,80318.0,272624.0
25.81516979054578,80299.0,272616.0
25.817672230424662,80339.0,272615.0
25.820174670303544,80350.0,272614.0
25.822677110182426,80372.0,272667.0
25.82517955006131,80378.0,272621.0
25.827681989940192,80397.0,272612.0
25.830184429819074,80419.0,272650.0
25.832686869697955,80419.0,272650.0
25.835189309576837,80435.0,272645.0
25.83769174945572,80450.0,272616.0
25.8401941893346,80471.0,272651.0
25.84269662921348,80485.0,272614.0
25.845199069092363,80501.0,272672.0
25.847701508971245,80537.0,272640.0
25.85020394885013,80544.0,272651.0
25.85270638872901,80560.0,272636.0
25.855208828607893,80567.0,272640.0
25.857711268486774,80581.0,272638.0
25.860213708365656,80633.0,272649.0
25.862716148244537,80620.0,272648.0
25.86521858812342,80621.0,272661.0
25.8677210280023,80651.0,272663.0
25.870223467881182,80659.0,272664.0
25.872725907760064,80673.0,272626.0
25.87522834763895,80663.0,272631.0
25.87773078751783,80688.0,272649.0
25.88023322739671,80692.0,272641.0
25.882735667275593,80707.0,272665.0
25.885238107154475,80683.0,272638.0
25.887740547033356,80717.0,272637.0
25.890242986912238,80703.0,272649.0
25.89274542679112,80682.0,272661.0
25.89524786667,80681.0,272653.0
25.897750306548883,80675.0,272667.0
25.900252746427768,80680.0,272650.0
25.90275518630665,80670.0,272677.0
25.90525762618553,80625.0,272652.0
25.907760066064412,80637.0,272667.0
25.910262505943294,80600.0,272665.0
25.912764945822175,80581.0,272685.0
25.915267385701057,80556.0,272662.0
25.91776982557994,80514.0,272662.0
25.92027226545882,80492.0,272649.0
25.922774705337705,80471.0,272677.0
25.925277145216587,80446.0,272648.0
25.927779585095468,80362.0,272651.0
25.93028202497435,80355.0,272662.0
25.93278446485323,80285.0,272661.0
25.935286904732113,80242.0,272650.0
25.937789344610994,80226.0,272678.0
25.940291784489876,80162.0,272669.0
25.942794224368757,80120.0,272662.0
25.94529666424764,80070.0,272641.0
25.947799104126524,80013.0,272654.0
25.950301544005406,79960.0,272634.0
25.952803983884287,79917.0,272675.0
25.95530642376317,79858.0,272645.0
25.95780886364205,79824.0,272654.0
25.960311303520932,79763.0,272672.0
25.962813743399813,79691.0,272649.0
25.965316183278695,79657.0,272656.0
25.967818623157576,79614.0,272621.0
25.970321063036458,79564.0,272653.0
25.972823502915343,79540.0,272627.0
25.975325942794225,79459.0,272619.0
25.977828382673106,79417.0,272650.0
25.980330822551988,79381.0,272630.0
25.98283326243087,79355.0,272612.0
25.98533570230975,79320.0,272623.0
25.987838142188632,79251.0,272607.0
25.990340582067514,79216.0,272610.0
25.992843021946396,79188.0,272614.0
25.995345461825277,79153.0,272622.0
25.997847901704162,79121.0,272616.0
26.000350341583044,79093.0,272628.0
26.002852781461925,79058.0,272618.0
26.005355221340807,79044.0,272611.0
26.00785766121969,79013.0,272591.0
26.01036010109857,78977.0,272593.0
26.01286254097745,78960.0,272603.0
26.015364980856333,78934.0,272603.0
26.017867420735215,78924.0,272598.0
26.0203698606141,78871.0,272614.0
26.02287230049298,78857.0,272580.0
26.025374740371863,78850.0,272570.0
26.027877180250744,78816.0,272580.0
26.030379620129626,78780.0,272579.0
26.032882060008507,78779.0,272594.0
26.03538449988739,78742.0,272594.0
26.03788693976627,78711.0,272574.0
26.040389379645152,78732.0,272582.0
26.042891819524034,78707.0,272545.0
26.04539425940292,78670.0,272579.0
26.0478966992818,78634.0,272560.0
26.05039913916068,78632.0,272576.0
26.052901579039563,78605.0,272575.0
26.055404018918445,78599.0,272562.0
26.057906458797326,78600.0,272564.0
26.060408898676208,78567.0,272561.0
26.06291133855509,78535.0,272571.0
26.06541377843397,78540.0,272580.0
26.067916218312853,78529.0,272565.0
26.070418658191738,78514.0,272556.0
26.07292109807062,78506.0,272562.0
26.0754235379495,78504.0,272554.0
26.077925977828382,78474.0,272562.0
26.080428417707264,78464.0,272573.0
26.082930857586145,78445.0,272561.0
26.085433297465027,78452.0,272558.0
26.08793573734391,78451.0,272561.0
26.09043817722279,78438.0,272560.0
26.09294061710167,78441.0,272554.0
26.095443056980557,78421.0,272558.0
26.097945496859438,78459.0,272575.0
26.10044793673832,78419.0,272552.0
26.1029503766172,78408.0,272581.0
26.105452816496083,78423.0,272554.0
26.107955256374964,78432.0,272545.0
26.110457696253846,78427.0,272562.0
26.112960136132727,78450.0,272574.0
26.11546257601161,78426.0,272573.0
26.11796501589049,78433.0,272560.0
26.120467455769376,78429.0,272563.0
26.122969895648257,78433.0,272553.0
26.12547233552714,78453.0,272585.0
26.12797477540602,78445.0,272552.0
26.130477215284902,78455.0,272531.0
26.132979655163783,78462.0,272570.0
26.135482095042665,78469.0,272576.0
26.137984534921546,78470.0,272594.0
26.140486974800428,78470.0,272575.0
26.142989414679313,78482.0,272571.0
26.145491854558195,78475.0,272573.0
26.147994294437076,78487.0,272571.0
26.150496734315958,78507.0,272579.0
26.15299917419484,78497.0,272579.0
26.15550161407372,78531.0,272552.0
26.158004053952602,78527.0,272568.0
26.160506493831484,78555.0,272568.0
26.163008933710366,78522.0,272557.0
26.165511373589247,78542.0,272547.0
26.168013813468132,78571.0,272575.0
26.170516253347014,78573.0,272572.0
26.173018693225895,78558.0,272553.0
26.175521133104777,78563.0,272563.0
26.17802357298366,78587.0,272570.0
26.18052601286254,78601.0,272563.0
26.18302845274142,78586.0,272578.0
26.185530892620303,78609.0,272574.0
26.188033332499185,78604.0,272555.0
26.190535772378066,78621.0,272576.0
26.19303821225695,78642.0,272544.0
26.195540652135833,78621.0,272592.0
26.198043092014714,78630.0,272575.0
26.200545531893596,78630.0,272567.0
26.203047971772477,78641.0,272559.0
26.20555041165136,78634.0,272557.0
26.20805285153024,78617.0,272567.0
26.210555291409122,78658.0,272549.0
26.213057731288004,78633.0,272573.0
26.215560171166885,78642.0,272566.0
26.21806261104577,78656.0,272556.0
26.22056505092465,78666.0,272573.0
26.223067490803533,78665.0,272561.0
26.225569930682415,78668.0,272571.0
26.228072370561296,78674.0,272584.0
26.230574810440178,78672.0,272595.0
26.23307725031906,78645.0,272563.0
26.23557969019794,78671.0,272585.0
26.238082130076823,78661.0,272571.0
26.240584569955708,78671.0,272571.0
26.24308700983459,78695.0,272560.0
26.24558944971347,78716.0,272586.0
26.248091889592352,78702.0,272589.0
26.250594329471234,78678.0,272596.0
26.253096769350115,78730.0,272582.0
26.255599209228997,78705.0,272594.0
26.25810164910788,78691.0,272580.0
26.26060408898676,78733.0,272579.0
26.26310652886564,78737.0,272584.0
26.265608968744527,78747.0,272592.0
26.268111408623408,78743.0,272598.0
26.27061384850229,78774.0,272594.0
26.27311628838117,78767.0,272576.0
26.275618728260053,78772.0,272604.0
26.278121168138934,78784.0,272593.0
26.280623608017816,78781.0,272596.0
26.283126047896697,78812.0,272593.0
26.28562848777558,78799.0,272576.0
26.28813092765446,78828.0,272612.0
26.290633367533346,78817.0,272594.0
26.293135807412227,78839.0,272557.0
26.29563824729111,78842.0,272575.0
26.29814068716999,78838.0,272590.0
26.300643127048872,78837.0,272575.0
26.303145566927753,78884.0,272582.0
26.305648006806635,78875.0,272580.0
26.308150446685516,78888.0,272596.0
26.310652886564398,78897.0,272574.0
26.31315532644328,78920.0,272571.0
26.315657766322165,78905.0,272612.0
26.318160206201046,78929.0,272615.0
26.320662646079928,78938.0,272590.0
26.32316508595881,78952.0,272609.0
26.32566752583769,78985.0,272550.0
26.328169965716572,78978.0,272602.0
26.330672405595454,78998.0,272590.0
26.333174845474336,79016.0,272599.0
26.335677285353217,79050.0,272594.0
26.338179725232102,79046.0,272621.0
26.340682165110984,79039.0,272600.0
26.343184604989865,79056.0,272607.0
26.345687044868747,79101.0,272586.0
26.34818948474763,79090.0,272609.0
26.35069192462651,79100.0,272612.0
26.35319436450539,79133.0,272599.0
26.355696804384273,79116.0,272588.0
26.358199244263155,79111.0,272614.0
26.360701684142036,79151.0,272619.0
26.36320412402092,79147.0,272623.0
26.365706563899803,79185.0,272603.0
26.368209003778684,79188.0,272608.0
26.370711443657566,79200.0,272626.0
26.373213883536447,79231.0,272604.0
26.37571632341533,79251.0,272611.0
26.37821876329421,79260.0,272608.0
26.380721203173092,79264.0,272624.0
26.383223643051974,79270.0,272652.0
26.385726082930855,79282.0,272618.0
26.38822852280974,79311.0,272598.0
26.39073096268862,79319.0,272604.0
26.393233402567503,79352.0,272601.0
26.395735842446385,79368.0,272608.0
26.398238282325266,79370.0,272606.0
26.400740722204148,79368.0,272623.0
26.40324316208303,79400.0,272631.0
26.40574560196191,79404.0,272634.0
26.408248041840793,79423.0,272611.0
26.410750481719674,79462.0,272617.0
26.41325292159856,79444.0,272609.0
26.41575536147744,79452.0,272617.0
26.418257801356322,79479.0,272608.0
26.420760241235204,79488.0,272637.0
26.423262681114085,79464.0,272603.0
26.425765120992967,79494.0,272607.0
26.42826756087185,79512.0,272624.0
26.43077000075073,79539.0,272643.0
26.43327244062961,79538.0,272625.0
26.435774880508493,79533.0,272624.0
26.438277320387378,79577.0,272634.0
26.44077976026626,79571.0,272636.0
26.44328220014514,79605.0,272610.0
26.445784640024023,79599.0,272613.0
26.448287079902904,79659.0,272612.0
26.450789519781786,79641.0,272641.0
26.453291959660667,79641.0,272646.0
26.45579439953955,79661.0,272636.0
26.45829683941843,79671.0,272640.0
26.460799279297316,79705.0,272613.0
26.463301719176197,79710.0,272651.0
26.46580415905508,79699.0,272618.0
26.46830659893396,79735.0,272635.0
26.470809038812842,79747.0,272653.0
26.473311478691723,79779.0,272667.0
26.475813918570605,79787.0,272636.0
26.478316358449487,79781.0,272671.0
26.480818798328368,79774.0,272646.0
26.48332123820725,79798.0,272636.0
26.485823678086135,79801.0,272636.0
26.488326117965016,79822.0,272643.0
26.490828557843898,79844.0,272650.0
26.49333099772278,79864.0,272631.0
26.49583343760166,79868.0,272650.0
26.498335877480542,79871.0,272660.0
26.500838317359424,79916.0,272644.0
26.503340757238306,79912.0,272642.0
26.505843197117187,79927.0,272643.0
26.50834563699607,79944.0,272638.0
26.510848076874954,79969.0,272657.0
26.513350516753835,79986.0,272629.0
26.515852956632717,79953.0,272669.0
26.5183553965116,79974.0,272617.0
26.52085783639048,80004.0,272650.0
26.52336027626936,80012.0,272659.0
26.525862716148243,80004.0,272653.0
26.528365156027125,80019.0,272635.0
26.530867595906006,80053.0,272684.0
26.533370035784888,80075.0,272668.0
26.535872475663773,80081.0,272643.0
26.538374915542654,80092.0,272676.0
26.540877355421536,80120.0,272639.0
26.543379795300417,80115.0,272646.0
26.5458822351793,80145.0,272667.0
26.54838467505818,80153.0,272651.0
26.550887114937062,80170.0,272656.0
26.553389554815944,80187.0,272633.0
26.555891994694825,80219.0,272656.0
26.55839443457371,80218.0,272648.0
26.56089687445259,80206.0,272646.0
26.563399314331473,80243.0,272655.0
26.565901754210355,80264.0,272669.0
26.568404194089236,80273.0,272665.0
26.570906633968118,80310.0,272679.0
26.573409073847,80307.0,272681.0
26.57591151372588,80323.0,272686.0
26.578413953604763,80331.0,272667.0
26.580916393483644,80337.0,272667.0
26.58341883336253,80352.0,272669.0
26.58592127324141,80378.0,272683.0
26.588423713120292,80386.0,272706.0
26.590926152999174,80402.0,272678.0
26.593428592878055,80409.0,272662.0
26.595931032756937,80392.0,272674.0
26.59843347263582,80428.0,272662.0
26.6009359125147,80446.0,272682.0
26.60343835239358,80451.0,272679.0
26.605940792272463,80450.0,272688.0
26.608443232151348,80464.0,272639.0
26.61094567203023,80515.0,272652.0
26.61344811190911,80524.0,272675.0
26.615950551787993,80493.0,272706.0
26.618452991666874,80535.0,272688.0
26.620955431545756,80561.0,272646.0
26.623457871424637,80572.0,272655.0
26.62596031130352,80595.0,272681.0
26.6284627511824,80601.0,272664.0
26.630965191061282,80599.0,272648.0
26.633467630940167,80638.0,272648.0
26.63597007081905,80687.0,272654.0
26.63847251069793,80695.0,272646.0
26.640974950576812,80741.0,272670.0
26.643477390455693,80738.0,272651.0
26.645979830334575,80730.0,272662.0
26.648482270213457,80728.0,272620.0
26.650984710092338,80759.0,272650.0
26.65348714997122,80758.0,272650.0
26.655989589850105,80767.0,272644.0
26.658492029728986,80767.0,272620.0
26.660994469607868,80806.0,272651.0
26.66349690948675,80825.0,272615.0
26.66599934936563,80831.0,272659.0
26.668501789244512,80840.0,272618.0
26.671004229123394,80862.0,272645.0
26.673506669002276,80863.0,272657.0
26.676009108881157,80860.0,272617.0
26.67851154876004,80856.0,272649.0
26.681013988638924,80876.0,272664.0
26.683516428517805,80882.0,272664.0
26.686018868396687,80871.0,272649.0
26.68852130827557,80892.0,272652.0
26.69102374815445,80872.0,272672.0
26.69352618803333,80866.0,272659.0
26.696028627912213,80865.0,272657.0
26.698531067791095,80884.0,272667.0
26.701033507669976,80830.0,272640.0
26.703535947548858,80830.0,272654.0
26.706038387427743,80803.0,272661.0
26.708540827306624,80796.0,272645.0
26.711043267185506,80761.0,272659.0
26.713545707064387,80728.0,272663.0
26.71604814694327,80717.0,272660.0
26.71855058682215,80692.0,272648.0
26.721053026701032,80664.0,272663.0
26.723555466579914,80602.0,272647.0
26.726057906458795,80581.0,272659.0
26.728560346337677,80539.0,272653.0
26.73106278621656,80488.0,272642.0
26.733565226095443,80422.0,272663.0
26.736067665974325,80383.0,272656.0
26.738570105853206,80329.0,272645.0
26.741072545732088,80297.0,272646.0
26.74357498561097,80227.0,272649.0
26.74607742548985,80201.0,272650.0
26.748579865368733,80156.0,272674.0
26.751082305247614,80105.0,272644.0
26.753584745126496,80046.0,272645.0
26.75608718500538,79992.0,272654.0
26.758589624884262,79942.0,272650.0
26.761092064763144,79896.0,272658.0
26.763594504642025,79817.0,272633.0
26.766096944520907,79794.0,272647.0
26.76859938439979,79739.0,272639.0
26.77110182427867,79699.0,272634.0
26.77360426415755,79636.0,272639.0
26.776106704036433,79599.0,272650.0
26.778609143915318,79523.0,272625.0
26.7811115837942,79480.0,272623.0
26.78361402367308,79449.0,272630.0
26.786116463551963,79436.0,272650.0
26.788618903430844,79380.0,272660.0
26.791121343309726,79339.0,272601.0
26.793623783188607,79298.0,272624.0
26.79612622306749,79256.0,272630.0
26.79862866294637,79205.0,272628.0
26.801131102825252,79187.0,272596.0
26.803633542704137,79131.0,272609.0
26.80613598258302,79111.0,272614.0
26.8086384224619,79079.0,272617.0
26.811140862340782,79056.0,272599.0
26.813643302219663,78997.0,272605.0
26.816145742098545,79003.0,272587.0
26.818648181977427,78969.0,272595.0
26.821150621856308,78903.0,272611.0
26.82365306173519,78908.0,272594.0
26.82615550161407,78864.0,272559.0
26.828657941492956,78862.0,272601.0
26.831160381371838,78822.0,272561.0
26.83366282125072,78817.0,272596.0
26.8361652611296,78803.0,272581.0
26.838667701008482,78764.0,272595.0
26.841170140887364,78731.0,272587.0
26.843672580766246,78730.0,272588.0
26.846175020645127,78701.0,272598.0
26.84867746052401,78669.0,272566.0
26.85117990040289,78634.0,272606.0
26.853682340281775,78625.0,272590.0
26.856184780160657,78607.0,272594.0
26.85868722003954,78601.0,272567.0
26.86118965991842,78586.0,272582.0
26.8636920997973,78538.0,272584.0
26.866194539676183,78561.0,272580.0
26.868696979555065,78551.0,272575.0
26.871199419433946,78522.0,272593.0
26.873701859312828,78539.0,272554.0
26.876204299191713,78499.0,272585.0
26.878706739070594,78500.0,272582.0
26.881209178949476,78455.0,272602.0
26.883711618828357,78432.0,272580.0
26.88621405870724,78446.0,272590.0
26.88871649858612,78421.0,272597.0
26.891218938465002,78430.0,272595.0
26.893721378343884,78405.0,272585.0
26.896223818222765,78410.0,272597.0
26.898726258101647,78408.0,272578.0
26.90122869798053,78376.0,272576.0
26.903731137859413,78381.0,272572.0
26.906233577738295,78380.0,272561.0
26.908736017617176,78387.0,272565.0
26.911238457496058,78409.0,272590.0
26.91374089737494,78388.0,272568.0
26.91624333725382,78376.0,272571.0
26.918745777132703,78363.0,272582.0
26.921248217011584,78371.0,272562.0
26.923750656890466,78372.0,272612.0
26.92625309676935,78392.0,272543.0
26.928755536648232,78386.0,272576.0
26.931257976527114,78384.0,272579.0
26.933760416405995,78410.0,272570.0
26.936262856284877,78429.0,272565.0
26.93876529616376,78393.0,272588.0
26.94126773604264,78411.0,272586.0
26.94377017592152,78434.0,272575.0
26.946272615800403,78431.0,272559.0
26.948775055679285,78431.0,272605.0
26.95127749555817,78465.0,272584.0
26.95377993543705,78452.0,272562.0
26.956282375315933,78465.0,272605.0
26.958784815194814,78426.0,272574.0
26.961287255073696,78472.0,272576.0
26.963789694952577,78471.0,272602.0
26.96629213483146,78500.0,272593.0
26.96879457471034,78490.0,272602.0
26.971297014589222,78476.0,272581.0
26.973799454468107,78499.0,272590.0
26.97630189434699,78527.0,272615.0
26.97880433422587,78511.0,272578.0
26.981306774104752,78523.0,272607.0
26.983809213983633,78520.0,272596.0
26.986311653862515,78516.0,272608.0
26.988814093741397,78537.0,272605.0
26.991316533620278,78547.0,272595.0
26.99381897349916,78565.0,272613.0
26.99632141337804,78547.0,272598.0
26.998823853256926,78544.0,272582.0
27.001326293135808,78547.0,272571.0
27.00382873301469,78542.0,272579.0
27.00633117289357,78572.0,272616.0
27.008833612772452,78584.0,272596.0
27.011336052651334,78598.0,272615.0
27.013838492530216,78581.0,272612.0
27.016340932409097,78588.0,272618.0
27.01884337228798,78585.0,272621.0
27.02134581216686,78568.0,272617.0
27.023848252045745,78596.0,272580.0
27.026350691924627,78597.0,272597.0
27.02885313180351,78607.0,272626.0
27.03135557168239,78598.0,272614.0
27.03385801156127,78598.0,272602.0
27.036360451440153,78601.0,272587.0
27.038862891319035,78588.0,272597.0
27.041365331197916,78603.0,272614.0
27.043867771076798,78623.0,272604.0
27.04637021095568,78634.0,272626.0
27.048872650834564,78649.0,272599.0
27.051375090713446,78644.0,272589.0
27.053877530592327,78650.0,272606.0
27.05637997047121,78648.0,272629.0
27.05888241035009,78651.0,272607.0
27.061384850228972,78658.0,272632.0
27.063887290107854,78663.0,272593.0
27.066389729986735,78667.0,272600.0
27.068892169865617,78699.0,272606.0
27.0713946097445,78673.0,272613.0
27.073897049623383,78707.0,272611.0
27.076399489502265,78697.0,272617.0
27.078901929381146,78701.0,272619.0
27.081404369260028,78722.0,272615.0
27.08390680913891,78730.0,272577.0
27.08640924901779,78722.0,272605.0
27.088911688896673,78756.0,272618.0
27.091414128775554,78760.0,272632.0
27.093916568654436,78749.0,272593.0
27.09641900853332,78783.0,272608.0
27.098921448412202,78799.0,272619.0
27.101423888291084,78768.0,272629.0
27.103926328169965,78815.0,272611.0
27.106428768048847,78815.0,272599.0
27.10893120792773,78820.0,272599.0
27.11143364780661,78842.0,272601.0
27.11393608768549,78864.0,272590.0
27.116438527564373,78874.0,272612.0
27.118940967443255,78862.0,272637.0
27.12144340732214,78892.0,272604.0
27.12394584720102,78894.0,272602.0
27.126448287079903,78940.0,272604.0
27.128950726958784,78925.0,272633.0
27.131453166837666,78935.0,272606.0
27.133955606716547,78960.0,272631.0
27.13645804659543,78966.0,272628.0
27.13896048647431,78968.0,272623.0
27.141462926353192,78957.0,272625.0
27.143965366232074,78987.0,272621.0
27.14646780611096,79000.0,272622.0
27.14897024598984,79025.0,272624.0
27.151472685868722,79036.0,272631.0
27.153975125747603,79050.0,272619.0
27.156477565626485,79050.0,272630.0
27.158980005505367,79065.0,272663.0
27.161482445384248,79105.0,272622.0
27.16398488526313,79103.0,272622.0
27.16648732514201,79121.0,272655.0
27.168989765020893,79143.0,272623.0
27.171492204899778,79135.0,272630.0
27.17399464477866,79168.0,272626.0
27.17649708465754,79158.0,272624.0
27.178999524536422,79199.0,272654.0
27.181501964415304,79214.0,272655.0
27.184004404294186,79204.0,272644.0
27.186506844173067,79232.0,272633.0
27.18900928405195,79250.0,272642.0
27.19151172393083,79274.0,272664.0
27.194014163809715,79287.0,272637.0
27.196516603688597,79321.0,272662.0
27.19901904356748,79298.0,272643.0
27.20152148344636,79305.0,272623.0
27.20402392332524,79338.0,272637.0
27.206526363204123,79353.0,272661.0
27.209028803083005,79391.0,272637.0
27.211531242961886,79385.0,272631.0
27.214033682840768,79411.0,272644.0
27.21653612271965,79428.0,272648.0
27.219038562598534,79422.0,272652.0
27.221541002477416,79430.0,272647.0
27.224043442356297,79446.0,272659.0
27.22654588223518,79460.0,272641.0
27.22904832211406,79457.0,272651.0
27.231550761992942,79500.0,272651.0
27.234053201871824,79519.0,272649.0
27.236555641750705,79513.0,272669.0
27.239058081629587,79533.0,272657.0
27.241560521508468,79544.0,272665.0
27.244062961387353,79578.0,272659.0
27.246565401266235,79566.0,272663.0
27.249067841145116,79611.0,272667.0
27.251570281023998,79592.0,272647.0
27.25407272090288,79648.0,272668.0
27.25657516078176,79631.0,272682.0
27.259077600660643,79654.0,272669.0
27.261580040539524,79680.0,272682.0
27.264082480418406,79705.0,272665.0
27.266584920297287,79689.0,272681.0
27.269087360176172,79716.0,272645.0
27.271589800055054,79727.0,272649.0
27.274092239933935,79744.0,272686.0
27.276594679812817,79763.0,272681.0
27.2790971196917,79780.0,272682.0
27.28159955957058,79793.0,272674.0
27.28410199944946,79788.0,272681.0
27.286604439328343,79819.0,272681.0
27.289106879207225,79833.0,272687.0
27.29160931908611,79849.0,272682.0
27.29411175896499,79826.0,272674.0
27.296614198843873,79875.0,272681.0
27.299116638722754,79917.0,272681.0
27.301619078601636,79932.0,272678.0
27.304121518480517,79941.0,272673.0
27.3066239583594,79950.0,272688.0
27.30912639823828,79960.0,272684.0
27.311628838117162,79988.0,272704.0
27.314131277996044,80006.0,272694.0
27.31663371787493,80005.0,272687.0
27.31913615775381,80048.0,272702.0
27.321638597632692,80036.0,272684.0
27.324141037511573,80045.0,272717.0
27.326643477390455,80089.0,272701.0
27.329145917269337,80082.0,272693.0
27.331648357148218,80092.0,272705.0
27.3341507970271,80110.0,272714.0
27.33665323690598,80129.0,272704.0
27.339155676784863,80165.0,272706.0
27.341658116663748,80144.0,272695.0
27.34416055654263,80167.0,272675.0
27.34666299642151,80199.0,272693.0
27.349165436300392,80223.0,272707.0
27.351667876179274,80209.0,272714.0
27.354170316058156,80237.0,272694.0
27.356672755937037,80268.0,272712.0
27.35917519581592,80267.0,272717.0
27.3616776356948,80270.0,272709.0
27.36418007557368,80276.0,272690.0
27.366682515452567,80304.0,272677.0
27.36918495533145,80304.0,272685.0
27.37168739521033,80325.0,272695.0
27.37418983508921,80351.0,272695.0
27.376692274968093,80365.0,272695.0
27.379194714846975,80373.0,272688.0
27.381697154725856,80419.0,272704.0
27.384199594604738,80426.0,272697.0
27.38670203448362,80441.0,272696.0
27.389204474362504,80440.0,272724.0
27.391706914241386,80459.0,272724.0
27.394209354120267,80476.0,272708.0
27.39671179399915,80513.0,272710.0
27.39921423387803,80505.0,272712.0
27.401716673756912,80521.0,272740.0
27.404219113635794,80534.0,272703.0
27.406721553514675,80535.0,272723.0
27.409223993393557,80573.0,272706.0
27.411726433272438,80577.0,272714.0
27.414228873151323,80605.0,272725.0
27.416731313030205,80646.0,272699.0
27.419233752909086,80647.0,272746.0
27.421736192787968,80652.0,272740.0
27.42423863266685,80666.0,272726.0
27.42674107254573,80688.0,272726.0
27.429243512424613,80703.0,272734.0
27.431745952303494,80725.0,272727.0
27.434248392182376,80762.0,272698.0
27.436750832061257,80732.0,272762.0
27.439253271940142,80777.0,272742.0
27.441755711819024,80800.0,272733.0
27.444258151697905,80814.0,272729.0
27.446760591576787,80800.0,272735.0
27.44926303145567,80814.0,272720.0
27.45176547133455,80866.0,272723.0
27.45426791121343,80872.0,272751.0
27.456770351092313,80891.0,272759.0
27.459272790971195,80904.0,272747.0
27.461775230850076,80942.0,272725.0
27.46427767072896,80936.0,272747.0
27.466780110607843,80940.0,272738.0
27.469282550486724,80979.0,272733.0
27.471784990365606,81000.0,272724.0
27.474287430244487,80986.0,272736.0
27.47678987012337,80997.0,272722.0
27.47929231000225,81005.0,272757.0
27.481794749881132,81014.0,272762.0
27.484297189760014,81018.0,272744.0
27.486799629638895,81014.0,272747.0
27.48930206951778,80992.0,272731.0
27.491804509396662,80992.0,272756.0
27.494306949275543,81022.0,272742.0
27.496809389154425,81002.0,272750.0
27.499311829033307,81002.0,272759.0
27.501814268912188,80981.0,272754.0
27.50431670879107,80961.0,272738.0
27.50681914866995,80948.0,272757.0
27.509321588548833,80953.0,272741.0
27.511824028427718,80941.0,272761.0
27.5143264683066,80923.0,272741.0
27.51682890818548,80898.0,272754.0
27.519331348064362,80854.0,272759.0
27.521833787943244,80830.0,272782.0
27.524336227822126,80788.0,272748.0
27.526838667701007,80734.0,272766.0
27.52934110757989,80706.0,272764.0
27.53184354745877,80692.0,272754.0
27.53434598733765,80630.0,272729.0
27.536848427216537,80591.0,272758.0
27.53935086709542,80559.0,272760.0
27.5418533069743,80499.0,272777.0
27.54435574685318,80465.0,272732.0
27.546858186732063,80403.0,272729.0
27.549360626610945,80368.0,272716.0
27.551863066489826,80305.0,272721.0
27.554365506368708,80251.0,272707.0
27.55686794624759,80222.0,272736.0
27.55937038612647,80138.0,272738.0
27.561872826005356,80110.0,272719.0
27.564375265884237,80091.0,272749.0
27.56687770576312,80001.0,272726.0
27.569380145642,80005.0,272726.0
27.571882585520882,79954.0,272701.0
27.574385025399764,79881.0,272714.0
27.576887465278645,79863.0,272710.0
27.579389905157527,79810.0,272724.0
27.581892345036408,79756.0,272700.0
27.58439478491529,79735.0,272723.0
27.586897224794175,79682.0,272743.0
27.589399664673056,79665.0,272728.0
27.591902104551938,79612.0,272723.0
27.59440454443082,79607.0,272713.0
27.5969069843097,79585.0,272727.0
27.599409424188583,79516.0,272691.0
27.601911864067464,79501.0,272709.0
27.604414303946346,79465.0,272693.0
27.606916743825227,79462.0,272744.0
27.609419183704112,79440.0,272697.0
27.611921623582994,79386.0,272735.0
27.614424063461875,79375.0,272702.0
27.616926503340757,79375.0,272668.0
27.61942894321964,79339.0,272714.0
27.62193138309852,79331.0,272695.0
27.6244338229774,79294.0,272704.0
27.626936262856283,79307.0,272707.0
27.629438702735165,79292.0,272665.0
27.631941142614046,79248.0,272694.0
27.63444358249293,79231.0,272667.0
27.636946022371813,79213.0,272669.0
27.639448462250694,79219.0,272677.0
27.641950902129576,79195.0,272691.0
27.644453342008457,79181.0,272681.0
27.64695578188734,79176.0,272679.0
27.64945822176622,79157.0,272679.0
27.651960661645102,79152.0,272667.0
27.654463101523984,79152.0,272672.0
27.656965541402865,79131.0,272651.0
27.65946798128175,79123.0,272672.0
27.661970421160632,79100.0,272658.0
27.664472861039513,79098.0,272674.0
27.666975300918395,79093.0,272667.0
27.669477740797277,79094.0,272671.0
27.671980180676158,79109.0,272674.0
27.67448262055504,79104.0,272686.0
27.67698506043392,79091.0,272666.0
27.679487500312803,79066.0,272651.0
27.681989940191684,79061.0,272665.0
27.68449238007057,79070.0,272659.0
27.68699481994945,79060.0,272687.0
27.689497259828332,79083.0,272665.0
27.691999699707214,79080.0,272639.0
27.694502139586096,79057.0,272679.0
27.697004579464977,79060.0,272660.0
27.69950701934386,79100.0,272673.0
27.70200945922274,79089.0,272667.0
27.70451189910162,79091.0,272661.0
27.707014338980507,79080.0,272658.0
27.70951677885939,79100.0,272643.0
27.71201921873827,79122.0,272688.0
27.71452165861715,79124.0,272688.0
27.717024098496033,79139.0,272642.0
27.719526538374915,79128.0,272641.0
27.722028978253796,79145.0,272636.0
27.724531418132678,79149.0,272645.0
27.72703385801156,79160.0,272635.0
27.72953629789044,79173.0,272656.0
27.732038737769326,79167.0,272632.0
27.734541177648207,79200.0,272619.0
27.73704361752709,79174.0,272641.0
27.73954605740597,79185.0,272625.0
27.742048497284852,79214.0,272649.0
27.744550937163734,79233.0,272618.0
27.747053377042615,79230.0,272602.0
27.749555816921497,79238.0,272611.0
27.752058256800378,79242.0,272598.0
27.75456069667926,79255.0,272601.0
27.757063136558145,79265.0,272608.0
27.759565576437026,79291.0,272618.0
27.762068016315908,79304.0,272615.0
27.76457045619479,79306.0,272620.0
27.76707289607367,79304.0,272607.0
27.769575335952553,79337.0,272598.0
27.772077775831434,79343.0,272590.0
27.774580215710316,79358.0,272586.0
27.777082655589197,79356.0,272607.0
27.77958509546808,79378.0,272631.0
27.782087535346964,79372.0,272609.0
27.784589975225845,79387.0,272604.0
27.787092415104727,79387.0,272626.0
27.78959485498361,79378.0,272620.0
27.79209729486249,79419.0,272614.0
27.79459973474137,79414.0,272602.0
27.797102174620253,79411.0,272594.0
27.799604614499135,79441.0,272625.0
27.802107054378016,79441.0,272623.0
27.804609494256898,79466.0,272599.0
27.807111934135783,79461.0,272617.0
27.809614374014664,79469.0,272632.0
27.812116813893546,79473.0,272598.0
27.814619253772427,79482.0,272592.0
27.81712169365131,79480.0,272582.0
27.81962413353019,79504.0,272577.0
27.822126573409072,79511.0,272611.0
27.824629013287954,79498.0,272593.0
27.827131453166835,79526.0,272604.0
27.82963389304572,79521.0,272595.0
27.832136332924602,79521.0,272584.0
27.834638772803483,79505.0,272611.0
27.837141212682365,79539.0,272607.0
27.839643652561247,79552.0,272585.0
27.842146092440128,79567.0,272605.0
27.84464853231901,79550.0,272595.0
27.84715097219789,79542.0,272611.0
27.849653412076773,79587.0,272611.0
27.852155851955654,79569.0,272613.0
27.85465829183454,79603.0,272614.0
27.85716073171342,79602.0,272602.0
27.859663171592302,79605.0,272612.0
27.862165611471184,79595.0,272592.0
27.864668051350066,79621.0,272592.0
27.867170491228947,79633.0,272626.0
27.86967293110783,79651.0,272606.0
27.87217537098671,79651.0,272592.0
27.87467781086559,79658.0,272625.0
27.877180250744473,79663.0,272609.0
27.87968269062336,79710.0,272600.0
27.88218513050224,79691.0,272623.0
27.88468757038112,79710.0,272611.0
27.887190010260003,79706.0,272602.0
27.889692450138885,79739.0,272597.0
27.892194890017766,79748.0,272605.0
27.894697329896648,79760.0,272630.0
27.89719976977553,79758.0,272640.0
27.89970220965441,79806.0,272627.0
27.902204649533292,79784.0,272616.0
27.904707089412177,79791.0,272598.0
27.90720952929106,79805.0,272632.0
27.90971196916994,79810.0,272621.0
27.912214409048822,79830.0,272660.0
27.914716848927704,79868.0,272628.0
27.917219288806585,79855.0,272629.0
27.919721728685467,79905.0,272642.0
27.922224168564348,79896.0,272632.0
27.92472660844323,79928.0,272624.0
27.927229048322115,79917.0,272640.0
27.929731488200996,79955.0,272633.0
27.932233928079878,79978.0,272659.0
27.93473636795876,79980.0,272655.0
27.93723880783764,79973.0,272655.0
27.939741247716523,79999.0,272662.0
27.942243687595404,80031.0,272643.0
27.944746127474286,80052.0,272668.0
27.947248567353167,80049.0,272660.0
27.94975100723205,80050.0,272674.0
27.952253447110934,80081.0,272653.0
27.954755886989815,80105.0,272665.0
27.957258326868697,80120.0,272675.0
27.95976076674758,80130.0,272677.0
27.96226320662646,80157.0,272656.0
27.96476564650534,80186.0,272677.0
27.967268086384223,80171.0,272684.0
27.969770526263105,80189.0,272682.0
27.972272966141986,80201.0,272689.0
27.974775406020868,80224.0,272673.0
27.977277845899753,80229.0,272663.0
27.979780285778634,80290.0,272691.0
27.982282725657516,80286.0,272669.0
27.984785165536397,80296.0,272705.0
27.98728760541528,80303.0,272699.0
27.98979004529416,80312.0,272720.0
27.992292485173042,80334.0,272718.0
27.994794925051924,80342.0,272713.0
27.997297364930805,80371.0,272698.0
27.999799804809687,80376.0,272720.0
28.002302244688572,80406.0,272752.0
28.004804684567453,80412.0,272701.0
28.007307124446335,80441.0,272722.0
28.009809564325217,80452.0,272723.0
28.012312004204098,80479.0,272730.0
28.01481444408298,80478.0,272727.0
28.01731688396186,80498.0,272695.0
28.019819323840743,80518.0,272707.0
28.022321763719624,80537.0,272707.0
28.02482420359851,80538.0,272720.0
28.02732664347739,80543.0,272726.0
28.029829083356272,80567.0,272723.0
28.032331523235154,80574.0,272742.0
28.034833963114036,80583.0,272704.0
28.037336402992917,80609.0,272692.0
28.0398388428718,80606.0,272660.0
28.04234128275068,80630.0,272671.0
28.04484372262956,80633.0,272682.0
28.047346162508443,80640.0,272660.0
28.04984860238733,80644.0,272664.0
28.05235104226621,80670.0,272675.0
28.05485348214509,80674.0,272634.0
28.057355922023973,80691.0,272664.0
28.059858361902855,80697.0,272646.0
28.062360801781736,80708.0,272656.0
28.064863241660618,80724.0,272658.0
28.0673656815395,80742.0,272613.0
28.06986812141838,80748.0,272656.0
28.072370561297262,80783.0,272658.0
28.074873001176147,80789.0,272646.0
28.07737544105503,80811.0,272620.0
28.07987788093391,80824.0,272634.0
28.082380320812792,80807.0,272631.0
28.084882760691674,80843.0,272620.0
28.087385200570555,80858.0,272607.0
28.089887640449437,80874.0,272641.0
28.092390080328318,80884.0,272621.0
28.0948925202072,80887.0,272623.0
28.09739496008608,80915.0,272646.0
28.099897399964966,80932.0,272644.0
28.102399839843848,80939.0,272631.0
28.10490227972273,80953.0,272622.0
28.10740471960161,80964.0,272624.0
28.109907159480493,80987.0,272633.0
28.112409599359374,81017.0,272622.0
28.114912039238256,81042.0,272630.0
28.117414479117137,81051.0,272645.0
28.11991691899602,81058.0,272665.0
28.1224193588749,81072.0,272658.0
28.124921798753785,81060.0,272659.0
28.127424238632667,81077.0,272660.0
28.12992667851155,81103.0,272644.0
28.13242911839043,81124.0,272640.0
28.13493155826931,81125.0,272649.0
28.137433998148193,81159.0,272649.0
28.139936438027075,81175.0,272638.0
28.142438877905956,81188.0,272634.0
28.144941317784838,81190.0,272655.0
28.147443757663723,81210.0,272657.0
28.149946197542604,81214.0,272646.0
28.152448637421486,81229.0,272614.0
28.154951077300368,81275.0,272632.0
28.15745351717925,81268.0,272656.0
28.15995595705813,81272.0,272644.0
28.162458396937012,81317.0,272649.0
28.164960836815894,81323.0,272610.0
28.167463276694775,81333.0,272630.0
28.169965716573657,81373.0,272647.0
28.172468156452542,81371.0,272665.0
28.174970596331423,81381.0,272616.0
28.177473036210305,81406.0,272643.0
28.179975476089187,81439.0,272638.0
28.182477915968068,81448.0,272650.0
28.18498035584695,81453.0,272649.0
28.18748279572583,81457.0,272621.0
28.189985235604713,81482.0,272627.0
28.192487675483594,81505.0,272659.0
28.194990115362476,81511.0,272630.0
28.19749255524136,81523.0,272636.0
28.199994995120242,81560.0,272640.0
28.202497434999124,81536.0,272655.0
28.204999874878006,81585.0,272643.0
28.207502314756887,81594.0,272625.0
28.21000475463577,81615.0,272663.0
28.21250719451465,81618.0,272624.0
28.21500963439353,81645.0,272637.0
28.217512074272413,81655.0,272636.0
28.220014514151295,81680.0,272641.0
28.22251695403018,81683.0,272636.0
28.22501939390906,81689.0,272644.0
28.227521833787943,81730.0,272637.0
28.230024273666825,81719.0,272659.0
28.232526713545706,81732.0,272679.0
28.235029153424588,81766.0,272647.0
28.23753159330347,81789.0,272646.0
28.24003403318235,81773.0,272639.0
28.242536473061232,81784.0,272665.0
28.245038912940117,81790.0,272673.0
28.247541352819,81817.0,272662.0
28.25004379269788,81824.0,272650.0
28.252546232576762,81832.0,272674.0
28.255048672455644,81858.0,272671.0
28.257551112334525,81828.0,272662.0
28.260053552213407,81842.0,272653.0
28.262555992092288,81835.0,272679.0
28.26505843197117,81839.0,272681.0
28.26756087185005,81828.0,272673.0
28.270063311728936,81805.0,272706.0
28.272565751607818,81807.0,272689.0
28.2750681914867,81796.0,272690.0
28.27757063136558,81781.0,272664.0
28.280073071244463,81751.0,272681.0
28.282575511123344,81749.0,272669.0
28.285077951002226,81727.0,272690.0
28.287580390881107,81715.0,272672.0
28.29008283075999,81677.0,272688.0
28.29258527063887,81652.0,272684.0
28.295087710517755,81610.0,272682.0
28.297590150396637,81603.0,272689.0
28.30009259027552,81571.0,272667.0
28.3025950301544,81534.0,272673.0
28.30509747003328,81508.0,272681.0
28.307599909912163,81466.0,272656.0
28.310102349791045,81449.0,272659.0
28.312604789669926,81379.0,272667.0
28.315107229548808,81359.0,272650.0
28.31760966942769,81338.0,272655.0
28.320112109306574,81291.0,272638.0
28.322614549185456,81259.0,272637.0
28.325116989064338,81231.0,272633.0
28.32761942894322,81179.0,272646.0
28.3301218688221,81163.0,272658.0
28.332624308700982,81112.0,272644.0
28.335126748579864,81106.0,272651.0
28.337629188458745,81054.0,272638.0
28.340131628337627,81024.0,272644.0
28.342634068216512,81017.0,272639.0
28.345136508095393,80953.0,272659.0
28.347638947974275,80922.0,272642.0
28.350141387853157,80907.0,272649.0
28.352643827732038,80862.0,272645.0
28.35514626761092,80837.0,272662.0
28.3576487074898,80830.0,272622.0
28.360151147368683,80816.0,272624.0
28.362653587247564,80788.0,272637.0
28.365156027126446,80733.0,272658.0
28.36765846700533,80761.0,272665.0
28.370160906884212,80721.0,272632.0
28.372663346763094,80700.0,272638.0
28.375165786641976,80683.0,272634.0
28.377668226520857,80640.0,272624.0
28.38017066639974,80649.0,272607.0
28.38267310627862,80624.0,272635.0
28.3851755461575,80618.0,272651.0
28.387677986036383,80619.0,272657.0
28.390180425915265,80584.0,272625.0
28.39268286579415,80578.0,272650.0
28.39518530567303,80585.0,272658.0
28.397687745551913,80562.0,272624.0
28.400190185430795,80580.0,272643.0
28.402692625309676,80537.0,272634.0
28.405195065188558,80529.0,272663.0
28.40769750506744,80553.0,272616.0
28.41019994494632,80534.0,272632.0
28.412702384825202,80516.0,272610.0
28.415204824704084,80503.0,272603.0
28.41770726458297,80468.0,272618.0
28.42020970446185,80483.0,272618.0
28.422712144340732,80479.0,272619.0
28.425214584219614,80457.0,272630.0
28.427717024098495,80456.0,272627.0
28.430219463977377,80464.0,272626.0
28.432721903856258,80451.0,272624.0
28.43522434373514,80457.0,272607.0
28.43772678361402,80436.0,272608.0
28.440229223492906,80453.0,272629.0
28.442731663371788,80447.0,272618.0
28.44523410325067,80459.0,272628.0
28.44773654312955,80456.0,272618.0
28.450238983008433,80449.0,272630.0
28.452741422887314,80444.0,272626.0
28.455243862766196,80469.0,272626.0
28.457746302645077,80480.0,272641.0
28.46024874252396,80486.0,272643.0
28.46275118240284,80492.0,272601.0
28.465253622281725,80501.0,272627.0
28.467756062160607,80499.0,272621.0
28.47025850203949,80477.0,272614.0
28.47276094191837,80537.0,272628.0
28.47526338179725,80529.0,272613.0
28.477765821676133,80550.0,272650.0
28.480268261555015,80561.0,272659.0
28.482770701433896,80568.0,272626.0
28.485273141312778,80564.0,272659.0
28.48777558119166,80585.0,272650.0
28.490278021070544,80593.0,272654.0
28.492780460949426,80613.0,272680.0
28.495282900828308,80643.0,272635.0
28.49778534070719,80665.0,272662.0
28.50028778058607,80680.0,272659.0
28.502790220464952,80706.0,272645.0
28.505292660343834,80730.0,272647.0
28.507795100222715,80743.0,272679.0
28.510297540101597,80736.0,272652.0
28.51279997998048,80731.0,272655.0
28.515302419859363,80768.0,272652.0
28.517804859738245,80792.0,272659.0
28.520307299617127,80798.0,272686.0
28.522809739496008,80813.0,272668.0
28.52531217937489,80823.0,272664.0
28.52781461925377,80840.0,272676.0
28.530317059132653,80850.0,272654.0
28.532819499011534,80867.0,272670.0
28.535321938890416,80890.0,272666.0
28.537824378769297,80897.0,272649.0
28.540326818648182,80941.0,272661.0
28.542829258527064,80951.0,272656.0
28.545331698405946,80934.0,272632.0
28.547834138284827,80945.0,272647.0
28.55033657816371,80957.0,272653.0
28.55283901804259,80982.0,272648.0
28.55534145792147,80991.0,272627.0
28.557843897800353,80980.0,272665.0
28.560346337679235,80985.0,272625.0
28.56284877755812,81002.0,272625.0
28.565351217437,81038.0,272648.0
28.567853657315883,81019.0,272643.0
28.570356097194765,81028.0,272642.0
28.572858537073646,81048.0,272629.0
28.575360976952528,81074.0,272644.0
28.57786341683141,81062.0,272654.0
28.58036585671029,81070.0,272651.0
28.582868296589172,81076.0,272635.0
28.585370736468054,81107.0,272619.0
28.58787317634694,81094.0,272619.0
28.59037561622582,81110.0,272675.0
28.592878056104702,81120.0,272632.0
28.595380495983584,81125.0,272658.0
28.597882935862465,81130.0,272648.0
28.600385375741347,81145.0,272628.0
28.602887815620228,81151.0,272630.0
28.60539025549911,81176.0,272624.0
28.60789269537799,81161.0,272642.0
28.610395135256873,81178.0,272627.0
28.612897575135758,81187.0,272630.0
28.61540001501464,81204.0,272630.0
28.61790245489352,81223.0,272614.0
28.620404894772403,81231.0,272629.0
28.622907334651284,81216.0,272623.0
28.625409774530166,81260.0,272626.0
28.627912214409047,81246.0,272629.0
28.63041465428793,81274.0,272626.0
28.63291709416681,81276.0,272625.0
28.635419534045692,81278.0,272639.0
28.637921973924577,81308.0,272663.0
28.64042441380346,81310.0,272629.0
28.64292685368234,81325.0,272643.0
28.64542929356122,81351.0,272662.0
28.647931733440103,81356.0,272668.0
28.650434173318985,81362.0,272672.0
28.652936613197866,81382.0,272641.0
28.655439053076748,81405.0,272653.0
28.65794149295563,81395.0,272624.0
28.660443932834514,81422.0,272647.0
28.662946372713396,81416.0,272683.0
28.665448812592278,81410.0,272672.0
28.66795125247116,81432.0,272642.0
28.67045369235004,81429.0,272674.0
28.672956132228922,81475.0,272642.0
28.675458572107804,81492.0,272636.0
28.677961011986685,81494.0,272637.0
28.680463451865567,81490.0,272640.0
28.68296589174445,81533.0,272664.0
28.685468331623333,81519.0,272636.0
28.687970771502215,81531.0,272659.0
28.690473211381097,81565.0,272648.0
28.692975651259978,81570.0,272668.0
28.69547809113886,81601.0,272645.0
28.69798053101774,81596.0,272628.0
28.700482970896623,81617.0,272668.0
28.702985410775504,81616.0,272655.0
28.705487850654386,81620.0,272657.0
28.707990290533267,81649.0,272657.0
28.710492730412152,81670.0,272669.0
28.712995170291034,81709.0,272636.0
28.715497610169916,81716.0,272661.0
28.718000050048797,81704.0,272639.0
28.72050248992768,81737.0,272635.0
28.72300492980656,81758.0,272659.0
28.72550736968544,81770.0,272649.0
28.728009809564323,81789.0,272662.0
28.730512249443205,81776.0,272646.0
28.733014689322086,81800.0,272652.0
28.73551712920097,81823.0,272635.0
28.738019569079853,81843.0,272647.0
28.740522008958735,81829.0,272630.0
28.743024448837616,81867.0,272654.0
28.745526888716498,81889.0,272652.0
28.74802932859538,81871.0,272661.0
28.75053176847426,81893.0,272655.0
28.753034208353142,81914.0,272672.0
28.755536648232024,81947.0,272652.0
28.75803908811091,81958.0,272687.0
28.76054152798979,81994.0,272641.0
28.763043967868672,81983.0,272633.0
28.765546407747554,81995.0,272685.0
28.768048847626435,82006.0,272678.0
28.770551287505317,82017.0,272671.0
28.773053727384198,82034.0,272650.0
28.77555616726308,82030.0,272671.0
28.77805860714196,82088.0,272650.0
28.780561047020843,82066.0,272653.0
28.783063486899728,82087.0,272668.0
28.78556592677861,82091.0,272714.0
28.78806836665749,82103.0,272684.0
28.790570806536373,82098.0,272682.0
28.793073246415254,82116.0,272707.0
28.795575686294136,82145.0,272680.0
28.798078126173017,82166.0,272676.0
28.8005805660519,82174.0,272684.0
28.80308300593078,82178.0,272679.0
28.805585445809662,82210.0,272677.0
28.808087885688547,82231.0,272664.0
28.81059032556743,82211.0,272682.0
28.81309276544631,82215.0,272679.0
28.81559520532519,82246.0,272682.0
28.818097645204073,82287.0,272665.0
28.820600085082955,82294.0,272681.0
28.823102524961836,82298.0,272670.0
28.825604964840718,82320.0,272665.0
28.8281074047196,82329.0,272672.0
28.83060984459848,82351.0,272660.0
28.833112284477366,82329.0,272641.0
28.835614724356248,82351.0,272666.0
28.83811716423513,82378.0,272642.0
28.84061960411401,82399.0,272648.0
28.843122043992892,82396.0,272640.0
28.845624483871774,82433.0,272660.0
28.848126923750655,82428.0,272650.0
28.850629363629537,82453.0,272626.0
28.85313180350842,82438.0,272643.0
28.8556342433873,82465.0,272638.0
28.858136683266185,82493.0,272644.0
28.860639123145067,82506.0,272619.0
28.863141563023948,82528.0,272649.0
28.86564400290283,82524.0,272633.0
28.86814644278171,82527.0,272636.0
28.870648882660593,82562.0,272673.0
28.873151322539474,82568.0,272654.0
28.875653762418356,82574.0,272633.0
28.878156202297237,82578.0,272654.0
28.880658642176122,82610.0,272634.0
28.883161082055004,82599.0,272634.0
28.885663521933886,82629.0,272663.0
28.888165961812767,82657.0,272645.0
28.89066840169165,82695.0,272632.0
28.89317084157053,82682.0,272641.0
28.89567328144941,82700.0,272645.0
28.898175721328293,82715.0,272677.0
28.900678161207175,82720.0,272637.0
28.903180601086056,82741.0,272637.0
28.90568304096494,82726.0,272638.0
28.908185480843823,82773.0,272621.0
28.910687920722705,82775.0,272654.0
28.913190360601586,82765.0,272656.0
28.915692800480468,82785.0,272663.0
28.91819524035935,82821.0,272674.0
28.92069768023823,82821.0,272636.0
28.923200120117112,82832.0,272664.0
28.925702559995994,82844.0,272667.0
28.928204999874875,82859.0,272670.0
28.93070743975376,82853.0,272658.0
28.933209879632642,82875.0,272671.0
28.935712319511524,82901.0,272680.0
28.938214759390405,82910.0,272659.0
28.940717199269287,82935.0,272657.0
28.943219639148168,82918.0,272665.0
28.94572207902705,82918.0,272671.0
28.94822451890593,82947.0,272669.0
28.950726958784813,82947.0,272677.0
28.953229398663694,82966.0,272658.0
28.95573183854258,82957.0,272672.0
28.95823427842146,82967.0,272659.0
28.960736718300343,82993.0,272652.0
28.963239158179224,83005.0,272673.0
28.965741598058106,83005.0,272651.0
28.968244037936987,83015.0,272663.0
28.97074647781587,83011.0,272659.0
28.97324891769475,83008.0,272695.0
28.975751357573632,83020.0,272656.0
28.978253797452517,83029.0,272653.0
28.9807562373314,83027.0,272666.0
28.98325867721028,83032.0,272685.0
28.98576111708916,83022.0,272675.0
28.988263556968043,83001.0,272664.0
28.990765996846925,82977.0,272651.0
28.993268436725806,82957.0,272672.0
28.995770876604688,82945.0,272669.0
28.99827331648357,82922.0,272696.0
29.00077575636245,82903.0,272657.0
29.003278196241336,82882.0,272675.0
29.005780636120218,82855.0,272682.0
29.0082830759991,82819.0,272675.0
29.01078551587798,82779.0,272671.0
29.013287955756862,82722.0,272686.0
29.015790395635744,82719.0,272680.0
29.018292835514625,82683.0,272692.0
29.020795275393507,82643.0,272678.0
29.02329771527239,82603.0,272688.0
29.02580015515127,82588.0,272671.0
29.028302595030155,82504.0,272677.0
29.030805034909037,82494.0,272655.0
29.033307474787918,82416.0,272658.0
29.0358099146668,82386.0,272662.0
29.03831235454568,82333.0,272676.0
29.040814794424563,82287.0,272662.0
29.043317234303444,82264.0,272653.0
29.045819674182326,82227.0,272649.0
29.048322114061207,82188.0,272663.0
29.05082455394009,82129.0,272649.0
29.053326993818974,82108.0,272625.0
29.055829433697856,82049.0,272616.0
29.058331873576737,82032.0,272621.0
29.06083431345562,81955.0,272626.0
29.0633367533345,81921.0,272629.0
29.06583919321338,81886.0,272586.0
29.068341633092263,81848.0,272615.0
29.070844072971145,81820.0,272619.0
29.073346512850026,81788.0,272617.0
29.07584895272891,81739.0,272604.0
29.078351392607793,81702.0,272604.0
29.080853832486675,81694.0,272615.0
29.083356272365556,81626.0,272622.0
29.085858712244438,81584.0,272618.0
29.08836115212332,81572.0,272610.0
29.0908635920022,81562.0,272604.0
29.093366031881082,81528.0,272628.0
29.095868471759964,81496.0,272585.0
29.098370911638845,81460.0,272598.0
29.10087335151773,81449.0,272603.0
29.103375791396612,81432.0,272618.0
29.105878231275494,81373.0,272610.0
29.108380671154375,81382.0,272601.0
29.110883111033257,81360.0,272597.0
29.113385550912138,81310.0,272601.0
29.11588799079102,81288.0,272592.0
29.1183904306699,81288.0,272584.0
29.120892870548783,81279.0,272617.0
29.123395310427664,81236.0,272615.0
29.12589775030655,81207.0,272601.0
29.12840019018543,81181.0,272578.0
29.130902630064313,81183.0,272592.0
29.133405069943194,81169.0,272632.0
29.135907509822076,81138.0,272582.0
29.138409949700957,81159.0,272597.0
29.14091238957984,81099.0,272592.0
29.14341482945872,81077.0,272580.0
29.145917269337602,81112.0,272600.0
29.148419709216483,81070.0,272586.0
29.15092214909537,81055.0,272582.0
29.15342458897425,81037.0,272578.0
29.15592702885313,81028.0,272589.0
29.158429468732013,81011.0,272580.0
29.160931908610895,81011.0,272584.0
29.163434348489776,80994.0,272590.0
29.165936788368658,80991.0,272590.0
29.16843922824754,80994.0,272581.0
29.17094166812642,80952.0,272614.0
29.173444108005302,80974.0,272588.0
29.175946547884188,80942.0,272557.0
29.17844898776307,80941.0,272578.0
29.18095142764195,80962.0,272602.0
29.183453867520832,80945.0,272547.0
29.185956307399714,80943.0,272570.0
29.188458747278595,80927.0,272598.0
29.190961187157477,80914.0,272586.0
29.19346362703636,80920.0,272576.0
29.19596606691524,80930.0,272568.0
29.198468506794125,80934.0,272554.0
29.200970946673007,80928.0,272569.0
29.203473386551888,80929.0,272578.0
29.20597582643077,80936.0,272558.0
29.20847826630965,80927.0,272581.0
29.210980706188533,80927.0,272582.0
29.213483146067414,80930.0,272578.0
29.215985585946296,80953.0,272588.0
29.218488025825177,80956.0,272561.0
29.22099046570406,80960.0,272579.0
29.223492905582944,80964.0,272567.0
29.225995345461826,80961.0,272591.0
29.228497785340707,80977.0,272582.0
29.23100022521959,80996.0,272582.0
29.23350266509847,80973.0,272595.0
29.23600510497735,80972.0,272567.0
29.238507544856233,80976.0,272577.0
29.241009984735115,80998.0,272584.0
29.243512424613996,80996.0,272567.0
29.246014864492878,81008.0,272562.0
29.248517304371763,81002.0,272563.0
29.251019744250645,81009.0,272565.0
29.253522184129526,80997.0,272580.0
29.256024624008408,81007.0,272547.0
29.25852706388729,80998.0,272575.0
29.26102950376617,81009.0,272568.0
29.263531943645052,81028.0,272574.0
29.266034383523934,81014.0,272578.0
29.268536823402815,81013.0,272584.0
29.271039263281697,81034.0,272602.0
29.273541703160582,81017.0,272573.0
29.276044143039464,81005.0,272560.0
29.278546582918345,81024.0,272578.0
29.281049022797227,81018.0,272562.0
29.283551462676108,81022.0,272597.0
29.28605390255499,81013.0,272592.0
29.28855634243387,81035.0,272582.0
29.291058782312753,81025.0,272582.0
29.293561222191634,81007.0,272593.0
29.29606366207052,81011.0,272563.0
29.2985661019494,81019.0,272574.0
29.301068541828283,81029.0,272580.0
29.303570981707164,81008.0,272586.0
29.306073421586046,81016.0,272592.0
29.308575861464927,81018.0,272565.0
29.31107830134381,81005.0,272602.0
29.31358074122269,81020.0,272594.0
29.316083181101572,81039.0,272589.0
29.318585620980453,81022.0,272601.0
29.32108806085934,81011.0,272596.0
29.32359050073822,81024.0,272614.0
29.3260929406171,81025.0,272584.0
29.328595380495983,81011.0,272586.0
29.331097820374865,81006.0,272610.0
29.333600260253746,81022.0,272605.0
29.336102700132628,81036.0,272601.0
29.33860514001151,81045.0,272590.0
29.34110757989039,81021.0,272583.0
29.343610019769272,81038.0,272610.0
29.346112459648158,81062.0,272546.0
29.34861489952704,81050.0,272579.0
29.35111733940592,81051.0,272605.0
29.353619779284802,81047.0,272591.0
29.356122219163684,81081.0,272575.0
29.358624659042565,81052.0,272576.0
29.361127098921447,81091.0,272602.0
29.36362953880033,81088.0,272567.0
29.36613197867921,81087.0,272603.0
29.36863441855809,81102.0,272607.0
29.371136858436977,81081.0,272587.0
29.373639298315858,81097.0,272576.0
29.37614173819474,81118.0,272588.0
29.37864417807362,81112.0,272614.0
29.381146617952503,81136.0,272614.0
29.383649057831384,81122.0,272596.0
29.386151497710266,81149.0,272593.0
29.388653937589147,81115.0,272595.0
29.39115637746803,81131.0,272608.0
29.393658817346914,81146.0,272614.0
29.396161257225796,81157.0,272600.0
29.398663697104677,81175.0,272620.0
29.40116613698356,81167.0,272615.0
29.40366857686244,81205.0,272581.0
29.40617101674132,81202.0,272612.0
29.408673456620203,81206.0,272611.0
29.411175896499085,81197.0,272581.0
29.413678336377966,81218.0,272584.0
29.416180776256848,81231.0,272614.0
29.418683216135733,81220.0,272583.0
29.421185656014615,81234.0,272612.0
29.423688095893496,81248.0,272599.0
29.426190535772378,81252.0,272585.0
29.42869297565126,81280.0,272604.0
29.43119541553014,81267.0,272618.0
29.433697855409022,81280.0,272580.0
29.436200295287904,81309.0,272596.0
29.438702735166785,81326.0,272582.0
29.441205175045667,81323.0,272606.0
29.443707614924552,81333.0,272572.0
29.446210054803434,81314.0,272610.0
29.448712494682315,81339.0,272584.0
29.451214934561197,81358.0,272626.0
29.453717374440078,81376.0,272619.0
29.45621981431896,81382.0,272587.0
29.45872225419784,81365.0,272614.0
29.461224694076723,81417.0,272612.0
29.463727133955604,81409.0,272593.0
29.466229573834486,81402.0,272611.0
29.46873201371337,81419.0,272611.0
29.471234453592253,81437.0,272610.0
29.473736893471134,81447.0,272635.0
29.476239333350016,81441.0,272607.0
29.478741773228897,81473.0,272621.0
29.48124421310778,81478.0,272604.0
29.48374665298666,81494.0,272628.0
29.486249092865542,81491.0,272653.0
29.488751532744423,81506.0,272599.0
29.491253972623305,81529.0,272631.0
29.49375641250219,81505.0,272625.0
29.49625885238107,81532.0,272620.0
29.498761292259953,81550.0,272633.0
29.501263732138835,81575.0,272646.0
29.503766172017716,81572.0,272626.0
29.506268611896598,81554.0,272613.0
29.50877105177548,81586.0,272614.0
29.51127349165436,81588.0,272628.0
29.513775931533242,81607.0,272632.0
29.516278371412128,81600.0,272616.0
29.51878081129101,81613.0,272614.0
29.52128325116989,81608.0,272589.0
29.523785691048772,81630.0,272587.0
29.526288130927654,81647.0,272640.0
29.528790570806535,81637.0,272603.0
29.531293010685417,81674.0,272628.0
29.5337954505643,81660.0,272624.0
29.53629789044318,81659.0,272609.0
29.53880033032206,81659.0,272643.0
29.541302770200947,81681.0,272619.0
29.543805210079828,81705.0,272633.0
29.54630764995871,81716.0,272628.0
29.54881008983759,81719.0,272646.0
29.551312529716473,81718.0,272626.0
29.553814969595354,81730.0,272630.0
29.556317409474236,81761.0,272647.0
29.558819849353117,81759.0,272630.0
29.561322289232,81760.0,272633.0
29.56382472911088,81792.0,272635.0
29.566327168989766,81787.0,272638.0
29.568829608868647,81805.0,272619.0
29.57133204874753,81803.0,272621.0
29.57383448862641,81805.0,272588.0
29.57633692850529,81815.0,272616.0
29.578839368384173,81842.0,272620.0
29.581341808263055,81838.0,272613.0
29.583844248141936,81846.0,272640.0
29.586346688020818,81856.0,272646.0
29.5888491278997,81854.0,272647.0
29.591351567778585,81895.0,272636.0
29.593854007657466,81884.0,272665.0
29.596356447536348,81887.0,272632.0
29.59885888741523,81893.0,272636.0
29.60136132729411,81911.0,272625.0
29.603863767172992,81929.0,272633.0
29.606366207051874,81934.0,272646.0
29.608868646930755,81922.0,272627.0
29.611371086809637,81944.0,272644.0
29.613873526688522,81999.0,272625.0
29.616375966567404,81982.0,272655.0
29.618878406446285,81975.0,272658.0
29.621380846325167,82027.0,272617.0
29.623883286204048,82003.0,272632.0
29.62638572608293,82022.0,272660.0
29.62888816596181,82041.0,272644.0
29.631390605840693,82049.0,272653.0
29.633893045719574,82052.0,272661.0
29.636395485598456,82046.0,272673.0
29.63889792547734,82061.0,272644.0
29.641400365356223,82087.0,272661.0
29.643902805235104,82101.0,272652.0
29.646405245113986,82128.0,272654.0
29.648907684992867,82109.0,272656.0
29.65141012487175,82120.0,272647.0
29.65391256475063,82143.0,272656.0
29.656415004629512,82143.0,272627.0
29.658917444508393,82161.0,272646.0
29.661419884387275,82185.0,272618.0
29.66392232426616,82206.0,272641.0
29.66642476414504,82195.0,272651.0
29.668927204023923,82226.0,272659.0
29.671429643902805,82224.0,272628.0
29.673932083781686,82225.0,272655.0
29.676434523660568,82221.0,272655.0
29.67893696353945,82257.0,272622.0
29.68143940341833,82243.0,272622.0
29.683941843297212,82268.0,272664.0
29.686444283176094,82256.0,272657.0
29.68894672305498,82289.0,272622.0
29.69144916293386,82299.0,272631.0
29.693951602812742,82296.0,272628.0
29.696454042691624,82303.0,272658.0
29.698956482570505,82330.0,272635.0
29.701458922449387,82345.0,272646.0
29.70396136232827,82356.0,272664.0
29.70646380220715,82388.0,272643.0
29.70896624208603,82378.0,272661.0
29.711468681964917,82391.0,272667.0
29.713971121843798,82377.0,272634.0
29.71647356172268,82383.0,272648.0
29.71897600160156,82399.0,272631.0
29.721478441480443,82421.0,272653.0
29.723980881359324,82429.0,272634.0
29.726483321238206,82406.0,272632.0
29.728985761117087,82446.0,272648.0
29.73148820099597,82421.0,272654.0
29.73399064087485,82428.0,272650.0
29.736493080753736,82427.0,272619.0
29.738995520632617,82414.0,272652.0
29.7414979605115,82433.0,272659.0
29.74400040039038,82423.0,272653.0
29.74650284026926,82429.0,272639.0
29.749005280148143,82394.0,272657.0
29.751507720027025,82373.0,272669.0
29.754010159905906,82362.0,272653.0
29.756512599784788,82321.0,272673.0
29.75901503966367,82321.0,272688.0
29.761517479542555,82274.0,272680.0
29.764019919421436,82262.0,272668.0
29.766522359300318,82216.0,272656.0
29.7690247991792,82176.0,272683.0
29.77152723905808,82171.0,272689.0
29.774029678936962,82135.0,272648.0
29.776532118815844,82067.0,272673.0
29.779034558694725,82033.0,272654.0
29.781536998573607,81977.0,272672.0
29.78403943845249,81920.0,272666.0
29.786541878331374,81869.0,272664.0
29.789044318210255,81852.0,272667.0
29.791546758089137,81762.0,272618.0
29.794049197968018,81714.0,272636.0
29.7965516378469,81659.0,272643.0
29.79905407772578,81623.0,272638.0
29.801556517604663,81556.0,272648.0
29.804058957483544,81503.0,272598.0
29.806561397362426,81449.0,272671.0
29.80906383724131,81378.0,272646.0
29.811566277120193,81310.0,272644.0
29.814068716999074,81262.0,272614.0
29.816571156877956,81199.0,272627.0
29.819073596756837,81146.0,272619.0
29.82157603663572,81099.0,272639.0
29.8240784765146,81043.0,272635.0
29.826580916393482,80995.0,272626.0
29.829083356272363,80953.0,272656.0
29.831585796151245,80903.0,272627.0
29.83408823603013,80855.0,272590.0
29.83659067590901,80791.0,272628.0
29.839093115787893,80769.0,272627.0
29.841595555666775,80665.0,272644.0
29.844097995545656,80633.0,272640.0
29.846600435424538,80594.0,272605.0
29.84910287530342,80559.0,272632.0
29.8516053151823,80528.0,272623.0
29.854107755061182,80471.0,272603.0
29.856610194940064,80411.0,272619.0
29.85911263481895,80366.0,272624.0
29.86161507469783,80360.0,272609.0
29.864117514576712,80283.0,272581.0
29.866619954455594,80280.0,272587.0
29.869122394334475,80235.0,272597.0
29.871624834213357,80196.0,272580.0
29.87412727409224,80166.0,272614.0
29.87662971397112,80121.0,272588.0
29.87913215385,80083.0,272583.0
29.881634593728883,80060.0,272599.0
29.884137033607768,80027.0,272583.0
29.88663947348665,80010.0,272589.0
29.88914191336553,79941.0,272585.0
29.891644353244413,79919.0,272588.0
29.894146793123294,79896.0,272562.0
29.896649233002176,79858.0,272575.0
29.899151672881057,79834.0,272571.0
29.90165411275994,79789.0,272560.0
29.90415655263882,79764.0,272591.0
29.906658992517702,79731.0,272558.0
29.909161432396587,79710.0,272557.0
29.91166387227547,79667.0,272562.0
29.91416631215435,79649.0,272546.0
29.91666875203323,79620.0,272570.0
29.919171191912113,79597.0,272558.0
29.921673631790995,79570.0,272576.0
29.924176071669876,79552.0,272551.0
29.926678511548758,79531.0,272563.0
29.92918095142764,79489.0,272531.0
29.931683391306525,79454.0,272561.0
29.934185831185406,79455.0,272552.0
29.936688271064288,79433.0,272567.0
29.93919071094317,79405.0,272541.0
29.94169315082205,79374.0,272535.0
29.944195590700932,79356.0,272568.0
29.946698030579814,79357.0,272548.0
29.949200470458695,79330.0,272550.0
29.951702910337577,79341.0,272536.0
29.95420535021646,79301.0,272569.0
29.956707790095344,79304.0,272533.0
29.959210229974225,79290.0,272547.0
29.961712669853107,79314.0,272515.0
29.964215109731988,79287.0,272556.0
29.96671754961087,79260.0,272551.0
29.96921998948975,79261.0,272516.0
29.971722429368633,79266.0,272565.0
29.974224869247514,79264.0,272536.0
29.976727309126396,79272.0,272540.0
29.979229749005277,79240.0,272530.0
29.981732188884163,79256.0,272544.0
29.984234628763044,79269.0,272548.0
29.986737068641926,79244.0,272546.0
29.989239508520807,79254.0,272530.0
29.99174194839969,79276.0,272547.0
29.99424438827857,79270.0,272521.0
29.996746828157452,79265.0,272523.0
29.999249268036333,79260.0,272544.0
30.001751707915215,79254.0,272542.0
30.004254147794096,79266.0,272528.0
30.00675658767298,79257.0,272541.0
30.009259027551863,79276.0,272517.0
30.011761467430745,79286.0,272512.0
30.014263907309626,79261.0,272508.0
30.016766347188508,79268.0,272516.0
30.01926878706739,79289.0,272539.0
30.02177122694627,79267.0,272546.0
30.024273666825152,79261.0,272545.0
30.026776106704034,79279.0,272536.0
30.02927854658292,79272.0,272531.0
30.0317809864618,79274.0,272500.0
30.034283426340682,79266.0,272537.0
30.036785866219564,79276.0,272508.0
30.039288306098445,79261.0,272520.0
30.041790745977327,79269.0,272526.0
30.04429318585621,79267.0,272506.0
30.04679562573509,79254.0,272504.0
30.04929806561397,79269.0,272488.0
30.051800505492853,79249.0,272515.0
30.054302945371738,79276.0,272512.0
30.05680538525062,79247.0,272492.0
30.0593078251295,79239.0,272495.0
30.061810265008383,79236.0,272538.0
30.064312704887264,79257.0,272504.0
30.066815144766146,79259.0,272506.0
30.069317584645027,79246.0,272503.0
30.07182002452391,79236.0,272510.0
30.07432246440279,79243.0,272529.0
30.076824904281672,79219.0,272549.0
30.079327344160557,79230.0,272517.0
30.08182978403944,79225.0,272513.0
30.08433222391832,79240.0,272531.0
30.0868346637972,79238.0,272553.0
30.089337103676083,79233.0,272515.0
30.091839543554965,79241.0,272529.0
30.094341983433846,79236.0,272527.0
30.096844423312728,79238.0,272548.0
30.09934686319161,79204.0,272534.0
30.10184930307049,79217.0,272550.0
30.104351742949376,79228.0,272524.0
30.106854182828258,79229.0,272541.0
30.10935662270714,79204.0,272537.0
30.11185906258602,79223.0,272552.0
30.114361502464902,79209.0,272554.0
30.116863942343784,79224.0,272516.0
30.119366382222665,79214.0,272525.0
30.121868822101547,79217.0,272510.0
30.12437126198043,79223.0,272527.0
30.126873701859314,79208.0,272541.0
30.129376141738195,79222.0,272545.0
30.131878581617077,79255.0,272542.0
30.134381021495958,79252.0,272523.0
