time_s,Green,Red,IR
0.0,82968.0,188730.0,188714.0
0.00390625,83014.0,221506.0,221156.0
0.0078125,83037.0,254101.0,229028.0
0.01171875,83067.0,272908.0,229012.0
0.015625,83076.0,272767.0,229021.0
0.01953125,83095.0,272764.0,229007.0
0.0234375,83091.0,272737.0,228980.0
0.02734375,83123.0,272758.0,228991.0
0.03125,83143.0,272744.0,228974.0
0.03515625,83150.0,272732.0,228979.0
0.0390625,83192.0,272720.0,228964.0
0.04296875,83173.0,272735.0,228964.0
0.046875,83204.0,272742.0,228950.0
0.05078125,83217.0,272725.0,228956.0
0.0546875,83235.0,272723.0,228927.0
0.05859375,83279.0,272720.0,228931.0
0.0625,83280.0,272695.0,228918.0
0.06640625,83294.0,272728.0,228945.0
0.0703125,83312.0,272693.0,228933.0
0.07421875,83325.0,272691.0,228910.0
0.078125,83328.0,272671.0,228890.0
0.08203125,83347.0,272702.0,228894.0
0.0859375,83339.0,272701.0,228912.0
0.08984375,83338.0,272664.0,228891.0
0.09375,83356.0,272677.0,228898.0
0.09765625,83379.0,272699.0,228893.0
0.1015625,83390.0,272671.0,228881.0
0.10546875,83402.0,272672.0,228868.0
0.109375,83431.0,272657.0,228871.0
0.11328125,83423.0,272664.0,228878.0
0.1171875,83435.0,272684.0,228884.0
0.12109375,83452.0,272663.0,228870.0
0.125,83467.0,272680.0,228880.0
0.12890625,83449.0,272670.0,228865.0
0.1328125,83470.0,272640.0,228863.0
0.13671875,83450.0,272653.0,228849.0
0.140625,83452.0,272647.0,228859.0
0.14453125,83461.0,272617.0,228850.0
0.1484375,83489.0,272618.0,228833.0
0.15234375,83466.0,272629.0,228823.0
0.15625,83449.0,272600.0,228797.0
0.16015625,83404.0,272620.0,228814.0
0.1640625,83374.0,272657.0,228818.0
0.16796875,83377.0,272615.0,228796.0
0.171875,83324.0,272605.0,228769.0
0.17578125,83314.0,272572.0,228789.0
0.1796875,83286.0,272596.0,228767.0
0.18359375,83222.0,272598.0,228730.0
0.1875,83197.0,272578.0,228732.0
0.19140625,83147.0,272595.0,228687.0
0.1953125,83100.0,272593.0,228714.0
0.19921875,83078.0,272577.0,228701.0
0.203125,83047.0,272585.0,228650.0
0.20703125,82998.0,272586.0,228668.0
0.2109375,82957.0,272541.0,228647.0
0.21484375,82909.0,272574.0,228640.0
0.21875,82890.0,272566.0,228649.0
0.22265625,82814.0,272556.0,228641.0
0.2265625,82806.0,272545.0,228624.0
0.23046875,82761.0,272565.0,228633.0
0.234375,82735.0,272553.0,228610.0
0.23828125,82690.0,272537.0,228607.0
0.2421875,82646.0,272523.0,228584.0
0.24609375,82648.0,272507.0,228603.0
0.25,82620.0,272532.0,228576.0
0.25390625,82600.0,272528.0,228599.0
0.2578125,82570.0,272527.0,228572.0
0.26171875,82543.0,272490.0,228552.0
0.265625,82550.0,272503.0,228566.0
0.26953125,82496.0,272514.0,228563.0
0.2734375,82505.0,272493.0,228537.0
0.27734375,82471.0,272493.0,228542.0
0.28125,82460.0,272517.0,228552.0
0.28515625,82446.0,272494.0,228518.0
0.2890625,82438.0,272507.0,228540.0
0.29296875,82426.0,272491.0,228520.0
0.296875,82398.0,272489.0,228525.0
0.30078125,82398.0,272461.0,228512.0
0.3046875,82386.0,272457.0,228536.0
0.30859375,82373.0,272475.0,228490.0
0.3125,82356.0,272465.0,228516.0
0.31640625,82334.0,272478.0,228509.0
0.3203125,82343.0,272473.0,228531.0
0.32421875,82348.0,272501.0,228532.0
0.328125,82319.0,272484.0,228484.0
0.33203125,82327.0,272475.0,228504.0
0.3359375,82304.0,272474.0,228500.0
0.33984375,82287.0,272467.0,228499.0
0.34375,82317.0,272483.0,228527.0
0.34765625,82304.0,272463.0,228502.0
0.3515625,82313.0,272469.0,228506.0
0.35546875,82332.0,272453.0,228498.0
0.359375,82316.0,272470.0,228492.0
0.36328125,82307.0,272456.0,228495.0
0.3671875,82346.0,272469.0,228510.0
0.37109375,82332.0,272484.0,228518.0
0.375,82358.0,272474.0,228523.0
0.37890625,82366.0,272511.0,228533.0
0.3828125,82326.0,272478.0,228518.0
0.38671875,82382.0,272481.0,228527.0
0.390625,82415.0,272476.0,228532.0
0.39453125,82441.0,272478.0,228523.0
0.3984375,82424.0,272491.0,228557.0
0.40234375,82451.0,272492.0,228568.0
0.40625,82436.0,272461.0,228552.0
0.41015625,82462.0,272488.0,228557.0
0.4140625,82490.0,272501.0,228534.0
0.41796875,82471.0,272497.0,228541.0
0.421875,82498.0,272489.0,228543.0
0.42578125,82465.0,272485.0,228567.0
0.4296875,82492.0,272492.0,228544.0
0.43359375,82508.0,272479.0,228554.0
0.4375,82507.0,272475.0,228568.0
0.44140625,82530.0,272467.0,228538.0
0.4453125,82521.0,272474.0,228552.0
0.44921875,82524.0,272471.0,228531.0
0.453125,82539.0,272493.0,228549.0
0.45703125,82537.0,272477.0,228546.0
0.4609375,82559.0,272459.0,228559.0
0.46484375,82582.0,272469.0,228539.0
0.46875,82553.0,272486.0,228540.0
0.47265625,82569.0,272483.0,228545.0
0.4765625,82577.0,272479.0,228541.0
0.48046875,82588.0,272473.0,228539.0
0.484375,82607.0,272467.0,228537.0
0.48828125,82591.0,272489.0,228546.0
0.4921875,82622.0,272460.0,228527.0
0.49609375,82609.0,272448.0,228537.0
0.5,82594.0,272455.0,228542.0
0.50390625,82613.0,272476.0,228565.0
0.5078125,82642.0,272464.0,228519.0
0.51171875,82614.0,272483.0,228532.0
0.515625,82623.0,272464.0,228529.0
0.51953125,82664.0,272469.0,228549.0
0.5234375,82662.0,272473.0,228551.0
0.52734375,82635.0,272443.0,228522.0
0.53125,82637.0,272465.0,228565.0
0.53515625,82675.0,272480.0,228549.0
0.5390625,82659.0,272478.0,228555.0
0.54296875,82683.0,272467.0,228533.0
0.546875,82709.0,272473.0,228555.0
0.55078125,82688.0,272494.0,228539.0
0.5546875,82719.0,272505.0,228562.0
0.55859375,82704.0,272480.0,228561.0
0.5625,82763.0,272491.0,228549.0
0.56640625,82747.0,272497.0,228580.0
0.5703125,82733.0,272488.0,228550.0
0.57421875,82777.0,272488.0,228560.0
0.578125,82773.0,272466.0,228569.0
0.58203125,82782.0,272504.0,228562.0
0.5859375,82803.0,272490.0,228581.0
0.58984375,82821.0,272475.0,228590.0
0.59375,82823.0,272491.0,228598.0
0.59765625,82839.0,272500.0,228614.0
0.6015625,82860.0,272496.0,228611.0
0.60546875,82865.0,272476.0,228601.0
0.609375,82882.0,272490.0,228608.0
0.61328125,82886.0,272479.0,228614.0
0.6171875,82897.0,272501.0,228618.0
0.62109375,82948.0,272494.0,228613.0
0.625,82921.0,272512.0,228613.0
0.62890625,82950.0,272494.0,228644.0
0.6328125,82981.0,272507.0,228618.0
0.63671875,82964.0,272499.0,228628.0
0.640625,82990.0,272500.0,228607.0
0.64453125,83009.0,272512.0,228614.0
0.6484375,83016.0,272499.0,228627.0
0.65234375,83011.0,272501.0,228627.0
0.65625,83031.0,272500.0,228639.0
0.66015625,83031.0,272465.0,228618.0
0.6640625,83048.0,272500.0,228636.0
0.66796875,83062.0,272515.0,228626.0
0.671875,83062.0,272532.0,228623.0
0.67578125,83093.0,272506.0,228629.0
0.6796875,83074.0,272492.0,228641.0
0.68359375,83107.0,272523.0,228654.0
0.6875,83111.0,272500.0,228660.0
0.69140625,83113.0,272498.0,228645.0
0.6953125,83147.0,272503.0,228627.0
0.69921875,83160.0,272522.0,228643.0
0.703125,83163.0,272509.0,228676.0
0.70703125,83163.0,272522.0,228680.0
0.7109375,83200.0,272523.0,228653.0
0.71484375,83214.0,272520.0,228646.0
0.71875,83196.0,272490.0,228669.0
0.72265625,83210.0,272491.0,228673.0
0.7265625,83208.0,272525.0,228654.0
0.73046875,83236.0,272506.0,228656.0
0.734375,83242.0,272509.0,228669.0
0.73828125,83247.0,272525.0,228664.0
0.7421875,83300.0,272486.0,228678.0
0.74609375,83306.0,272526.0,228681.0
0.75,83300.0,272525.0,228699.0
0.75390625,83288.0,272510.0,228673.0
0.7578125,83321.0,272533.0,228674.0
0.76171875,83313.0,272505.0,228657.0
0.765625,83344.0,272511.0,228679.0
0.76953125,83326.0,272517.0,228678.0
0.7734375,83333.0,272494.0,228663.0
0.77734375,83345.0,272507.0,228668.0
0.78125,83382.0,272503.0,228669.0
0.78515625,83376.0,272529.0,228676.0
0.7890625,83374.0,272517.0,228672.0
0.79296875,83404.0,272515.0,228699.0
0.796875,83401.0,272507.0,228664.0
0.80078125,83433.0,272529.0,228698.0
0.8046875,83439.0,272519.0,228692.0
0.80859375,83450.0,272522.0,228719.0
0.8125,83460.0,272522.0,228698.0
0.81640625,83467.0,272530.0,228691.0
0.8203125,83486.0,272526.0,228721.0
0.82421875,83487.0,272543.0,228717.0
0.828125,83504.0,272530.0,228684.0
0.83203125,83498.0,272541.0,228692.0
0.8359375,83483.0,272529.0,228689.0
0.83984375,83535.0,272520.0,228692.0
0.84375,83521.0,272521.0,228694.0
0.84765625,83531.0,272492.0,228684.0
0.8515625,83556.0,272506.0,228695.0
0.85546875,83548.0,272506.0,228692.0
0.859375,83521.0,272474.0,228693.0
0.86328125,83547.0,272482.0,228697.0
0.8671875,83571.0,272512.0,228678.0
0.87109375,83575.0,272491.0,228702.0
0.875,83602.0,272497.0,228697.0
0.87890625,83597.0,272495.0,228672.0
0.8828125,83615.0,272494.0,228677.0
0.88671875,83613.0,272496.0,228683.0
0.890625,83589.0,272537.0,228696.0
0.89453125,83605.0,272473.0,228667.0
0.8984375,83611.0,272509.0,228671.0
0.90234375,83620.0,272492.0,228669.0
0.90625,83588.0,272499.0,228686.0
0.91015625,83580.0,272469.0,228669.0
0.9140625,83564.0,272503.0,228652.0
0.91796875,83564.0,272505.0,228655.0
0.921875,83538.0,272464.0,228642.0
0.92578125,83538.0,272461.0,228618.0
0.9296875,83485.0,272473.0,228614.0
0.93359375,83464.0,272482.0,228617.0
0.9375,83417.0,272491.0,228607.0
0.94140625,83381.0,272490.0,228592.0
0.9453125,83366.0,272466.0,228578.0
0.94921875,83308.0,272479.0,228562.0
0.953125,83273.0,272473.0,228552.0
0.95703125,83203.0,272457.0,228547.0
0.9609375,83183.0,272479.0,228543.0
0.96484375,83149.0,272466.0,228529.0
0.96875,83095.0,272448.0,228523.0
0.97265625,83035.0,272443.0,228513.0
0.9765625,83001.0,272444.0,228488.0
0.98046875,82950.0,272441.0,228470.0
0.984375,82942.0,272446.0,228501.0
0.98828125,82903.0,272438.0,228469.0
0.9921875,82894.0,272413.0,228467.0
0.99609375,82856.0,272434.0,228478.0
1.0,82809.0,272450.0,228458.0
1.00390625,82814.0,272435.0,228463.0
1.0078125,82774.0,272434.0,228464.0
1.01171875,82736.0,272423.0,228466.0
1.015625,82733.0,272417.0,228475.0
1.01953125,82710.0,272429.0,228470.0
1.0234375,82699.0,272428.0,228464.0
1.02734375,82676.0,272432.0,228455.0
1.03125,82653.0,272388.0,228439.0
1.03515625,82669.0,272431.0,228456.0
1.0390625,82631.0,272433.0,228445.0
1.04296875,82637.0,272425.0,228429.0
1.046875,82622.0,272409.0,228439.0
1.05078125,82607.0,272384.0,228422.0
1.0546875,82606.0,272382.0,228419.0
1.05859375,82576.0,272402.0,228416.0
1.0625,82559.0,272392.0,228433.0
1.06640625,82563.0,272403.0,228433.0
1.0703125,82555.0,272374.0,228424.0
1.07421875,82532.0,272403.0,228428.0
1.078125,82563.0,272402.0,228437.0
1.08203125,82541.0,272396.0,228432.0
1.0859375,82522.0,272386.0,228410.0
1.08984375,82511.0,272406.0,228408.0
1.09375,82507.0,272367.0,228428.0
1.09765625,82542.0,272404.0,228435.0
1.1015625,82529.0,272394.0,228429.0
1.10546875,82548.0,272394.0,228424.0
1.109375,82534.0,272380.0,228423.0
1.11328125,82538.0,272413.0,228420.0
1.1171875,82547.0,272390.0,228451.0
1.12109375,82556.0,272406.0,228437.0
1.125,82533.0,272390.0,228443.0
1.12890625,82560.0,272413.0,228442.0
1.1328125,82568.0,272399.0,228428.0
1.13671875,82592.0,272402.0,228446.0
1.140625,82589.0,272416.0,228433.0
1.14453125,82616.0,272431.0,228456.0
1.1484375,82609.0,272401.0,228449.0
1.15234375,82633.0,272404.0,228452.0
1.15625,82662.0,272417.0,228470.0
1.16015625,82669.0,272399.0,228460.0
1.1640625,82662.0,272396.0,228459.0
1.16796875,82687.0,272404.0,228464.0
1.171875,82679.0,272417.0,228465.0
1.17578125,82658.0,272398.0,228480.0
1.1796875,82701.0,272417.0,228487.0
1.18359375,82717.0,272424.0,228471.0
1.1875,82717.0,272429.0,228462.0
1.19140625,82742.0,272417.0,228452.0
1.1953125,82725.0,272419.0,228482.0
1.19921875,82746.0,272433.0,228473.0
1.203125,82728.0,272416.0,228486.0
1.20703125,82746.0,272392.0,228472.0
1.2109375,82770.0,272407.0,228467.0
1.21484375,82744.0,272384.0,228466.0
1.21875,82782.0,272412.0,228453.0
1.22265625,82761.0,272408.0,228476.0
1.2265625,82763.0,272407.0,228459.0
1.23046875,82753.0,272382.0,228468.0
1.234375,82758.0,272395.0,228459.0
1.23828125,82760.0,272402.0,228480.0
1.2421875,82752.0,272409.0,228452.0
1.24609375,82762.0,272406.0,228476.0
1.25,82764.0,272401.0,228450.0
1.25390625,82778.0,272391.0,228459.0
1.2578125,82769.0,272401.0,228455.0
1.26171875,82767.0,272387.0,228457.0
1.265625,82760.0,272398.0,228447.0
1.26953125,82771.0,272401.0,228469.0
1.2734375,82766.0,272405.0,228451.0
1.27734375,82736.0,272387.0,228456.0
1.28125,82736.0,272414.0,228432.0
1.28515625,82735.0,272375.0,228434.0
1.2890625,82722.0,272370.0,228427.0
1.29296875,82726.0,272368.0,228434.0
1.296875,82722.0,272349.0,228445.0
1.30078125,82706.0,272379.0,228450.0
1.3046875,82704.0,272378.0,228424.0
1.30859375,82695.0,272377.0,228422.0
1.3125,82681.0,272387.0,228430.0
1.31640625,82671.0,272357.0,228428.0
1.3203125,82679.0,272375.0,228443.0
1.32421875,82711.0,272335.0,228431.0
1.328125,82701.0,272341.0,228433.0
1.33203125,82697.0,272401.0,228445.0
1.3359375,82714.0,272361.0,228438.0
1.33984375,82707.0,272365.0,228447.0
1.34375,82729.0,272346.0,228464.0
1.34765625,82759.0,272355.0,228471.0
1.3515625,82734.0,272360.0,228461.0
1.35546875,82758.0,272361.0,228485.0
1.359375,82779.0,272386.0,228473.0
1.36328125,82795.0,272400.0,228484.0
1.3671875,82795.0,272385.0,228500.0
1.37109375,82818.0,272387.0,228500.0
1.375,82811.0,272402.0,228503.0
1.37890625,82813.0,272396.0,228511.0
1.3828125,82827.0,272415.0,228520.0
1.38671875,82859.0,272413.0,228505.0
1.390625,82850.0,272424.0,228539.0
1.39453125,82873.0,272419.0,228527.0
1.3984375,82886.0,272427.0,228521.0
1.40234375,82892.0,272412.0,228554.0
1.40625,82905.0,272410.0,228548.0
1.41015625,82923.0,272412.0,228531.0
1.4140625,82911.0,272431.0,228554.0
1.41796875,82940.0,272404.0,228553.0
1.421875,82953.0,272419.0,228531.0
1.42578125,82939.0,272418.0,228536.0
1.4296875,82966.0,272416.0,228541.0
1.43359375,82975.0,272402.0,228541.0
1.4375,82970.0,272413.0,228533.0
1.44140625,82996.0,272392.0,228529.0
1.4453125,82998.0,272404.0,228538.0
1.44921875,82995.0,272399.0,228544.0
1.453125,82990.0,272411.0,228555.0
1.45703125,83036.0,272417.0,228534.0
1.4609375,83026.0,272433.0,228537.0
1.46484375,83022.0,272426.0,228538.0
1.46875,83018.0,272414.0,228540.0
1.47265625,83026.0,272390.0,228546.0
1.4765625,83056.0,272401.0,228536.0
1.48046875,83054.0,272410.0,228542.0
1.484375,83084.0,272376.0,228532.0
1.48828125,83051.0,272396.0,228553.0
1.4921875,83089.0,272412.0,228540.0
1.49609375,83066.0,272398.0,228545.0
1.5,83093.0,272404.0,228522.0
1.50390625,83086.0,272408.0,228546.0
1.5078125,83130.0,272384.0,228539.0
1.51171875,83124.0,272422.0,228545.0
1.515625,83128.0,272432.0,228522.0
1.51953125,83132.0,272413.0,228543.0
1.5234375,83127.0,272371.0,228542.0
1.52734375,83144.0,272405.0,228556.0
1.53125,83162.0,272367.0,228548.0
1.53515625,83142.0,272404.0,228532.0
1.5390625,83152.0,272390.0,228550.0
1.54296875,83147.0,272383.0,228546.0
1.546875,83167.0,272397.0,228541.0
1.55078125,83194.0,272376.0,228533.0
1.5546875,83164.0,272421.0,228554.0
1.55859375,83191.0,272410.0,228550.0
1.5625,83205.0,272407.0,228532.0
1.56640625,83214.0,272382.0,228555.0
1.5703125,83225.0,272389.0,228542.0
1.57421875,83230.0,272404.0,228556.0
1.578125,83236.0,272408.0,228563.0
1.58203125,83226.0,272414.0,228565.0
1.5859375,83235.0,272383.0,228550.0
1.58984375,83233.0,272375.0,228555.0
1.59375,83254.0,272406.0,228568.0
1.59765625,83247.0,272384.0,228551.0
1.6015625,83275.0,272375.0,228543.0
1.60546875,83273.0,272387.0,228551.0
1.609375,83284.0,272389.0,228571.0
1.61328125,83299.0,272402.0,228565.0
1.6171875,83312.0,272383.0,228535.0
1.62109375,83316.0,272377.0,228573.0
1.625,83315.0,272395.0,228549.0
1.62890625,83291.0,272414.0,228566.0
1.6328125,83282.0,272380.0,228549.0
1.63671875,83296.0,272401.0,228550.0
1.640625,83304.0,272373.0,228552.0
1.64453125,83294.0,272404.0,228549.0
1.6484375,83309.0,272375.0,228537.0
1.65234375,83292.0,272375.0,228536.0
1.65625,83268.0,272365.0,228530.0
1.66015625,83221.0,272397.0,228521.0
1.6640625,83226.0,272386.0,228511.0
1.66796875,83181.0,272386.0,228512.0
1.671875,83161.0,272393.0,228499.0
1.67578125,83130.0,272353.0,228469.0
1.6796875,83117.0,272383.0,228474.0
1.68359375,83080.0,272386.0,228481.0
1.6875,83032.0,272348.0,228468.0
1.69140625,82964.0,272373.0,228450.0
1.6953125,82938.0,272364.0,228440.0
1.69921875,82895.0,272388.0,228435.0
1.703125,82870.0,272349.0,228412.0
1.70703125,82803.0,272352.0,228414.0
1.7109375,82782.0,272376.0,228409.0
1.71484375,82766.0,272363.0,228398.0
1.71875,82742.0,272340.0,228392.0
1.72265625,82683.0,272344.0,228401.0
1.7265625,82648.0,272359.0,228393.0
1.73046875,82617.0,272334.0,228400.0
1.734375,82567.0,272361.0,228377.0
1.73828125,82542.0,272340.0,228367.0
1.7421875,82538.0,272325.0,228366.0
1.74609375,82530.0,272359.0,228377.0
1.75,82489.0,272326.0,228364.0
1.75390625,82449.0,272330.0,228366.0
1.7578125,82448.0,272340.0,228344.0
1.76171875,82424.0,272339.0,228360.0
1.765625,82407.0,272333.0,228350.0
1.76953125,82390.0,272334.0,228361.0
1.7734375,82371.0,272346.0,228349.0
1.77734375,82356.0,272334.0,228341.0
1.78125,82349.0,272347.0,228345.0
1.78515625,82336.0,272328.0,228348.0
1.7890625,82334.0,272321.0,228339.0
1.79296875,82316.0,272331.0,228337.0
1.796875,82312.0,272319.0,228350.0
1.80078125,82298.0,272322.0,228336.0
1.8046875,82328.0,272297.0,228339.0
1.80859375,82296.0,272333.0,228315.0
1.8125,82295.0,272347.0,228339.0
1.81640625,82271.0,272314.0,228318.0
1.8203125,82254.0,272308.0,228331.0
1.82421875,82311.0,272302.0,228317.0
1.828125,82257.0,272308.0,228340.0
1.83203125,82248.0,272339.0,228341.0
1.8359375,82250.0,272298.0,228315.0
1.83984375,82259.0,272297.0,228327.0
1.84375,82277.0,272304.0,228333.0
1.84765625,82261.0,272298.0,228345.0
1.8515625,82290.0,272293.0,228327.0
1.85546875,82278.0,272294.0,228342.0
1.859375,82255.0,272306.0,228345.0
1.86328125,82275.0,272302.0,228342.0
1.8671875,82299.0,272295.0,228338.0
1.87109375,82304.0,272305.0,228356.0
1.875,82326.0,272303.0,228360.0
1.87890625,82332.0,272328.0,228367.0
1.8828125,82339.0,272330.0,228346.0
1.88671875,82358.0,272335.0,228351.0
1.890625,82361.0,272283.0,228352.0
1.89453125,82371.0,272326.0,228357.0
1.8984375,82375.0,272304.0,228377.0
1.90234375,82383.0,272335.0,228364.0
1.90625,82382.0,272307.0,228366.0
1.91015625,82395.0,272302.0,228373.0
1.9140625,82404.0,272301.0,228362.0
1.91796875,82426.0,272311.0,228366.0
1.921875,82410.0,272321.0,228358.0
1.92578125,82420.0,272320.0,228382.0
1.9296875,82417.0,272285.0,228367.0
1.93359375,82407.0,272289.0,228362.0
1.9375,82416.0,272301.0,228349.0
1.94140625,82432.0,272313.0,228358.0
1.9453125,82451.0,272309.0,228347.0
1.94921875,82438.0,272296.0,228360.0
1.953125,82449.0,272305.0,228360.0
1.95703125,82393.0,272324.0,228371.0
1.9609375,82420.0,272301.0,228342.0
1.96484375,82446.0,272300.0,228339.0
1.96875,82433.0,272291.0,228363.0
1.97265625,82437.0,272304.0,228358.0
1.9765625,82442.0,272293.0,228366.0
1.98046875,82432.0,272306.0,228392.0
1.984375,82453.0,272303.0,228348.0
1.98828125,82440.0,272298.0,228349.0
1.9921875,82471.0,272293.0,228375.0
1.99609375,82427.0,272327.0,228355.0
2.0,82445.0,272304.0,228373.0
2.00390625,82463.0,272297.0,228350.0
2.0078125,82484.0,272312.0,228369.0
2.01171875,82450.0,272310.0,228366.0
2.015625,82470.0,272309.0,228382.0
2.01953125,82497.0,272319.0,228393.0
2.0234375,82485.0,272304.0,228387.0
2.02734375,82518.0,272329.0,228379.0
2.03125,82485.0,272306.0,228391.0
2.03515625,82504.0,272330.0,228381.0
2.0390625,82501.0,272340.0,228392.0
2.04296875,82522.0,272325.0,228383.0
2.046875,82521.0,272322.0,228403.0
2.05078125,82552.0,272304.0,228414.0
2.0546875,82548.0,272315.0,228396.0
2.05859375,82541.0,272329.0,228405.0
2.0625,82567.0,272304.0,228404.0
2.06640625,82593.0,272316.0,228393.0
2.0703125,82598.0,272303.0,228431.0
2.07421875,82576.0,272303.0,228412.0
2.078125,82615.0,272328.0,228399.0
2.08203125,82604.0,272321.0,228399.0
2.0859375,82603.0,272349.0,228400.0
2.08984375,82641.0,272314.0,228399.0
2.09375,82609.0,272290.0,228412.0
2.09765625,82651.0,272304.0,228392.0
2.1015625,82629.0,272311.0,228399.0
2.10546875,82658.0,272332.0,228409.0
2.109375,82663.0,272329.0,228388.0
2.11328125,82671.0,272316.0,228407.0
2.1171875,82698.0,272332.0,228405.0
2.12109375,82690.0,272322.0,228432.0
2.125,82719.0,272329.0,228410.0
2.12890625,82703.0,272339.0,228418.0
2.1328125,82747.0,272326.0,228428.0
2.13671875,82747.0,272345.0,228422.0
2.140625,82747.0,272320.0,228427.0
2.14453125,82745.0,272320.0,228418.0
2.1484375,82763.0,272338.0,228431.0
2.15234375,82766.0,272330.0,228444.0
2.15625,82779.0,272316.0,228436.0
2.16015625,82781.0,272339.0,228441.0
2.1640625,82814.0,272313.0,228457.0
2.16796875,82824.0,272336.0,228461.0
2.171875,82807.0,272334.0,228439.0
2.17578125,82833.0,272323.0,228445.0
2.1796875,82834.0,272326.0,228435.0
2.18359375,82842.0,272313.0,228458.0
2.1875,82850.0,272293.0,228428.0
2.19140625,82844.0,272310.0,228434.0
2.1953125,82853.0,272296.0,228434.0
2.19921875,82849.0,272322.0,228442.0
2.203125,82867.0,272317.0,228441.0
2.20703125,82880.0,272309.0,228460.0
2.2109375,82857.0,272314.0,228432.0
2.21484375,82894.0,272290.0,228437.0
2.21875,82898.0,272308.0,228452.0
2.22265625,82876.0,272307.0,228435.0
2.2265625,82908.0,272311.0,228429.0
2.23046875,82905.0,272303.0,228431.0
2.234375,82925.0,272317.0,228435.0
2.23828125,82944.0,272303.0,228452.0
2.2421875,82924.0,272319.0,228441.0
2.24609375,82944.0,272291.0,228440.0
2.25,82956.0,272315.0,228441.0
2.25390625,82957.0,272328.0,228464.0
2.2578125,82955.0,272305.0,228446.0
2.26171875,83002.0,272323.0,228451.0
2.265625,82982.0,272317.0,228452.0
2.26953125,83001.0,272328.0,228457.0
2.2734375,83014.0,272331.0,228466.0
2.27734375,83001.0,272307.0,228468.0
2.28125,83017.0,272332.0,228471.0
2.28515625,83019.0,272348.0,228470.0
2.2890625,83022.0,272333.0,228472.0
2.29296875,83031.0,272338.0,228479.0
2.296875,83051.0,272326.0,228483.0
2.30078125,83064.0,272334.0,228477.0
2.3046875,83059.0,272330.0,228501.0
2.30859375,83095.0,272332.0,228471.0
2.3125,83092.0,272340.0,228495.0
2.31640625,83089.0,272326.0,228502.0
2.3203125,83097.0,272356.0,228484.0
2.32421875,83105.0,272327.0,228494.0
2.328125,83132.0,272324.0,228471.0
2.33203125,83124.0,272309.0,228501.0
2.3359375,83141.0,272319.0,228510.0
2.33984375,83135.0,272326.0,228497.0
2.34375,83114.0,272330.0,228483.0
2.34765625,83119.0,272306.0,228495.0
2.3515625,83131.0,272341.0,228495.0
2.35546875,83112.0,272295.0,228460.0
2.359375,83128.0,272334.0,228474.0
2.36328125,83078.0,272291.0,228468.0
2.3671875,83111.0,272306.0,228457.0
2.37109375,83068.0,272315.0,228447.0
2.375,83038.0,272315.0,228441.0
2.37890625,83011.0,272335.0,228423.0
2.3828125,82982.0,272321.0,228412.0
2.38671875,82930.0,272305.0,228414.0
2.390625,82899.0,272306.0,228411.0
2.39453125,82868.0,272282.0,228390.0
2.3984375,82828.0,272300.0,228401.0
2.40234375,82781.0,272285.0,228392.0
2.40625,82755.0,272263.0,228380.0
2.41015625,82713.0,272269.0,228365.0
2.4140625,82648.0,272271.0,228373.0
2.41796875,82609.0,272268.0,228342.0
2.421875,82581.0,272295.0,228326.0
2.42578125,82520.0,272279.0,228328.0
2.4296875,82479.0,272238.0,228319.0
2.43359375,82461.0,272270.0,228336.0
2.4375,82429.0,272252.0,228326.0
2.44140625,82381.0,272289.0,228310.0
2.4453125,82336.0,272250.0,228304.0
2.44921875,82318.0,272262.0,228299.0
2.453125,82267.0,272251.0,228288.0
2.45703125,82235.0,272242.0,228304.0
2.4609375,82198.0,272248.0,228303.0
2.46484375,82198.0,272271.0,228283.0
2.46875,82159.0,272265.0,228283.0
2.47265625,82143.0,272240.0,228272.0
2.4765625,82125.0,272238.0,228276.0
2.48046875,82079.0,272216.0,228289.0
2.484375,82084.0,272248.0,228274.0
2.48828125,82053.0,272234.0,228286.0
2.4921875,82040.0,272240.0,228251.0
2.49609375,82031.0,272253.0,228276.0
2.5,82007.0,272259.0,228276.0
2.50390625,82004.0,272227.0,228273.0
2.5078125,81992.0,272222.0,228245.0
2.51171875,81989.0,272224.0,228262.0
2.515625,81968.0,272252.0,228258.0
2.51953125,81965.0,272230.0,228277.0
2.5234375,81941.0,272238.0,228254.0
2.52734375,81925.0,272245.0,228255.0
2.53125,81941.0,272244.0,228246.0
2.53515625,81900.0,272213.0,228252.0
2.5390625,81921.0,272212.0,228259.0
2.54296875,81931.0,272228.0,228262.0
2.546875,81878.0,272222.0,228262.0
2.55078125,81906.0,272208.0,228247.0
2.5546875,81873.0,272220.0,228245.0
2.55859375,81874.0,272215.0,228264.0
2.5625,81879.0,272235.0,228262.0
2.56640625,81879.0,272262.0,228255.0
2.5703125,81874.0,272198.0,228268.0
2.57421875,81896.0,272198.0,228270.0
2.578125,81896.0,272216.0,228270.0
2.58203125,81906.0,272229.0,228291.0
2.5859375,81918.0,272226.0,228267.0
2.58984375,81926.0,272235.0,228268.0
2.59375,81970.0,272243.0,228291.0
2.59765625,81945.0,272243.0,228294.0
2.6015625,81945.0,272228.0,228301.0
2.60546875,81965.0,272239.0,228295.0
2.609375,81966.0,272237.0,228299.0
2.61328125,81991.0,272244.0,228312.0
2.6171875,81992.0,272227.0,228322.0
2.62109375,81994.0,272245.0,228297.0
2.625,81983.0,272248.0,228307.0
2.62890625,82005.0,272247.0,228327.0
2.6328125,82023.0,272256.0,228323.0
2.63671875,82002.0,272240.0,228294.0
2.640625,82027.0,272227.0,228307.0
2.64453125,82019.0,272240.0,228298.0
2.6484375,82037.0,272229.0,228307.0
2.65234375,82058.0,272223.0,228304.0
2.65625,82042.0,272200.0,228323.0
2.66015625,82037.0,272226.0,228302.0
2.6640625,82062.0,272250.0,228305.0
2.66796875,82039.0,272215.0,228308.0
2.671875,82062.0,272205.0,228297.0
2.67578125,82052.0,272183.0,228295.0
2.6796875,82035.0,272232.0,228298.0
2.68359375,82043.0,272217.0,228288.0
2.6875,82068.0,272240.0,228290.0
2.69140625,82047.0,272199.0,228302.0
2.6953125,82068.0,272203.0,228295.0
2.69921875,82058.0,272238.0,228295.0
2.703125,82067.0,272208.0,228297.0
2.70703125,82058.0,272202.0,228290.0
2.7109375,82077.0,272213.0,228303.0
2.71484375,82043.0,272213.0,228303.0
2.71875,82085.0,272241.0,228282.0
2.72265625,82088.0,272206.0,228281.0
2.7265625,82085.0,272230.0,228279.0
2.73046875,82083.0,272217.0,228304.0
2.734375,82103.0,272223.0,228299.0
2.73828125,82111.0,272218.0,228305.0
2.7421875,82094.0,272228.0,228309.0
2.74609375,82089.0,272209.0,228277.0
2.75,82103.0,272231.0,228315.0
2.75390625,82107.0,272224.0,228323.0
2.7578125,82116.0,272202.0,228317.0
2.76171875,82123.0,272199.0,228309.0
2.765625,82132.0,272221.0,228321.0
2.76953125,82145.0,272215.0,228327.0
2.7734375,82154.0,272213.0,228341.0
2.77734375,82152.0,272268.0,228323.0
2.78125,82177.0,272228.0,228337.0
2.78515625,82198.0,272235.0,228338.0
2.7890625,82207.0,272237.0,228329.0
2.79296875,82236.0,272240.0,228327.0
2.796875,82230.0,272230.0,228344.0
2.80078125,82221.0,272217.0,228352.0
2.8046875,82216.0,272228.0,228355.0
2.80859375,82237.0,272265.0,228325.0
2.8125,82248.0,272229.0,228356.0
2.81640625,82254.0,272238.0,228370.0
2.8203125,82288.0,272236.0,228332.0
2.82421875,82267.0,272229.0,228358.0
2.828125,82296.0,272234.0,228346.0
2.83203125,82300.0,272259.0,228366.0
2.8359375,82301.0,272254.0,228354.0
2.83984375,82326.0,272240.0,228348.0
2.84375,82320.0,272234.0,228353.0
2.84765625,82341.0,272243.0,228344.0
2.8515625,82324.0,272267.0,228373.0
2.85546875,82369.0,272243.0,228362.0
2.859375,82392.0,272267.0,228353.0
2.86328125,82384.0,272254.0,228366.0
2.8671875,82379.0,272253.0,228387.0
2.87109375,82407.0,272252.0,228366.0
2.875,82410.0,272246.0,228388.0
2.87890625,82405.0,272248.0,228358.0
2.8828125,82399.0,272259.0,228364.0
2.88671875,82449.0,272257.0,228392.0
2.890625,82439.0,272260.0,228379.0
2.89453125,82454.0,272258.0,228381.0
2.8984375,82469.0,272271.0,228379.0
2.90234375,82445.0,272250.0,228404.0
2.90625,82470.0,272268.0,228387.0
2.91015625,82498.0,272244.0,228370.0
2.9140625,82486.0,272263.0,228378.0
2.91796875,82492.0,272292.0,228389.0
2.921875,82518.0,272255.0,228389.0
2.92578125,82517.0,272239.0,228383.0
2.9296875,82527.0,272249.0,228388.0
2.93359375,82540.0,272261.0,228401.0
2.9375,82561.0,272258.0,228389.0
2.94140625,82558.0,272259.0,228396.0
2.9453125,82575.0,272260.0,228391.0
2.94921875,82579.0,272248.0,228387.0
2.953125,82576.0,272269.0,228409.0
2.95703125,82603.0,272262.0,228424.0
2.9609375,82601.0,272253.0,228427.0
2.96484375,82627.0,272267.0,228441.0
2.96875,82608.0,272265.0,228427.0
2.97265625,82636.0,272263.0,228408.0
2.9765625,82649.0,272270.0,228425.0
2.98046875,82655.0,272269.0,228448.0
2.984375,82659.0,272273.0,228432.0
2.98828125,82681.0,272268.0,228436.0
2.9921875,82672.0,272282.0,228427.0
2.99609375,82690.0,272246.0,228430.0
3.0,82697.0,272283.0,228431.0
3.00390625,82712.0,272301.0,228439.0
3.0078125,82735.0,272247.0,228447.0
3.01171875,82724.0,272279.0,228440.0
3.015625,82734.0,272286.0,228433.0
3.01953125,82761.0,272272.0,228453.0
3.0234375,82779.0,272267.0,228433.0
3.02734375,82780.0,272260.0,228429.0
3.03125,82798.0,272282.0,228452.0
3.03515625,82804.0,272294.0,228432.0
3.0390625,82814.0,272292.0,228459.0
3.04296875,82808.0,272295.0,228467.0
3.046875,82835.0,272298.0,228452.0
3.05078125,82842.0,272274.0,228457.0
3.0546875,82859.0,272297.0,228456.0
3.05859375,82880.0,272303.0,228473.0
3.0625,82862.0,272282.0,228452.0
3.06640625,82895.0,272271.0,228448.0
3.0703125,82909.0,272300.0,228443.0
3.07421875,82917.0,272272.0,228454.0
3.078125,82900.0,272301.0,228468.0
3.08203125,82936.0,272299.0,228475.0
3.0859375,82911.0,272276.0,228463.0
3.08984375,82923.0,272300.0,228452.0
3.09375,82945.0,272313.0,228468.0
3.09765625,82937.0,272292.0,228479.0
3.1015625,82919.0,272306.0,228467.0
3.10546875,82919.0,272297.0,228442.0
3.109375,82914.0,272288.0,228445.0
3.11328125,82912.0,272323.0,228419.0
3.1171875,82899.0,272292.0,228425.0
3.12109375,82889.0,272306.0,228420.0
3.125,82869.0,272277.0,228417.0
3.12890625,82828.0,272274.0,228407.0
3.1328125,82817.0,272284.0,228384.0
3.13671875,82752.0,272268.0,228406.0
3.140625,82731.0,272294.0,228393.0
3.14453125,82685.0,272277.0,228387.0
3.1484375,82628.0,272268.0,228367.0
3.15234375,82588.0,272260.0,228350.0
3.15625,82521.0,272245.0,228348.0
3.16015625,82509.0,272269.0,228325.0
3.1640625,82445.0,272256.0,228336.0
3.16796875,82416.0,272245.0,228321.0
3.171875,82360.0,272271.0,228316.0
3.17578125,82361.0,272259.0,228288.0
3.1796875,82279.0,272253.0,228297.0
3.18359375,82236.0,272241.0,228268.0
3.1875,82203.0,272226.0,228286.0
3.19140625,82160.0,272272.0,228288.0
3.1953125,82138.0,272235.0,228264.0
3.19921875,82093.0,272246.0,228292.0
3.203125,82058.0,272247.0,228270.0
3.20703125,82024.0,272226.0,228264.0
3.2109375,82005.0,272224.0,228262.0
3.21484375,81994.0,272239.0,228263.0
3.21875,81976.0,272248.0,228275.0
3.22265625,81948.0,272234.0,228263.0
3.2265625,81916.0,272243.0,228261.0
3.23046875,81926.0,272239.0,228258.0
3.234375,81886.0,272194.0,228258.0
3.23828125,81890.0,272248.0,228247.0
3.2421875,81854.0,272196.0,228274.0
3.24609375,81831.0,272254.0,228264.0
3.25,81822.0,272219.0,228281.0
3.25390625,81814.0,272213.0,228271.0
3.2578125,81818.0,272234.0,228262.0
3.26171875,81819.0,272230.0,228287.0
3.265625,81808.0,272256.0,228277.0
3.26953125,81780.0,272239.0,228270.0
3.2734375,81782.0,272240.0,228265.0
3.27734375,81760.0,272242.0,228287.0
3.28125,81740.0,272245.0,228286.0
3.28515625,81758.0,272229.0,228266.0
3.2890625,81764.0,272235.0,228277.0
3.29296875,81759.0,272213.0,228276.0
3.296875,81745.0,272239.0,228280.0
3.30078125,81749.0,272247.0,228266.0
3.3046875,81705.0,272242.0,228276.0
3.30859375,81712.0,272232.0,228255.0
3.3125,81731.0,272221.0,228257.0
3.31640625,81741.0,272237.0,228269.0
3.3203125,81722.0,272225.0,228266.0
3.32421875,81737.0,272219.0,228275.0
3.328125,81759.0,272225.0,228283.0
3.33203125,81768.0,272210.0,228286.0
3.3359375,81764.0,272233.0,228301.0
3.33984375,81776.0,272210.0,228303.0
3.34375,81777.0,272249.0,228300.0
3.34765625,81788.0,272230.0,228302.0
3.3515625,81820.0,272248.0,228289.0
3.35546875,81828.0,272224.0,228307.0
3.359375,81813.0,272230.0,228311.0
3.36328125,81829.0,272231.0,228311.0
3.3671875,81837.0,272248.0,228311.0
3.37109375,81872.0,272241.0,228318.0
3.375,81876.0,272235.0,228309.0
3.37890625,81899.0,272240.0,228310.0
3.3828125,81887.0,272242.0,228346.0
3.38671875,81886.0,272215.0,228325.0
3.390625,81905.0,272252.0,228322.0
3.39453125,81922.0,272238.0,228313.0
3.3984375,81930.0,272232.0,228313.0
3.40234375,81913.0,272234.0,228334.0
3.40625,81932.0,272221.0,228327.0
3.41015625,81924.0,272241.0,228338.0
3.4140625,81915.0,272207.0,228323.0
3.41796875,81952.0,272224.0,228310.0
3.421875,81944.0,272229.0,228307.0
3.42578125,81936.0,272228.0,228329.0
3.4296875,81946.0,272204.0,228283.0
3.43359375,81977.0,272232.0,228303.0
3.4375,81954.0,272217.0,228322.0
3.44140625,81956.0,272244.0,228295.0
3.4453125,81952.0,272240.0,228309.0
3.44921875,81946.0,272237.0,228311.0
3.453125,81972.0,272232.0,228325.0
3.45703125,81965.0,272244.0,228334.0
3.4609375,81977.0,272238.0,228331.0
3.46484375,81956.0,272215.0,228328.0
3.46875,81971.0,272242.0,228307.0
3.47265625,81969.0,272227.0,228332.0
3.4765625,82000.0,272240.0,228299.0
3.48046875,82024.0,272239.0,228320.0
3.484375,82002.0,272245.0,228313.0
3.48828125,82009.0,272238.0,228320.0
3.4921875,82038.0,272231.0,228330.0
3.49609375,82034.0,272218.0,228323.0
3.5,82051.0,272246.0,228335.0
3.50390625,82049.0,272237.0,228325.0
3.5078125,82038.0,272221.0,228343.0
3.51171875,82063.0,272238.0,228338.0
3.515625,82060.0,272229.0,228329.0
3.51953125,82090.0,272216.0,228329.0
3.5234375,82080.0,272247.0,228346.0
3.52734375,82097.0,272240.0,228338.0
3.53125,82120.0,272243.0,228336.0
3.53515625,82126.0,272227.0,228331.0
3.5390625,82148.0,272259.0,228341.0
3.54296875,82137.0,272234.0,228362.0
3.546875,82138.0,272227.0,228353.0
3.55078125,82171.0,272246.0,228347.0
3.5546875,82160.0,272251.0,228357.0
3.55859375,82201.0,272258.0,228353.0
3.5625,82196.0,272227.0,228373.0
3.56640625,82207.0,272222.0,228348.0
3.5703125,82228.0,272248.0,228378.0
3.57421875,82236.0,272245.0,228388.0
3.578125,82215.0,272260.0,228391.0
3.58203125,82267.0,272267.0,228379.0
3.5859375,82263.0,272270.0,228387.0
3.58984375,82283.0,272270.0,228398.0
3.59375,82268.0,272257.0,228401.0
3.59765625,82317.0,272247.0,228374.0
3.6015625,82316.0,272299.0,228420.0
3.60546875,82346.0,272253.0,228383.0
3.609375,82336.0,272278.0,228407.0
3.61328125,82328.0,272261.0,228403.0
3.6171875,82336.0,272277.0,228408.0
3.62109375,82351.0,272268.0,228423.0
3.625,82371.0,272298.0,228415.0
3.62890625,82364.0,272256.0,228414.0
3.6328125,82376.0,272258.0,228411.0
3.63671875,82410.0,272262.0,228412.0
3.640625,82403.0,272250.0,228420.0
3.64453125,82411.0,272255.0,228415.0
3.6484375,82433.0,272295.0,228428.0
3.65234375,82456.0,272279.0,228410.0
3.65625,82474.0,272291.0,228427.0
3.66015625,82461.0,272280.0,228414.0
3.6640625,82495.0,272242.0,228418.0
3.66796875,82502.0,272260.0,228435.0
3.671875,82479.0,272251.0,228431.0
3.67578125,82489.0,272247.0,228422.0
3.6796875,82523.0,272280.0,228407.0
3.68359375,82504.0,272244.0,228405.0
3.6875,82529.0,272267.0,228416.0
3.69140625,82522.0,272249.0,228415.0
3.6953125,82525.0,272247.0,228423.0
3.69921875,82555.0,272242.0,228402.0
3.703125,82558.0,272272.0,228424.0
3.70703125,82534.0,272246.0,228419.0
3.7109375,82573.0,272280.0,228415.0
3.71484375,82583.0,272263.0,228405.0
3.71875,82584.0,272254.0,228439.0
3.72265625,82594.0,272269.0,228433.0
3.7265625,82595.0,272252.0,228432.0
3.73046875,82587.0,272236.0,228423.0
3.734375,82612.0,272265.0,228402.0
3.73828125,82651.0,272262.0,228413.0
3.7421875,82651.0,272300.0,228432.0
3.74609375,82614.0,272275.0,228435.0
3.75,82683.0,272259.0,228417.0
3.75390625,82654.0,272242.0,228431.0
3.7578125,82685.0,272255.0,228444.0
3.76171875,82691.0,272254.0,228435.0
3.765625,82690.0,272235.0,228437.0
3.76953125,82698.0,272254.0,228430.0
3.7734375,82704.0,272303.0,228436.0
3.77734375,82720.0,272282.0,228432.0
3.78125,82719.0,272272.0,228423.0
3.78515625,82724.0,272269.0,228450.0
3.7890625,82749.0,272260.0,228454.0
3.79296875,82755.0,272249.0,228455.0
3.796875,82777.0,272275.0,228446.0
3.80078125,82767.0,272259.0,228440.0
3.8046875,82787.0,272269.0,228490.0
3.80859375,82777.0,272270.0,228432.0
3.8125,82810.0,272266.0,228466.0
3.81640625,82805.0,272251.0,228438.0
3.8203125,82814.0,272268.0,228453.0
3.82421875,82814.0,272277.0,228475.0
3.828125,82863.0,272286.0,228467.0
3.83203125,82830.0,272272.0,228462.0
3.8359375,82854.0,272274.0,228470.0
3.83984375,82875.0,272265.0,228483.0
3.84375,82865.0,272289.0,228502.0
3.84765625,82860.0,272260.0,228465.0
3.8515625,82892.0,272255.0,228479.0
3.85546875,82885.0,272290.0,228468.0
3.859375,82875.0,272258.0,228469.0
3.86328125,82888.0,272284.0,228439.0
3.8671875,82882.0,272246.0,228448.0
3.87109375,82874.0,272279.0,228450.0
3.875,82880.0,272267.0,228438.0
3.87890625,82854.0,272241.0,228423.0
3.8828125,82870.0,272279.0,228422.0
3.88671875,82827.0,272263.0,228407.0
3.890625,82825.0,272239.0,228422.0
3.89453125,82809.0,272246.0,228407.0
3.8984375,82753.0,272235.0,228407.0
3.90234375,82717.0,272238.0,228382.0
3.90625,82675.0,272227.0,228373.0
3.91015625,82638.0,272226.0,228375.0
3.9140625,82602.0,272240.0,228378.0
3.91796875,82560.0,272231.0,228334.0
3.921875,82524.0,272226.0,228342.0
3.92578125,82460.0,272213.0,228346.0
3.9296875,82425.0,272206.0,228339.0
3.93359375,82394.0,272207.0,228315.0
3.9375,82329.0,272194.0,228316.0
3.94140625,82302.0,272227.0,228298.0
3.9453125,82242.0,272221.0,228299.0
3.94921875,82203.0,272218.0,228257.0
3.953125,82155.0,272240.0,228290.0
3.95703125,82097.0,272184.0,228279.0
3.9609375,82090.0,272219.0,228279.0
3.96484375,82047.0,272206.0,228251.0
3.96875,81995.0,272217.0,228253.0
3.97265625,81973.0,272186.0,228272.0
3.9765625,81927.0,272188.0,228264.0
3.98046875,81926.0,272186.0,228245.0
3.984375,81889.0,272200.0,228253.0
3.98828125,81847.0,272183.0,228263.0
3.9921875,81835.0,272190.0,228238.0
3.99609375,81817.0,272176.0,228249.0
4.0,81775.0,272182.0,228250.0
4.00390625,81755.0,272165.0,228243.0
4.0078125,81732.0,272209.0,228246.0
4.01171875,81726.0,272195.0,228228.0
4.015625,81684.0,272191.0,228241.0
4.01953125,81697.0,272166.0,228225.0
4.0234375,81636.0,272180.0,228224.0
4.02734375,81657.0,272149.0,228215.0
4.03125,81624.0,272140.0,228238.0
4.03515625,81621.0,272163.0,228230.0
4.0390625,81576.0,272163.0,228243.0
4.04296875,81586.0,272166.0,228211.0
4.046875,81561.0,272152.0,228214.0
4.05078125,81564.0,272161.0,228204.0
4.0546875,81544.0,272124.0,228217.0
4.05859375,81538.0,272150.0,228212.0
4.0625,81515.0,272162.0,228222.0
4.06640625,81535.0,272171.0,228211.0
4.0703125,81510.0,272160.0,228201.0
4.07421875,81496.0,272158.0,228226.0
4.078125,81504.0,272148.0,228203.0
4.08203125,81502.0,272161.0,228221.0
4.0859375,81505.0,272147.0,228214.0
4.08984375,81517.0,272145.0,228232.0
4.09375,81495.0,272156.0,228236.0
4.09765625,81508.0,272155.0,228212.0
4.1015625,81523.0,272151.0,228225.0
4.10546875,81521.0,272158.0,228236.0
4.109375,81523.0,272157.0,228250.0
4.11328125,81504.0,272133.0,228245.0
4.1171875,81559.0,272164.0,228245.0
4.12109375,81537.0,272171.0,228234.0
4.125,81542.0,272144.0,228242.0
4.12890625,81540.0,272155.0,228243.0
4.1328125,81567.0,272149.0,228252.0
4.13671875,81588.0,272150.0,228257.0
4.140625,81599.0,272151.0,228285.0
4.14453125,81598.0,272159.0,228278.0
4.1484375,81586.0,272161.0,228282.0
4.15234375,81609.0,272180.0,228241.0
4.15625,81615.0,272155.0,228260.0
4.16015625,81622.0,272177.0,228246.0
4.1640625,81642.0,272169.0,228294.0
4.16796875,81627.0,272164.0,228258.0
4.171875,81644.0,272174.0,228276.0
4.17578125,81647.0,272182.0,228294.0
4.1796875,81667.0,272156.0,228263.0
4.18359375,81641.0,272170.0,228256.0
4.1875,81658.0,272161.0,228275.0
4.19140625,81647.0,272143.0,228281.0
4.1953125,81672.0,272170.0,228255.0
4.19921875,81660.0,272151.0,228264.0
4.203125,81655.0,272151.0,228259.0
4.20703125,81651.0,272163.0,228268.0
4.2109375,81666.0,272176.0,228267.0
4.21484375,81655.0,272132.0,228270.0
4.21875,81660.0,272165.0,228265.0
4.22265625,81684.0,272164.0,228272.0
4.2265625,81669.0,272156.0,228258.0
4.23046875,81684.0,272137.0,228252.0
4.234375,81683.0,272141.0,228262.0
4.23828125,81691.0,272145.0,228265.0
4.2421875,81677.0,272126.0,228260.0
4.24609375,81692.0,272160.0,228260.0
4.25,81675.0,272142.0,228256.0
4.25390625,81703.0,272151.0,228245.0
4.2578125,81727.0,272137.0,228261.0
4.26171875,81722.0,272149.0,228272.0
4.265625,81719.0,272160.0,228234.0
4.26953125,81748.0,272155.0,228249.0
4.2734375,81721.0,272169.0,228279.0
4.27734375,81736.0,272139.0,228264.0
4.28125,81742.0,272163.0,228248.0
4.28515625,81757.0,272132.0,228264.0
4.2890625,81741.0,272173.0,228263.0
4.29296875,81751.0,272160.0,228271.0
4.296875,81789.0,272162.0,228274.0
4.30078125,81794.0,272146.0,228263.0
4.3046875,81807.0,272144.0,228278.0
4.30859375,81801.0,272152.0,228272.0
4.3125,81803.0,272136.0,228281.0
4.31640625,81815.0,272163.0,228273.0
4.3203125,81817.0,272162.0,228282.0
4.32421875,81847.0,272135.0,228280.0
4.328125,81856.0,272173.0,228286.0
4.33203125,81844.0,272172.0,228299.0
4.3359375,81859.0,272176.0,228286.0
4.33984375,81861.0,272147.0,228297.0
4.34375,81876.0,272172.0,228318.0
4.34765625,81896.0,272158.0,228326.0
4.3515625,81893.0,272159.0,228309.0
4.35546875,81909.0,272175.0,228304.0
4.359375,81947.0,272174.0,228314.0
4.36328125,81958.0,272163.0,228309.0
4.3671875,81941.0,272154.0,228310.0
4.37109375,81952.0,272177.0,228304.0
4.375,81946.0,272157.0,228320.0
4.37890625,81959.0,272166.0,228311.0
4.3828125,81962.0,272173.0,228313.0
4.38671875,81972.0,272160.0,228323.0
4.390625,81989.0,272173.0,228317.0
4.39453125,81988.0,272191.0,228333.0
4.3984375,82010.0,272146.0,228344.0
4.40234375,82019.0,272166.0,228339.0
4.40625,82031.0,272195.0,228336.0
4.41015625,82026.0,272188.0,228339.0
4.4140625,82053.0,272171.0,228327.0
4.41796875,82072.0,272194.0,228347.0
4.421875,82063.0,272187.0,228330.0
4.42578125,82066.0,272199.0,228331.0
4.4296875,82088.0,272174.0,228345.0
4.43359375,82095.0,272196.0,228352.0
4.4375,82100.0,272162.0,228333.0
4.44140625,82110.0,272185.0,228324.0
4.4453125,82137.0,272172.0,228350.0
4.44921875,82140.0,272157.0,228350.0
4.453125,82141.0,272176.0,228338.0
4.45703125,82140.0,272203.0,228342.0
4.4609375,82151.0,272171.0,228345.0
4.46484375,82151.0,272182.0,228340.0
4.46875,82183.0,272178.0,228344.0
4.47265625,82157.0,272163.0,228332.0
4.4765625,82193.0,272190.0,228341.0
4.48046875,82190.0,272167.0,228351.0
4.484375,82214.0,272174.0,228363.0
4.48828125,82227.0,272196.0,228353.0
4.4921875,82240.0,272202.0,228360.0
4.49609375,82245.0,272189.0,228363.0
4.5,82264.0,272205.0,228381.0
4.50390625,82280.0,272182.0,228377.0
4.5078125,82264.0,272202.0,228366.0
4.51171875,82287.0,272179.0,228357.0
4.515625,82285.0,272201.0,228375.0
4.51953125,82301.0,272206.0,228369.0
4.5234375,82310.0,272190.0,228377.0
4.52734375,82332.0,272205.0,228373.0
4.53125,82347.0,272193.0,228378.0
4.53515625,82364.0,272176.0,228373.0
4.5390625,82365.0,272196.0,228364.0
4.54296875,82374.0,272222.0,228379.0
4.546875,82385.0,272191.0,228382.0
4.55078125,82372.0,272194.0,228401.0
4.5546875,82408.0,272210.0,228399.0
4.55859375,82428.0,272216.0,228389.0
4.5625,82426.0,272221.0,228386.0
4.56640625,82428.0,272192.0,228408.0
4.5703125,82427.0,272197.0,228385.0
4.57421875,82449.0,272192.0,228395.0
4.578125,82458.0,272196.0,228381.0
4.58203125,82467.0,272202.0,228418.0
4.5859375,82455.0,272182.0,228389.0
4.58984375,82489.0,272208.0,228390.0
4.59375,82492.0,272202.0,228394.0
4.59765625,82509.0,272182.0,228399.0
4.6015625,82486.0,272194.0,228417.0
4.60546875,82538.0,272190.0,228384.0
4.609375,82517.0,272224.0,228400.0
4.61328125,82513.0,272194.0,228397.0
4.6171875,82512.0,272190.0,228397.0
4.62109375,82513.0,272173.0,228377.0
4.625,82514.0,272174.0,228385.0
4.62890625,82508.0,272187.0,228385.0
4.6328125,82494.0,272174.0,228392.0
4.63671875,82516.0,272169.0,228368.0
4.640625,82509.0,272162.0,228358.0
4.64453125,82471.0,272171.0,228374.0
4.6484375,82442.0,272186.0,228359.0
4.65234375,82443.0,272161.0,228347.0
4.65625,82392.0,272179.0,228345.0
4.66015625,82362.0,272174.0,228324.0
4.6640625,82322.0,272181.0,228330.0
4.66796875,82273.0,272166.0,228308.0
4.671875,82239.0,272163.0,228310.0
4.67578125,82206.0,272154.0,228305.0
4.6796875,82160.0,272154.0,228275.0
4.68359375,82132.0,272142.0,228286.0
4.6875,82074.0,272122.0,228288.0
4.69140625,82048.0,272154.0,228251.0
4.6953125,81983.0,272134.0,228247.0
4.69921875,81954.0,272138.0,228254.0
4.703125,81892.0,272129.0,228237.0
4.70703125,81850.0,272134.0,228236.0
4.7109375,81806.0,272123.0,228221.0
4.71484375,81761.0,272138.0,228240.0
4.71875,81722.0,272131.0,228195.0
4.72265625,81704.0,272133.0,228183.0
4.7265625,81639.0,272111.0,228174.0
4.73046875,81635.0,272131.0,228176.0
4.734375,81572.0,272136.0,228193.0
4.73828125,81597.0,272096.0,228181.0
4.7421875,81543.0,272136.0,228188.0
4.74609375,81522.0,272095.0,228175.0
4.75,81495.0,272123.0,228174.0
4.75390625,81470.0,272117.0,228179.0
4.7578125,81441.0,272126.0,228169.0
4.76171875,81424.0,272105.0,228166.0
4.765625,81409.0,272126.0,228166.0
4.76953125,81396.0,272110.0,228177.0
4.7734375,81362.0,272111.0,228175.0
4.77734375,81363.0,272112.0,228168.0
4.78125,81343.0,272107.0,228166.0
4.78515625,81320.0,272136.0,228176.0
4.7890625,81333.0,272091.0,228163.0
4.79296875,81301.0,272117.0,228151.0
4.796875,81303.0,272092.0,228143.0
4.80078125,81285.0,272106.0,228165.0
4.8046875,81275.0,272101.0,228143.0
4.80859375,81280.0,272106.0,228147.0
4.8125,81262.0,272117.0,228134.0
4.81640625,81265.0,272121.0,228161.0
4.8203125,81254.0,272101.0,228157.0
4.82421875,81242.0,272089.0,228145.0
4.828125,81226.0,272109.0,228177.0
4.83203125,81225.0,272084.0,228157.0
4.8359375,81215.0,272100.0,228155.0
4.83984375,81213.0,272102.0,228179.0
4.84375,81261.0,272091.0,228169.0
4.84765625,81238.0,272101.0,228190.0
4.8515625,81238.0,272081.0,228187.0
4.85546875,81262.0,272105.0,228188.0
4.859375,81270.0,272089.0,228176.0
4.86328125,81288.0,272094.0,228187.0
4.8671875,81295.0,272094.0,228196.0
4.87109375,81300.0,272104.0,228204.0
4.875,81309.0,272107.0,228217.0
4.87890625,81324.0,272108.0,228202.0
4.8828125,81334.0,272106.0,228201.0
4.88671875,81339.0,272112.0,228229.0
4.890625,81349.0,272136.0,228216.0
4.89453125,81370.0,272152.0,228234.0
4.8984375,81394.0,272122.0,228218.0
4.90234375,81382.0,272109.0,228218.0
4.90625,81420.0,272142.0,228227.0
4.91015625,81421.0,272117.0,228207.0
4.9140625,81428.0,272108.0,228215.0
4.91796875,81445.0,272092.0,228215.0
4.921875,81437.0,272101.0,228204.0
4.92578125,81462.0,272096.0,228193.0
4.9296875,81431.0,272084.0,228216.0
4.93359375,81461.0,272117.0,228208.0
4.9375,81481.0,272080.0,228230.0
4.94140625,81483.0,272106.0,228215.0
4.9453125,81474.0,272106.0,228227.0
4.94921875,81501.0,272093.0,228232.0
4.953125,81486.0,272110.0,228208.0
4.95703125,81480.0,272122.0,228202.0
4.9609375,81498.0,272063.0,228229.0
4.96484375,81500.0,272088.0,228209.0
4.96875,81458.0,272087.0,228216.0
4.97265625,81482.0,272097.0,228211.0
4.9765625,81493.0,272110.0,228217.0
4.98046875,81502.0,272083.0,228224.0
4.984375,81504.0,272108.0,228215.0
4.98828125,81508.0,272105.0,228227.0
4.9921875,81510.0,272121.0,228220.0
4.99609375,81503.0,272106.0,228207.0
5.0,81519.0,272108.0,228210.0
5.00390625,81531.0,272112.0,228210.0
5.0078125,81545.0,272080.0,228211.0
5.01171875,81521.0,272083.0,228202.0
5.015625,81548.0,272092.0,228220.0
5.01953125,81553.0,272088.0,228211.0
5.0234375,81567.0,272094.0,228216.0
5.02734375,81577.0,272079.0,228229.0
5.03125,81573.0,272090.0,228237.0
5.03515625,81583.0,272102.0,228232.0
5.0390625,81596.0,272076.0,228219.0
5.04296875,81625.0,272087.0,228231.0
5.046875,81609.0,272072.0,228243.0
5.05078125,81624.0,272108.0,228249.0
5.0546875,81618.0,272118.0,228255.0
5.05859375,81636.0,272079.0,228243.0
5.0625,81658.0,272109.0,228248.0
5.06640625,81673.0,272098.0,228251.0
5.0703125,81677.0,272103.0,228257.0
5.07421875,81672.0,272084.0,228247.0
5.078125,81701.0,272096.0,228253.0
5.08203125,81710.0,272090.0,228265.0
5.0859375,81738.0,272096.0,228269.0
5.08984375,81693.0,272086.0,228260.0
5.09375,81712.0,272098.0,228247.0
5.09765625,81733.0,272083.0,228274.0
5.1015625,81737.0,272108.0,228264.0
5.10546875,81749.0,272075.0,228269.0
5.109375,81759.0,272087.0,228282.0
5.11328125,81754.0,272114.0,228261.0
5.1171875,81761.0,272103.0,228275.0
5.12109375,81775.0,272097.0,228268.0
5.125,81793.0,272106.0,228283.0
5.12890625,81806.0,272113.0,228303.0
5.1328125,81819.0,272079.0,228312.0
5.13671875,81793.0,272077.0,228301.0
5.140625,81831.0,272090.0,228271.0
5.14453125,81831.0,272121.0,228294.0
5.1484375,81849.0,272098.0,228296.0
5.15234375,81825.0,272095.0,228271.0
5.15625,81843.0,272052.0,228285.0
5.16015625,81859.0,272087.0,228280.0
5.1640625,81880.0,272113.0,228302.0
5.16796875,81883.0,272123.0,228295.0
5.171875,81899.0,272107.0,228300.0
5.17578125,81891.0,272111.0,228314.0
5.1796875,81885.0,272090.0,228268.0
5.18359375,81907.0,272098.0,228283.0
5.1875,81914.0,272097.0,228291.0
5.19140625,81933.0,272122.0,228304.0
5.1953125,81933.0,272085.0,228291.0
5.19921875,81918.0,272104.0,228313.0
5.203125,81959.0,272112.0,228303.0
5.20703125,81957.0,272117.0,228326.0
5.2109375,81975.0,272113.0,228312.0
5.21484375,81977.0,272097.0,228316.0
5.21875,81973.0,272129.0,228334.0
5.22265625,82025.0,272105.0,228313.0
5.2265625,81987.0,272134.0,228317.0
5.23046875,82012.0,272112.0,228326.0
5.234375,82005.0,272128.0,228323.0
5.23828125,82027.0,272102.0,228324.0
5.2421875,82053.0,272105.0,228318.0
5.24609375,82039.0,272135.0,228332.0
5.25,82047.0,272158.0,228355.0
5.25390625,82058.0,272139.0,228332.0
5.2578125,82084.0,272132.0,228319.0
5.26171875,82094.0,272133.0,228341.0
5.265625,82091.0,272129.0,228340.0
5.26953125,82107.0,272117.0,228368.0
5.2734375,82113.0,272130.0,228320.0
5.27734375,82113.0,272092.0,228345.0
5.28125,82135.0,272123.0,228347.0
5.28515625,82140.0,272144.0,228359.0
5.2890625,82152.0,272126.0,228349.0
5.29296875,82174.0,272150.0,228349.0
5.296875,82195.0,272141.0,228359.0
5.30078125,82173.0,272129.0,228363.0
5.3046875,82190.0,272139.0,228371.0
5.30859375,82201.0,272133.0,228347.0
5.3125,82179.0,272118.0,228346.0
5.31640625,82214.0,272132.0,228359.0
5.3203125,82226.0,272140.0,228352.0
5.32421875,82248.0,272113.0,228349.0
5.328125,82242.0,272130.0,228357.0
5.33203125,82254.0,272124.0,228364.0
5.3359375,82250.0,272158.0,228361.0
5.33984375,82250.0,272114.0,228357.0
5.34375,82245.0,272131.0,228357.0
5.34765625,82246.0,272111.0,228361.0
5.3515625,82248.0,272132.0,228367.0
5.35546875,82228.0,272100.0,228371.0
5.359375,82232.0,272113.0,228354.0
5.36328125,82243.0,272081.0,228352.0
5.3671875,82228.0,272100.0,228354.0
5.37109375,82207.0,272111.0,228351.0
5.375,82190.0,272118.0,228318.0
5.37890625,82190.0,272121.0,228341.0
5.3828125,82145.0,272087.0,228325.0
5.38671875,82116.0,272096.0,228309.0
5.390625,82086.0,272121.0,228288.0
5.39453125,82052.0,272074.0,228289.0
5.3984375,82012.0,272084.0,228289.0
5.40234375,81988.0,272086.0,228303.0
5.40625,81936.0,272050.0,228282.0
5.41015625,81900.0,272074.0,228242.0
5.4140625,81846.0,272070.0,228251.0
5.41796875,81781.0,272038.0,228264.0
5.421875,81735.0,272058.0,228225.0
5.42578125,81665.0,272049.0,228197.0
5.4296875,81606.0,272032.0,228211.0
5.43359375,81540.0,272058.0,228196.0
5.4375,81464.0,272043.0,228198.0
5.44140625,81405.0,272023.0,228196.0
5.4453125,81369.0,272053.0,228155.0
5.44921875,81330.0,272025.0,228186.0
5.453125,81258.0,272039.0,228168.0
5.45703125,81217.0,272029.0,228146.0
5.4609375,81169.0,272022.0,228126.0
5.46484375,81144.0,272010.0,228145.0
5.46875,81098.0,272026.0,228130.0
5.47265625,81062.0,272023.0,228139.0
5.4765625,81015.0,272002.0,228126.0
5.48046875,80978.0,271985.0,228115.0
5.484375,80965.0,272016.0,228124.0
5.48828125,80923.0,272005.0,228142.0
5.4921875,80892.0,272006.0,228116.0
5.49609375,80859.0,272019.0,228141.0
5.5,80830.0,272029.0,228128.0
5.50390625,80821.0,272029.0,228115.0
5.5078125,80803.0,272017.0,228110.0
5.51171875,80792.0,272002.0,228111.0
5.515625,80759.0,271980.0,228101.0
5.51953125,80743.0,272008.0,228099.0
5.5234375,80747.0,271990.0,228103.0
5.52734375,80722.0,272011.0,228098.0
5.53125,80705.0,271999.0,228106.0
5.53515625,80681.0,272006.0,228089.0
5.5390625,80662.0,272016.0,228096.0
5.54296875,80679.0,271993.0,228087.0
5.546875,80667.0,271983.0,228073.0
5.55078125,80626.0,272004.0,228112.0
5.5546875,80640.0,271990.0,228101.0
5.55859375,80648.0,271990.0,228090.0
5.5625,80638.0,271983.0,228100.0
5.56640625,80616.0,271985.0,228099.0
5.5703125,80619.0,271988.0,228111.0
5.57421875,80600.0,271980.0,228123.0
5.578125,80598.0,272016.0,228088.0
5.58203125,80633.0,271986.0,228094.0
5.5859375,80613.0,272018.0,228098.0
5.58984375,80621.0,271994.0,228113.0
5.59375,80623.0,271986.0,228103.0
5.59765625,80630.0,272009.0,228102.0
5.6015625,80609.0,271982.0,228109.0
5.60546875,80656.0,271979.0,228115.0
5.609375,80650.0,271981.0,228135.0
5.61328125,80637.0,271996.0,228120.0
5.6171875,80676.0,271991.0,228147.0
5.62109375,80682.0,272006.0,228139.0
5.625,80669.0,271995.0,228128.0
5.62890625,80713.0,272016.0,228130.0
5.6328125,80697.0,272012.0,228130.0
5.63671875,80694.0,271972.0,228142.0
5.640625,80719.0,271983.0,228147.0
5.64453125,80715.0,271988.0,228129.0
5.6484375,80729.0,271996.0,228132.0
5.65234375,80741.0,271982.0,228131.0
5.65625,80739.0,272014.0,228159.0
5.66015625,80764.0,271987.0,228125.0
5.6640625,80762.0,272006.0,228114.0
5.66796875,80779.0,271992.0,228117.0
5.671875,80761.0,271986.0,228130.0
5.67578125,80774.0,272005.0,228121.0
5.6796875,80795.0,271997.0,228110.0
5.68359375,80795.0,271969.0,228139.0
5.6875,80785.0,271960.0,228127.0
5.69140625,80780.0,271982.0,228139.0
5.6953125,80800.0,271987.0,228122.0
5.69921875,80791.0,271964.0,228116.0
5.703125,80779.0,272004.0,228109.0
5.70703125,80774.0,272023.0,228120.0
5.7109375,80781.0,271979.0,228129.0
5.71484375,80778.0,271973.0,228115.0
5.71875,80785.0,272000.0,228145.0
5.72265625,80779.0,271990.0,228117.0
5.7265625,80793.0,271988.0,228125.0
5.73046875,80799.0,271988.0,228118.0
5.734375,80781.0,271993.0,228118.0
5.73828125,80776.0,271969.0,228121.0
5.7421875,80797.0,271959.0,228141.0
5.74609375,80811.0,271974.0,228139.0
5.75,80822.0,271952.0,228126.0
5.75390625,80797.0,271975.0,228136.0
5.7578125,80812.0,271967.0,228132.0
5.76171875,80800.0,271981.0,228153.0
5.765625,80833.0,271984.0,228139.0
5.76953125,80820.0,271997.0,228142.0
5.7734375,80836.0,271984.0,228122.0
5.77734375,80829.0,271977.0,228137.0
5.78125,80836.0,271979.0,228169.0
5.78515625,80848.0,272027.0,228170.0
5.7890625,80850.0,271989.0,228158.0
5.79296875,80885.0,271976.0,228172.0
5.796875,80862.0,272015.0,228162.0
5.80078125,80874.0,271983.0,228153.0
5.8046875,80889.0,272013.0,228177.0
5.80859375,80911.0,271991.0,228169.0
5.8125,80918.0,272009.0,228188.0
5.81640625,80922.0,272006.0,228181.0
5.8203125,80918.0,272008.0,228187.0
5.82421875,80932.0,271981.0,228174.0
5.828125,80928.0,272006.0,228200.0
5.83203125,80963.0,272015.0,228182.0
5.8359375,80982.0,272015.0,228179.0
5.83984375,80963.0,272014.0,228186.0
5.84375,81006.0,272009.0,228222.0
5.84765625,80984.0,271995.0,228175.0
5.8515625,81019.0,272019.0,228195.0
5.85546875,81009.0,271997.0,228190.0
5.859375,81022.0,272016.0,228212.0
5.86328125,81043.0,272026.0,228193.0
5.8671875,81046.0,272016.0,228218.0
5.87109375,81064.0,272024.0,228214.0
5.875,81062.0,272013.0,228201.0
5.87890625,81094.0,271999.0,228214.0
5.8828125,81070.0,272004.0,228223.0
5.88671875,81104.0,272009.0,228205.0
5.890625,81120.0,271997.0,228214.0
5.89453125,81106.0,272022.0,228191.0
5.8984375,81126.0,271999.0,228215.0
5.90234375,81122.0,272012.0,228211.0
5.90625,81135.0,272009.0,228212.0
5.91015625,81182.0,271992.0,228222.0
5.9140625,81148.0,272011.0,228233.0
5.91796875,81171.0,272014.0,228218.0
5.921875,81178.0,272005.0,228223.0
5.92578125,81198.0,272041.0,228225.0
5.9296875,81184.0,272017.0,228204.0
5.93359375,81214.0,271985.0,228216.0
5.9375,81220.0,272029.0,228211.0
5.94140625,81225.0,272021.0,228221.0
5.9453125,81221.0,272049.0,228244.0
5.94921875,81250.0,272027.0,228241.0
5.953125,81248.0,272043.0,228239.0
5.95703125,81249.0,272017.0,228233.0
5.9609375,81270.0,272036.0,228241.0
5.96484375,81265.0,271995.0,228209.0
5.96875,81303.0,272008.0,228253.0
5.97265625,81283.0,272026.0,228254.0
5.9765625,81295.0,272054.0,228243.0
5.98046875,81314.0,271984.0,228239.0
5.984375,81314.0,272030.0,228230.0
5.98828125,81319.0,272032.0,228267.0
5.9921875,81327.0,272033.0,228254.0
5.99609375,81349.0,272028.0,228248.0
6.0,81350.0,272051.0,228263.0
6.00390625,81362.0,272054.0,228262.0
6.0078125,81399.0,272027.0,228261.0
6.01171875,81403.0,272018.0,228255.0
6.015625,81385.0,272056.0,228261.0
6.01953125,81407.0,272051.0,228284.0
6.0234375,81410.0,272037.0,228262.0
6.02734375,81424.0,272027.0,228276.0
6.03125,81435.0,272016.0,228261.0
6.03515625,81434.0,272033.0,228273.0
6.0390625,81456.0,272019.0,228277.0
6.04296875,81441.0,272024.0,228266.0
6.046875,81451.0,272068.0,228268.0
6.05078125,81476.0,272041.0,228270.0
6.0546875,81484.0,272045.0,228291.0
6.05859375,81484.0,271995.0,228307.0
6.0625,81491.0,272024.0,228271.0
6.06640625,81507.0,272042.0,228278.0
6.0703125,81524.0,272035.0,228277.0
6.07421875,81540.0,272030.0,228281.0
6.078125,81529.0,272018.0,228297.0
6.08203125,81525.0,272050.0,228278.0
6.0859375,81537.0,272031.0,228267.0
6.08984375,81538.0,272016.0,228275.0
6.09375,81536.0,272026.0,228268.0
6.09765625,81551.0,271974.0,228261.0
6.1015625,81518.0,272040.0,228279.0
6.10546875,81510.0,272016.0,228254.0
6.109375,81499.0,272017.0,228213.0
6.11328125,81513.0,272023.0,228240.0
6.1171875,81464.0,271996.0,228223.0
6.12109375,81419.0,272006.0,228229.0
6.125,81409.0,272015.0,228223.0
6.12890625,81384.0,272016.0,228196.0
6.1328125,81344.0,272011.0,228210.0
6.13671875,81314.0,272029.0,228199.0
6.140625,81262.0,272005.0,228199.0
6.14453125,81227.0,271980.0,228187.0
6.1484375,81174.0,271998.0,228169.0
6.15234375,81140.0,272002.0,228173.0
6.15625,81088.0,272005.0,228182.0
6.16015625,81042.0,272003.0,228157.0
6.1640625,81001.0,271970.0,228141.0
6.16796875,80939.0,271985.0,228134.0
6.171875,80900.0,271982.0,228158.0
6.17578125,80876.0,272004.0,228162.0
6.1796875,80814.0,271993.0,228123.0
6.18359375,80794.0,271971.0,228135.0
6.1875,80733.0,271965.0,228113.0
6.19140625,80705.0,271977.0,228141.0
6.1953125,80649.0,271963.0,228126.0
6.19921875,80626.0,271972.0,228122.0
6.203125,80576.0,271976.0,228109.0
6.20703125,80546.0,271978.0,228112.0
6.2109375,80516.0,271982.0,228101.0
6.21484375,80481.0,271968.0,228101.0
6.21875,80451.0,271972.0,228087.0
6.22265625,80429.0,271983.0,228082.0
6.2265625,80403.0,271961.0,228074.0
6.23046875,80392.0,271974.0,228070.0
6.234375,80359.0,271947.0,228077.0
6.23828125,80351.0,271962.0,228080.0
6.2421875,80323.0,271968.0,228083.0
6.24609375,80325.0,271965.0,228059.0
6.25,80292.0,271958.0,228077.0
6.25390625,80278.0,271937.0,228077.0
6.2578125,80242.0,271942.0,228072.0
6.26171875,80248.0,271928.0,228070.0
6.265625,80226.0,271943.0,228076.0
6.26953125,80215.0,271969.0,228074.0
6.2734375,80224.0,271975.0,228083.0
6.27734375,80176.0,271948.0,228080.0
6.28125,80179.0,271968.0,228060.0
6.28515625,80167.0,271964.0,228054.0
6.2890625,80161.0,271956.0,228100.0
6.29296875,80156.0,271953.0,228059.0
6.296875,80131.0,271936.0,228069.0
6.30078125,80136.0,271953.0,228075.0
6.3046875,80146.0,271948.0,228065.0
6.30859375,80141.0,271953.0,228049.0
6.3125,80162.0,271968.0,228087.0
6.31640625,80173.0,271950.0,228070.0
6.3203125,80188.0,271937.0,228084.0
6.32421875,80152.0,271974.0,228075.0
6.328125,80189.0,271944.0,228096.0
6.33203125,80198.0,271962.0,228101.0
6.3359375,80182.0,271956.0,228102.0
6.33984375,80185.0,271970.0,228095.0
6.34375,80213.0,271974.0,228099.0
6.34765625,80231.0,271954.0,228097.0
6.3515625,80235.0,271938.0,228087.0
6.35546875,80255.0,271973.0,228104.0
6.359375,80244.0,271932.0,228109.0
6.36328125,80284.0,271951.0,228110.0
6.3671875,80273.0,271947.0,228107.0
6.37109375,80302.0,271952.0,228109.0
6.375,80280.0,271945.0,228114.0
6.37890625,80298.0,271944.0,228114.0
6.3828125,80302.0,271953.0,228125.0
6.38671875,80326.0,271969.0,228105.0
6.390625,80339.0,271972.0,228127.0
6.39453125,80341.0,271960.0,228108.0
6.3984375,80364.0,271959.0,228103.0
6.40234375,80309.0,271935.0,228090.0
6.40625,80356.0,271951.0,228110.0
6.41015625,80374.0,271983.0,228106.0
6.4140625,80363.0,271936.0,228110.0
6.41796875,80360.0,271977.0,228128.0
6.421875,80367.0,271969.0,228110.0
6.42578125,80354.0,271968.0,228121.0
6.4296875,80377.0,271980.0,228098.0
6.43359375,80352.0,271969.0,228115.0
6.4375,80393.0,271982.0,228112.0
6.44140625,80379.0,271974.0,228119.0
6.4453125,80404.0,271981.0,228135.0
6.44921875,80390.0,271989.0,228115.0
6.453125,80404.0,271988.0,228102.0
6.45703125,80412.0,271979.0,228149.0
6.4609375,80406.0,271979.0,228125.0
6.46484375,80400.0,271953.0,228113.0
6.46875,80416.0,271963.0,228111.0
6.47265625,80423.0,271969.0,228107.0
6.4765625,80428.0,271948.0,228110.0
6.48046875,80427.0,271967.0,228128.0
6.484375,80433.0,271958.0,228114.0
6.48828125,80482.0,271978.0,228141.0
6.4921875,80459.0,271961.0,228120.0
6.49609375,80471.0,271970.0,228131.0
6.5,80497.0,271933.0,228137.0
6.50390625,80494.0,271955.0,228148.0
6.5078125,80509.0,271964.0,228123.0
6.51171875,80511.0,271975.0,228131.0
6.515625,80514.0,271988.0,228140.0
6.51953125,80535.0,271989.0,228156.0
6.5234375,80541.0,271992.0,228154.0
6.52734375,80544.0,271976.0,228154.0
6.53125,80586.0,271980.0,228148.0
6.53515625,80550.0,271972.0,228181.0
6.5390625,80618.0,271958.0,228154.0
6.54296875,80581.0,271987.0,228167.0
6.546875,80612.0,271989.0,228160.0
6.55078125,80612.0,271973.0,228160.0
6.5546875,80636.0,271967.0,228169.0
6.55859375,80639.0,272011.0,228181.0
6.5625,80637.0,271987.0,228171.0
6.56640625,80643.0,271983.0,228150.0
6.5703125,80659.0,272004.0,228160.0
6.57421875,80673.0,271971.0,228168.0
6.578125,80696.0,271992.0,228180.0
6.58203125,80696.0,271969.0,228156.0
6.5859375,80707.0,271983.0,228180.0
6.58984375,80725.0,271969.0,228190.0
6.59375,80727.0,271981.0,228181.0
6.59765625,80749.0,271980.0,228212.0
6.6015625,80733.0,272004.0,228172.0
6.60546875,80756.0,271973.0,228185.0
6.609375,80770.0,271983.0,228187.0
6.61328125,80792.0,271979.0,228183.0
6.6171875,80777.0,271966.0,228207.0
6.62109375,80829.0,271988.0,228190.0
6.625,80801.0,271989.0,228170.0
6.62890625,80838.0,272011.0,228210.0
6.6328125,80830.0,271988.0,228214.0
6.63671875,80835.0,272010.0,228218.0
6.640625,80851.0,271991.0,228207.0
6.64453125,80860.0,272003.0,228225.0
6.6484375,80866.0,271999.0,228208.0
6.65234375,80919.0,271987.0,228214.0
6.65625,80908.0,271981.0,228229.0
6.66015625,80897.0,271984.0,228228.0
6.6640625,80915.0,272011.0,228236.0
6.66796875,80929.0,272006.0,228239.0
6.671875,80942.0,272016.0,228254.0
6.67578125,80971.0,272005.0,228253.0
6.6796875,80961.0,272021.0,228234.0
6.68359375,80984.0,272016.0,228233.0
6.6875,80991.0,272023.0,228230.0
6.69140625,81040.0,271990.0,228252.0
6.6953125,81002.0,272016.0,228251.0
6.69921875,81004.0,272019.0,228268.0
6.703125,81050.0,272011.0,228235.0
6.70703125,81054.0,272007.0,228263.0
6.7109375,81085.0,272027.0,228265.0
6.71484375,81069.0,272029.0,228240.0
6.71875,81079.0,272018.0,228288.0
6.72265625,81123.0,272022.0,228251.0
6.7265625,81098.0,272011.0,228250.0
6.73046875,81125.0,272024.0,228252.0
6.734375,81120.0,272024.0,228248.0
6.73828125,81126.0,272020.0,228270.0
6.7421875,81119.0,272042.0,228262.0
6.74609375,81155.0,272047.0,228296.0
6.75,81179.0,272014.0,228273.0
6.75390625,81192.0,272035.0,228288.0
6.7578125,81216.0,272022.0,228299.0
6.76171875,81213.0,272063.0,228277.0
6.765625,81227.0,272032.0,228273.0
6.76953125,81226.0,272043.0,228300.0
6.7734375,81235.0,272053.0,228296.0
6.77734375,81261.0,272050.0,228296.0
6.78125,81248.0,272046.0,228308.0
6.78515625,81282.0,272047.0,228285.0
6.7890625,81303.0,272036.0,228301.0
6.79296875,81277.0,272027.0,228308.0
6.796875,81288.0,272038.0,228288.0
6.80078125,81299.0,272048.0,228317.0
6.8046875,81323.0,272034.0,228310.0
6.80859375,81313.0,272070.0,228297.0
6.8125,81325.0,272071.0,228316.0
6.81640625,81358.0,272059.0,228320.0
6.8203125,81341.0,272021.0,228294.0
6.82421875,81377.0,272048.0,228307.0
6.828125,81356.0,272040.0,228321.0
6.83203125,81366.0,272017.0,228300.0
6.8359375,81362.0,272054.0,228299.0
6.83984375,81395.0,272031.0,228293.0
6.84375,81365.0,272035.0,228298.0
6.84765625,81362.0,272035.0,228271.0
6.8515625,81347.0,272031.0,228252.0
6.85546875,81320.0,272022.0,228270.0
6.859375,81324.0,272015.0,228294.0
6.86328125,81275.0,272041.0,228264.0
6.8671875,81273.0,272046.0,228262.0
6.87109375,81240.0,272031.0,228252.0
6.875,81198.0,272030.0,228251.0
6.87890625,81160.0,272032.0,228220.0
6.8828125,81112.0,272021.0,228229.0
6.88671875,81057.0,272019.0,228235.0
6.890625,81026.0,272002.0,228232.0
6.89453125,81011.0,272029.0,228221.0
6.8984375,80920.0,272023.0,228198.0
6.90234375,80887.0,272029.0,228177.0
6.90625,80853.0,272003.0,228182.0
6.91015625,80805.0,272000.0,228191.0
6.9140625,80765.0,272007.0,228187.0
6.91796875,80709.0,272016.0,228175.0
6.921875,80674.0,272029.0,228150.0
6.92578125,80627.0,271993.0,228160.0
6.9296875,80576.0,272018.0,228140.0
6.93359375,80532.0,271996.0,228135.0
6.9375,80501.0,271991.0,228130.0
6.94140625,80443.0,272000.0,228154.0
6.9453125,80424.0,271993.0,228141.0
6.94921875,80380.0,272010.0,228110.0
6.953125,80351.0,271989.0,228124.0
6.95703125,80289.0,271996.0,228108.0
6.9609375,80290.0,271978.0,228141.0
6.96484375,80237.0,271988.0,228138.0
6.96875,80235.0,271991.0,228116.0
6.97265625,80209.0,271986.0,228102.0
6.9765625,80178.0,271981.0,228114.0
6.98046875,80151.0,271998.0,228115.0
6.984375,80107.0,271975.0,228128.0
6.98828125,80106.0,271974.0,228083.0
6.9921875,80077.0,271980.0,228104.0
6.99609375,80044.0,271978.0,228092.0
7.0,80017.0,271967.0,228077.0
7.00390625,79997.0,271972.0,228080.0
7.0078125,80004.0,271956.0,228099.0
7.01171875,79991.0,271971.0,228100.0
7.015625,79971.0,271951.0,228070.0
7.01953125,79968.0,271964.0,228075.0
7.0234375,79930.0,271963.0,228096.0
7.02734375,79924.0,272013.0,228068.0
7.03125,79952.0,271971.0,228067.0
7.03515625,79881.0,271969.0,228068.0
7.0390625,79903.0,271981.0,228068.0
7.04296875,79881.0,271947.0,228076.0
7.046875,79897.0,271966.0,228074.0
7.05078125,79888.0,271965.0,228098.0
7.0546875,79885.0,271965.0,228087.0
7.05859375,79905.0,271978.0,228097.0
7.0625,79883.0,271969.0,228087.0
7.06640625,79902.0,271948.0,228106.0
7.0703125,79904.0,271959.0,228096.0
7.07421875,79923.0,271963.0,228113.0
7.078125,79945.0,271971.0,228106.0
7.08203125,79945.0,272011.0,228097.0
7.0859375,79951.0,271953.0,228143.0
7.08984375,79958.0,271999.0,228104.0
7.09375,79961.0,271970.0,228119.0
7.09765625,79970.0,271986.0,228111.0
7.1015625,79985.0,271961.0,228110.0
7.10546875,80011.0,271980.0,228108.0
7.109375,80001.0,271975.0,228096.0
7.11328125,80030.0,272004.0,228125.0
7.1171875,80035.0,271987.0,228128.0
7.12109375,80049.0,271987.0,228125.0
7.125,80033.0,271973.0,228135.0
7.12890625,80060.0,271982.0,228126.0
7.1328125,80053.0,271998.0,228121.0
7.13671875,80078.0,271975.0,228123.0
7.140625,80087.0,271962.0,228095.0
7.14453125,80074.0,271968.0,228113.0
7.1484375,80098.0,271988.0,228113.0
7.15234375,80093.0,271974.0,228113.0
7.15625,80106.0,271978.0,228120.0
7.16015625,80132.0,271971.0,228109.0
7.1640625,80085.0,271964.0,228104.0
7.16796875,80105.0,271952.0,228118.0
7.171875,80134.0,271975.0,228119.0
7.17578125,80122.0,271954.0,228129.0
7.1796875,80111.0,271980.0,228143.0
7.18359375,80129.0,271979.0,228132.0
7.1875,80131.0,271988.0,228129.0
7.19140625,80139.0,271968.0,228110.0
7.1953125,80134.0,271976.0,228112.0
7.19921875,80178.0,271984.0,228126.0
7.203125,80155.0,271978.0,228126.0
7.20703125,80179.0,271993.0,228126.0
7.2109375,80162.0,271957.0,228128.0
7.21484375,80185.0,272000.0,228123.0
7.21875,80168.0,271980.0,228131.0
7.22265625,80190.0,271977.0,228141.0
7.2265625,80197.0,271994.0,228165.0
7.23046875,80202.0,271985.0,228126.0
7.234375,80215.0,271996.0,228137.0
7.23828125,80221.0,271973.0,228126.0
7.2421875,80232.0,271987.0,228146.0
7.24609375,80236.0,271991.0,228159.0
7.25,80243.0,271993.0,228140.0
7.25390625,80253.0,272006.0,228145.0
7.2578125,80289.0,271968.0,228157.0
7.26171875,80271.0,271998.0,228165.0
7.265625,80283.0,271980.0,228169.0
7.26953125,80294.0,271967.0,228164.0
7.2734375,80292.0,271958.0,228152.0
7.27734375,80299.0,271968.0,228161.0
7.28125,80319.0,271967.0,228152.0
7.28515625,80322.0,271974.0,228158.0
7.2890625,80337.0,271966.0,228164.0
7.29296875,80331.0,271982.0,228161.0
7.296875,80374.0,271964.0,228181.0
7.30078125,80355.0,271984.0,228198.0
7.3046875,80399.0,271979.0,228164.0
7.30859375,80358.0,271992.0,228199.0
7.3125,80395.0,271984.0,228191.0
7.31640625,80430.0,272013.0,228188.0
7.3203125,80405.0,271985.0,228202.0
7.32421875,80424.0,271995.0,228179.0
7.328125,80436.0,271998.0,228201.0
7.33203125,80465.0,271998.0,228207.0
7.3359375,80464.0,271989.0,228185.0
7.33984375,80475.0,271981.0,228205.0
7.34375,80481.0,271993.0,228184.0
7.34765625,80491.0,271991.0,228211.0
7.3515625,80513.0,271980.0,228212.0
7.35546875,80521.0,271992.0,228195.0
7.359375,80540.0,271994.0,228213.0
7.36328125,80551.0,272009.0,228215.0
7.3671875,80525.0,271967.0,228218.0
7.37109375,80574.0,272005.0,228214.0
7.375,80583.0,271959.0,228210.0
7.37890625,80575.0,271984.0,228200.0
7.3828125,80605.0,271997.0,228210.0
7.38671875,80600.0,271990.0,228217.0
7.390625,80615.0,271992.0,228196.0
7.39453125,80641.0,272007.0,228239.0
7.3984375,80624.0,271994.0,228212.0
7.40234375,80634.0,271995.0,228226.0
7.40625,80650.0,271992.0,228218.0
7.41015625,80643.0,272016.0,228228.0
7.4140625,80682.0,271986.0,228216.0
7.41796875,80680.0,271988.0,228249.0
7.421875,80682.0,271993.0,228249.0
7.42578125,80716.0,271994.0,228235.0
7.4296875,80692.0,272014.0,228244.0
7.43359375,80727.0,271988.0,228227.0
7.4375,80742.0,272009.0,228235.0
7.44140625,80752.0,272014.0,228258.0
7.4453125,80778.0,272026.0,228245.0
7.44921875,80788.0,272017.0,228257.0
7.453125,80800.0,272012.0,228252.0
7.45703125,80801.0,272031.0,228261.0
7.4609375,80788.0,271994.0,228256.0
7.46484375,80806.0,271996.0,228255.0
7.46875,80838.0,271998.0,228266.0
7.47265625,80844.0,272029.0,228257.0
7.4765625,80835.0,271982.0,228258.0
7.48046875,80858.0,272006.0,228263.0
7.484375,80853.0,272037.0,228295.0
7.48828125,80889.0,272015.0,228271.0
7.4921875,80899.0,272028.0,228259.0
7.49609375,80873.0,272009.0,228272.0
7.5,80911.0,272044.0,228267.0
7.50390625,80919.0,272015.0,228287.0
7.5078125,80934.0,272043.0,228278.0
7.51171875,80944.0,272016.0,228277.0
7.515625,80981.0,272046.0,228303.0
7.51953125,80963.0,272007.0,228297.0
7.5234375,80966.0,272030.0,228294.0
7.52734375,81002.0,272018.0,228295.0
7.53125,81012.0,272023.0,228288.0
7.53515625,81018.0,272028.0,228291.0
7.5390625,81034.0,272027.0,228293.0
7.54296875,81050.0,272021.0,228291.0
7.546875,81056.0,272036.0,228289.0
7.55078125,81047.0,272029.0,228298.0
7.5546875,81068.0,272021.0,228300.0
7.55859375,81079.0,272018.0,228324.0
7.5625,81088.0,272057.0,228305.0
7.56640625,81118.0,272031.0,228305.0
7.5703125,81101.0,272026.0,228319.0
7.57421875,81116.0,272030.0,228282.0
7.578125,81155.0,272035.0,228309.0
7.58203125,81134.0,272028.0,228316.0
7.5859375,81153.0,272057.0,228326.0
7.58984375,81161.0,272013.0,228295.0
7.59375,81182.0,272042.0,228308.0
7.59765625,81202.0,272018.0,228332.0
7.6015625,81184.0,272020.0,228329.0
7.60546875,81193.0,272069.0,228294.0
7.609375,81213.0,272001.0,228311.0
7.61328125,81203.0,272023.0,228285.0
7.6171875,81187.0,272052.0,228300.0
7.62109375,81174.0,272003.0,228278.0
7.625,81164.0,271998.0,228273.0
7.62890625,81162.0,271995.0,228280.0
7.6328125,81135.0,272012.0,228254.0
7.63671875,81104.0,272017.0,228245.0
7.640625,81081.0,271988.0,228230.0
7.64453125,81052.0,271993.0,228253.0
7.6484375,81014.0,272024.0,228258.0
7.65234375,80975.0,272007.0,228246.0
7.65625,80911.0,271995.0,228219.0
7.66015625,80889.0,271988.0,228214.0
7.6640625,80833.0,271993.0,228211.0
7.66796875,80761.0,272008.0,228206.0
7.671875,80737.0,272002.0,228217.0
7.67578125,80674.0,272004.0,228195.0
7.6796875,80635.0,271981.0,228204.0
7.68359375,80609.0,272020.0,228172.0
7.6875,80515.0,271997.0,228161.0
7.69140625,80487.0,271987.0,228161.0
7.6953125,80440.0,272002.0,228168.0
7.69921875,80402.0,271984.0,228164.0
7.703125,80345.0,271994.0,228142.0
7.70703125,80292.0,271972.0,228142.0
7.7109375,80262.0,271972.0,228139.0
7.71484375,80216.0,271988.0,228145.0
7.71875,80183.0,271978.0,228141.0
7.72265625,80121.0,271997.0,228131.0
7.7265625,80097.0,271967.0,228118.0
7.73046875,80074.0,271976.0,228110.0
7.734375,80016.0,271959.0,228097.0
7.73828125,79988.0,271966.0,228105.0
7.7421875,79977.0,271972.0,228106.0
7.74609375,79931.0,271992.0,228100.0
7.75,79892.0,271952.0,228091.0
7.75390625,79897.0,271949.0,228108.0
7.7578125,79842.0,271955.0,228108.0
7.76171875,79832.0,271972.0,228092.0
7.765625,79820.0,271953.0,228093.0
7.76953125,79789.0,271934.0,228106.0
7.7734375,79770.0,271931.0,228085.0
7.77734375,79746.0,271953.0,228067.0
7.78125,79738.0,271981.0,228067.0
7.78515625,79687.0,271956.0,228087.0
7.7890625,79687.0,271928.0,228069.0
7.79296875,79669.0,271922.0,228073.0
7.796875,79668.0,271960.0,228083.0
7.80078125,79632.0,271970.0,228081.0
7.8046875,79636.0,271957.0,228103.0
7.80859375,79645.0,271937.0,228076.0
7.8125,79613.0,271946.0,228079.0
7.81640625,79584.0,271942.0,228077.0
7.8203125,79619.0,271931.0,228067.0
7.82421875,79587.0,271978.0,228065.0
7.828125,79603.0,271970.0,228061.0
7.83203125,79593.0,271939.0,228094.0
7.8359375,79590.0,271955.0,228086.0
7.83984375,79614.0,271978.0,228094.0
7.84375,79621.0,271967.0,228092.0
7.84765625,79607.0,271951.0,228104.0
7.8515625,79622.0,271943.0,228102.0
7.85546875,79620.0,271957.0,228093.0
7.859375,79655.0,271977.0,228105.0
7.86328125,79632.0,271977.0,228111.0
7.8671875,79671.0,271978.0,228113.0
7.87109375,79681.0,271965.0,228134.0
7.875,79686.0,271959.0,228106.0
7.87890625,79682.0,271953.0,228111.0
7.8828125,79700.0,271991.0,228110.0
7.88671875,79707.0,271965.0,228115.0
7.890625,79723.0,271959.0,228123.0
7.89453125,79734.0,271972.0,228108.0
7.8984375,79746.0,271990.0,228123.0
7.90234375,79752.0,271952.0,228120.0
7.90625,79750.0,271962.0,228124.0
7.91015625,79750.0,271976.0,228123.0
7.9140625,79792.0,271987.0,228135.0
7.91796875,79766.0,271965.0,228133.0
7.921875,79805.0,271976.0,228128.0
7.92578125,79790.0,271943.0,228114.0
7.9296875,79795.0,271974.0,228112.0
7.93359375,79809.0,271954.0,228108.0
7.9375,79812.0,271988.0,228123.0
7.94140625,79819.0,271983.0,228112.0
7.9453125,79811.0,271970.0,228117.0
7.94921875,79835.0,271962.0,228123.0
7.953125,79829.0,271968.0,228143.0
7.95703125,79806.0,271963.0,228128.0
7.9609375,79834.0,271946.0,228124.0
7.96484375,79827.0,271980.0,228122.0
7.96875,79846.0,271976.0,228135.0
7.97265625,79837.0,271959.0,228150.0
7.9765625,79841.0,271980.0,228119.0
7.98046875,79831.0,271972.0,228138.0
7.984375,79837.0,271958.0,228142.0
7.98828125,79858.0,272004.0,228112.0
7.9921875,79863.0,271970.0,228140.0
7.99609375,79898.0,271958.0,228099.0
8.0,79876.0,271982.0,228118.0
8.00390625,79874.0,271991.0,228145.0
8.0078125,79893.0,271965.0,228126.0
8.01171875,79884.0,271950.0,228133.0
8.015625,79887.0,271961.0,228132.0
8.01953125,79904.0,271968.0,228134.0
8.0234375,79917.0,271981.0,228138.0
8.02734375,79909.0,271970.0,228149.0
8.03125,79930.0,271984.0,228134.0
8.03515625,79936.0,271997.0,228152.0
8.0390625,79961.0,271966.0,228143.0
8.04296875,79969.0,271962.0,228144.0
8.046875,79967.0,271965.0,228149.0
8.05078125,79972.0,271988.0,228159.0
8.0546875,80000.0,271980.0,228146.0
8.05859375,80011.0,271982.0,228162.0
8.0625,80023.0,271984.0,228141.0
8.06640625,80037.0,271994.0,228174.0
8.0703125,80033.0,271986.0,228170.0
8.07421875,80057.0,271982.0,228156.0
8.078125,80057.0,271986.0,228169.0
8.08203125,80084.0,272008.0,228185.0
8.0859375,80105.0,271979.0,228167.0
8.08984375,80102.0,271980.0,228193.0
8.09375,80118.0,271992.0,228180.0
8.09765625,80119.0,271952.0,228175.0
8.1015625,80129.0,271963.0,228187.0
8.10546875,80144.0,271943.0,228203.0
8.109375,80163.0,271976.0,228194.0
8.11328125,80161.0,271979.0,228187.0
8.1171875,80172.0,271969.0,228204.0
8.12109375,80193.0,271966.0,228197.0
8.125,80197.0,271979.0,228213.0
8.12890625,80200.0,271972.0,228195.0
8.1328125,80201.0,271982.0,228216.0
8.13671875,80221.0,271974.0,228209.0
8.140625,80224.0,271988.0,228213.0
8.14453125,80246.0,271993.0,228188.0
8.1484375,80272.0,272012.0,228210.0
8.15234375,80264.0,272012.0,228222.0
8.15625,80299.0,271985.0,228193.0
8.16015625,80293.0,271997.0,228232.0
8.1640625,80313.0,272005.0,228230.0
8.16796875,80312.0,271997.0,228220.0
8.171875,80319.0,271971.0,228243.0
8.17578125,80348.0,272002.0,228219.0
8.1796875,80332.0,272003.0,228210.0
8.18359375,80364.0,271981.0,228236.0
8.1875,80361.0,272012.0,228237.0
8.19140625,80384.0,272016.0,228230.0
8.1953125,80406.0,271987.0,228233.0
8.19921875,80420.0,272005.0,228246.0
8.203125,80418.0,272001.0,228237.0
8.20703125,80420.0,272016.0,228257.0
8.2109375,80419.0,272036.0,228229.0
8.21484375,80438.0,271986.0,228249.0
8.21875,80422.0,271977.0,228250.0
8.22265625,80467.0,272001.0,228247.0
8.2265625,80491.0,272003.0,228277.0
8.23046875,80482.0,272021.0,228266.0
8.234375,80489.0,272004.0,228256.0
8.23828125,80505.0,272038.0,228275.0
8.2421875,80514.0,272021.0,228269.0
8.24609375,80513.0,272004.0,228254.0
8.25,80533.0,272019.0,228266.0
8.25390625,80558.0,271999.0,228282.0
8.2578125,80564.0,272039.0,228282.0
8.26171875,80569.0,272019.0,228275.0
8.265625,80607.0,272020.0,228297.0
8.26953125,80585.0,272029.0,228289.0
8.2734375,80606.0,272052.0,228276.0
8.27734375,80599.0,272029.0,228295.0
8.28125,80632.0,272012.0,228268.0
8.28515625,80657.0,272025.0,228293.0
8.2890625,80652.0,272044.0,228287.0
8.29296875,80657.0,272057.0,228317.0
8.296875,80672.0,272031.0,228316.0
8.30078125,80683.0,272035.0,228313.0
8.3046875,80724.0,272054.0,228308.0
8.30859375,80743.0,272057.0,228321.0
8.3125,80710.0,272037.0,228320.0
8.31640625,80731.0,272035.0,228327.0
8.3203125,80774.0,272043.0,228306.0
8.32421875,80772.0,272039.0,228319.0
8.328125,80797.0,272046.0,228309.0
8.33203125,80789.0,272038.0,228334.0
8.3359375,80798.0,272023.0,228320.0
8.33984375,80817.0,272053.0,228336.0
8.34375,80836.0,272035.0,228305.0
8.34765625,80846.0,272035.0,228303.0
8.3515625,80842.0,272041.0,228316.0
8.35546875,80838.0,272047.0,228341.0
8.359375,80842.0,272047.0,228338.0
8.36328125,80895.0,272025.0,228312.0
8.3671875,80873.0,272054.0,228307.0
8.37109375,80879.0,272039.0,228344.0
8.375,80928.0,272057.0,228327.0
8.37890625,80899.0,272053.0,228326.0
8.3828125,80925.0,272057.0,228338.0
8.38671875,80915.0,272068.0,228334.0
8.390625,80930.0,272052.0,228337.0
8.39453125,80958.0,272044.0,228336.0
8.3984375,80933.0,272055.0,228302.0
8.40234375,80910.0,272044.0,228333.0
8.40625,80923.0,272024.0,228327.0
8.41015625,80904.0,272040.0,228316.0
8.4140625,80908.0,272031.0,228302.0
8.41796875,80855.0,272061.0,228289.0
8.421875,80854.0,272034.0,228294.0
8.42578125,80825.0,272074.0,228289.0
8.4296875,80803.0,272003.0,228282.0
8.43359375,80745.0,272027.0,228287.0
8.4375,80725.0,272034.0,228256.0
8.44140625,80696.0,272033.0,228279.0
8.4453125,80649.0,272032.0,228235.0
8.44921875,80587.0,272034.0,228272.0
8.453125,80545.0,272008.0,228238.0
8.45703125,80485.0,272018.0,228237.0
8.4609375,80449.0,271991.0,228219.0
8.46484375,80417.0,272010.0,228218.0
8.46875,80337.0,271991.0,228216.0
8.47265625,80297.0,272042.0,228204.0
8.4765625,80238.0,271990.0,228212.0
8.48046875,80208.0,271998.0,228191.0
8.484375,80122.0,272018.0,228177.0
8.48828125,80105.0,271997.0,228193.0
8.4921875,80035.0,272020.0,228185.0
8.49609375,79987.0,272002.0,228173.0
8.5,79948.0,272001.0,228162.0
8.50390625,79919.0,271981.0,228172.0
8.5078125,79884.0,271993.0,228157.0
8.51171875,79841.0,271980.0,228150.0
8.515625,79790.0,272002.0,228158.0
8.51953125,79778.0,272000.0,228140.0
8.5234375,79741.0,271962.0,228147.0
8.52734375,79714.0,271986.0,228146.0
8.53125,79653.0,271967.0,228132.0
8.53515625,79647.0,272006.0,228145.0
8.5390625,79586.0,272002.0,228147.0
8.54296875,79589.0,271982.0,228143.0
8.546875,79572.0,271975.0,228104.0
8.55078125,79522.0,271987.0,228124.0
8.5546875,79526.0,271944.0,228114.0
8.55859375,79507.0,271982.0,228118.0
8.5625,79479.0,271983.0,228101.0
8.56640625,79457.0,271967.0,228117.0
8.5703125,79448.0,271972.0,228130.0
8.57421875,79400.0,271953.0,228107.0
8.578125,79411.0,271981.0,228108.0
8.58203125,79373.0,271978.0,228102.0
8.5859375,79361.0,271957.0,228114.0
8.58984375,79360.0,271963.0,228107.0
8.59375,79351.0,271961.0,228109.0
8.59765625,79319.0,271950.0,228110.0
8.6015625,79322.0,271954.0,228101.0
8.60546875,79293.0,271979.0,228104.0
8.609375,79307.0,271968.0,228093.0
8.61328125,79321.0,271987.0,228085.0
8.6171875,79305.0,271955.0,228078.0
8.62109375,79314.0,271939.0,228097.0
8.625,79329.0,271970.0,228120.0
8.62890625,79330.0,271972.0,228109.0
8.6328125,79340.0,271993.0,228111.0
8.63671875,79310.0,271950.0,228129.0
8.640625,79342.0,271974.0,228110.0
8.64453125,79345.0,271973.0,228125.0
8.6484375,79353.0,271949.0,228126.0
8.65234375,79376.0,271970.0,228124.0
8.65625,79404.0,271982.0,228121.0
8.66015625,79385.0,271980.0,228139.0
8.6640625,79395.0,271978.0,228129.0
8.66796875,79432.0,271969.0,228160.0
8.671875,79411.0,271965.0,228150.0
8.67578125,79441.0,271981.0,228158.0
8.6796875,79426.0,271962.0,228136.0
8.68359375,79449.0,271977.0,228135.0
8.6875,79452.0,271977.0,228163.0
8.69140625,79438.0,271991.0,228162.0
8.6953125,79457.0,271981.0,228149.0
8.69921875,79481.0,271967.0,228145.0
8.703125,79486.0,271973.0,228142.0
8.70703125,79478.0,271965.0,228156.0
8.7109375,79480.0,271967.0,228137.0
8.71484375,79479.0,271960.0,228146.0
8.71875,79507.0,271978.0,228137.0
8.72265625,79478.0,271931.0,228144.0
8.7265625,79487.0,271979.0,228147.0
8.73046875,79518.0,271964.0,228146.0
8.734375,79506.0,271964.0,228143.0
8.73828125,79494.0,271977.0,228145.0
8.7421875,79492.0,271966.0,228151.0
8.74609375,79514.0,271984.0,228128.0
8.75,79503.0,271948.0,228133.0
8.75390625,79491.0,271955.0,228146.0
8.7578125,79514.0,271953.0,228160.0
8.76171875,79544.0,271973.0,228146.0
8.765625,79527.0,271981.0,228114.0
8.76953125,79518.0,271970.0,228139.0
8.7734375,79547.0,271941.0,228195.0
8.77734375,79545.0,271954.0,228148.0
8.78125,79545.0,271956.0,228151.0
8.78515625,79554.0,271987.0,228142.0
8.7890625,79589.0,272009.0,228165.0
8.79296875,79594.0,271968.0,228182.0
8.796875,79568.0,271978.0,228172.0
8.80078125,79595.0,271972.0,228161.0
8.8046875,79593.0,271991.0,228172.0
8.80859375,79593.0,271987.0,228156.0
8.8125,79619.0,271971.0,228168.0
8.81640625,79605.0,272000.0,228187.0
8.8203125,79616.0,272001.0,228190.0
8.82421875,79652.0,271972.0,228198.0
8.828125,79645.0,271968.0,228164.0
8.83203125,79654.0,271958.0,228174.0
8.8359375,79654.0,271978.0,228174.0
8.83984375,79674.0,271978.0,228208.0
8.84375,79694.0,272016.0,228198.0
8.84765625,79703.0,271988.0,228197.0
8.8515625,79712.0,272005.0,228206.0
8.85546875,79697.0,271979.0,228199.0
8.859375,79726.0,272002.0,228213.0
8.86328125,79743.0,271991.0,228220.0
8.8671875,79775.0,271968.0,228198.0
8.87109375,79780.0,272006.0,228222.0
8.875,79773.0,272003.0,228220.0
8.87890625,79795.0,272022.0,228223.0
8.8828125,79809.0,272017.0,228235.0
8.88671875,79813.0,271995.0,228219.0
8.890625,79830.0,272007.0,228237.0
8.89453125,79840.0,272004.0,228235.0
8.8984375,79869.0,272006.0,228244.0
8.90234375,79866.0,271975.0,228240.0
8.90625,79858.0,271992.0,228257.0
8.91015625,79885.0,272007.0,228240.0
8.9140625,79902.0,271993.0,228240.0
8.91796875,79928.0,271993.0,228242.0
8.921875,79924.0,272006.0,228254.0
8.92578125,79934.0,272027.0,228251.0
8.9296875,79947.0,272012.0,228265.0
8.93359375,79962.0,272030.0,228267.0
8.9375,79978.0,272007.0,228253.0
8.94140625,79986.0,272028.0,228266.0
8.9453125,80017.0,272010.0,228268.0
8.94921875,79996.0,272016.0,228259.0
8.953125,80021.0,272015.0,228249.0
8.95703125,80025.0,271986.0,228255.0
8.9609375,80050.0,272016.0,228273.0
8.96484375,80067.0,272050.0,228268.0
8.96875,80053.0,272029.0,228283.0
8.97265625,80091.0,272022.0,228279.0
8.9765625,80087.0,272009.0,228277.0
8.98046875,80095.0,272007.0,228291.0
8.984375,80088.0,271994.0,228281.0
8.98828125,80140.0,271997.0,228292.0
8.9921875,80132.0,272019.0,228315.0
8.99609375,80127.0,272001.0,228289.0
9.0,80163.0,272021.0,228296.0
9.00390625,80164.0,272021.0,228307.0
9.0078125,80182.0,272040.0,228312.0
9.01171875,80179.0,272035.0,228330.0
9.015625,80193.0,272000.0,228310.0
9.01953125,80209.0,271998.0,228313.0
9.0234375,80218.0,272041.0,228303.0
9.02734375,80249.0,272029.0,228325.0
9.03125,80223.0,272024.0,228299.0
9.03515625,80264.0,272010.0,228316.0
9.0390625,80265.0,272019.0,228325.0
9.04296875,80280.0,272022.0,228314.0
9.046875,80278.0,272019.0,228318.0
9.05078125,80291.0,272009.0,228313.0
9.0546875,80307.0,272052.0,228323.0
9.05859375,80333.0,272021.0,228336.0
9.0625,80334.0,272020.0,228333.0
9.06640625,80353.0,272029.0,228313.0
9.0703125,80377.0,272031.0,228323.0
9.07421875,80380.0,272038.0,228319.0
9.078125,80370.0,272051.0,228335.0
9.08203125,80407.0,272032.0,228336.0
9.0859375,80426.0,272036.0,228329.0
9.08984375,80446.0,272053.0,228342.0
9.09375,80433.0,272059.0,228348.0
9.09765625,80452.0,272038.0,228350.0
9.1015625,80448.0,272031.0,228330.0
9.10546875,80486.0,272057.0,228360.0
9.109375,80500.0,272045.0,228332.0
9.11328125,80487.0,272037.0,228354.0
9.1171875,80512.0,272062.0,228348.0
9.12109375,80523.0,272060.0,228357.0
9.125,80531.0,272059.0,228356.0
9.12890625,80550.0,272063.0,228342.0
9.1328125,80555.0,272050.0,228354.0
9.13671875,80561.0,272064.0,228378.0
9.140625,80590.0,272053.0,228380.0
9.14453125,80583.0,272067.0,228379.0
9.1484375,80608.0,272069.0,228385.0
9.15234375,80617.0,272058.0,228376.0
9.15625,80622.0,272043.0,228374.0
9.16015625,80642.0,272061.0,228378.0
9.1640625,80638.0,272085.0,228369.0
9.16796875,80670.0,272033.0,228375.0
9.171875,80714.0,272045.0,228361.0
9.17578125,80683.0,272058.0,228355.0
9.1796875,80685.0,272069.0,228370.0
9.18359375,80707.0,272049.0,228378.0
9.1875,80682.0,272052.0,228357.0
9.19140625,80713.0,272041.0,228372.0
9.1953125,80718.0,272027.0,228351.0
9.19921875,80711.0,272042.0,228354.0
9.203125,80712.0,272048.0,228357.0
9.20703125,80664.0,272050.0,228330.0
9.2109375,80656.0,272040.0,228323.0
9.21484375,80640.0,272052.0,228335.0
9.21875,80630.0,272041.0,228305.0
9.22265625,80576.0,272029.0,228326.0
9.2265625,80535.0,272033.0,228309.0
9.23046875,80509.0,272026.0,228300.0
9.234375,80460.0,272024.0,228300.0
9.23828125,80425.0,272048.0,228282.0
9.2421875,80388.0,272046.0,228287.0
9.24609375,80340.0,272025.0,228266.0
9.25,80270.0,272042.0,228288.0
9.25390625,80220.0,272040.0,228257.0
9.2578125,80167.0,272027.0,228268.0
9.26171875,80128.0,272004.0,228249.0
9.265625,80084.0,272013.0,228238.0
9.26953125,80028.0,272018.0,228231.0
9.2734375,79958.0,271985.0,228239.0
9.27734375,79936.0,272004.0,228246.0
9.28125,79897.0,272014.0,228214.0
9.28515625,79800.0,272001.0,228227.0
9.2890625,79775.0,272008.0,228199.0
9.29296875,79701.0,272003.0,228197.0
9.296875,79685.0,272003.0,228212.0
9.30078125,79618.0,272002.0,228199.0
9.3046875,79587.0,272013.0,228181.0
9.30859375,79558.0,272000.0,228188.0
9.3125,79534.0,271989.0,228169.0
9.31640625,79511.0,272000.0,228182.0
9.3203125,79433.0,271990.0,228165.0
9.32421875,79420.0,272013.0,228173.0
9.328125,79401.0,271995.0,228181.0
9.33203125,79369.0,271981.0,228182.0
9.3359375,79361.0,271988.0,228157.0
9.33984375,79322.0,271980.0,228174.0
9.34375,79282.0,271975.0,228172.0
9.34765625,79285.0,271983.0,228130.0
9.3515625,79256.0,271970.0,228161.0
9.35546875,79229.0,271966.0,228144.0
9.359375,79213.0,271985.0,228147.0
9.36328125,79196.0,271981.0,228148.0
9.3671875,79173.0,271969.0,228137.0
9.37109375,79139.0,271959.0,228122.0
9.375,79148.0,271997.0,228129.0
9.37890625,79133.0,271973.0,228137.0
9.3828125,79117.0,271978.0,228125.0
9.38671875,79086.0,271990.0,228137.0
9.390625,79091.0,271991.0,228149.0
9.39453125,79108.0,271986.0,228143.0
9.3984375,79077.0,272011.0,228145.0
9.40234375,79086.0,271975.0,228163.0
9.40625,79075.0,271964.0,228152.0
9.41015625,79078.0,271971.0,228151.0
9.4140625,79084.0,271956.0,228185.0
9.41796875,79077.0,271986.0,228144.0
9.421875,79101.0,271963.0,228169.0
9.42578125,79118.0,271989.0,228173.0
9.4296875,79142.0,271977.0,228178.0
9.43359375,79110.0,272012.0,228181.0
9.4375,79128.0,271988.0,228180.0
9.44140625,79159.0,271994.0,228173.0
9.4453125,79166.0,271988.0,228176.0
9.44921875,79176.0,271989.0,228181.0
9.453125,79166.0,271956.0,228165.0
9.45703125,79187.0,271993.0,228163.0
9.4609375,79207.0,271969.0,228164.0
9.46484375,79200.0,272003.0,228184.0
9.46875,79229.0,271997.0,228176.0
9.47265625,79226.0,271994.0,228159.0
9.4765625,79249.0,272001.0,228191.0
9.48046875,79262.0,272000.0,228193.0
9.484375,79284.0,271969.0,228197.0
9.48828125,79275.0,271988.0,228187.0
9.4921875,79285.0,271994.0,228168.0
9.49609375,79280.0,272036.0,228203.0
9.5,79295.0,272003.0,228184.0
9.50390625,79320.0,272009.0,228181.0
9.5078125,79324.0,271998.0,228188.0
9.51171875,79326.0,272001.0,228206.0
9.515625,79327.0,272007.0,228185.0
9.51953125,79315.0,271996.0,228186.0
9.5234375,79347.0,272013.0,228186.0
9.52734375,79345.0,271987.0,228194.0
9.53125,79371.0,271975.0,228201.0
9.53515625,79369.0,271990.0,228214.0
9.5390625,79356.0,272011.0,228206.0
9.54296875,79362.0,271997.0,228202.0
9.546875,79391.0,271986.0,228208.0
9.55078125,79407.0,272020.0,228186.0
9.5546875,79396.0,272011.0,228198.0
9.55859375,79400.0,272004.0,228204.0
9.5625,79412.0,272001.0,228209.0
9.56640625,79434.0,271995.0,228193.0
9.5703125,79443.0,272008.0,228191.0
9.57421875,79447.0,272023.0,228186.0
9.578125,79464.0,272035.0,228201.0
9.58203125,79467.0,272017.0,228215.0
9.5859375,79491.0,272037.0,228203.0
9.58984375,79488.0,272027.0,228229.0
9.59375,79532.0,272003.0,228234.0
9.59765625,79529.0,272021.0,228213.0
9.6015625,79542.0,272024.0,228229.0
9.60546875,79562.0,272019.0,228233.0
9.609375,79582.0,272025.0,228218.0
9.61328125,79591.0,272018.0,228229.0
9.6171875,79589.0,272039.0,228208.0
9.62109375,79614.0,272048.0,228212.0
9.625,79628.0,272017.0,228226.0
9.62890625,79651.0,272042.0,228219.0
9.6328125,79632.0,272042.0,228243.0
9.63671875,79676.0,272029.0,228243.0
9.640625,79680.0,272052.0,228237.0
9.64453125,79700.0,272018.0,228253.0
9.6484375,79726.0,272026.0,228258.0
9.65234375,79763.0,272053.0,228248.0
9.65625,79757.0,272043.0,228245.0
9.66015625,79758.0,272059.0,228239.0
9.6640625,79793.0,272071.0,228259.0
9.66796875,79813.0,272029.0,228265.0
9.671875,79848.0,272052.0,228247.0
9.67578125,79857.0,272047.0,228268.0
9.6796875,79843.0,272057.0,228280.0
9.68359375,79904.0,272070.0,228289.0
9.6875,79898.0,272080.0,228268.0
9.69140625,79923.0,272061.0,228284.0
9.6953125,79954.0,272072.0,228295.0
9.69921875,79955.0,272073.0,228293.0
9.703125,79995.0,272059.0,228292.0
9.70703125,80000.0,272069.0,228304.0
9.7109375,80008.0,272082.0,228316.0
9.71484375,80033.0,272065.0,228308.0
9.71875,80054.0,272082.0,228308.0
9.72265625,80047.0,272069.0,228299.0
9.7265625,80060.0,272094.0,228327.0
9.73046875,80094.0,272091.0,228326.0
9.734375,80086.0,272090.0,228325.0
9.73828125,80117.0,272096.0,228336.0
9.7421875,80121.0,272082.0,228329.0
9.74609375,80163.0,272091.0,228318.0
9.75,80154.0,272073.0,228312.0
9.75390625,80185.0,272100.0,228325.0
9.7578125,80208.0,272083.0,228328.0
9.76171875,80208.0,272099.0,228329.0
9.765625,80238.0,272089.0,228333.0
9.76953125,80257.0,272090.0,228338.0
9.7734375,80277.0,272091.0,228327.0
9.77734375,80291.0,272085.0,228341.0
9.78125,80296.0,272081.0,228352.0
9.78515625,80310.0,272087.0,228350.0
9.7890625,80337.0,272065.0,228355.0
9.79296875,80346.0,272101.0,228356.0
9.796875,80354.0,272106.0,228351.0
9.80078125,80380.0,272114.0,228377.0
9.8046875,80375.0,272099.0,228362.0
9.80859375,80411.0,272100.0,228376.0
9.8125,80409.0,272119.0,228389.0
9.81640625,80447.0,272095.0,228385.0
9.8203125,80431.0,272106.0,228387.0
9.82421875,80438.0,272109.0,228377.0
9.828125,80472.0,272106.0,228399.0
9.83203125,80470.0,272062.0,228384.0
9.8359375,80502.0,272107.0,228389.0
9.83984375,80524.0,272086.0,228388.0
9.84375,80530.0,272088.0,228406.0
9.84765625,80550.0,272098.0,228401.0
9.8515625,80543.0,272110.0,228419.0
9.85546875,80556.0,272106.0,228398.0
9.859375,80583.0,272089.0,228416.0
9.86328125,80586.0,272119.0,228415.0
9.8671875,80603.0,272113.0,228420.0
9.87109375,80624.0,272121.0,228378.0
9.875,80614.0,272074.0,228383.0
9.87890625,80620.0,272100.0,228407.0
9.8828125,80664.0,272101.0,228416.0
9.88671875,80677.0,272108.0,228426.0
9.890625,80693.0,272102.0,228394.0
9.89453125,80691.0,272123.0,228395.0
9.8984375,80722.0,272151.0,228427.0
9.90234375,80702.0,272100.0,228409.0
9.90625,80745.0,272125.0,228411.0
9.91015625,80743.0,272112.0,228414.0
9.9140625,80741.0,272121.0,228417.0
9.91796875,80771.0,272086.0,228435.0
9.921875,80773.0,272117.0,228411.0
9.92578125,80806.0,272099.0,228413.0
9.9296875,80820.0,272099.0,228414.0
9.93359375,80833.0,272131.0,228415.0
9.9375,80838.0,272122.0,228417.0
9.94140625,80825.0,272119.0,228416.0
9.9453125,80850.0,272103.0,228406.0
9.94921875,80863.0,272132.0,228405.0
9.953125,80872.0,272122.0,228396.0
9.95703125,80895.0,272116.0,228396.0
9.9609375,80867.0,272102.0,228412.0
9.96484375,80860.0,272109.0,228395.0
9.96875,80878.0,272091.0,228406.0
9.97265625,80859.0,272131.0,228401.0
9.9765625,80823.0,272087.0,228373.0
9.98046875,80835.0,272082.0,228381.0
9.984375,80786.0,272083.0,228387.0
9.98828125,80770.0,272093.0,228364.0
9.9921875,80762.0,272091.0,228342.0
9.99609375,80760.0,272103.0,228361.0
10.0,80680.0,272113.0,228342.0
10.00390625,80656.0,272092.0,228343.0
10.0078125,80624.0,272072.0,228310.0
10.01171875,80583.0,272083.0,228304.0
10.015625,80571.0,272082.0,228318.0
10.01953125,80530.0,272081.0,228302.0
10.0234375,80461.0,272056.0,228301.0
10.02734375,80459.0,272080.0,228285.0
10.03125,80382.0,272080.0,228281.0
10.03515625,80355.0,272076.0,228260.0
10.0390625,80330.0,272074.0,228273.0
10.04296875,80276.0,272069.0,228275.0
10.046875,80273.0,272055.0,228275.0
10.05078125,80230.0,272059.0,228264.0
10.0546875,80215.0,272055.0,228256.0
10.05859375,80178.0,272089.0,228243.0
10.0625,80138.0,272056.0,228227.0
10.06640625,80115.0,272065.0,228242.0
10.0703125,80078.0,272076.0,228241.0
10.07421875,80072.0,272053.0,228223.0
10.078125,80036.0,272033.0,228239.0
10.08203125,80003.0,272053.0,228254.0
10.0859375,79996.0,272057.0,228245.0
10.08984375,79984.0,272064.0,228226.0
10.09375,79988.0,272060.0,228204.0
10.09765625,79969.0,272038.0,228231.0
10.1015625,79955.0,272057.0,228230.0
10.10546875,79922.0,272043.0,228209.0
10.109375,79937.0,272055.0,228210.0
10.11328125,79925.0,272049.0,228225.0
10.1171875,79931.0,272057.0,228209.0
10.12109375,79923.0,272030.0,228213.0
10.125,79898.0,272050.0,228208.0
10.12890625,79903.0,272058.0,228206.0
10.1328125,79879.0,272057.0,228217.0
10.13671875,79887.0,272024.0,228209.0
10.140625,79892.0,272038.0,228214.0
10.14453125,79890.0,272025.0,228213.0
10.1484375,79893.0,272070.0,228222.0
10.15234375,79885.0,272054.0,228214.0
10.15625,79874.0,272022.0,228218.0
10.16015625,79895.0,271997.0,228188.0
10.1640625,79891.0,272025.0,228227.0
10.16796875,79910.0,272039.0,228237.0
10.171875,79912.0,272030.0,228229.0
10.17578125,79910.0,272048.0,228214.0
10.1796875,79908.0,272023.0,228230.0
10.18359375,79924.0,272047.0,228241.0
10.1875,79943.0,272030.0,228230.0
10.19140625,79969.0,272038.0,228234.0
10.1953125,79954.0,272041.0,228229.0
10.19921875,79969.0,272028.0,228229.0
10.203125,79974.0,272043.0,228251.0
10.20703125,79991.0,272020.0,228241.0
10.2109375,80014.0,272035.0,228261.0
10.21484375,80037.0,272034.0,228254.0
10.21875,80054.0,272028.0,228239.0
10.22265625,80026.0,272027.0,228230.0
10.2265625,80056.0,272023.0,228248.0
10.23046875,80057.0,272048.0,228260.0
10.234375,80069.0,272033.0,228259.0
10.23828125,80103.0,272012.0,228244.0
10.2421875,80088.0,272020.0,228256.0
10.24609375,80098.0,272057.0,228251.0
10.25,80093.0,272017.0,228273.0
10.25390625,80114.0,272040.0,228251.0
10.2578125,80112.0,272015.0,228230.0
10.26171875,80127.0,272016.0,228236.0
10.265625,80132.0,272044.0,228255.0
10.26953125,80108.0,272014.0,228252.0
10.2734375,80166.0,272024.0,228249.0
10.27734375,80135.0,272045.0,228244.0
10.28125,80120.0,272051.0,228248.0
10.28515625,80150.0,272033.0,228270.0
10.2890625,80135.0,272044.0,228253.0
10.29296875,80131.0,272039.0,228251.0
10.296875,80154.0,272070.0,228259.0
10.30078125,80163.0,272036.0,228249.0
10.3046875,80161.0,272034.0,228262.0
10.30859375,80163.0,272016.0,228239.0
10.3125,80156.0,272034.0,228257.0
10.31640625,80140.0,272047.0,228248.0
10.3203125,80155.0,272012.0,228237.0
10.32421875,80176.0,272030.0,228248.0
10.328125,80162.0,272031.0,228235.0
10.33203125,80191.0,272028.0,228249.0
10.3359375,80181.0,272034.0,228250.0
10.33984375,80211.0,272035.0,228245.0
10.34375,80226.0,272022.0,228252.0
10.34765625,80210.0,272045.0,228273.0
10.3515625,80222.0,272032.0,228248.0
10.35546875,80235.0,272032.0,228273.0
10.359375,80268.0,272046.0,228255.0
10.36328125,80255.0,272076.0,228282.0
10.3671875,80257.0,272050.0,228256.0
10.37109375,80287.0,272040.0,228283.0
10.375,80298.0,272045.0,228283.0
10.37890625,80276.0,272032.0,228275.0
10.3828125,80306.0,272033.0,228290.0
10.38671875,80293.0,272055.0,228308.0
10.390625,80313.0,272038.0,228307.0
10.39453125,80313.0,272050.0,228288.0
10.3984375,80332.0,272016.0,228330.0
10.40234375,80365.0,272062.0,228318.0
10.40625,80385.0,272066.0,228317.0
10.41015625,80396.0,272034.0,228332.0
10.4140625,80416.0,272042.0,228344.0
10.41796875,80405.0,272071.0,228336.0
10.421875,80427.0,272066.0,228345.0
10.42578125,80440.0,272041.0,228323.0
10.4296875,80420.0,272068.0,228352.0
10.43359375,80423.0,272051.0,228350.0
10.4375,80479.0,272057.0,228339.0
10.44140625,80468.0,272055.0,228348.0
10.4453125,80471.0,272016.0,228351.0
10.44921875,80483.0,272044.0,228349.0
10.453125,80491.0,272066.0,228351.0
10.45703125,80497.0,272060.0,228335.0
10.4609375,80508.0,272050.0,228337.0
10.46484375,80539.0,272064.0,228353.0
10.46875,80539.0,272052.0,228359.0
10.47265625,80561.0,272067.0,228347.0
10.4765625,80545.0,272047.0,228375.0
10.48046875,80564.0,272075.0,228372.0
10.484375,80548.0,272078.0,228357.0
10.48828125,80575.0,272061.0,228363.0
10.4921875,80595.0,272048.0,228354.0
10.49609375,80608.0,272058.0,228349.0
10.5,80612.0,272071.0,228370.0
10.50390625,80590.0,272065.0,228354.0
10.5078125,80607.0,272036.0,228373.0
10.51171875,80637.0,272056.0,228367.0
10.515625,80654.0,272077.0,228374.0
10.51953125,80662.0,272065.0,228363.0
10.5234375,80652.0,272032.0,228371.0
10.52734375,80665.0,272046.0,228390.0
10.53125,80681.0,272060.0,228390.0
10.53515625,80704.0,272058.0,228388.0
10.5390625,80715.0,272025.0,228379.0
10.54296875,80720.0,272046.0,228387.0
10.546875,80725.0,272059.0,228410.0
10.55078125,80732.0,272045.0,228389.0
10.5546875,80758.0,272066.0,228397.0
10.55859375,80761.0,272066.0,228377.0
10.5625,80769.0,272052.0,228379.0
10.56640625,80791.0,272046.0,228403.0
10.5703125,80810.0,272070.0,228405.0
10.57421875,80802.0,272076.0,228387.0
10.578125,80799.0,272078.0,228416.0
10.58203125,80832.0,272068.0,228397.0
10.5859375,80842.0,272080.0,228408.0
10.58984375,80845.0,272071.0,228420.0
10.59375,80858.0,272070.0,228425.0
10.59765625,80875.0,272061.0,228401.0
10.6015625,80892.0,272089.0,228426.0
10.60546875,80876.0,272096.0,228398.0
10.609375,80886.0,272087.0,228434.0
10.61328125,80920.0,272084.0,228421.0
10.6171875,80913.0,272085.0,228419.0
10.62109375,80957.0,272081.0,228441.0
10.625,80923.0,272070.0,228424.0
10.62890625,80951.0,272074.0,228420.0
10.6328125,80950.0,272083.0,228435.0
10.63671875,80970.0,272043.0,228458.0
10.640625,80985.0,272070.0,228434.0
10.64453125,81011.0,272079.0,228428.0
10.6484375,80989.0,272081.0,228452.0
10.65234375,81028.0,272086.0,228436.0
10.65625,81018.0,272086.0,228449.0
10.66015625,81053.0,272085.0,228457.0
10.6640625,81027.0,272065.0,228425.0
10.66796875,81019.0,272063.0,228416.0
10.671875,81034.0,272074.0,228441.0
10.67578125,81032.0,272071.0,228433.0
10.6796875,81049.0,272061.0,228410.0
10.68359375,81025.0,272073.0,228435.0
10.6875,81011.0,272069.0,228434.0
10.69140625,81013.0,272055.0,228432.0
10.6953125,81024.0,272079.0,228399.0
10.69921875,80981.0,272042.0,228404.0
10.703125,80952.0,272042.0,228388.0
10.70703125,80935.0,272062.0,228380.0
10.7109375,80905.0,272068.0,228392.0
10.71484375,80886.0,272064.0,228356.0
10.71875,80835.0,272045.0,228362.0
10.72265625,80806.0,272037.0,228356.0
10.7265625,80772.0,272039.0,228342.0
10.73046875,80715.0,272042.0,228335.0
10.734375,80661.0,272011.0,228345.0
10.73828125,80626.0,272029.0,228319.0
10.7421875,80586.0,272011.0,228328.0
10.74609375,80521.0,272065.0,228306.0
10.75,80493.0,272031.0,228308.0
10.75390625,80461.0,272040.0,228333.0
10.7578125,80400.0,272048.0,228309.0
10.76171875,80362.0,272007.0,228305.0
10.765625,80319.0,272012.0,228287.0
10.76953125,80299.0,272024.0,228293.0
10.7734375,80231.0,272021.0,228275.0
10.77734375,80202.0,272011.0,228276.0
10.78125,80146.0,272006.0,228267.0
10.78515625,80103.0,272001.0,228301.0
10.7890625,80067.0,272029.0,228287.0
10.79296875,80053.0,272013.0,228248.0
10.796875,80043.0,271999.0,228244.0
10.80078125,80012.0,272010.0,228258.0
10.8046875,79967.0,272012.0,228267.0
10.80859375,79940.0,272018.0,228258.0
10.8125,79931.0,272020.0,228243.0
10.81640625,79925.0,272033.0,228239.0
10.8203125,79899.0,272036.0,228260.0
10.82421875,79895.0,272035.0,228235.0
10.828125,79866.0,272004.0,228235.0
10.83203125,79867.0,272001.0,228226.0
10.8359375,79814.0,272008.0,228247.0
10.83984375,79820.0,271988.0,228232.0
10.84375,79781.0,272005.0,228252.0
10.84765625,79779.0,272011.0,228237.0
10.8515625,79791.0,272019.0,228251.0
10.85546875,79793.0,272000.0,228237.0
10.859375,79777.0,271997.0,228242.0
10.86328125,79759.0,272018.0,228243.0
10.8671875,79727.0,272029.0,228245.0
10.87109375,79741.0,272003.0,228229.0
10.875,79731.0,272021.0,228253.0
10.87890625,79750.0,272020.0,228235.0
10.8828125,79727.0,271996.0,228247.0
10.88671875,79718.0,272005.0,228246.0
10.890625,79756.0,272003.0,228249.0
10.89453125,79752.0,272031.0,228248.0
10.8984375,79750.0,272013.0,228230.0
10.90234375,79744.0,272011.0,228266.0
10.90625,79773.0,271999.0,228258.0
10.91015625,79772.0,272010.0,228264.0
10.9140625,79799.0,272009.0,228254.0
10.91796875,79812.0,272020.0,228276.0
10.921875,79811.0,272017.0,228276.0
10.92578125,79834.0,272007.0,228280.0
10.9296875,79844.0,272009.0,228282.0
10.93359375,79843.0,272009.0,228274.0
10.9375,79883.0,272029.0,228268.0
10.94140625,79863.0,272030.0,228299.0
10.9453125,79909.0,272040.0,228291.0
10.94921875,79890.0,272020.0,228285.0
10.953125,79903.0,272030.0,228289.0
10.95703125,79909.0,272013.0,228287.0
10.9609375,79942.0,272056.0,228291.0
10.96484375,79933.0,272027.0,228296.0
10.96875,79934.0,272028.0,228303.0
10.97265625,79952.0,272037.0,228298.0
10.9765625,79941.0,272046.0,228286.0
10.98046875,79975.0,272034.0,228293.0
10.984375,79924.0,272011.0,228302.0
10.98828125,79980.0,272027.0,228327.0
10.9921875,79971.0,272011.0,228292.0
10.99609375,79983.0,272041.0,228295.0
11.0,79966.0,272029.0,228303.0
11.00390625,79981.0,272043.0,228302.0
11.0078125,79968.0,272043.0,228295.0
11.01171875,79956.0,272025.0,228315.0
11.015625,79992.0,272020.0,228292.0
11.01953125,79994.0,272023.0,228294.0
11.0234375,79990.0,272048.0,228314.0
11.02734375,80006.0,272041.0,228282.0
11.03125,80012.0,272024.0,228286.0
11.03515625,80015.0,272030.0,228300.0
11.0390625,80036.0,272022.0,228281.0
11.04296875,80045.0,272005.0,228274.0
11.046875,80018.0,272034.0,228282.0
11.05078125,80050.0,272015.0,228276.0
11.0546875,80038.0,272027.0,228293.0
11.05859375,80047.0,272019.0,228289.0
11.0625,80031.0,272007.0,228271.0
11.06640625,80048.0,272008.0,228273.0
11.0703125,80066.0,272004.0,228306.0
11.07421875,80084.0,271987.0,228301.0
11.078125,80085.0,272004.0,228289.0
11.08203125,80086.0,272004.0,228318.0
11.0859375,80127.0,272026.0,228312.0
11.08984375,80147.0,272028.0,228304.0
11.09375,80151.0,272011.0,228331.0
11.09765625,80141.0,272001.0,228314.0
11.1015625,80147.0,272041.0,228327.0
11.10546875,80184.0,272009.0,228331.0
11.109375,80199.0,272019.0,228354.0
11.11328125,80189.0,272042.0,228327.0
11.1171875,80229.0,272047.0,228340.0
11.12109375,80255.0,272016.0,228355.0
11.125,80254.0,272051.0,228341.0
11.12890625,80295.0,272027.0,228355.0
11.1328125,80283.0,272029.0,228346.0
11.13671875,80278.0,272040.0,228343.0
11.140625,80322.0,272039.0,228346.0
11.14453125,80328.0,272051.0,228374.0
11.1484375,80345.0,272045.0,228364.0
11.15234375,80351.0,272049.0,228387.0
11.15625,80365.0,272055.0,228377.0
11.16015625,80381.0,272043.0,228390.0
11.1640625,80385.0,272022.0,228373.0
11.16796875,80379.0,272041.0,228402.0
11.171875,80416.0,272040.0,228377.0
11.17578125,80426.0,272035.0,228397.0
11.1796875,80460.0,272051.0,228389.0
11.18359375,80471.0,272042.0,228376.0
11.1875,80473.0,272060.0,228371.0
11.19140625,80491.0,272071.0,228396.0
11.1953125,80505.0,272053.0,228401.0
11.19921875,80510.0,272037.0,228412.0
11.203125,80533.0,272027.0,228422.0
11.20703125,80538.0,272046.0,228393.0
11.2109375,80556.0,272068.0,228421.0
11.21484375,80551.0,272020.0,228406.0
11.21875,80576.0,272035.0,228422.0
11.22265625,80587.0,272054.0,228436.0
11.2265625,80588.0,272049.0,228434.0
11.23046875,80604.0,272051.0,228432.0
11.234375,80612.0,272034.0,228422.0
11.23828125,80652.0,272060.0,228418.0
11.2421875,80642.0,272064.0,228446.0
11.24609375,80642.0,272028.0,228459.0
11.25,80654.0,272067.0,228453.0
11.25390625,80664.0,272065.0,228441.0
11.2578125,80699.0,272052.0,228449.0
11.26171875,80733.0,272071.0,228461.0
11.265625,80714.0,272056.0,228430.0
11.26953125,80753.0,272062.0,228455.0
11.2734375,80725.0,272103.0,228477.0
11.27734375,80780.0,272093.0,228471.0
11.28125,80795.0,272073.0,228458.0
11.28515625,80799.0,272071.0,228468.0
11.2890625,80796.0,272056.0,228475.0
11.29296875,80804.0,272084.0,228492.0
11.296875,80815.0,272056.0,228474.0
11.30078125,80830.0,272097.0,228473.0
11.3046875,80859.0,272089.0,228481.0
11.30859375,80855.0,272075.0,228492.0
11.3125,80862.0,272060.0,228482.0
11.31640625,80886.0,272071.0,228452.0
11.3203125,80906.0,272080.0,228470.0
11.32421875,80925.0,272050.0,228490.0
11.328125,80927.0,272063.0,228486.0
11.33203125,80921.0,272087.0,228491.0
11.3359375,80945.0,272077.0,228490.0
11.33984375,80987.0,272106.0,228507.0
11.34375,80958.0,272100.0,228518.0
11.34765625,80997.0,272110.0,228498.0
11.3515625,80993.0,272074.0,228474.0
11.35546875,81015.0,272074.0,228506.0
11.359375,81042.0,272082.0,228509.0
11.36328125,81047.0,272091.0,228500.0
11.3671875,81049.0,272100.0,228493.0
11.37109375,81055.0,272093.0,228491.0
11.375,81064.0,272059.0,228513.0
11.37890625,81067.0,272064.0,228513.0
11.3828125,81103.0,272099.0,228494.0
11.38671875,81091.0,272055.0,228498.0
11.390625,81087.0,272105.0,228517.0
11.39453125,81110.0,272074.0,228494.0
11.3984375,81094.0,272105.0,228499.0
11.40234375,81095.0,272078.0,228500.0
11.40625,81114.0,272081.0,228495.0
11.41015625,81098.0,272084.0,228496.0
11.4140625,81101.0,272048.0,228475.0
11.41796875,81082.0,272051.0,228467.0
11.421875,81067.0,272099.0,228481.0
11.42578125,81026.0,272067.0,228453.0
11.4296875,81008.0,272084.0,228449.0
11.43359375,80996.0,272088.0,228421.0
11.4375,80930.0,272056.0,228416.0
11.44140625,80917.0,272049.0,228413.0
11.4453125,80881.0,272061.0,228442.0
11.44921875,80841.0,272040.0,228425.0
11.453125,80807.0,272022.0,228400.0
11.45703125,80753.0,272025.0,228404.0
11.4609375,80722.0,272053.0,228376.0
11.46484375,80672.0,272016.0,228383.0
11.46875,80602.0,272027.0,228351.0
11.47265625,80570.0,272036.0,228370.0
11.4765625,80527.0,272024.0,228366.0
11.48046875,80464.0,271990.0,228339.0
11.484375,80408.0,272028.0,228347.0
11.48828125,80398.0,272001.0,228347.0
11.4921875,80345.0,272036.0,228335.0
11.49609375,80307.0,272000.0,228334.0
11.5,80249.0,272001.0,228323.0
11.50390625,80229.0,272037.0,228321.0
11.5078125,80186.0,272001.0,228327.0
11.51171875,80119.0,271991.0,228325.0
11.515625,80126.0,272027.0,228332.0
11.51953125,80075.0,272005.0,228310.0
11.5234375,80054.0,272007.0,228316.0
11.52734375,80018.0,272003.0,228319.0
11.53125,79992.0,271996.0,228286.0
11.53515625,79979.0,271989.0,228292.0
11.5390625,79958.0,271994.0,228300.0
11.54296875,79930.0,272001.0,228295.0
11.546875,79912.0,271988.0,228308.0
11.55078125,79859.0,271999.0,228313.0
11.5546875,79853.0,271992.0,228286.0
11.55859375,79816.0,271993.0,228299.0
11.5625,79786.0,271991.0,228304.0
11.56640625,79810.0,271994.0,228278.0
11.5703125,79769.0,271993.0,228289.0
11.57421875,79751.0,271996.0,228288.0
11.578125,79763.0,271975.0,228278.0
11.58203125,79741.0,271981.0,228288.0
11.5859375,79731.0,271977.0,228275.0
11.58984375,79705.0,271990.0,228284.0
11.59375,79669.0,271984.0,228263.0
11.59765625,79698.0,272007.0,228261.0
11.6015625,79669.0,271935.0,228269.0
11.60546875,79670.0,271985.0,228251.0
11.609375,79663.0,271969.0,228265.0
11.61328125,79642.0,271991.0,228242.0
11.6171875,79642.0,271982.0,228263.0
11.62109375,79651.0,271967.0,228281.0
11.625,79673.0,271972.0,228275.0
11.62890625,79660.0,271988.0,228267.0
11.6328125,79675.0,271994.0,228269.0
11.63671875,79681.0,271988.0,228278.0
11.640625,79688.0,271971.0,228283.0
11.64453125,79710.0,272001.0,228306.0
11.6484375,79714.0,271977.0,228285.0
11.65234375,79714.0,271980.0,228290.0
11.65625,79744.0,271980.0,228303.0
11.66015625,79733.0,272013.0,228313.0
11.6640625,79756.0,271981.0,228331.0
11.66796875,79762.0,271965.0,228298.0
11.671875,79762.0,271954.0,228317.0
11.67578125,79809.0,271993.0,228338.0
11.6796875,79801.0,272004.0,228329.0
11.68359375,79790.0,271982.0,228316.0
11.6875,79835.0,271984.0,228318.0
11.69140625,79823.0,272004.0,228338.0
11.6953125,79797.0,271978.0,228331.0
11.69921875,79854.0,271995.0,228318.0
11.703125,79854.0,271980.0,228312.0
11.70703125,79861.0,271989.0,228305.0
11.7109375,79848.0,271973.0,228316.0
11.71484375,79877.0,271966.0,228323.0
11.71875,79870.0,271996.0,228299.0
11.72265625,79891.0,271996.0,228308.0
11.7265625,79892.0,271990.0,228308.0
11.73046875,79896.0,271973.0,228324.0
11.734375,79873.0,271952.0,228309.0
11.73828125,79918.0,271965.0,228303.0
11.7421875,79898.0,271983.0,228309.0
11.74609375,79872.0,271993.0,228311.0
11.75,79912.0,271991.0,228299.0
11.75390625,79879.0,271991.0,228300.0
11.7578125,79896.0,271975.0,228293.0
11.76171875,79931.0,271973.0,228304.0
11.765625,79933.0,271970.0,228305.0
11.76953125,79919.0,271965.0,228285.0
11.7734375,79940.0,271987.0,228291.0
11.77734375,79925.0,271953.0,228296.0
11.78125,79940.0,271961.0,228296.0
11.78515625,79934.0,271966.0,228289.0
11.7890625,79942.0,271975.0,228302.0
11.79296875,79931.0,271962.0,228290.0
11.796875,79959.0,271977.0,228293.0
11.80078125,79946.0,271952.0,228320.0
11.8046875,79954.0,271963.0,228275.0
11.80859375,79957.0,271968.0,228303.0
11.8125,79973.0,271952.0,228301.0
11.81640625,80007.0,271975.0,228292.0
11.8203125,80006.0,271961.0,228303.0
11.82421875,80018.0,271979.0,228285.0
11.828125,80022.0,271971.0,228317.0
11.83203125,80021.0,271956.0,228308.0
11.8359375,80036.0,271948.0,228315.0
11.83984375,80064.0,271986.0,228324.0
11.84375,80079.0,271977.0,228312.0
11.84765625,80079.0,271964.0,228351.0
11.8515625,80109.0,271961.0,228337.0
11.85546875,80097.0,271967.0,228323.0
11.859375,80121.0,271987.0,228329.0
11.86328125,80127.0,271988.0,228341.0
11.8671875,80140.0,271972.0,228328.0
11.87109375,80164.0,271960.0,228331.0
11.875,80168.0,271977.0,228343.0
11.87890625,80192.0,271980.0,228373.0
11.8828125,80198.0,271978.0,228361.0
11.88671875,80220.0,271974.0,228353.0
11.890625,80207.0,271994.0,228362.0
11.89453125,80213.0,272003.0,228362.0
11.8984375,80250.0,272000.0,228348.0
11.90234375,80270.0,271983.0,228361.0
11.90625,80262.0,271993.0,228340.0
11.91015625,80298.0,272012.0,228367.0
11.9140625,80303.0,272000.0,228363.0
11.91796875,80321.0,271987.0,228371.0
11.921875,80330.0,271988.0,228370.0
11.92578125,80319.0,271992.0,228360.0
11.9296875,80341.0,271991.0,228372.0
11.93359375,80350.0,271979.0,228376.0
11.9375,80348.0,272009.0,228375.0
11.94140625,80368.0,271994.0,228387.0
11.9453125,80365.0,271983.0,228378.0
11.94921875,80406.0,271982.0,228372.0
11.953125,80416.0,271984.0,228381.0
11.95703125,80411.0,271989.0,228384.0
11.9609375,80411.0,271965.0,228383.0
11.96484375,80430.0,272010.0,228383.0
11.96875,80453.0,271957.0,228391.0
11.97265625,80442.0,272002.0,228365.0
11.9765625,80491.0,271983.0,228361.0
11.98046875,80477.0,272002.0,228360.0
11.984375,80475.0,271963.0,228375.0
11.98828125,80499.0,271968.0,228344.0
11.9921875,80476.0,271941.0,228376.0
11.99609375,80513.0,272002.0,228373.0
12.0,80530.0,271986.0,228363.0
12.00390625,80533.0,271974.0,228364.0
12.0078125,80564.0,271961.0,228366.0
12.01171875,80558.0,271964.0,228349.0
12.015625,80544.0,271968.0,228375.0
12.01953125,80579.0,271944.0,228375.0
12.0234375,80597.0,271947.0,228354.0
12.02734375,80612.0,271991.0,228351.0
12.03125,80632.0,271930.0,228350.0
12.03515625,80632.0,271962.0,228374.0
12.0390625,80649.0,271964.0,228357.0
12.04296875,80678.0,271964.0,228374.0
12.046875,80667.0,271980.0,228376.0
12.05078125,80698.0,271959.0,228394.0
12.0546875,80707.0,271955.0,228375.0
12.05859375,80699.0,271984.0,228369.0
12.0625,80731.0,271956.0,228397.0
12.06640625,80733.0,271988.0,228393.0
12.0703125,80742.0,271980.0,228389.0
12.07421875,80749.0,271977.0,228387.0
12.078125,80769.0,271982.0,228401.0
12.08203125,80776.0,271955.0,228405.0
12.0859375,80815.0,271965.0,228393.0
12.08984375,80795.0,271978.0,228410.0
12.09375,80843.0,271966.0,228401.0
12.09765625,80835.0,271986.0,228411.0
12.1015625,80851.0,271961.0,228407.0
12.10546875,80857.0,271994.0,228401.0
12.109375,80864.0,271983.0,228429.0
12.11328125,80870.0,271969.0,228435.0
12.1171875,80877.0,271983.0,228433.0
12.12109375,80898.0,271964.0,228412.0
12.125,80895.0,272009.0,228438.0
12.12890625,80907.0,271986.0,228448.0
12.1328125,80933.0,271984.0,228455.0
12.13671875,80929.0,271997.0,228430.0
12.140625,80943.0,271996.0,228441.0
12.14453125,80933.0,271985.0,228457.0
12.1484375,80944.0,272013.0,228455.0
12.15234375,80920.0,271993.0,228436.0
12.15625,80902.0,271995.0,228449.0
12.16015625,80891.0,271990.0,228427.0
12.1640625,80867.0,271977.0,228446.0
12.16796875,80823.0,272032.0,228443.0
12.171875,80821.0,271982.0,228428.0
12.17578125,80805.0,271976.0,228445.0
12.1796875,80751.0,272009.0,228453.0
12.18359375,80716.0,272023.0,228445.0
12.1875,80666.0,272049.0,228437.0
12.19140625,80635.0,271987.0,228439.0
12.1953125,80573.0,272015.0,228434.0
12.19921875,80542.0,272004.0,228425.0
12.203125,80498.0,272022.0,228435.0
12.20703125,80466.0,272024.0,228416.0
12.2109375,80382.0,272018.0,228424.0
12.21484375,80342.0,272025.0,228412.0
12.21875,80303.0,272013.0,228394.0
12.22265625,80277.0,272005.0,228409.0
12.2265625,80204.0,272013.0,228386.0
12.23046875,80186.0,272010.0,228378.0
12.234375,80120.0,272019.0,228364.0
12.23828125,80105.0,272001.0,228368.0
12.2421875,80040.0,271999.0,228346.0
12.24609375,80021.0,271970.0,228360.0
12.25,79975.0,272030.0,228363.0
12.25390625,79919.0,271998.0,228318.0
12.2578125,79899.0,271987.0,228316.0
12.26171875,79870.0,271999.0,228319.0
12.265625,79838.0,272006.0,228332.0
12.26953125,79818.0,271976.0,228352.0
12.2734375,79779.0,271976.0,228307.0
12.27734375,79757.0,271940.0,228312.0
12.28125,79742.0,271995.0,228328.0
12.28515625,79707.0,271995.0,228323.0
12.2890625,79681.0,271978.0,228319.0
12.29296875,79670.0,271953.0,228324.0
12.296875,79663.0,271992.0,228333.0
12.30078125,79631.0,271976.0,228299.0
12.3046875,79613.0,271941.0,228316.0
12.30859375,79585.0,271985.0,228305.0
12.3125,79589.0,271998.0,228322.0
12.31640625,79559.0,271991.0,228331.0
12.3203125,79541.0,271988.0,228301.0
12.32421875,79531.0,271974.0,228315.0
12.328125,79531.0,271982.0,228302.0
12.33203125,79494.0,271985.0,228310.0
12.3359375,79494.0,271987.0,228298.0
12.33984375,79491.0,271965.0,228298.0
12.34375,79477.0,271996.0,228281.0
12.34765625,79471.0,271948.0,228310.0
12.3515625,79457.0,271963.0,228279.0
12.35546875,79478.0,271956.0,228288.0
12.359375,79475.0,271976.0,228284.0
12.36328125,79462.0,271956.0,228310.0
12.3671875,79481.0,271983.0,228313.0
12.37109375,79487.0,271958.0,228279.0
12.375,79492.0,271941.0,228282.0
12.37890625,79488.0,271923.0,228299.0
12.3828125,79500.0,271957.0,228286.0
12.38671875,79530.0,271967.0,228290.0
12.390625,79523.0,271945.0,228294.0
12.39453125,79521.0,271958.0,228302.0
12.3984375,79546.0,271964.0,228314.0
12.40234375,79539.0,271953.0,228318.0
12.40625,79548.0,271962.0,228329.0
12.41015625,79575.0,271947.0,228309.0
12.4140625,79558.0,271949.0,228341.0
12.41796875,79577.0,271969.0,228334.0
12.421875,79560.0,271966.0,228343.0
12.42578125,79608.0,271957.0,228317.0
12.4296875,79616.0,271933.0,228339.0
12.43359375,79601.0,271970.0,228335.0
12.4375,79625.0,271960.0,228326.0
12.44140625,79612.0,271971.0,228328.0
12.4453125,79610.0,271951.0,228363.0
12.44921875,79620.0,271958.0,228366.0
12.453125,79631.0,271972.0,228351.0
12.45703125,79627.0,271961.0,228344.0
12.4609375,79613.0,271963.0,228324.0
12.46484375,79625.0,271969.0,228350.0
12.46875,79630.0,271949.0,228358.0
12.47265625,79631.0,271959.0,228341.0
12.4765625,79635.0,271975.0,228343.0
12.48046875,79636.0,271964.0,228336.0
12.484375,79638.0,271963.0,228334.0
12.48828125,79643.0,271952.0,228310.0
12.4921875,79640.0,271974.0,228331.0
12.49609375,79656.0,271968.0,228355.0
12.5,79636.0,271935.0,228321.0
12.50390625,79649.0,271997.0,228321.0
12.5078125,79642.0,271983.0,228314.0
12.51171875,79675.0,271947.0,228304.0
12.515625,79653.0,271973.0,228345.0
12.51953125,79663.0,271945.0,228334.0
12.5234375,79670.0,271968.0,228326.0
12.52734375,79669.0,271942.0,228353.0
12.53125,79672.0,271949.0,228333.0
12.53515625,79678.0,271943.0,228338.0
12.5390625,79699.0,271951.0,228358.0
12.54296875,79673.0,271965.0,228364.0
12.546875,79691.0,271970.0,228364.0
12.55078125,79720.0,271976.0,228362.0
12.5546875,79698.0,271956.0,228364.0
12.55859375,79704.0,271948.0,228376.0
12.5625,79748.0,271984.0,228369.0
12.56640625,79743.0,271967.0,228372.0
12.5703125,79761.0,271986.0,228374.0
12.57421875,79762.0,271939.0,228366.0
12.578125,79778.0,271971.0,228359.0
12.58203125,79775.0,271953.0,228364.0
12.5859375,79772.0,271948.0,228383.0
12.58984375,79766.0,271964.0,228368.0
12.59375,79801.0,271957.0,228376.0
12.59765625,79796.0,271944.0,228369.0
12.6015625,79809.0,271964.0,228384.0
12.60546875,79846.0,271954.0,228373.0
12.609375,79833.0,271947.0,228358.0
12.61328125,79841.0,271949.0,228364.0
12.6171875,79854.0,271974.0,228389.0
12.62109375,79872.0,271946.0,228378.0
12.625,79876.0,271916.0,228385.0
12.62890625,79896.0,271952.0,228371.0
12.6328125,79897.0,271947.0,228388.0
12.63671875,79906.0,271956.0,228388.0
12.640625,79908.0,271955.0,228388.0
12.64453125,79940.0,271949.0,228405.0
12.6484375,79948.0,271958.0,228407.0
12.65234375,79951.0,271957.0,228398.0
12.65625,79947.0,271972.0,228401.0
12.66015625,79945.0,271936.0,228412.0
12.6640625,79982.0,271975.0,228389.0
12.66796875,80003.0,271959.0,228414.0
12.671875,80007.0,271973.0,228392.0
12.67578125,80006.0,271963.0,228388.0
12.6796875,80035.0,271983.0,228416.0
12.68359375,80060.0,271974.0,228403.0
12.6875,80061.0,271949.0,228417.0
12.69140625,80042.0,271969.0,228398.0
12.6953125,80069.0,271957.0,228399.0
12.69921875,80099.0,271981.0,228428.0
12.703125,80100.0,271949.0,228407.0
12.70703125,80099.0,271954.0,228421.0
12.7109375,80117.0,271980.0,228426.0
12.71484375,80100.0,271956.0,228415.0
12.71875,80145.0,271979.0,228426.0
12.72265625,80160.0,271975.0,228423.0
12.7265625,80180.0,271995.0,228421.0
12.73046875,80170.0,271986.0,228434.0
12.734375,80177.0,271977.0,228415.0
12.73828125,80184.0,271944.0,228419.0
12.7421875,80217.0,271941.0,228412.0
12.74609375,80212.0,271944.0,228448.0
12.75,80225.0,271972.0,228434.0
12.75390625,80229.0,271947.0,228430.0
12.7578125,80231.0,271951.0,228436.0
12.76171875,80268.0,271989.0,228439.0
12.765625,80279.0,271966.0,228444.0
12.76953125,80278.0,271948.0,228438.0
12.7734375,80304.0,271993.0,228444.0
12.77734375,80303.0,272003.0,228453.0
12.78125,80306.0,271976.0,228446.0
12.78515625,80327.0,271967.0,228467.0
12.7890625,80334.0,271958.0,228458.0
12.79296875,80351.0,271984.0,228457.0
12.796875,80364.0,271959.0,228450.0
12.80078125,80374.0,271968.0,228453.0
12.8046875,80381.0,271963.0,228476.0
12.80859375,80388.0,271952.0,228447.0
12.8125,80389.0,271943.0,228446.0
12.81640625,80410.0,271977.0,228450.0
12.8203125,80412.0,271971.0,228445.0
12.82421875,80412.0,271983.0,228467.0
12.828125,80449.0,271957.0,228450.0
12.83203125,80466.0,271997.0,228473.0
12.8359375,80477.0,271978.0,228463.0
12.83984375,80444.0,271976.0,228471.0
12.84375,80488.0,271996.0,228460.0
12.84765625,80505.0,272003.0,228469.0
12.8515625,80501.0,271980.0,228461.0
12.85546875,80507.0,271976.0,228458.0
12.859375,80516.0,271973.0,228460.0
12.86328125,80504.0,271998.0,228463.0
12.8671875,80537.0,271989.0,228465.0
12.87109375,80529.0,271968.0,228468.0
12.875,80506.0,271962.0,228443.0
12.87890625,80517.0,271964.0,228433.0
12.8828125,80525.0,271969.0,228449.0
12.88671875,80508.0,271945.0,228441.0
12.890625,80493.0,271946.0,228456.0
12.89453125,80496.0,271965.0,228419.0
12.8984375,80435.0,271981.0,228436.0
12.90234375,80438.0,271977.0,228399.0
12.90625,80402.0,271963.0,228406.0
12.91015625,80356.0,271943.0,228393.0
12.9140625,80330.0,271978.0,228393.0
12.91796875,80282.0,271961.0,228389.0
12.921875,80218.0,271961.0,228385.0
12.92578125,80194.0,271958.0,228376.0
12.9296875,80155.0,271953.0,228370.0
12.93359375,80078.0,271970.0,228358.0
12.9375,80038.0,271961.0,228342.0
12.94140625,79970.0,271952.0,228361.0
12.9453125,79910.0,271932.0,228333.0
12.94921875,79882.0,271965.0,228344.0
12.953125,79820.0,271946.0,228322.0
12.95703125,79738.0,271924.0,228320.0
12.9609375,79710.0,271929.0,228319.0
12.96484375,79665.0,271952.0,228308.0
12.96875,79573.0,271925.0,228293.0
12.97265625,79545.0,271942.0,228313.0
12.9765625,79498.0,271950.0,228286.0
12.98046875,79455.0,271926.0,228278.0
12.984375,79396.0,271916.0,228275.0
12.98828125,79384.0,271906.0,228275.0
12.9921875,79321.0,271907.0,228261.0
12.99609375,79288.0,271903.0,228246.0
13.0,79264.0,271923.0,228260.0
13.00390625,79226.0,271909.0,228279.0
13.0078125,79193.0,271923.0,228229.0
13.01171875,79160.0,271886.0,228237.0
13.015625,79122.0,271901.0,228259.0
13.01953125,79105.0,271903.0,228246.0
13.0234375,79083.0,271886.0,228230.0
13.02734375,79077.0,271904.0,228224.0
13.03125,79062.0,271880.0,228220.0
13.03515625,79010.0,271898.0,228233.0
13.0390625,79012.0,271875.0,228212.0
13.04296875,78977.0,271875.0,228241.0
13.046875,78942.0,271898.0,228241.0
13.05078125,78917.0,271883.0,228227.0
13.0546875,78919.0,271916.0,228221.0
13.05859375,78906.0,271883.0,228212.0
13.0625,78862.0,271860.0,228206.0
13.06640625,78871.0,271873.0,228220.0
13.0703125,78858.0,271877.0,228221.0
13.07421875,78852.0,271865.0,228209.0
13.078125,78814.0,271885.0,228205.0
13.08203125,78815.0,271881.0,228241.0
13.0859375,78799.0,271868.0,228241.0
13.08984375,78809.0,271883.0,228233.0
13.09375,78812.0,271875.0,228232.0
13.09765625,78793.0,271905.0,228221.0
13.1015625,78801.0,271863.0,228225.0
13.10546875,78827.0,271885.0,228229.0
13.109375,78811.0,271861.0,228250.0
13.11328125,78805.0,271890.0,228261.0
13.1171875,78826.0,271914.0,228263.0
13.12109375,78821.0,271874.0,228262.0
13.125,78841.0,271887.0,228289.0
13.12890625,78834.0,271913.0,228258.0
13.1328125,78868.0,271912.0,228266.0
13.13671875,78829.0,271906.0,228264.0
13.140625,78865.0,271905.0,228257.0
13.14453125,78881.0,271908.0,228270.0
13.1484375,78876.0,271914.0,228285.0
13.15234375,78873.0,271924.0,228284.0
13.15625,78910.0,271904.0,228279.0
13.16015625,78902.0,271904.0,228273.0
13.1640625,78902.0,271887.0,228279.0
13.16796875,78911.0,271895.0,228257.0
13.171875,78887.0,271917.0,228256.0
13.17578125,78890.0,271927.0,228267.0
13.1796875,78891.0,271901.0,228268.0
13.18359375,78905.0,271887.0,228262.0
13.1875,78915.0,271898.0,228264.0
13.19140625,78912.0,271890.0,228264.0
13.1953125,78920.0,271894.0,228262.0
13.19921875,78911.0,271907.0,228260.0
13.203125,78903.0,271900.0,228265.0
13.20703125,78939.0,271897.0,228274.0
13.2109375,78899.0,271879.0,228260.0
13.21484375,78935.0,271913.0,228274.0
13.21875,78921.0,271904.0,228291.0
13.22265625,78918.0,271917.0,228298.0
13.2265625,78915.0,271914.0,228260.0
13.23046875,78910.0,271917.0,228263.0
13.234375,78959.0,271920.0,228271.0
13.23828125,78953.0,271909.0,228287.0
13.2421875,78947.0,271926.0,228273.0
13.24609375,78981.0,271917.0,228273.0
13.25,78995.0,271909.0,228264.0
13.25390625,78992.0,271937.0,228288.0
13.2578125,78999.0,271949.0,228283.0
13.26171875,79007.0,271918.0,228269.0
13.265625,79050.0,271959.0,228278.0
13.26953125,79054.0,271941.0,228284.0
13.2734375,79105.0,271941.0,228291.0
13.27734375,79110.0,271947.0,228305.0
13.28125,79135.0,271961.0,228301.0
13.28515625,79156.0,271980.0,228309.0
13.2890625,79163.0,271958.0,228298.0
13.29296875,79192.0,271951.0,228318.0
13.296875,79220.0,271969.0,228320.0
13.30078125,79238.0,271948.0,228300.0
13.3046875,79252.0,271951.0,228320.0
13.30859375,79275.0,271981.0,228326.0
13.3125,79294.0,271970.0,228333.0
13.31640625,79295.0,271961.0,228319.0
13.3203125,79317.0,271967.0,228333.0
13.32421875,79361.0,271952.0,228359.0
13.328125,79380.0,271949.0,228322.0
13.33203125,79393.0,271966.0,228355.0
13.3359375,79417.0,271970.0,228354.0
13.33984375,79440.0,271965.0,228350.0
13.34375,79448.0,271986.0,228359.0
13.34765625,79489.0,271952.0,228363.0
13.3515625,79491.0,271957.0,228365.0
13.35546875,79488.0,271957.0,228355.0
13.359375,79531.0,271972.0,228372.0
13.36328125,79550.0,271947.0,228367.0
13.3671875,79552.0,271995.0,228382.0
13.37109375,79611.0,271979.0,228356.0
13.375,79608.0,271972.0,228375.0
13.37890625,79618.0,271959.0,228390.0
13.3828125,79626.0,271958.0,228379.0
13.38671875,79633.0,271942.0,228389.0
13.390625,79662.0,271990.0,228396.0
13.39453125,79674.0,271967.0,228385.0
13.3984375,79703.0,271949.0,228377.0
13.40234375,79701.0,271984.0,228393.0
13.40625,79727.0,271949.0,228382.0
13.41015625,79739.0,271970.0,228392.0
13.4140625,79762.0,271957.0,228382.0
13.41796875,79749.0,271956.0,228389.0
13.421875,79759.0,271988.0,228408.0
13.42578125,79789.0,271975.0,228395.0
13.4296875,79789.0,271972.0,228372.0
13.43359375,79802.0,271962.0,228395.0
13.4375,79824.0,271931.0,228381.0
13.44140625,79836.0,271962.0,228402.0
13.4453125,79859.0,271986.0,228379.0
13.44921875,79853.0,271959.0,228387.0
13.453125,79843.0,271960.0,228401.0
13.45703125,79874.0,271960.0,228404.0
13.4609375,79908.0,271964.0,228372.0
13.46484375,79929.0,271969.0,228402.0
13.46875,79946.0,271967.0,228420.0
13.47265625,79952.0,271970.0,228408.0
13.4765625,79939.0,271960.0,228410.0
13.48046875,79974.0,271966.0,228393.0
13.484375,79979.0,271930.0,228427.0
13.48828125,79978.0,271950.0,228426.0
13.4921875,80003.0,271967.0,228414.0
13.49609375,80012.0,271932.0,228428.0
13.5,80027.0,271946.0,228414.0
13.50390625,80021.0,271946.0,228427.0
13.5078125,80026.0,271977.0,228431.0
13.51171875,80074.0,271967.0,228420.0
13.515625,80076.0,271963.0,228415.0
13.51953125,80045.0,271978.0,228437.0
13.5234375,80072.0,271948.0,228424.0
13.52734375,80069.0,271944.0,228420.0
13.53125,80086.0,271970.0,228432.0
13.53515625,80111.0,271950.0,228418.0
13.5390625,80138.0,271937.0,228446.0
13.54296875,80142.0,271960.0,228440.0
13.546875,80122.0,271950.0,228425.0
13.55078125,80153.0,271951.0,228450.0
13.5546875,80164.0,271949.0,228445.0
13.55859375,80168.0,271959.0,228452.0
13.5625,80148.0,271965.0,228432.0
13.56640625,80205.0,271958.0,228450.0
13.5703125,80208.0,271953.0,228448.0
13.57421875,80209.0,271988.0,228450.0
13.578125,80230.0,271958.0,228446.0
13.58203125,80241.0,271946.0,228436.0
13.5859375,80239.0,271951.0,228441.0
13.58984375,80233.0,271973.0,228449.0
13.59375,80304.0,271959.0,228442.0
13.59765625,80291.0,271952.0,228469.0
13.6015625,80291.0,271959.0,228443.0
13.60546875,80310.0,271973.0,228459.0
13.609375,80314.0,271959.0,228431.0
13.61328125,80304.0,271981.0,228435.0
13.6171875,80298.0,271947.0,228438.0
13.62109375,80291.0,271974.0,228437.0
13.625,80291.0,271972.0,228435.0
13.62890625,80266.0,271943.0,228437.0
13.6328125,80245.0,271929.0,228403.0
13.63671875,80227.0,271969.0,228410.0
13.640625,80210.0,271959.0,228412.0
13.64453125,80180.0,271930.0,228417.0
13.6484375,80159.0,271918.0,228376.0
13.65234375,80110.0,271939.0,228385.0
13.65625,80070.0,271931.0,228388.0
13.66015625,80022.0,271950.0,228382.0
13.6640625,79981.0,271928.0,228363.0
13.66796875,79949.0,271957.0,228365.0
13.671875,79904.0,271944.0,228352.0
13.67578125,79855.0,271953.0,228348.0
13.6796875,79790.0,271941.0,228338.0
13.68359375,79756.0,271915.0,228334.0
13.6875,79710.0,271918.0,228314.0
13.69140625,79657.0,271924.0,228346.0
13.6953125,79610.0,271909.0,228316.0
13.69921875,79553.0,271935.0,228328.0
13.703125,79506.0,271931.0,228306.0
13.70703125,79456.0,271904.0,228324.0
13.7109375,79412.0,271909.0,228299.0
13.71484375,79338.0,271924.0,228304.0
13.71875,79320.0,271928.0,228305.0
13.72265625,79275.0,271925.0,228288.0
13.7265625,79235.0,271902.0,228291.0
13.73046875,79214.0,271891.0,228292.0
13.734375,79182.0,271926.0,228278.0
13.73828125,79138.0,271888.0,228293.0
13.7421875,79112.0,271908.0,228295.0
13.74609375,79074.0,271885.0,228276.0
13.75,79082.0,271904.0,228292.0
13.75390625,79047.0,271909.0,228282.0
13.7578125,78988.0,271897.0,228279.0
13.76171875,78988.0,271905.0,228266.0
13.765625,78979.0,271923.0,228282.0
13.76953125,78946.0,271901.0,228287.0
13.7734375,78940.0,271910.0,228267.0
13.77734375,78949.0,271876.0,228265.0
13.78125,78917.0,271885.0,228265.0
13.78515625,78880.0,271879.0,228260.0
13.7890625,78855.0,271878.0,228258.0
13.79296875,78850.0,271885.0,228271.0
13.796875,78835.0,271871.0,228262.0
13.80078125,78818.0,271908.0,228271.0
13.8046875,78819.0,271907.0,228274.0
13.80859375,78809.0,271916.0,228279.0
13.8125,78816.0,271889.0,228283.0
13.81640625,78811.0,271913.0,228259.0
13.8203125,78807.0,271888.0,228255.0
13.82421875,78810.0,271906.0,228272.0
13.828125,78804.0,271886.0,228275.0
13.83203125,78804.0,271889.0,228291.0
13.8359375,78823.0,271877.0,228282.0
13.83984375,78839.0,271890.0,228280.0
13.84375,78818.0,271886.0,228300.0
13.84765625,78819.0,271895.0,228280.0
13.8515625,78857.0,271896.0,228304.0
13.85546875,78854.0,271904.0,228311.0
13.859375,78877.0,271915.0,228304.0
13.86328125,78857.0,271893.0,228297.0
13.8671875,78888.0,271907.0,228308.0
13.87109375,78892.0,271906.0,228317.0
13.875,78922.0,271919.0,228321.0
13.87890625,78915.0,271901.0,228320.0
13.8828125,78939.0,271885.0,228327.0
13.88671875,78945.0,271911.0,228331.0
13.890625,78933.0,271910.0,228323.0
13.89453125,78960.0,271922.0,228313.0
13.8984375,78975.0,271895.0,228316.0
13.90234375,78975.0,271910.0,228318.0
13.90625,78946.0,271895.0,228316.0
13.91015625,78971.0,271916.0,228309.0
13.9140625,78976.0,271894.0,228325.0
13.91796875,78965.0,271896.0,228308.0
13.921875,78992.0,271878.0,228312.0
13.92578125,78977.0,271911.0,228325.0
13.9296875,78998.0,271903.0,228307.0
13.93359375,79001.0,271897.0,228308.0
13.9375,78986.0,271895.0,228310.0
13.94140625,78982.0,271882.0,228315.0
13.9453125,78979.0,271893.0,228310.0
13.94921875,78994.0,271895.0,228296.0
13.953125,78985.0,271886.0,228306.0
13.95703125,79003.0,271873.0,228309.0
13.9609375,79022.0,271918.0,228309.0
13.96484375,79005.0,271886.0,228285.0
13.96875,79014.0,271913.0,228300.0
13.97265625,78980.0,271888.0,228307.0
13.9765625,78992.0,271913.0,228317.0
13.98046875,79002.0,271898.0,228294.0
13.984375,78994.0,271878.0,228301.0
13.98828125,79023.0,271867.0,228322.0
13.9921875,79021.0,271902.0,228318.0
13.99609375,79054.0,271894.0,228325.0
14.0,79057.0,271930.0,228320.0
14.00390625,79037.0,271909.0,228338.0
14.0078125,79057.0,271922.0,228358.0
14.01171875,79061.0,271896.0,228360.0
14.015625,79070.0,271897.0,228339.0
14.01953125,79093.0,271914.0,228338.0
14.0234375,79093.0,271951.0,228348.0
14.02734375,79069.0,271933.0,228348.0
14.03125,79119.0,271923.0,228369.0
14.03515625,79122.0,271926.0,228363.0
14.0390625,79142.0,271933.0,228367.0
14.04296875,79124.0,271929.0,228357.0
14.046875,79162.0,271903.0,228356.0
14.05078125,79167.0,271907.0,228355.0
14.0546875,79173.0,271961.0,228355.0
14.05859375,79186.0,271933.0,228378.0
14.0625,79213.0,271941.0,228363.0
14.06640625,79216.0,271934.0,228368.0
14.0703125,79217.0,271933.0,228345.0
14.07421875,79232.0,271918.0,228350.0
14.078125,79256.0,271940.0,228373.0
14.08203125,79246.0,271926.0,228397.0
14.0859375,79268.0,271907.0,228361.0
14.08984375,79269.0,271933.0,228380.0
14.09375,79296.0,271914.0,228388.0
14.09765625,79313.0,271921.0,228371.0
14.1015625,79320.0,271930.0,228371.0
14.10546875,79322.0,271915.0,228395.0
14.109375,79342.0,271923.0,228378.0
14.11328125,79349.0,271914.0,228393.0
14.1171875,79351.0,271939.0,228386.0
14.12109375,79374.0,271903.0,228396.0
14.125,79373.0,271920.0,228398.0
14.12890625,79395.0,271934.0,228410.0
14.1328125,79388.0,271956.0,228399.0
14.13671875,79415.0,271929.0,228410.0
14.140625,79442.0,271946.0,228394.0
14.14453125,79423.0,271927.0,228392.0
14.1484375,79438.0,271929.0,228390.0
14.15234375,79460.0,271949.0,228396.0
14.15625,79472.0,271929.0,228417.0
14.16015625,79497.0,271935.0,228399.0
14.1640625,79498.0,271952.0,228425.0
14.16796875,79517.0,271953.0,228400.0
14.171875,79534.0,271943.0,228411.0
14.17578125,79549.0,271949.0,228413.0
14.1796875,79541.0,271946.0,228411.0
14.18359375,79549.0,271933.0,228390.0
14.1875,79564.0,271939.0,228406.0
14.19140625,79605.0,271937.0,228429.0
14.1953125,79579.0,271949.0,228435.0
14.19921875,79606.0,271929.0,228419.0
14.203125,79622.0,271954.0,228417.0
14.20703125,79671.0,271944.0,228426.0
14.2109375,79675.0,271964.0,228437.0
14.21484375,79678.0,271946.0,228428.0
14.21875,79692.0,271954.0,228408.0
14.22265625,79714.0,271947.0,228432.0
14.2265625,79725.0,271955.0,228431.0
14.23046875,79750.0,271959.0,228443.0
14.234375,79724.0,271966.0,228437.0
14.23828125,79775.0,271926.0,228446.0
14.2421875,79776.0,271968.0,228456.0
14.24609375,79782.0,271971.0,228448.0
14.25,79808.0,271965.0,228432.0
14.25390625,79802.0,271963.0,228436.0
14.2578125,79825.0,271954.0,228455.0
14.26171875,79839.0,271952.0,228466.0
14.265625,79846.0,271967.0,228467.0
14.26953125,79851.0,271981.0,228458.0
14.2734375,79872.0,271961.0,228468.0
14.27734375,79897.0,271957.0,228482.0
14.28125,79930.0,271956.0,228479.0
14.28515625,79909.0,271957.0,228465.0
14.2890625,79915.0,271949.0,228481.0
14.29296875,79918.0,271959.0,228470.0
14.296875,79963.0,271974.0,228480.0
14.30078125,79959.0,271966.0,228465.0
14.3046875,79958.0,271952.0,228442.0
14.30859375,79954.0,271972.0,228482.0
14.3125,79983.0,271941.0,228479.0
14.31640625,79990.0,271955.0,228450.0
14.3203125,79993.0,271971.0,228447.0
14.32421875,80006.0,271964.0,228466.0
14.328125,80015.0,271971.0,228444.0
14.33203125,80008.0,271987.0,228444.0
14.3359375,80038.0,271927.0,228448.0
14.33984375,79975.0,271958.0,228445.0
14.34375,79980.0,271955.0,228441.0
14.34765625,79966.0,271934.0,228445.0
14.3515625,79923.0,271950.0,228430.0
14.35546875,79892.0,271946.0,228428.0
14.359375,79884.0,271966.0,228429.0
14.36328125,79863.0,271966.0,228439.0
14.3671875,79789.0,271954.0,228455.0
14.37109375,79775.0,271963.0,228424.0
14.375,79737.0,271939.0,228422.0
14.37890625,79683.0,271948.0,228403.0
14.3828125,79604.0,271935.0,228406.0
14.38671875,79565.0,271938.0,228382.0
14.390625,79507.0,271929.0,228424.0
14.39453125,79462.0,271944.0,228392.0
14.3984375,79413.0,271971.0,228379.0
14.40234375,79344.0,271953.0,228359.0
14.40625,79275.0,271928.0,228371.0
14.41015625,79231.0,271911.0,228353.0
14.4140625,79184.0,271932.0,228355.0
14.41796875,79129.0,271924.0,228355.0
14.421875,79064.0,271932.0,228335.0
14.42578125,79020.0,271929.0,228329.0
14.4296875,78959.0,271931.0,228321.0
14.43359375,78930.0,271933.0,228329.0
14.4375,78873.0,271902.0,228319.0
14.44140625,78845.0,271908.0,228306.0
14.4453125,78793.0,271912.0,228330.0
14.44921875,78756.0,271901.0,228302.0
14.453125,78736.0,271914.0,228304.0
14.45703125,78690.0,271905.0,228312.0
14.4609375,78659.0,271904.0,228307.0
14.46484375,78617.0,271910.0,228299.0
14.46875,78623.0,271890.0,228287.0
14.47265625,78570.0,271885.0,228289.0
14.4765625,78554.0,271936.0,228301.0
14.48046875,78547.0,271903.0,228302.0
14.484375,78512.0,271894.0,228297.0
14.48828125,78480.0,271904.0,228283.0
14.4921875,78496.0,271884.0,228309.0
14.49609375,78472.0,271906.0,228301.0
14.5,78449.0,271908.0,228300.0
14.50390625,78422.0,271888.0,228275.0
14.5078125,78404.0,271907.0,228293.0
14.51171875,78376.0,271880.0,228294.0
14.515625,78369.0,271899.0,228271.0
14.51953125,78380.0,271897.0,228272.0
14.5234375,78359.0,271915.0,228280.0
14.52734375,78352.0,271901.0,228281.0
14.53125,78334.0,271916.0,228283.0
14.53515625,78319.0,271893.0,228302.0
14.5390625,78348.0,271924.0,228300.0
14.54296875,78338.0,271916.0,228284.0
14.546875,78332.0,271881.0,228299.0
14.55078125,78336.0,271888.0,228302.0
14.5546875,78342.0,271880.0,228310.0
14.55859375,78359.0,271919.0,228309.0
14.5625,78361.0,271901.0,228308.0
14.56640625,78366.0,271894.0,228311.0
14.5703125,78368.0,271903.0,228323.0
14.57421875,78405.0,271919.0,228320.0
14.578125,78406.0,271894.0,228331.0
14.58203125,78394.0,271900.0,228345.0
14.5859375,78429.0,271907.0,228334.0
14.58984375,78428.0,271889.0,228341.0
14.59375,78422.0,271906.0,228346.0
14.59765625,78460.0,271921.0,228333.0
14.6015625,78430.0,271916.0,228356.0
14.60546875,78475.0,271911.0,228320.0
14.609375,78484.0,271902.0,228335.0
14.61328125,78482.0,271920.0,228339.0
14.6171875,78479.0,271890.0,228346.0
14.62109375,78494.0,271873.0,228354.0
14.625,78476.0,271902.0,228337.0
14.62890625,78479.0,271910.0,228349.0
14.6328125,78494.0,271926.0,228338.0
14.63671875,78532.0,271911.0,228343.0
14.640625,78513.0,271917.0,228338.0
14.64453125,78526.0,271899.0,228364.0
14.6484375,78520.0,271902.0,228349.0
14.65234375,78521.0,271905.0,228365.0
14.65625,78524.0,271889.0,228334.0
14.66015625,78507.0,271888.0,228353.0
14.6640625,78519.0,271909.0,228372.0
14.66796875,78518.0,271924.0,228345.0
14.671875,78538.0,271902.0,228349.0
14.67578125,78530.0,271897.0,228366.0
14.6796875,78518.0,271915.0,228368.0
14.68359375,78539.0,271893.0,228343.0
14.6875,78539.0,271889.0,228347.0
14.69140625,78541.0,271888.0,228328.0
14.6953125,78564.0,271897.0,228344.0
14.69921875,78565.0,271882.0,228349.0
14.703125,78556.0,271904.0,228360.0
14.70703125,78593.0,271916.0,228329.0
14.7109375,78563.0,271910.0,228357.0
14.71484375,78579.0,271930.0,228352.0
14.71875,78595.0,271918.0,228356.0
14.72265625,78586.0,271922.0,228341.0
14.7265625,78596.0,271902.0,228361.0
14.73046875,78617.0,271909.0,228347.0
14.734375,78608.0,271927.0,228373.0
14.73828125,78636.0,271904.0,228362.0
14.7421875,78636.0,271910.0,228369.0
14.74609375,78647.0,271911.0,228377.0
14.75,78664.0,271919.0,228359.0
14.75390625,78682.0,271923.0,228358.0
14.7578125,78682.0,271927.0,228361.0
14.76171875,78701.0,271920.0,228378.0
14.765625,78684.0,271908.0,228388.0
14.76953125,78726.0,271897.0,228367.0
14.7734375,78725.0,271918.0,228398.0
14.77734375,78748.0,271921.0,228394.0
14.78125,78763.0,271905.0,228377.0
14.78515625,78764.0,271934.0,228402.0
14.7890625,78754.0,271922.0,228406.0
14.79296875,78776.0,271916.0,228399.0
14.796875,78793.0,271917.0,228421.0
14.80078125,78818.0,271935.0,228433.0
14.8046875,78829.0,271926.0,228417.0
14.80859375,78843.0,271933.0,228404.0
14.8125,78847.0,271955.0,228433.0
14.81640625,78865.0,271921.0,228463.0
14.8203125,78866.0,271913.0,228443.0
14.82421875,78882.0,271952.0,228449.0
14.828125,78901.0,271960.0,228474.0
14.83203125,78906.0,271967.0,228429.0
14.8359375,78947.0,271930.0,228454.0
14.83984375,78930.0,271980.0,228468.0
14.84375,78948.0,271922.0,228452.0
14.84765625,78964.0,271965.0,228441.0
14.8515625,78967.0,271939.0,228463.0
14.85546875,78990.0,271939.0,228447.0
14.859375,79010.0,271943.0,228431.0
14.86328125,79040.0,271966.0,228458.0
14.8671875,79049.0,271928.0,228437.0
14.87109375,79042.0,271936.0,228458.0
14.875,79076.0,271963.0,228457.0
14.87890625,79094.0,271949.0,228470.0
14.8828125,79097.0,271968.0,228449.0
14.88671875,79106.0,271947.0,228465.0
14.890625,79112.0,271963.0,228462.0
14.89453125,79114.0,271939.0,228464.0
14.8984375,79147.0,271942.0,228491.0
14.90234375,79160.0,271953.0,228455.0
14.90625,79172.0,271951.0,228475.0
14.91015625,79187.0,271959.0,228470.0
14.9140625,79193.0,271957.0,228490.0
14.91796875,79189.0,271945.0,228479.0
14.921875,79219.0,271944.0,228488.0
14.92578125,79237.0,271948.0,228508.0
14.9296875,79250.0,271942.0,228494.0
14.93359375,79264.0,271970.0,228494.0
14.9375,79268.0,271983.0,228509.0
14.94140625,79287.0,271960.0,228496.0
14.9453125,79303.0,271966.0,228497.0
14.94921875,79332.0,271984.0,228499.0
14.953125,79332.0,271976.0,228507.0
14.95703125,79357.0,271972.0,228495.0
14.9609375,79339.0,271981.0,228488.0
14.96484375,79396.0,271964.0,228501.0
14.96875,79408.0,271978.0,228510.0
14.97265625,79409.0,271963.0,228505.0
14.9765625,79436.0,271960.0,228512.0
14.98046875,79431.0,271980.0,228523.0
14.984375,79470.0,271980.0,228532.0
14.98828125,79463.0,271960.0,228525.0
14.9921875,79471.0,271974.0,228524.0
14.99609375,79501.0,271995.0,228529.0
15.0,79508.0,271957.0,228530.0
15.00390625,79517.0,271985.0,228537.0
15.0078125,79528.0,271956.0,228518.0
15.01171875,79537.0,271956.0,228511.0
15.015625,79583.0,271999.0,228529.0
15.01953125,79586.0,271960.0,228531.0
15.0234375,79576.0,271983.0,228539.0
15.02734375,79597.0,271963.0,228528.0
15.03125,79633.0,271987.0,228538.0
15.03515625,79651.0,271973.0,228534.0
15.0390625,79651.0,271984.0,228526.0
15.04296875,79657.0,271969.0,228535.0
15.046875,79660.0,271959.0,228540.0
15.05078125,79687.0,271965.0,228518.0
15.0546875,79681.0,271992.0,228539.0
15.05859375,79676.0,271963.0,228520.0
15.0625,79705.0,271966.0,228531.0
15.06640625,79677.0,271954.0,228517.0
15.0703125,79688.0,271944.0,228509.0
15.07421875,79676.0,271953.0,228496.0
15.078125,79659.0,271943.0,228532.0
15.08203125,79672.0,271963.0,228491.0
15.0859375,79649.0,271976.0,228490.0
15.08984375,79612.0,271963.0,228487.0
15.09375,79577.0,271961.0,228486.0
15.09765625,79552.0,271986.0,228497.0
15.1015625,79541.0,271972.0,228485.0
15.10546875,79496.0,271952.0,228452.0
15.109375,79438.0,271951.0,228466.0
15.11328125,79381.0,271964.0,228471.0
15.1171875,79347.0,271971.0,228466.0
15.12109375,79276.0,271950.0,228450.0
15.125,79219.0,271927.0,228454.0
15.12890625,79185.0,271976.0,228435.0
15.1328125,79119.0,271957.0,228425.0
15.13671875,79066.0,271928.0,228412.0
15.140625,78993.0,271944.0,228398.0
15.14453125,78909.0,271921.0,228395.0
15.1484375,78896.0,271932.0,228398.0
15.15234375,78814.0,271936.0,228402.0
15.15625,78776.0,271921.0,228377.0
15.16015625,78716.0,271934.0,228378.0
15.1640625,78658.0,271941.0,228372.0
15.16796875,78638.0,271943.0,228373.0
15.171875,78568.0,271933.0,228341.0
15.17578125,78528.0,271889.0,228324.0
15.1796875,78482.0,271923.0,228327.0
15.18359375,78430.0,271914.0,228318.0
15.1875,78401.0,271918.0,228328.0
15.19140625,78361.0,271919.0,228336.0
15.1953125,78330.0,271920.0,228308.0
15.19921875,78291.0,271911.0,228302.0
15.203125,78261.0,271880.0,228313.0
15.20703125,78248.0,271910.0,228303.0
15.2109375,78210.0,271914.0,228305.0
15.21484375,78180.0,271909.0,228298.0
15.21875,78146.0,271906.0,228292.0
15.22265625,78118.0,271916.0,228280.0
15.2265625,78083.0,271907.0,228288.0
15.23046875,78063.0,271873.0,228299.0
15.234375,78048.0,271906.0,228285.0
15.23828125,78056.0,271891.0,228296.0
15.2421875,78026.0,271874.0,228291.0
15.24609375,77979.0,271903.0,228302.0
15.25,77993.0,271906.0,228303.0
15.25390625,77976.0,271882.0,228291.0
15.2578125,77961.0,271892.0,228286.0
15.26171875,77958.0,271891.0,228289.0
15.265625,77931.0,271899.0,228295.0
15.26953125,77922.0,271911.0,228293.0
15.2734375,77928.0,271897.0,228298.0
15.27734375,77898.0,271889.0,228287.0
15.28125,77902.0,271894.0,228306.0
15.28515625,77900.0,271878.0,228267.0
15.2890625,77903.0,271892.0,228285.0
15.29296875,77903.0,271888.0,228290.0
15.296875,77921.0,271884.0,228305.0
15.30078125,77918.0,271898.0,228302.0
15.3046875,77914.0,271898.0,228292.0
15.30859375,77926.0,271883.0,228309.0
15.3125,77931.0,271882.0,228317.0
15.31640625,77929.0,271892.0,228330.0
15.3203125,77942.0,271872.0,228296.0
15.32421875,77957.0,271891.0,228296.0
15.328125,77973.0,271892.0,228292.0
15.33203125,77956.0,271883.0,228301.0
15.3359375,77985.0,271886.0,228309.0
15.33984375,77995.0,271902.0,228300.0
15.34375,78003.0,271893.0,228296.0
15.34765625,78011.0,271867.0,228312.0
15.3515625,78011.0,271879.0,228301.0
15.35546875,78029.0,271912.0,228302.0
15.359375,78041.0,271888.0,228286.0
15.36328125,78068.0,271874.0,228317.0
15.3671875,78068.0,271890.0,228296.0
15.37109375,78048.0,271888.0,228301.0
15.375,78060.0,271909.0,228294.0
15.37890625,78065.0,271880.0,228318.0
15.3828125,78077.0,271911.0,228321.0
15.38671875,78106.0,271885.0,228329.0
15.390625,78085.0,271888.0,228310.0
15.39453125,78106.0,271852.0,228304.0
15.3984375,78108.0,271882.0,228300.0
15.40234375,78120.0,271883.0,228316.0
15.40625,78114.0,271869.0,228311.0
15.41015625,78108.0,271888.0,228326.0
15.4140625,78120.0,271897.0,228307.0
15.41796875,78121.0,271884.0,228312.0
15.421875,78137.0,271879.0,228326.0
15.42578125,78153.0,271876.0,228321.0
15.4296875,78136.0,271851.0,228293.0
15.43359375,78173.0,271869.0,228317.0
15.4375,78151.0,271897.0,228297.0
15.44140625,78150.0,271870.0,228314.0
15.4453125,78164.0,271869.0,228303.0
15.44921875,78205.0,271875.0,228342.0
15.453125,78173.0,271878.0,228308.0
15.45703125,78193.0,271879.0,228301.0
15.4609375,78209.0,271870.0,228323.0
15.46484375,78207.0,271876.0,228318.0
15.46875,78231.0,271903.0,228312.0
15.47265625,78224.0,271865.0,228288.0
15.4765625,78254.0,271863.0,228327.0
15.48046875,78260.0,271868.0,228338.0
15.484375,78260.0,271882.0,228328.0
15.48828125,78268.0,271861.0,228332.0
15.4921875,78298.0,271880.0,228325.0
15.49609375,78284.0,271891.0,228329.0
15.5,78295.0,271887.0,228328.0
15.50390625,78327.0,271882.0,228352.0
15.5078125,78321.0,271883.0,228343.0
15.51171875,78335.0,271890.0,228333.0
15.515625,78373.0,271878.0,228340.0
15.51953125,78355.0,271892.0,228348.0
15.5234375,78375.0,271887.0,228353.0
15.52734375,78389.0,271882.0,228365.0
15.53125,78396.0,271904.0,228368.0
15.53515625,78414.0,271899.0,228362.0
15.5390625,78429.0,271866.0,228358.0
15.54296875,78456.0,271880.0,228348.0
15.546875,78464.0,271884.0,228357.0
15.55078125,78452.0,271889.0,228370.0
15.5546875,78485.0,271887.0,228388.0
15.55859375,78510.0,271885.0,228363.0
15.5625,78520.0,271876.0,228363.0
15.56640625,78524.0,271869.0,228374.0
15.5703125,78524.0,271875.0,228360.0
15.57421875,78538.0,271888.0,228389.0
15.578125,78563.0,271908.0,228380.0
15.58203125,78566.0,271893.0,228379.0
15.5859375,78569.0,271892.0,228397.0
15.58984375,78597.0,271891.0,228393.0
15.59375,78612.0,271873.0,228395.0
15.59765625,78609.0,271896.0,228378.0
15.6015625,78636.0,271881.0,228405.0
15.60546875,78640.0,271891.0,228407.0
15.609375,78646.0,271893.0,228404.0
15.61328125,78661.0,271898.0,228392.0
15.6171875,78690.0,271923.0,228421.0
15.62109375,78697.0,271910.0,228420.0
15.625,78710.0,271912.0,228420.0
15.62890625,78729.0,271911.0,228403.0
15.6328125,78735.0,271908.0,228418.0
15.63671875,78732.0,271904.0,228427.0
15.640625,78768.0,271911.0,228418.0
15.64453125,78776.0,271918.0,228445.0
15.6484375,78766.0,271920.0,228417.0
15.65234375,78803.0,271912.0,228418.0
15.65625,78812.0,271938.0,228433.0
15.66015625,78827.0,271908.0,228444.0
15.6640625,78840.0,271918.0,228451.0
15.66796875,78870.0,271943.0,228436.0
15.671875,78862.0,271927.0,228459.0
15.67578125,78879.0,271928.0,228439.0
15.6796875,78876.0,271902.0,228437.0
15.68359375,78911.0,271928.0,228441.0
15.6875,78941.0,271910.0,228465.0
15.69140625,78942.0,271885.0,228448.0
15.6953125,78946.0,271911.0,228450.0
15.69921875,78975.0,271901.0,228452.0
15.703125,78970.0,271917.0,228458.0
15.70703125,79010.0,271886.0,228473.0
15.7109375,78997.0,271934.0,228479.0
15.71484375,79024.0,271924.0,228469.0
15.71875,79052.0,271901.0,228446.0
15.72265625,79063.0,271904.0,228475.0
15.7265625,79063.0,271914.0,228463.0
15.73046875,79078.0,271885.0,228458.0
15.734375,79060.0,271895.0,228450.0
15.73828125,79087.0,271919.0,228474.0
15.7421875,79090.0,271906.0,228468.0
15.74609375,79107.0,271923.0,228459.0
15.75,79125.0,271923.0,228465.0
15.75390625,79112.0,271911.0,228467.0
15.7578125,79148.0,271907.0,228453.0
15.76171875,79158.0,271877.0,228458.0
15.765625,79169.0,271903.0,228447.0
15.76953125,79174.0,271870.0,228462.0
15.7734375,79181.0,271891.0,228450.0
15.77734375,79198.0,271865.0,228442.0
15.78125,79190.0,271869.0,228432.0
15.78515625,79220.0,271891.0,228435.0
15.7890625,79216.0,271857.0,228414.0
15.79296875,79233.0,271851.0,228398.0
15.796875,79236.0,271849.0,228380.0
15.80078125,79218.0,271845.0,228384.0
15.8046875,79240.0,271856.0,228382.0
15.80859375,79232.0,271853.0,228362.0
15.8125,79196.0,271830.0,228342.0
15.81640625,79197.0,271853.0,228354.0
15.8203125,79151.0,271827.0,228366.0
15.82421875,79156.0,271843.0,228344.0
15.828125,79126.0,271827.0,228339.0
15.83203125,79083.0,271822.0,228321.0
15.8359375,79043.0,271819.0,228349.0
15.83984375,78998.0,271806.0,228318.0
15.84375,78962.0,271812.0,228290.0
15.84765625,78899.0,271814.0,228312.0
15.8515625,78872.0,271823.0,228296.0
15.85546875,78797.0,271803.0,228262.0
15.859375,78748.0,271810.0,228276.0
15.86328125,78705.0,271815.0,228244.0
15.8671875,78631.0,271798.0,228270.0
15.87109375,78580.0,271787.0,228244.0
15.875,78504.0,271778.0,228235.0
15.87890625,78455.0,271801.0,228236.0
15.8828125,78387.0,271796.0,228222.0
15.88671875,78335.0,271798.0,228244.0
15.890625,78264.0,271800.0,228238.0
15.89453125,78210.0,271809.0,228242.0
15.8984375,78178.0,271820.0,228220.0
15.90234375,78113.0,271809.0,228231.0
15.90625,78080.0,271813.0,228220.0
15.91015625,78025.0,271817.0,228209.0
15.9140625,77981.0,271802.0,228216.0
15.91796875,77943.0,271822.0,228223.0
15.921875,77884.0,271805.0,228211.0
15.92578125,77865.0,271823.0,228220.0
15.9296875,77857.0,271817.0,228218.0
15.93359375,77818.0,271810.0,228229.0
15.9375,77792.0,271822.0,228250.0
15.94140625,77735.0,271841.0,228239.0
15.9453125,77746.0,271851.0,228250.0
15.94921875,77719.0,271856.0,228257.0
15.953125,77675.0,271842.0,228269.0
15.95703125,77669.0,271871.0,228258.0
15.9609375,77656.0,271874.0,228290.0
15.96484375,77629.0,271862.0,228272.0
15.96875,77622.0,271900.0,228303.0
15.97265625,77636.0,271917.0,228315.0
15.9765625,77612.0,271885.0,228349.0
15.98046875,77609.0,271886.0,228317.0
15.984375,77605.0,271934.0,228336.0
15.98828125,77590.0,271914.0,228342.0
15.9921875,77550.0,271915.0,228378.0
15.99609375,77544.0,271931.0,228363.0
16.0,77566.0,271967.0,228388.0
16.00390625,77538.0,271950.0,228411.0
16.0078125,77536.0,271974.0,228410.0
16.01171875,77555.0,271978.0,228442.0
16.015625,77521.0,271975.0,228423.0
16.01953125,77573.0,271967.0,228426.0
16.0234375,77549.0,271976.0,228454.0
16.02734375,77559.0,271981.0,228456.0
16.03125,77573.0,271978.0,228448.0
16.03515625,77582.0,271976.0,228469.0
16.0390625,77574.0,271969.0,228471.0
16.04296875,77602.0,271991.0,228466.0
16.046875,77628.0,271980.0,228464.0
16.05078125,77627.0,271992.0,228467.0
16.0546875,77646.0,271966.0,228453.0
16.05859375,77663.0,271991.0,228456.0
16.0625,77671.0,271979.0,228457.0
16.06640625,77680.0,271975.0,228447.0
16.0703125,77688.0,271980.0,228454.0
16.07421875,77724.0,271956.0,228432.0
16.078125,77728.0,271966.0,228419.0
16.08203125,77749.0,271954.0,228436.0
16.0859375,77752.0,271964.0,228419.0
16.08984375,77750.0,271956.0,228428.0
16.09375,77751.0,271948.0,228406.0
16.09765625,77801.0,271954.0,228407.0
16.1015625,77802.0,271948.0,228394.0
16.10546875,77811.0,271918.0,228386.0
16.109375,77808.0,271984.0,228403.0
16.11328125,77811.0,271946.0,228388.0
16.1171875,77808.0,271943.0,228375.0
16.12109375,77833.0,271946.0,228417.0
16.125,77809.0,271938.0,228427.0
16.12890625,77860.0,271942.0,228404.0
16.1328125,77844.0,271946.0,228404.0
16.13671875,77854.0,271945.0,228391.0
16.140625,77851.0,271946.0,228395.0
16.14453125,77873.0,271948.0,228410.0
16.1484375,77880.0,271946.0,228420.0
16.15234375,77889.0,271928.0,228419.0
16.15625,77885.0,271946.0,228423.0
16.16015625,77897.0,271943.0,228410.0
16.1640625,77891.0,271933.0,228398.0
16.16796875,77898.0,271935.0,228398.0
16.171875,77907.0,271946.0,228405.0
16.17578125,77889.0,271938.0,228394.0
16.1796875,77922.0,271905.0,228368.0
16.18359375,77929.0,271914.0,228381.0
16.1875,77924.0,271929.0,228381.0
16.19140625,77938.0,271897.0,228365.0
16.1953125,77955.0,271917.0,228379.0
16.19921875,77970.0,271889.0,228366.0
16.203125,77944.0,271918.0,228348.0
16.20703125,77987.0,271914.0,228380.0
16.2109375,77955.0,271909.0,228364.0
16.21484375,77987.0,271921.0,228375.0
16.21875,78001.0,271892.0,228365.0
16.22265625,77987.0,271903.0,228371.0
16.2265625,78013.0,271910.0,228384.0
16.23046875,78015.0,271902.0,228392.0
16.234375,78039.0,271919.0,228382.0
16.23828125,78044.0,271912.0,228381.0
16.2421875,78068.0,271908.0,228381.0
16.24609375,78092.0,271910.0,228394.0
16.25,78092.0,271891.0,228378.0
16.25390625,78095.0,271923.0,228390.0
16.2578125,78117.0,271937.0,228381.0
16.26171875,78126.0,271899.0,228388.0
16.265625,78154.0,271916.0,228379.0
16.26953125,78175.0,271898.0,228399.0
16.2734375,78176.0,271918.0,228394.0
16.27734375,78175.0,271908.0,228406.0
16.28125,78185.0,271924.0,228389.0
16.28515625,78204.0,271933.0,228408.0
16.2890625,78228.0,271934.0,228399.0
16.29296875,78249.0,271927.0,228419.0
16.296875,78231.0,271951.0,228409.0
16.30078125,78259.0,271940.0,228406.0
16.3046875,78297.0,271908.0,228424.0
16.30859375,78283.0,271931.0,228416.0
16.3125,78296.0,271915.0,228423.0
16.31640625,78324.0,271925.0,228411.0
16.3203125,78312.0,271951.0,228435.0
16.32421875,78350.0,271946.0,228415.0
16.328125,78379.0,271924.0,228423.0
16.33203125,78378.0,271943.0,228416.0
16.3359375,78375.0,271907.0,228410.0
16.33984375,78384.0,271942.0,228408.0
16.34375,78427.0,271942.0,228419.0
16.34765625,78429.0,271943.0,228419.0
16.3515625,78473.0,271938.0,228411.0
16.35546875,78455.0,271892.0,228415.0
16.359375,78475.0,271923.0,228407.0
16.36328125,78510.0,271909.0,228425.0
16.3671875,78516.0,271912.0,228394.0
16.37109375,78532.0,271895.0,228421.0
16.375,78549.0,271918.0,228425.0
16.37890625,78534.0,271927.0,228411.0
16.3828125,78570.0,271897.0,228414.0
16.38671875,78583.0,271922.0,228410.0
16.390625,78587.0,271896.0,228405.0
16.39453125,78629.0,271901.0,228441.0
16.3984375,78622.0,271925.0,228420.0
16.40234375,78621.0,271891.0,228435.0
16.40625,78619.0,271905.0,228443.0
16.41015625,78648.0,271911.0,228430.0
16.4140625,78684.0,271908.0,228441.0
16.41796875,78683.0,271928.0,228427.0
16.421875,78697.0,271916.0,228451.0
16.42578125,78715.0,271914.0,228454.0
16.4296875,78724.0,271940.0,228451.0
16.43359375,78749.0,271920.0,228463.0
16.4375,78750.0,271908.0,228443.0
16.44140625,78762.0,271949.0,228465.0
16.4453125,78778.0,271943.0,228472.0
16.44921875,78785.0,271930.0,228465.0
16.453125,78819.0,271947.0,228483.0
16.45703125,78824.0,271921.0,228464.0
16.4609375,78852.0,271935.0,228474.0
16.46484375,78855.0,271906.0,228485.0
16.46875,78878.0,271924.0,228460.0
16.47265625,78882.0,271926.0,228489.0
16.4765625,78893.0,271941.0,228488.0
16.48046875,78904.0,271931.0,228493.0
16.484375,78938.0,271906.0,228479.0
16.48828125,78939.0,271937.0,228491.0
16.4921875,78941.0,271901.0,228507.0
16.49609375,78948.0,271917.0,228493.0
16.5,78965.0,271911.0,228498.0
16.50390625,78989.0,271932.0,228464.0
16.5078125,78999.0,271935.0,228496.0
16.51171875,78965.0,271914.0,228503.0
16.515625,78979.0,271959.0,228496.0
16.51953125,79023.0,271912.0,228490.0
16.5234375,79034.0,271940.0,228509.0
16.52734375,79004.0,271929.0,228498.0
16.53125,79036.0,271945.0,228493.0
16.53515625,78983.0,271948.0,228505.0
16.5390625,78987.0,271943.0,228531.0
16.54296875,78963.0,271956.0,228506.0
16.546875,78960.0,271947.0,228511.0
16.55078125,78891.0,271941.0,228491.0
16.5546875,78876.0,271942.0,228522.0
16.55859375,78822.0,271960.0,228522.0
16.5625,78798.0,271980.0,228516.0
16.56640625,78751.0,271955.0,228520.0
16.5703125,78732.0,271978.0,228509.0
16.57421875,78661.0,271987.0,228517.0
16.578125,78577.0,271972.0,228497.0
16.58203125,78549.0,271966.0,228474.0
16.5859375,78487.0,271958.0,228473.0
16.58984375,78421.0,271946.0,228476.0
16.59375,78345.0,271964.0,228459.0
16.59765625,78282.0,271964.0,228447.0
16.6015625,78241.0,271949.0,228433.0
16.60546875,78173.0,271953.0,228440.0
16.609375,78081.0,271951.0,228411.0
16.61328125,78045.0,271925.0,228401.0
16.6171875,77984.0,271931.0,228389.0
16.62109375,77923.0,271919.0,228389.0
16.625,77896.0,271913.0,228407.0
16.62890625,77846.0,271943.0,228383.0
16.6328125,77797.0,271908.0,228382.0
16.63671875,77735.0,271910.0,228377.0
16.640625,77693.0,271907.0,228369.0
16.64453125,77663.0,271927.0,228351.0
16.6484375,77622.0,271930.0,228367.0
16.65234375,77590.0,271899.0,228353.0
16.65625,77549.0,271912.0,228364.0
16.66015625,77518.0,271950.0,228350.0
16.6640625,77497.0,271897.0,228379.0
16.66796875,77472.0,271924.0,228398.0
16.671875,77451.0,271933.0,228383.0
16.67578125,77433.0,271924.0,228364.0
16.6796875,77377.0,271916.0,228367.0
16.68359375,77357.0,271929.0,228351.0
16.6875,77334.0,271894.0,228343.0
16.69140625,77309.0,271900.0,228350.0
16.6953125,77297.0,271890.0,228338.0
16.69921875,77264.0,271887.0,228329.0
16.703125,77248.0,271882.0,228342.0
16.70703125,77243.0,271872.0,228311.0
16.7109375,77222.0,271886.0,228329.0
16.71484375,77190.0,271873.0,228322.0
16.71875,77190.0,271897.0,228305.0
16.72265625,77149.0,271862.0,228305.0
16.7265625,77167.0,271883.0,228308.0
16.73046875,77161.0,271913.0,228313.0
16.734375,77180.0,271902.0,228311.0
16.73828125,77142.0,271888.0,228318.0
16.7421875,77175.0,271891.0,228320.0
16.74609375,77156.0,271876.0,228294.0
16.75,77157.0,271895.0,228287.0
16.75390625,77172.0,271849.0,228296.0
16.7578125,77172.0,271876.0,228301.0
16.76171875,77184.0,271881.0,228322.0
16.765625,77234.0,271905.0,228310.0
16.76953125,77229.0,271884.0,228299.0
16.7734375,77235.0,271892.0,228292.0
16.77734375,77233.0,271887.0,228295.0
16.78125,77280.0,271870.0,228310.0
16.78515625,77272.0,271869.0,228269.0
16.7890625,77300.0,271864.0,228286.0
16.79296875,77302.0,271877.0,228286.0
16.796875,77317.0,271856.0,228288.0
16.80078125,77333.0,271851.0,228256.0
16.8046875,77337.0,271861.0,228270.0
16.80859375,77350.0,271849.0,228282.0
16.8125,77357.0,271873.0,228291.0
16.81640625,77375.0,271845.0,228270.0
16.8203125,77356.0,271848.0,228275.0
16.82421875,77383.0,271836.0,228279.0
16.828125,77386.0,271852.0,228280.0
16.83203125,77398.0,271851.0,228268.0
16.8359375,77381.0,271851.0,228271.0
16.83984375,77409.0,271825.0,228282.0
16.84375,77394.0,271872.0,228246.0
16.84765625,77408.0,271836.0,228277.0
16.8515625,77418.0,271868.0,228271.0
16.85546875,77404.0,271853.0,228271.0
16.859375,77419.0,271855.0,228297.0
16.86328125,77421.0,271856.0,228259.0
16.8671875,77421.0,271840.0,228299.0
16.87109375,77433.0,271861.0,228292.0
16.875,77436.0,271877.0,228295.0
16.87890625,77443.0,271859.0,228310.0
16.8828125,77448.0,271858.0,228282.0
16.88671875,77440.0,271843.0,228279.0
16.890625,77462.0,271856.0,228298.0
16.89453125,77463.0,271865.0,228292.0
16.8984375,77456.0,271864.0,228290.0
16.90234375,77501.0,271887.0,228281.0
16.90625,77512.0,271888.0,228293.0
16.91015625,77517.0,271882.0,228306.0
16.9140625,77527.0,271889.0,228307.0
16.91796875,77513.0,271863.0,228298.0
16.921875,77551.0,271854.0,228300.0
16.92578125,77553.0,271890.0,228314.0
16.9296875,77560.0,271882.0,228305.0
16.93359375,77573.0,271904.0,228306.0
16.9375,77591.0,271865.0,228305.0
16.94140625,77599.0,271871.0,228323.0
16.9453125,77633.0,271897.0,228321.0
16.94921875,77626.0,271881.0,228306.0
16.953125,77638.0,271876.0,228297.0
16.95703125,77677.0,271873.0,228316.0
16.9609375,77662.0,271907.0,228320.0
16.96484375,77694.0,271890.0,228337.0
16.96875,77705.0,271895.0,228316.0
16.97265625,77725.0,271910.0,228335.0
16.9765625,77733.0,271876.0,228311.0
16.98046875,77762.0,271857.0,228327.0
16.984375,77786.0,271873.0,228317.0
16.98828125,77786.0,271860.0,228288.0
16.9921875,77816.0,271884.0,228308.0
16.99609375,77823.0,271889.0,228275.0
17.0,77834.0,271865.0,228274.0
17.00390625,77843.0,271806.0,228278.0
17.0078125,77841.0,271857.0,228269.0
17.01171875,77879.0,271825.0,228255.0
17.015625,77881.0,271834.0,228245.0
17.01953125,77900.0,271827.0,228264.0
17.0234375,77896.0,271819.0,228260.0
17.02734375,77934.0,271834.0,228255.0
17.03125,77954.0,271862.0,228250.0
17.03515625,77952.0,271833.0,228232.0
17.0390625,77969.0,271832.0,228243.0
17.04296875,77976.0,271831.0,228249.0
17.046875,77988.0,271819.0,228253.0
17.05078125,78014.0,271832.0,228256.0
17.0546875,78036.0,271821.0,228262.0
17.05859375,78078.0,271827.0,228222.0
17.0625,78073.0,271808.0,228237.0
17.06640625,78091.0,271823.0,228238.0
17.0703125,78117.0,271835.0,228238.0
17.07421875,78136.0,271834.0,228241.0
17.078125,78133.0,271812.0,228243.0
17.08203125,78178.0,271848.0,228243.0
17.0859375,78181.0,271809.0,228250.0
17.08984375,78211.0,271847.0,228227.0
17.09375,78211.0,271842.0,228255.0
17.09765625,78238.0,271851.0,228252.0
17.1015625,78250.0,271835.0,228256.0
17.10546875,78270.0,271869.0,228285.0
17.109375,78294.0,271868.0,228258.0
17.11328125,78327.0,271856.0,228285.0
17.1171875,78330.0,271847.0,228299.0
17.12109375,78341.0,271843.0,228290.0
17.125,78366.0,271875.0,228295.0
17.12890625,78389.0,271872.0,228294.0
17.1328125,78405.0,271885.0,228307.0
17.13671875,78427.0,271855.0,228312.0
17.140625,78440.0,271878.0,228321.0
17.14453125,78451.0,271885.0,228335.0
17.1484375,78477.0,271867.0,228341.0
17.15234375,78512.0,271900.0,228355.0
17.15625,78537.0,271902.0,228352.0
17.16015625,78554.0,271927.0,228344.0
17.1640625,78567.0,271912.0,228376.0
17.16796875,78591.0,271922.0,228384.0
17.171875,78608.0,271931.0,228376.0
17.17578125,78658.0,271950.0,228397.0
17.1796875,78646.0,271942.0,228404.0
17.18359375,78680.0,271934.0,228421.0
17.1875,78698.0,271930.0,228395.0
17.19140625,78735.0,271944.0,228420.0
17.1953125,78759.0,271967.0,228415.0
17.19921875,78738.0,271963.0,228414.0
17.203125,78771.0,271955.0,228417.0
17.20703125,78795.0,271968.0,228435.0
17.2109375,78831.0,271945.0,228454.0
17.21484375,78842.0,271954.0,228446.0
17.21875,78865.0,271967.0,228446.0
17.22265625,78856.0,271954.0,228428.0
17.2265625,78870.0,271967.0,228444.0
17.23046875,78896.0,271987.0,228446.0
17.234375,78917.0,271974.0,228459.0
17.23828125,78911.0,271993.0,228438.0
17.2421875,78916.0,271983.0,228432.0
17.24609375,78933.0,272000.0,228438.0
17.25,78963.0,271960.0,228420.0
17.25390625,78955.0,271963.0,228431.0
17.2578125,78961.0,271977.0,228398.0
17.26171875,78947.0,271987.0,228406.0
17.265625,78959.0,271977.0,228408.0
17.26953125,78929.0,271983.0,228349.0
17.2734375,78906.0,271963.0,228364.0
17.27734375,78926.0,272000.0,228338.0
17.28125,78881.0,271999.0,228325.0
17.28515625,78836.0,271981.0,228312.0
17.2890625,78809.0,271986.0,228303.0
17.29296875,78761.0,272017.0,228284.0
17.296875,78715.0,271997.0,228268.0
17.30078125,78642.0,272003.0,228253.0
17.3046875,78596.0,271978.0,228248.0
17.30859375,78546.0,271984.0,228220.0
17.3125,78493.0,271981.0,228198.0
17.31640625,78422.0,272001.0,228210.0
17.3203125,78395.0,271989.0,228176.0
17.32421875,78354.0,271943.0,228144.0
17.328125,78287.0,271981.0,228171.0
17.33203125,78266.0,271960.0,228164.0
17.3359375,78211.0,271984.0,228151.0
17.33984375,78162.0,271958.0,228161.0
17.34375,78127.0,271982.0,228118.0
17.34765625,78093.0,271975.0,228100.0
17.3515625,78080.0,271960.0,228110.0
17.35546875,78029.0,271969.0,228110.0
17.359375,78016.0,271967.0,228119.0
17.36328125,78001.0,271933.0,228108.0
17.3671875,77970.0,271963.0,228113.0
17.37109375,77966.0,271938.0,228110.0
17.375,77929.0,271921.0,228105.0
17.37890625,77939.0,271959.0,228099.0
17.3828125,77892.0,271983.0,228127.0
17.38671875,77901.0,271985.0,228113.0
17.390625,77888.0,271953.0,228110.0
17.39453125,77893.0,271953.0,228121.0
17.3984375,77877.0,271967.0,228110.0
17.40234375,77875.0,271971.0,228107.0
17.40625,77886.0,271968.0,228090.0
17.41015625,77881.0,271933.0,228100.0
17.4140625,77840.0,271942.0,228086.0
17.41796875,77856.0,271954.0,228086.0
17.421875,77879.0,271953.0,228104.0
17.42578125,77864.0,271944.0,228083.0
17.4296875,77847.0,271935.0,228075.0
17.43359375,77843.0,271947.0,228076.0
17.4375,77877.0,271908.0,228057.0
17.44140625,77868.0,271921.0,228072.0
17.4453125,77849.0,271921.0,228059.0
17.44921875,77871.0,271920.0,228062.0
17.453125,77873.0,271946.0,228074.0
17.45703125,77874.0,271928.0,228062.0
17.4609375,77881.0,271916.0,228062.0
17.46484375,77871.0,271925.0,228072.0
17.46875,77904.0,271895.0,228082.0
17.47265625,77929.0,271919.0,228067.0
17.4765625,77946.0,271913.0,228086.0
17.48046875,77949.0,271934.0,228102.0
17.484375,77944.0,271911.0,228103.0
17.48828125,77973.0,271936.0,228087.0
17.4921875,77983.0,271920.0,228078.0
17.49609375,78013.0,271921.0,228103.0
17.5,78022.0,271935.0,228100.0
17.50390625,78037.0,271914.0,228117.0
17.5078125,78076.0,271939.0,228118.0
17.51171875,78104.0,271968.0,228113.0
17.515625,78135.0,271959.0,228120.0
17.51953125,78177.0,271955.0,228139.0
17.5234375,78183.0,271962.0,228140.0
17.52734375,78176.0,271972.0,228136.0
17.53125,78231.0,271972.0,228177.0
17.53515625,78231.0,271974.0,228158.0
17.5390625,78256.0,271979.0,228153.0
17.54296875,78276.0,271960.0,228169.0
17.546875,78306.0,271949.0,228164.0
17.55078125,78313.0,271963.0,228155.0
17.5546875,78317.0,271948.0,228154.0
17.55859375,78338.0,271934.0,228139.0
17.5625,78364.0,271971.0,228172.0
17.56640625,78379.0,271973.0,228160.0
17.5703125,78385.0,271977.0,228168.0
17.57421875,78412.0,271959.0,228170.0
17.578125,78410.0,271973.0,228164.0
17.58203125,78433.0,271982.0,228171.0
17.5859375,78440.0,271950.0,228204.0
17.58984375,78481.0,271985.0,228171.0
17.59375,78481.0,271951.0,228179.0
17.59765625,78496.0,271971.0,228178.0
17.6015625,78484.0,271947.0,228186.0
17.60546875,78527.0,271963.0,228174.0
17.609375,78530.0,271968.0,228186.0
17.61328125,78554.0,271959.0,228200.0
17.6171875,78576.0,271956.0,228190.0
17.62109375,78568.0,271965.0,228210.0
17.625,78562.0,271989.0,228207.0
17.62890625,78585.0,271968.0,228204.0
17.6328125,78602.0,271954.0,228211.0
17.63671875,78629.0,271965.0,228200.0
17.640625,78635.0,271936.0,228201.0
17.64453125,78668.0,271959.0,228183.0
17.6484375,78663.0,271960.0,228195.0
17.65234375,78662.0,271955.0,228168.0
17.65625,78667.0,271936.0,228207.0
17.66015625,78713.0,271953.0,228192.0
17.6640625,78720.0,271962.0,228192.0
17.66796875,78718.0,271974.0,228205.0
17.671875,78743.0,271949.0,228196.0
17.67578125,78757.0,271959.0,228189.0
17.6796875,78766.0,271942.0,228195.0
17.68359375,78768.0,271973.0,228212.0
17.6875,78824.0,271943.0,228199.0
17.69140625,78836.0,271975.0,228213.0
17.6953125,78859.0,271977.0,228225.0
17.69921875,78868.0,271988.0,228201.0
17.703125,78864.0,271963.0,228217.0
17.70703125,78901.0,271994.0,228242.0
17.7109375,78925.0,271994.0,228231.0
17.71484375,78944.0,271992.0,228247.0
17.71875,78946.0,272000.0,228231.0
17.72265625,78981.0,271998.0,228249.0
17.7265625,78963.0,271963.0,228267.0
17.73046875,78999.0,272000.0,228264.0
17.734375,79054.0,271985.0,228248.0
17.73828125,79053.0,271986.0,228287.0
17.7421875,79053.0,271998.0,228274.0
17.74609375,79077.0,271996.0,228280.0
17.75,79107.0,272023.0,228284.0
17.75390625,79152.0,272001.0,228281.0
17.7578125,79170.0,272020.0,228281.0
17.76171875,79175.0,272020.0,228280.0
17.765625,79179.0,272015.0,228292.0
17.76953125,79218.0,272033.0,228303.0
17.7734375,79229.0,272043.0,228307.0
17.77734375,79254.0,272018.0,228310.0
17.78125,79272.0,272022.0,228336.0
17.78515625,79290.0,272002.0,228319.0
17.7890625,79294.0,272000.0,228320.0
17.79296875,79319.0,272018.0,228317.0
17.796875,79347.0,272020.0,228307.0
17.80078125,79346.0,271996.0,228334.0
17.8046875,79365.0,272035.0,228293.0
17.80859375,79409.0,272051.0,228316.0
17.8125,79407.0,271993.0,228329.0
17.81640625,79447.0,272004.0,228326.0
17.8203125,79420.0,272010.0,228338.0
17.82421875,79470.0,271997.0,228316.0
17.828125,79472.0,272023.0,228314.0
17.83203125,79490.0,272000.0,228334.0
17.8359375,79521.0,272009.0,228341.0
17.83984375,79523.0,272028.0,228337.0
17.84375,79536.0,271991.0,228327.0
17.84765625,79566.0,272026.0,228317.0
17.8515625,79560.0,272015.0,228329.0
17.85546875,79579.0,271994.0,228309.0
17.859375,79613.0,272037.0,228324.0
17.86328125,79626.0,272011.0,228325.0
17.8671875,79646.0,272024.0,228348.0
17.87109375,79679.0,272002.0,228324.0
17.875,79690.0,272014.0,228339.0
17.87890625,79713.0,272004.0,228342.0
17.8828125,79705.0,272032.0,228361.0
17.88671875,79746.0,272017.0,228351.0
17.890625,79760.0,272037.0,228334.0
17.89453125,79781.0,272044.0,228360.0
17.8984375,79806.0,271997.0,228351.0
17.90234375,79812.0,272022.0,228380.0
17.90625,79834.0,272042.0,228371.0
17.91015625,79857.0,272044.0,228371.0
17.9140625,79866.0,272009.0,228378.0
17.91796875,79879.0,272040.0,228376.0
17.921875,79908.0,272041.0,228369.0
17.92578125,79917.0,272052.0,228365.0
17.9296875,79937.0,272049.0,228389.0
17.93359375,79965.0,272024.0,228355.0
17.9375,79993.0,272035.0,228358.0
17.94140625,79983.0,272027.0,228374.0
17.9453125,80001.0,272019.0,228351.0
17.94921875,80023.0,272010.0,228368.0
17.953125,80045.0,272027.0,228373.0
17.95703125,80039.0,271997.0,228378.0
17.9609375,80070.0,272034.0,228341.0
17.96484375,80095.0,272038.0,228380.0
17.96875,80085.0,272014.0,228369.0
17.97265625,80119.0,272029.0,228364.0
17.9765625,80121.0,272014.0,228354.0
17.98046875,80144.0,272022.0,228353.0
17.984375,80141.0,272029.0,228357.0
17.98828125,80146.0,272005.0,228379.0
17.9921875,80151.0,272019.0,228398.0
17.99609375,80175.0,272033.0,228374.0
18.0,80169.0,272016.0,228390.0
18.00390625,80190.0,272026.0,228385.0
18.0078125,80165.0,272009.0,228384.0
18.01171875,80196.0,272000.0,228370.0
18.015625,80182.0,272012.0,228384.0
18.01953125,80172.0,272018.0,228358.0
18.0234375,80172.0,271983.0,228359.0
18.02734375,80147.0,272005.0,228358.0
18.03125,80116.0,272011.0,228333.0
18.03515625,80103.0,271996.0,228351.0
18.0390625,80078.0,271976.0,228312.0
18.04296875,80037.0,271989.0,228319.0
18.046875,80004.0,271984.0,228307.0
18.05078125,79943.0,271982.0,228302.0
18.0546875,79925.0,271977.0,228258.0
18.05859375,79860.0,271988.0,228269.0
18.0625,79821.0,271957.0,228265.0
18.06640625,79768.0,271949.0,228254.0
18.0703125,79754.0,271982.0,228248.0
18.07421875,79703.0,271951.0,228231.0
18.078125,79651.0,271955.0,228199.0
18.08203125,79598.0,271932.0,228215.0
18.0859375,79534.0,271951.0,228216.0
18.08984375,79522.0,271954.0,228208.0
18.09375,79462.0,271944.0,228201.0
18.09765625,79429.0,271940.0,228188.0
18.1015625,79379.0,271914.0,228210.0
18.10546875,79328.0,271955.0,228191.0
18.109375,79309.0,271938.0,228205.0
18.11328125,79281.0,271947.0,228174.0
18.1171875,79253.0,271919.0,228176.0
18.12109375,79202.0,271947.0,228185.0
18.125,79168.0,271943.0,228179.0
18.12890625,79131.0,271924.0,228174.0
18.1328125,79112.0,271923.0,228163.0
18.13671875,79059.0,271903.0,228168.0
18.140625,79057.0,271935.0,228168.0
18.14453125,79044.0,271944.0,228179.0
18.1484375,79033.0,271916.0,228149.0
18.15234375,78997.0,271942.0,228165.0
18.15625,78963.0,271906.0,228165.0
18.16015625,78987.0,271935.0,228160.0
18.1640625,78972.0,271923.0,228137.0
18.16796875,78938.0,271930.0,228135.0
18.171875,78916.0,271932.0,228167.0
18.17578125,78905.0,271914.0,228148.0
18.1796875,78904.0,271960.0,228133.0
18.18359375,78891.0,271928.0,228150.0
18.1875,78888.0,271942.0,228148.0
18.19140625,78862.0,271928.0,228176.0
18.1953125,78884.0,271929.0,228137.0
18.19921875,78848.0,271933.0,228130.0
18.203125,78864.0,271954.0,228161.0
18.20703125,78846.0,271947.0,228147.0
18.2109375,78852.0,271943.0,228142.0
18.21484375,78831.0,271935.0,228126.0
18.21875,78834.0,271927.0,228141.0
18.22265625,78839.0,271927.0,228146.0
18.2265625,78856.0,271924.0,228152.0
18.23046875,78848.0,271920.0,228153.0
18.234375,78862.0,271950.0,228167.0
18.23828125,78903.0,271944.0,228182.0
18.2421875,78898.0,271934.0,228158.0
18.24609375,78904.0,271921.0,228165.0
18.25,78926.0,271934.0,228158.0
18.25390625,78925.0,271933.0,228152.0
18.2578125,78955.0,271910.0,228161.0
18.26171875,78954.0,271913.0,228163.0
18.265625,78972.0,271929.0,228151.0
18.26953125,78969.0,271908.0,228204.0
18.2734375,78984.0,271928.0,228160.0
18.27734375,78985.0,271929.0,228173.0
18.28125,79021.0,271945.0,228163.0
18.28515625,79046.0,271934.0,228175.0
18.2890625,79028.0,271935.0,228199.0
18.29296875,79043.0,271961.0,228173.0
18.296875,79041.0,271893.0,228180.0
18.30078125,79059.0,271924.0,228209.0
18.3046875,79086.0,271948.0,228185.0
18.30859375,79077.0,271939.0,228199.0
18.3125,79090.0,271926.0,228192.0
18.31640625,79102.0,271954.0,228188.0
18.3203125,79098.0,271932.0,228198.0
18.32421875,79110.0,271929.0,228191.0
18.328125,79105.0,271940.0,228194.0
18.33203125,79093.0,271922.0,228212.0
18.3359375,79118.0,271961.0,228213.0
18.33984375,79122.0,271936.0,228196.0
18.34375,79136.0,271936.0,228205.0
18.34765625,79099.0,271955.0,228210.0
18.3515625,79132.0,271935.0,228211.0
18.35546875,79109.0,271927.0,228221.0
18.359375,79143.0,271927.0,228215.0
18.36328125,79128.0,271954.0,228183.0
18.3671875,79148.0,271934.0,228213.0
18.37109375,79152.0,271915.0,228219.0
18.375,79163.0,271951.0,228226.0
18.37890625,79172.0,271956.0,228215.0
18.3828125,79204.0,271931.0,228211.0
18.38671875,79203.0,271930.0,228220.0
18.390625,79187.0,271928.0,228221.0
18.39453125,79203.0,271935.0,228205.0
18.3984375,79215.0,271946.0,228204.0
18.40234375,79199.0,271950.0,228211.0
18.40625,79208.0,271903.0,228247.0
18.41015625,79208.0,271935.0,228206.0
18.4140625,79229.0,271941.0,228224.0
18.41796875,79258.0,271916.0,228231.0
18.421875,79260.0,271933.0,228217.0
18.42578125,79236.0,271930.0,228212.0
18.4296875,79263.0,271953.0,228212.0
18.43359375,79288.0,271948.0,228214.0
18.4375,79280.0,271943.0,228227.0
18.44140625,79298.0,271942.0,228229.0
18.4453125,79310.0,271901.0,228220.0
18.44921875,79325.0,271917.0,228197.0
18.453125,79323.0,271931.0,228224.0
18.45703125,79332.0,271941.0,228209.0
18.4609375,79368.0,271910.0,228232.0
18.46484375,79364.0,271938.0,228204.0
18.46875,79376.0,271935.0,228243.0
18.47265625,79369.0,271952.0,228228.0
18.4765625,79396.0,271945.0,228240.0
18.48046875,79412.0,271924.0,228253.0
18.484375,79407.0,271931.0,228250.0
18.48828125,79426.0,271938.0,228251.0
18.4921875,79434.0,271914.0,228219.0
18.49609375,79451.0,271922.0,228240.0
18.5,79456.0,271946.0,228261.0
18.50390625,79473.0,271923.0,228251.0
18.5078125,79496.0,271946.0,228244.0
18.51171875,79488.0,271938.0,228242.0
18.515625,79516.0,271938.0,228250.0
18.51953125,79516.0,271936.0,228261.0
18.5234375,79569.0,271954.0,228277.0
18.52734375,79569.0,271937.0,228264.0
18.53125,79570.0,271929.0,228247.0
18.53515625,79574.0,271939.0,228246.0
18.5390625,79571.0,271929.0,228255.0
18.54296875,79625.0,271921.0,228260.0
18.546875,79605.0,271919.0,228255.0
18.55078125,79609.0,271914.0,228239.0
18.5546875,79627.0,271914.0,228262.0
18.55859375,79628.0,271944.0,228238.0
18.5625,79642.0,271907.0,228237.0
18.56640625,79635.0,271907.0,228229.0
18.5703125,79649.0,271909.0,228269.0
18.57421875,79673.0,271910.0,228249.0
18.578125,79688.0,271891.0,228257.0
18.58203125,79689.0,271914.0,228250.0
18.5859375,79700.0,271917.0,228276.0
18.58984375,79707.0,271917.0,228269.0
18.59375,79712.0,271922.0,228278.0
18.59765625,79737.0,271925.0,228274.0
18.6015625,79756.0,271906.0,228257.0
18.60546875,79776.0,271897.0,228281.0
18.609375,79783.0,271905.0,228272.0
18.61328125,79802.0,271899.0,228280.0
18.6171875,79803.0,271899.0,228281.0
18.62109375,79808.0,271923.0,228281.0
18.625,79830.0,271934.0,228276.0
18.62890625,79841.0,271917.0,228300.0
18.6328125,79848.0,271936.0,228296.0
18.63671875,79862.0,271924.0,228280.0
18.640625,79874.0,271920.0,228311.0
18.64453125,79877.0,271930.0,228293.0
18.6484375,79912.0,271928.0,228294.0
18.65234375,79916.0,271931.0,228310.0
18.65625,79929.0,271945.0,228314.0
18.66015625,79953.0,271936.0,228316.0
18.6640625,79940.0,271933.0,228320.0
18.66796875,79966.0,271927.0,228317.0
18.671875,79943.0,271952.0,228307.0
18.67578125,79964.0,271930.0,228309.0
18.6796875,79991.0,271932.0,228311.0
18.68359375,80005.0,271932.0,228338.0
18.6875,80014.0,271946.0,228341.0
18.69140625,80017.0,271939.0,228306.0
18.6953125,80049.0,271970.0,228335.0
18.69921875,80066.0,271923.0,228312.0
18.703125,80064.0,271926.0,228310.0
18.70703125,80073.0,271932.0,228306.0
18.7109375,80077.0,271955.0,228310.0
18.71484375,80080.0,271963.0,228326.0
18.71875,80120.0,271937.0,228317.0
18.72265625,80104.0,271955.0,228337.0
18.7265625,80117.0,271939.0,228319.0
18.73046875,80138.0,271935.0,228304.0
18.734375,80121.0,271923.0,228320.0
18.73828125,80140.0,271931.0,228311.0
18.7421875,80140.0,271937.0,228298.0
18.74609375,80153.0,271937.0,228293.0
18.75,80124.0,271940.0,228306.0
18.75390625,80108.0,271915.0,228274.0
18.7578125,80082.0,271908.0,228290.0
18.76171875,80102.0,271906.0,228275.0
18.765625,80062.0,271925.0,228274.0
18.76953125,80057.0,271916.0,228264.0
18.7734375,79990.0,271924.0,228268.0
18.77734375,79988.0,271910.0,228283.0
18.78125,79940.0,271894.0,228259.0
18.78515625,79905.0,271902.0,228250.0
18.7890625,79849.0,271933.0,228264.0
18.79296875,79808.0,271903.0,228250.0
18.796875,79783.0,271921.0,228248.0
18.80078125,79740.0,271903.0,228236.0
18.8046875,79675.0,271906.0,228233.0
18.80859375,79624.0,271884.0,228212.0
18.8125,79557.0,271897.0,228212.0
18.81640625,79484.0,271883.0,228217.0
18.8203125,79475.0,271885.0,228209.0
18.82421875,79397.0,271930.0,228202.0
18.828125,79361.0,271910.0,228207.0
18.83203125,79296.0,271881.0,228164.0
18.8359375,79246.0,271890.0,228155.0
18.83984375,79208.0,271877.0,228175.0
18.84375,79147.0,271866.0,228158.0
18.84765625,79094.0,271866.0,228166.0
18.8515625,79066.0,271869.0,228151.0
18.85546875,79037.0,271873.0,228156.0
18.859375,78998.0,271902.0,228161.0
18.86328125,78960.0,271868.0,228141.0
18.8671875,78917.0,271877.0,228133.0
18.87109375,78881.0,271894.0,228141.0
18.875,78843.0,271837.0,228142.0
18.87890625,78809.0,271854.0,228134.0
18.8828125,78766.0,271863.0,228123.0
18.88671875,78754.0,271863.0,228146.0
18.890625,78735.0,271872.0,228137.0
18.89453125,78715.0,271862.0,228134.0
18.8984375,78689.0,271851.0,228130.0
18.90234375,78669.0,271828.0,228135.0
18.90625,78638.0,271841.0,228133.0
18.91015625,78612.0,271847.0,228136.0
18.9140625,78607.0,271858.0,228123.0
18.91796875,78555.0,271862.0,228121.0
18.921875,78539.0,271851.0,228146.0
18.92578125,78528.0,271861.0,228154.0
18.9296875,78550.0,271869.0,228152.0
18.93359375,78525.0,271838.0,228154.0
18.9375,78481.0,271860.0,228167.0
18.94140625,78479.0,271873.0,228168.0
18.9453125,78511.0,271883.0,228168.0
18.94921875,78485.0,271886.0,228170.0
18.953125,78474.0,271880.0,228167.0
18.95703125,78479.0,271898.0,228178.0
18.9609375,78461.0,271888.0,228195.0
18.96484375,78483.0,271882.0,228204.0
18.96875,78491.0,271893.0,228210.0
18.97265625,78496.0,271873.0,228202.0
18.9765625,78501.0,271901.0,228191.0
18.98046875,78530.0,271906.0,228206.0
18.984375,78522.0,271910.0,228205.0
18.98828125,78527.0,271910.0,228229.0
18.9921875,78559.0,271917.0,228223.0
18.99609375,78556.0,271880.0,228236.0
19.0,78554.0,271905.0,228223.0
19.00390625,78560.0,271897.0,228217.0
19.0078125,78604.0,271901.0,228222.0
19.01171875,78617.0,271933.0,228225.0
19.015625,78609.0,271937.0,228238.0
19.01953125,78658.0,271902.0,228241.0
19.0234375,78667.0,271908.0,228241.0
19.02734375,78657.0,271905.0,228249.0
19.03125,78672.0,271916.0,228253.0
19.03515625,78652.0,271931.0,228253.0
19.0390625,78685.0,271906.0,228247.0
19.04296875,78689.0,271901.0,228255.0
19.046875,78715.0,271917.0,228245.0
19.05078125,78710.0,271907.0,228248.0
19.0546875,78708.0,271926.0,228254.0
19.05859375,78718.0,271916.0,228243.0
19.0625,78741.0,271930.0,228249.0
19.06640625,78737.0,271911.0,228233.0
19.0703125,78744.0,271895.0,228255.0
19.07421875,78738.0,271890.0,228239.0
19.078125,78731.0,271915.0,228223.0
19.08203125,78748.0,271910.0,228241.0
19.0859375,78774.0,271899.0,228226.0
19.08984375,78785.0,271925.0,228213.0
19.09375,78769.0,271903.0,228234.0
19.09765625,78754.0,271902.0,228208.0
19.1015625,78792.0,271893.0,228202.0
19.10546875,78767.0,271907.0,228228.0
19.109375,78804.0,271898.0,228220.0
19.11328125,78789.0,271891.0,228227.0
19.1171875,78796.0,271903.0,228217.0
19.12109375,78807.0,271909.0,228213.0
19.125,78813.0,271909.0,228228.0
19.12890625,78824.0,271907.0,228233.0
19.1328125,78812.0,271871.0,228211.0
19.13671875,78821.0,271915.0,228214.0
19.140625,78829.0,271886.0,228189.0
19.14453125,78847.0,271867.0,228218.0
19.1484375,78850.0,271874.0,228229.0
19.15234375,78858.0,271890.0,228228.0
19.15625,78869.0,271900.0,228211.0
19.16015625,78858.0,271870.0,228225.0
19.1640625,78895.0,271898.0,228215.0
19.16796875,78917.0,271889.0,228204.0
19.171875,78902.0,271918.0,228222.0
19.17578125,78919.0,271911.0,228245.0
19.1796875,78949.0,271900.0,228235.0
19.18359375,78947.0,271921.0,228241.0
19.1875,78963.0,271871.0,228242.0
19.19140625,78972.0,271905.0,228268.0
19.1953125,78975.0,271910.0,228239.0
19.19921875,78974.0,271891.0,228249.0
19.203125,78986.0,271895.0,228260.0
19.20703125,79006.0,271904.0,228277.0
19.2109375,79018.0,271904.0,228278.0
19.21484375,79035.0,271884.0,228260.0
19.21875,79031.0,271893.0,228266.0
19.22265625,79057.0,271905.0,228262.0
19.2265625,79041.0,271909.0,228260.0
19.23046875,79061.0,271906.0,228280.0
19.234375,79053.0,271901.0,228272.0
19.23828125,79072.0,271901.0,228266.0
19.2421875,79099.0,271881.0,228262.0
19.24609375,79089.0,271886.0,228271.0
19.25,79102.0,271912.0,228290.0
19.25390625,79107.0,271878.0,228289.0
19.2578125,79116.0,271921.0,228291.0
19.26171875,79110.0,271927.0,228271.0
19.265625,79131.0,271879.0,228276.0
19.26953125,79144.0,271870.0,228256.0
19.2734375,79138.0,271889.0,228274.0
19.27734375,79184.0,271903.0,228256.0
19.28125,79201.0,271919.0,228277.0
19.28515625,79190.0,271890.0,228272.0
19.2890625,79198.0,271901.0,228264.0
19.29296875,79190.0,271885.0,228293.0
19.296875,79230.0,271916.0,228270.0
19.30078125,79233.0,271917.0,228286.0
19.3046875,79268.0,271907.0,228268.0
19.30859375,79245.0,271905.0,228268.0
19.3125,79274.0,271897.0,228280.0
19.31640625,79246.0,271890.0,228290.0
19.3203125,79285.0,271887.0,228276.0
19.32421875,79278.0,271886.0,228299.0
19.328125,79270.0,271913.0,228290.0
19.33203125,79301.0,271889.0,228303.0
19.3359375,79295.0,271924.0,228286.0
19.33984375,79313.0,271887.0,228301.0
19.34375,79320.0,271918.0,228274.0
19.34765625,79333.0,271901.0,228303.0
19.3515625,79344.0,271906.0,228306.0
19.35546875,79330.0,271880.0,228286.0
19.359375,79365.0,271883.0,228311.0
19.36328125,79358.0,271903.0,228289.0
19.3671875,79361.0,271901.0,228275.0
19.37109375,79386.0,271886.0,228296.0
19.375,79382.0,271894.0,228305.0
19.37890625,79383.0,271911.0,228306.0
19.3828125,79400.0,271898.0,228291.0
19.38671875,79397.0,271900.0,228295.0
19.390625,79419.0,271893.0,228295.0
19.39453125,79402.0,271895.0,228305.0
19.3984375,79384.0,271850.0,228284.0
19.40234375,79398.0,271850.0,228269.0
19.40625,79384.0,271882.0,228279.0
19.41015625,79410.0,271873.0,228294.0
19.4140625,79402.0,271869.0,228308.0
19.41796875,79423.0,271878.0,228288.0
19.421875,79452.0,271884.0,228285.0
19.42578125,79442.0,271880.0,228304.0
19.4296875,79465.0,271884.0,228312.0
19.43359375,79478.0,271900.0,228291.0
19.4375,79494.0,271855.0,228285.0
19.44140625,79501.0,271863.0,228315.0
19.4453125,79517.0,271905.0,228321.0
19.44921875,79524.0,271904.0,228329.0
19.453125,79540.0,271901.0,228335.0
19.45703125,79538.0,271889.0,228320.0
19.4609375,79563.0,271899.0,228329.0
19.46484375,79571.0,271913.0,228335.0
19.46875,79570.0,271928.0,228314.0
19.47265625,79584.0,271877.0,228319.0
19.4765625,79599.0,271873.0,228339.0
19.48046875,79619.0,271877.0,228316.0
19.484375,79620.0,271876.0,228317.0
19.48828125,79631.0,271873.0,228316.0
19.4921875,79624.0,271886.0,228332.0
19.49609375,79635.0,271867.0,228316.0
19.5,79629.0,271873.0,228314.0
19.50390625,79630.0,271858.0,228295.0
19.5078125,79628.0,271871.0,228263.0
19.51171875,79624.0,271887.0,228274.0
19.515625,79603.0,271864.0,228292.0
19.51953125,79577.0,271819.0,228286.0
19.5234375,79554.0,271835.0,228260.0
19.52734375,79565.0,271862.0,228269.0
19.53125,79525.0,271836.0,228275.0
19.53515625,79478.0,271877.0,228271.0
19.5390625,79446.0,271850.0,228243.0
19.54296875,79405.0,271842.0,228244.0
19.546875,79370.0,271857.0,228237.0
19.55078125,79302.0,271845.0,228233.0
19.5546875,79256.0,271813.0,228226.0
19.55859375,79202.0,271842.0,228224.0
19.5625,79136.0,271872.0,228217.0
19.56640625,79096.0,271836.0,228222.0
19.5703125,79054.0,271835.0,228181.0
19.57421875,78973.0,271813.0,228208.0
19.578125,78920.0,271855.0,228188.0
19.58203125,78868.0,271840.0,228187.0
19.5859375,78815.0,271809.0,228144.0
19.58984375,78778.0,271807.0,228174.0
19.59375,78699.0,271832.0,228154.0
19.59765625,78641.0,271824.0,228138.0
19.6015625,78597.0,271814.0,228152.0
19.60546875,78548.0,271811.0,228129.0
19.609375,78498.0,271836.0,228124.0
19.61328125,78482.0,271816.0,228129.0
19.6171875,78390.0,271823.0,228109.0
19.62109375,78366.0,271794.0,228122.0
19.625,78331.0,271811.0,228090.0
19.62890625,78295.0,271817.0,228103.0
19.6328125,78276.0,271804.0,228100.0
19.63671875,78247.0,271790.0,228082.0
19.640625,78211.0,271793.0,228081.0
19.64453125,78219.0,271779.0,228076.0
19.6484375,78202.0,271786.0,228083.0
19.65234375,78159.0,271800.0,228083.0
19.65625,78128.0,271777.0,228100.0
19.66015625,78099.0,271764.0,228079.0
19.6640625,78087.0,271772.0,228099.0
19.66796875,78074.0,271796.0,228098.0
19.671875,78053.0,271780.0,228092.0
19.67578125,78041.0,271765.0,228072.0
19.6796875,77999.0,271767.0,228099.0
19.68359375,78009.0,271792.0,228071.0
19.6875,77976.0,271794.0,228091.0
19.69140625,77974.0,271767.0,228077.0
19.6953125,77966.0,271758.0,228078.0
19.69921875,77940.0,271783.0,228069.0
19.703125,77954.0,271776.0,228091.0
19.70703125,77924.0,271796.0,228074.0
19.7109375,77929.0,271783.0,228071.0
19.71484375,77920.0,271800.0,228072.0
19.71875,77948.0,271787.0,228081.0
19.72265625,77953.0,271791.0,228084.0
19.7265625,77950.0,271788.0,228090.0
19.73046875,77972.0,271763.0,228091.0
19.734375,77984.0,271784.0,228065.0
19.73828125,77976.0,271793.0,228093.0
19.7421875,78020.0,271811.0,228077.0
19.74609375,78016.0,271808.0,228092.0
19.75,78028.0,271806.0,228093.0
19.75390625,78064.0,271823.0,228085.0
19.7578125,78041.0,271824.0,228078.0
19.76171875,78069.0,271799.0,228086.0
19.765625,78081.0,271836.0,228076.0
19.76953125,78085.0,271820.0,228109.0
19.7734375,78122.0,271826.0,228106.0
19.77734375,78132.0,271822.0,228115.0
19.78125,78137.0,271814.0,228097.0
19.78515625,78161.0,271815.0,228127.0
19.7890625,78173.0,271825.0,228122.0
19.79296875,78166.0,271821.0,228140.0
19.796875,78188.0,271800.0,228128.0
19.80078125,78183.0,271813.0,228136.0
19.8046875,78208.0,271839.0,228135.0
19.80859375,78213.0,271825.0,228149.0
19.8125,78207.0,271835.0,228162.0
19.81640625,78236.0,271849.0,228175.0
19.8203125,78247.0,271819.0,228182.0
19.82421875,78242.0,271819.0,228165.0
19.828125,78249.0,271873.0,228191.0
19.83203125,78278.0,271862.0,228200.0
19.8359375,78294.0,271864.0,228200.0
19.83984375,78273.0,271834.0,228179.0
19.84375,78324.0,271852.0,228196.0
19.84765625,78311.0,271864.0,228204.0
19.8515625,78335.0,271858.0,228224.0
19.85546875,78332.0,271873.0,228216.0
19.859375,78338.0,271875.0,228235.0
19.86328125,78344.0,271879.0,228229.0
19.8671875,78355.0,271880.0,228258.0
19.87109375,78357.0,271874.0,228258.0
19.875,78353.0,271879.0,228245.0
19.87890625,78380.0,271881.0,228251.0
19.8828125,78383.0,271857.0,228271.0
19.88671875,78394.0,271892.0,228277.0
19.890625,78410.0,271880.0,228283.0
19.89453125,78403.0,271872.0,228277.0
19.8984375,78426.0,271875.0,228317.0
19.90234375,78431.0,271862.0,228328.0
19.90625,78465.0,271849.0,228286.0
19.91015625,78444.0,271837.0,228280.0
19.9140625,78466.0,271877.0,228299.0
19.91796875,78478.0,271882.0,228295.0
19.921875,78481.0,271851.0,228283.0
19.92578125,78512.0,271863.0,228283.0
19.9296875,78490.0,271874.0,228309.0
19.93359375,78513.0,271850.0,228285.0
19.9375,78528.0,271879.0,228304.0
19.94140625,78525.0,271864.0,228299.0
19.9453125,78538.0,271833.0,228284.0
19.94921875,78559.0,271844.0,228290.0
19.953125,78574.0,271860.0,228293.0
19.95703125,78571.0,271866.0,228302.0
19.9609375,78554.0,271842.0,228298.0
19.96484375,78581.0,271835.0,228293.0
19.96875,78577.0,271836.0,228310.0
19.97265625,78602.0,271877.0,228296.0
19.9765625,78617.0,271844.0,228272.0
19.98046875,78655.0,271866.0,228313.0
19.984375,78639.0,271864.0,228299.0
19.98828125,78651.0,271873.0,228316.0
19.9921875,78674.0,271848.0,228302.0
19.99609375,78684.0,271856.0,228312.0
20.0,78693.0,271864.0,228302.0
20.00390625,78712.0,271869.0,228303.0
20.0078125,78713.0,271866.0,228302.0
20.01171875,78764.0,271862.0,228327.0
20.015625,78771.0,271873.0,228313.0
20.01953125,78746.0,271887.0,228321.0
20.0234375,78760.0,271853.0,228318.0
20.02734375,78794.0,271865.0,228321.0
20.03125,78800.0,271845.0,228355.0
20.03515625,78820.0,271880.0,228338.0
20.0390625,78827.0,271843.0,228324.0
20.04296875,78851.0,271855.0,228336.0
20.046875,78867.0,271866.0,228329.0
20.05078125,78887.0,271886.0,228323.0
20.0546875,78881.0,271872.0,228353.0
20.05859375,78889.0,271869.0,228333.0
20.0625,78902.0,271847.0,228337.0
20.06640625,78920.0,271879.0,228358.0
20.0703125,78949.0,271872.0,228348.0
20.07421875,78938.0,271886.0,228347.0
20.078125,78966.0,271900.0,228345.0
20.08203125,78974.0,271858.0,228351.0
20.0859375,79000.0,271899.0,228348.0
20.08984375,78989.0,271872.0,228351.0
20.09375,79022.0,271869.0,228335.0
20.09765625,79007.0,271891.0,228347.0
20.1015625,79042.0,271887.0,228358.0
20.10546875,79064.0,271854.0,228356.0
20.109375,79078.0,271861.0,228345.0
20.11328125,79091.0,271871.0,228345.0
20.1171875,79076.0,271873.0,228368.0
20.12109375,79138.0,271898.0,228364.0
20.125,79115.0,271880.0,228358.0
20.12890625,79130.0,271877.0,228364.0
20.1328125,79155.0,271877.0,228353.0
20.13671875,79154.0,271873.0,228365.0
20.140625,79159.0,271874.0,228348.0
20.14453125,79163.0,271858.0,228372.0
20.1484375,79196.0,271900.0,228350.0
20.15234375,79204.0,271875.0,228350.0
20.15625,79203.0,271881.0,228374.0
20.16015625,79219.0,271878.0,228341.0
20.1640625,79254.0,271885.0,228368.0
20.16796875,79242.0,271891.0,228354.0
20.171875,79276.0,271871.0,228361.0
20.17578125,79274.0,271908.0,228387.0
20.1796875,79283.0,271866.0,228372.0
20.18359375,79288.0,271872.0,228376.0
20.1875,79323.0,271885.0,228375.0
20.19140625,79332.0,271888.0,228394.0
20.1953125,79349.0,271890.0,228378.0
20.19921875,79353.0,271893.0,228381.0
20.203125,79369.0,271886.0,228385.0
20.20703125,79384.0,271911.0,228383.0
20.2109375,79400.0,271908.0,228381.0
20.21484375,79398.0,271889.0,228370.0
20.21875,79403.0,271896.0,228367.0
20.22265625,79405.0,271910.0,228388.0
20.2265625,79431.0,271901.0,228374.0
20.23046875,79436.0,271893.0,228374.0
20.234375,79416.0,271888.0,228362.0
20.23828125,79424.0,271856.0,228371.0
20.2421875,79401.0,271878.0,228348.0
20.24609375,79398.0,271839.0,228337.0
20.25,79377.0,271866.0,228347.0
20.25390625,79369.0,271863.0,228322.0
20.2578125,79361.0,271858.0,228319.0
20.26171875,79310.0,271839.0,228308.0
20.265625,79283.0,271874.0,228307.0
20.26953125,79250.0,271856.0,228314.0
20.2734375,79213.0,271859.0,228319.0
20.27734375,79163.0,271858.0,228320.0
20.28125,79127.0,271887.0,228330.0
20.28515625,79059.0,271851.0,228302.0
20.2890625,79036.0,271875.0,228302.0
20.29296875,78989.0,271871.0,228300.0
20.296875,78943.0,271885.0,228266.0
20.30078125,78880.0,271864.0,228287.0
20.3046875,78829.0,271859.0,228264.0
20.30859375,78758.0,271855.0,228262.0
20.3125,78745.0,271864.0,228267.0
20.31640625,78685.0,271896.0,228264.0
20.3203125,78622.0,271855.0,228253.0
20.32421875,78566.0,271824.0,228245.0
20.328125,78549.0,271880.0,228239.0
20.33203125,78510.0,271857.0,228221.0
20.3359375,78481.0,271863.0,228241.0
20.33984375,78411.0,271879.0,228236.0
20.34375,78383.0,271859.0,228210.0
20.34765625,78343.0,271864.0,228218.0
20.3515625,78323.0,271834.0,228225.0
20.35546875,78308.0,271856.0,228210.0
20.359375,78245.0,271825.0,228223.0
20.36328125,78214.0,271831.0,228182.0
20.3671875,78188.0,271834.0,228210.0
20.37109375,78175.0,271846.0,228209.0
20.375,78165.0,271824.0,228184.0
20.37890625,78136.0,271842.0,228174.0
20.3828125,78127.0,271824.0,228176.0
20.38671875,78115.0,271825.0,228195.0
20.390625,78099.0,271821.0,228172.0
20.39453125,78103.0,271832.0,228163.0
20.3984375,78066.0,271817.0,228183.0
20.40234375,78049.0,271820.0,228175.0
20.40625,78039.0,271822.0,228190.0
20.41015625,78023.0,271812.0,228166.0
20.4140625,78020.0,271804.0,228169.0
20.41796875,77992.0,271813.0,228180.0
20.421875,77983.0,271821.0,228169.0
20.42578125,77971.0,271838.0,228172.0
20.4296875,77982.0,271808.0,228173.0
20.43359375,78005.0,271804.0,228203.0
20.4375,77972.0,271827.0,228174.0
20.44140625,77999.0,271828.0,228209.0
20.4453125,78013.0,271792.0,228197.0
20.44921875,78011.0,271804.0,228192.0
20.453125,77997.0,271808.0,228192.0
20.45703125,78017.0,271837.0,228199.0
20.4609375,78035.0,271810.0,228208.0
20.46484375,78050.0,271820.0,228187.0
20.46875,78062.0,271829.0,228208.0
20.47265625,78059.0,271814.0,228213.0
20.4765625,78083.0,271802.0,228197.0
20.48046875,78081.0,271822.0,228207.0
20.484375,78069.0,271854.0,228199.0
20.48828125,78105.0,271831.0,228234.0
20.4921875,78113.0,271810.0,228208.0
20.49609375,78115.0,271805.0,228220.0
20.5,78158.0,271816.0,228232.0
20.50390625,78132.0,271820.0,228229.0
20.5078125,78149.0,271825.0,228239.0
20.51171875,78167.0,271816.0,228227.0
20.515625,78173.0,271796.0,228230.0
20.51953125,78176.0,271829.0,228243.0
20.5234375,78163.0,271834.0,228204.0
20.52734375,78181.0,271810.0,228227.0
20.53125,78184.0,271824.0,228201.0
20.53515625,78206.0,271815.0,228219.0
20.5390625,78191.0,271825.0,228214.0
20.54296875,78200.0,271820.0,228214.0
20.546875,78191.0,271800.0,228210.0
20.55078125,78203.0,271799.0,228208.0
20.5546875,78216.0,271835.0,228233.0
20.55859375,78187.0,271799.0,228208.0
20.5625,78193.0,271805.0,228189.0
20.56640625,78232.0,271832.0,228176.0
20.5703125,78229.0,271816.0,228193.0
20.57421875,78219.0,271807.0,228196.0
20.578125,78234.0,271798.0,228210.0
20.58203125,78216.0,271821.0,228198.0
20.5859375,78219.0,271824.0,228202.0
20.58984375,78224.0,271834.0,228201.0
20.59375,78245.0,271827.0,228205.0
20.59765625,78252.0,271814.0,228216.0
20.6015625,78231.0,271794.0,228211.0
20.60546875,78271.0,271815.0,228207.0
20.609375,78267.0,271813.0,228209.0
20.61328125,78273.0,271805.0,228206.0
20.6171875,78266.0,271840.0,228224.0
20.62109375,78261.0,271830.0,228219.0
20.625,78303.0,271787.0,228220.0
20.62890625,78285.0,271834.0,228202.0
20.6328125,78312.0,271811.0,228227.0
20.63671875,78326.0,271840.0,228223.0
20.640625,78331.0,271825.0,228219.0
20.64453125,78316.0,271809.0,228231.0
20.6484375,78350.0,271815.0,228229.0
20.65234375,78350.0,271838.0,228219.0
20.65625,78360.0,271839.0,228234.0
20.66015625,78392.0,271871.0,228237.0
20.6640625,78391.0,271826.0,228234.0
20.66796875,78405.0,271834.0,228243.0
20.671875,78405.0,271833.0,228243.0
20.67578125,78414.0,271804.0,228235.0
20.6796875,78427.0,271841.0,228254.0
20.68359375,78447.0,271837.0,228250.0
20.6875,78467.0,271842.0,228279.0
20.69140625,78483.0,271844.0,228247.0
20.6953125,78492.0,271854.0,228254.0
20.69921875,78509.0,271839.0,228257.0
20.703125,78528.0,271845.0,228249.0
20.70703125,78524.0,271831.0,228255.0
20.7109375,78560.0,271835.0,228265.0
20.71484375,78587.0,271840.0,228265.0
20.71875,78584.0,271863.0,228282.0
20.72265625,78588.0,271846.0,228275.0
20.7265625,78602.0,271859.0,228261.0
20.73046875,78612.0,271821.0,228287.0
20.734375,78640.0,271833.0,228284.0
20.73828125,78638.0,271865.0,228278.0
20.7421875,78630.0,271843.0,228284.0
20.74609375,78666.0,271836.0,228266.0
20.75,78661.0,271859.0,228291.0
20.75390625,78669.0,271834.0,228292.0
20.7578125,78708.0,271859.0,228270.0
20.76171875,78703.0,271831.0,228285.0
20.765625,78707.0,271820.0,228284.0
20.76953125,78752.0,271837.0,228287.0
20.7734375,78746.0,271842.0,228294.0
20.77734375,78751.0,271847.0,228310.0
20.78125,78767.0,271838.0,228301.0
20.78515625,78786.0,271830.0,228281.0
20.7890625,78795.0,271837.0,228269.0
20.79296875,78801.0,271835.0,228298.0
20.796875,78831.0,271862.0,228271.0
20.80078125,78831.0,271857.0,228277.0
20.8046875,78824.0,271839.0,228297.0
20.80859375,78859.0,271825.0,228302.0
20.8125,78886.0,271853.0,228305.0
20.81640625,78883.0,271810.0,228298.0
20.8203125,78888.0,271866.0,228321.0
20.82421875,78921.0,271825.0,228292.0
20.828125,78899.0,271841.0,228286.0
20.83203125,78919.0,271836.0,228297.0
20.8359375,78956.0,271853.0,228314.0
20.83984375,78987.0,271843.0,228318.0
20.84375,78970.0,271839.0,228298.0
20.84765625,79000.0,271841.0,228316.0
20.8515625,79020.0,271842.0,228323.0
20.85546875,79011.0,271847.0,228316.0
20.859375,79038.0,271873.0,228337.0
20.86328125,79057.0,271827.0,228352.0
20.8671875,79056.0,271884.0,228331.0
20.87109375,79093.0,271841.0,228331.0
20.875,79098.0,271855.0,228332.0
20.87890625,79102.0,271863.0,228342.0
20.8828125,79145.0,271884.0,228331.0
20.88671875,79127.0,271874.0,228340.0
20.890625,79166.0,271837.0,228355.0
20.89453125,79192.0,271853.0,228332.0
20.8984375,79188.0,271854.0,228326.0
20.90234375,79183.0,271858.0,228342.0
20.90625,79212.0,271858.0,228351.0
20.91015625,79236.0,271843.0,228355.0
20.9140625,79261.0,271861.0,228344.0
20.91796875,79263.0,271853.0,228352.0
20.921875,79267.0,271847.0,228328.0
20.92578125,79261.0,271864.0,228347.0
20.9296875,79295.0,271826.0,228331.0
20.93359375,79286.0,271861.0,228344.0
20.9375,79289.0,271861.0,228339.0
20.94140625,79297.0,271868.0,228326.0
20.9453125,79297.0,271847.0,228328.0
20.94921875,79282.0,271836.0,228322.0
20.953125,79269.0,271830.0,228316.0
20.95703125,79248.0,271847.0,228313.0
20.9609375,79236.0,271861.0,228317.0
20.96484375,79207.0,271847.0,228321.0
20.96875,79169.0,271848.0,228313.0
20.97265625,79117.0,271826.0,228286.0
20.9765625,79084.0,271849.0,228284.0
20.98046875,79075.0,271849.0,228295.0
20.984375,79009.0,271837.0,228284.0
20.98828125,78953.0,271860.0,228281.0
20.9921875,78886.0,271852.0,228280.0
20.99609375,78876.0,271847.0,228242.0
21.0,78825.0,271823.0,228228.0
21.00390625,78745.0,271816.0,228254.0
21.0078125,78693.0,271845.0,228231.0
21.01171875,78651.0,271844.0,228235.0
21.015625,78617.0,271812.0,228230.0
21.01953125,78544.0,271843.0,228201.0
21.0234375,78490.0,271838.0,228219.0
21.02734375,78433.0,271828.0,228188.0
21.03125,78384.0,271844.0,228187.0
21.03515625,78333.0,271815.0,228172.0
21.0390625,78292.0,271810.0,228185.0
21.04296875,78252.0,271847.0,228181.0
21.046875,78199.0,271863.0,228173.0
21.05078125,78173.0,271808.0,228171.0
21.0546875,78124.0,271822.0,228157.0
21.05859375,78108.0,271782.0,228174.0
21.0625,78037.0,271809.0,228177.0
21.06640625,78044.0,271816.0,228184.0
21.0703125,77991.0,271807.0,228180.0
21.07421875,77966.0,271813.0,228138.0
21.078125,77948.0,271797.0,228138.0
21.08203125,77920.0,271795.0,228159.0
21.0859375,77900.0,271799.0,228141.0
21.08984375,77881.0,271832.0,228157.0
21.09375,77855.0,271814.0,228140.0
21.09765625,77808.0,271797.0,228129.0
21.1015625,77786.0,271805.0,228127.0
21.10546875,77808.0,271816.0,228147.0
21.109375,77756.0,271817.0,228128.0
21.11328125,77760.0,271788.0,228122.0
21.1171875,77734.0,271808.0,228133.0
21.12109375,77721.0,271815.0,228116.0
21.125,77717.0,271777.0,228137.0
21.12890625,77702.0,271797.0,228132.0
21.1328125,77721.0,271793.0,228132.0
21.13671875,77716.0,271799.0,228123.0
21.140625,77684.0,271814.0,228134.0
21.14453125,77693.0,271793.0,228144.0
21.1484375,77669.0,271800.0,228151.0
21.15234375,77675.0,271806.0,228141.0
21.15625,77698.0,271832.0,228158.0
21.16015625,77686.0,271823.0,228145.0
21.1640625,77699.0,271835.0,228159.0
21.16796875,77689.0,271813.0,228167.0
21.171875,77691.0,271793.0,228175.0
21.17578125,77716.0,271803.0,228174.0
21.1796875,77718.0,271830.0,228199.0
21.18359375,77752.0,271829.0,228176.0
21.1875,77746.0,271808.0,228201.0
21.19140625,77783.0,271843.0,228204.0
21.1953125,77774.0,271804.0,228193.0
21.19921875,77789.0,271821.0,228191.0
21.203125,77786.0,271856.0,228202.0
21.20703125,77811.0,271846.0,228182.0
21.2109375,77827.0,271842.0,228202.0
21.21484375,77851.0,271849.0,228187.0
21.21875,77843.0,271842.0,228207.0
21.22265625,77848.0,271838.0,228198.0
21.2265625,77853.0,271838.0,228205.0
21.23046875,77891.0,271858.0,228188.0
21.234375,77883.0,271860.0,228198.0
21.23828125,77910.0,271839.0,228200.0
21.2421875,77901.0,271843.0,228198.0
21.24609375,77898.0,271846.0,228179.0
21.25,77921.0,271841.0,228208.0
21.25390625,77917.0,271838.0,228206.0
21.2578125,77916.0,271860.0,228197.0
21.26171875,77938.0,271834.0,228205.0
21.265625,77926.0,271853.0,228179.0
21.26953125,77959.0,271833.0,228214.0
21.2734375,77943.0,271832.0,228182.0
21.27734375,77959.0,271844.0,228201.0
21.28125,77958.0,271865.0,228195.0
21.28515625,77972.0,271843.0,228221.0
21.2890625,77957.0,271854.0,228203.0
21.29296875,77994.0,271811.0,228205.0
21.296875,78016.0,271836.0,228218.0
21.30078125,77987.0,271829.0,228222.0
21.3046875,77994.0,271838.0,228214.0
21.30859375,78014.0,271855.0,228230.0
21.3125,77983.0,271852.0,228203.0
21.31640625,78014.0,271849.0,228222.0
21.3203125,78033.0,271842.0,228197.0
21.32421875,78011.0,271809.0,228224.0
21.328125,78044.0,271831.0,228211.0
21.33203125,78041.0,271844.0,228208.0
21.3359375,78055.0,271816.0,228205.0
21.33984375,78048.0,271856.0,228192.0
21.34375,78080.0,271826.0,228211.0
21.34765625,78087.0,271826.0,228222.0
21.3515625,78094.0,271826.0,228224.0
21.35546875,78084.0,271834.0,228197.0
21.359375,78126.0,271835.0,228213.0
21.36328125,78129.0,271858.0,228206.0
21.3671875,78112.0,271836.0,228225.0
21.37109375,78152.0,271853.0,228217.0
21.375,78127.0,271856.0,228215.0
21.37890625,78178.0,271844.0,228232.0
21.3828125,78193.0,271873.0,228214.0
21.38671875,78203.0,271856.0,228216.0
21.390625,78227.0,271844.0,228235.0
21.39453125,78235.0,271841.0,228238.0
21.3984375,78245.0,271850.0,228222.0
21.40234375,78264.0,271847.0,228242.0
21.40625,78271.0,271841.0,228235.0
21.41015625,78295.0,271852.0,228250.0
21.4140625,78318.0,271855.0,228244.0
21.41796875,78328.0,271857.0,228264.0
21.421875,78367.0,271875.0,228255.0
21.42578125,78360.0,271867.0,228263.0
21.4296875,78376.0,271860.0,228274.0
21.43359375,78380.0,271860.0,228270.0
21.4375,78382.0,271859.0,228266.0
21.44140625,78394.0,271852.0,228270.0
21.4453125,78417.0,271868.0,228286.0
21.44921875,78434.0,271846.0,228278.0
21.453125,78437.0,271856.0,228258.0
21.45703125,78476.0,271874.0,228272.0
21.4609375,78506.0,271847.0,228289.0
21.46484375,78458.0,271872.0,228277.0
21.46875,78492.0,271858.0,228274.0
21.47265625,78512.0,271842.0,228255.0
21.4765625,78545.0,271870.0,228302.0
21.48046875,78542.0,271863.0,228272.0
21.484375,78574.0,271843.0,228297.0
21.48828125,78549.0,271866.0,228276.0
21.4921875,78574.0,271843.0,228305.0
21.49609375,78594.0,271856.0,228287.0
21.5,78617.0,271814.0,228277.0
21.50390625,78625.0,271832.0,228297.0
21.5078125,78639.0,271843.0,228298.0
21.51171875,78644.0,271829.0,228292.0
21.515625,78656.0,271867.0,228260.0
21.51953125,78690.0,271855.0,228299.0
21.5234375,78676.0,271856.0,228287.0
21.52734375,78701.0,271866.0,228299.0
21.53125,78712.0,271877.0,228313.0
21.53515625,78745.0,271868.0,228296.0
21.5390625,78731.0,271863.0,228297.0
21.54296875,78758.0,271838.0,228307.0
21.546875,78760.0,271854.0,228309.0
21.55078125,78794.0,271858.0,228302.0
21.5546875,78778.0,271849.0,228311.0
21.55859375,78807.0,271848.0,228326.0
21.5625,78813.0,271887.0,228319.0
21.56640625,78855.0,271882.0,228332.0
21.5703125,78864.0,271867.0,228338.0
21.57421875,78888.0,271859.0,228333.0
21.578125,78881.0,271858.0,228339.0
21.58203125,78898.0,271865.0,228338.0
21.5859375,78930.0,271870.0,228332.0
21.58984375,78940.0,271887.0,228338.0
21.59375,78951.0,271870.0,228331.0
21.59765625,78953.0,271858.0,228338.0
21.6015625,78990.0,271886.0,228343.0
21.60546875,78996.0,271861.0,228331.0
21.609375,78989.0,271865.0,228353.0
21.61328125,79016.0,271869.0,228345.0
21.6171875,79026.0,271859.0,228343.0
21.62109375,79048.0,271852.0,228354.0
21.625,79070.0,271892.0,228351.0
21.62890625,79076.0,271881.0,228347.0
21.6328125,79084.0,271868.0,228355.0
21.63671875,79112.0,271855.0,228333.0
21.640625,79129.0,271878.0,228333.0
21.64453125,79120.0,271877.0,228361.0
21.6484375,79124.0,271853.0,228329.0
21.65234375,79152.0,271846.0,228346.0
21.65625,79170.0,271878.0,228356.0
21.66015625,79184.0,271901.0,228354.0
21.6640625,79205.0,271854.0,228361.0
21.66796875,79198.0,271865.0,228370.0
21.671875,79236.0,271882.0,228368.0
21.67578125,79229.0,271896.0,228375.0
21.6796875,79226.0,271892.0,228365.0
21.68359375,79238.0,271891.0,228370.0
21.6875,79243.0,271878.0,228361.0
21.69140625,79231.0,271876.0,228339.0
21.6953125,79226.0,271885.0,228363.0
21.69921875,79208.0,271872.0,228334.0
21.703125,79198.0,271881.0,228342.0
21.70703125,79195.0,271864.0,228337.0
21.7109375,79151.0,271888.0,228333.0
21.71484375,79127.0,271865.0,228330.0
21.71875,79090.0,271867.0,228331.0
21.72265625,79052.0,271864.0,228332.0
21.7265625,79019.0,271879.0,228331.0
21.73046875,78928.0,271871.0,228294.0
21.734375,78901.0,271844.0,228303.0
21.73828125,78840.0,271840.0,228300.0
21.7421875,78798.0,271844.0,228301.0
21.74609375,78717.0,271876.0,228276.0
21.75,78668.0,271859.0,228276.0
21.75390625,78610.0,271851.0,228256.0
21.7578125,78542.0,271841.0,228265.0
21.76171875,78486.0,271859.0,228242.0
21.765625,78436.0,271825.0,228244.0
21.76953125,78325.0,271837.0,228231.0
21.7734375,78304.0,271819.0,228218.0
21.77734375,78209.0,271841.0,228226.0
21.78125,78175.0,271814.0,228198.0
21.78515625,78156.0,271844.0,228196.0
21.7890625,78084.0,271850.0,228226.0
21.79296875,78029.0,271839.0,228211.0
21.796875,77992.0,271821.0,228212.0
21.80078125,77945.0,271803.0,228204.0
21.8046875,77893.0,271810.0,228169.0
21.80859375,77856.0,271820.0,228166.0
21.8125,77826.0,271810.0,228186.0
21.81640625,77794.0,271792.0,228175.0
21.8203125,77764.0,271823.0,228178.0
21.82421875,77752.0,271827.0,228181.0
21.828125,77711.0,271828.0,228177.0
21.83203125,77685.0,271817.0,228176.0
21.8359375,77663.0,271820.0,228153.0
21.83984375,77629.0,271842.0,228145.0
21.84375,77613.0,271831.0,228165.0
21.84765625,77587.0,271824.0,228141.0
21.8515625,77564.0,271812.0,228136.0
21.85546875,77549.0,271804.0,228122.0
21.859375,77512.0,271799.0,228126.0
21.86328125,77500.0,271830.0,228146.0
21.8671875,77484.0,271800.0,228118.0
21.87109375,77447.0,271806.0,228112.0
21.875,77439.0,271825.0,228139.0
21.87890625,77439.0,271799.0,228121.0
21.8828125,77400.0,271785.0,228120.0
21.88671875,77396.0,271789.0,228120.0
21.890625,77389.0,271790.0,228118.0
21.89453125,77380.0,271804.0,228127.0
21.8984375,77369.0,271801.0,228135.0
21.90234375,77381.0,271777.0,228137.0
21.90625,77389.0,271795.0,228145.0
21.91015625,77357.0,271794.0,228144.0
21.9140625,77384.0,271818.0,228157.0
21.91796875,77374.0,271789.0,228162.0
21.921875,77349.0,271814.0,228132.0
21.92578125,77383.0,271791.0,228136.0
21.9296875,77391.0,271792.0,228179.0
21.93359375,77406.0,271802.0,228175.0
21.9375,77429.0,271835.0,228162.0
21.94140625,77439.0,271799.0,228159.0
21.9453125,77439.0,271811.0,228178.0
21.94921875,77455.0,271814.0,228177.0
21.953125,77466.0,271812.0,228176.0
21.95703125,77469.0,271827.0,228176.0
21.9609375,77488.0,271806.0,228194.0
21.96484375,77515.0,271841.0,228184.0
21.96875,77532.0,271819.0,228194.0
21.97265625,77498.0,271820.0,228211.0
21.9765625,77529.0,271820.0,228233.0
21.98046875,77539.0,271824.0,228207.0
21.984375,77553.0,271831.0,228216.0
21.98828125,77562.0,271842.0,228213.0
21.9921875,77547.0,271824.0,228214.0
21.99609375,77574.0,271833.0,228218.0
22.0,77577.0,271814.0,228221.0
22.00390625,77571.0,271841.0,228232.0
22.0078125,77595.0,271815.0,228266.0
22.01171875,77608.0,271832.0,228243.0
22.015625,77591.0,271827.0,228240.0
22.01953125,77577.0,271828.0,228256.0
22.0234375,77603.0,271827.0,228267.0
22.02734375,77595.0,271835.0,228261.0
22.03125,77602.0,271820.0,228254.0
22.03515625,77580.0,271836.0,228260.0
22.0390625,77609.0,271801.0,228280.0
22.04296875,77602.0,271793.0,228271.0
22.046875,77597.0,271831.0,228273.0
22.05078125,77621.0,271815.0,228277.0
22.0546875,77618.0,271820.0,228248.0
22.05859375,77636.0,271787.0,228265.0
22.0625,77625.0,271818.0,228270.0
22.06640625,77634.0,271824.0,228257.0
22.0703125,77629.0,271800.0,228262.0
22.07421875,77636.0,271804.0,228263.0
22.078125,77653.0,271809.0,228250.0
22.08203125,77637.0,271804.0,228275.0
22.0859375,77656.0,271807.0,228260.0
22.08984375,77672.0,271828.0,228266.0
22.09375,77679.0,271802.0,228277.0
22.09765625,77695.0,271792.0,228279.0
22.1015625,77704.0,271796.0,228254.0
22.10546875,77720.0,271818.0,228243.0
22.109375,77718.0,271802.0,228240.0
22.11328125,77726.0,271806.0,228252.0
22.1171875,77730.0,271795.0,228236.0
22.12109375,77746.0,271776.0,228245.0
22.125,77752.0,271801.0,228251.0
22.12890625,77791.0,271809.0,228247.0
22.1328125,77795.0,271821.0,228258.0
22.13671875,77805.0,271812.0,228256.0
22.140625,77818.0,271806.0,228262.0
22.14453125,77839.0,271845.0,228262.0
22.1484375,77836.0,271805.0,228264.0
22.15234375,77863.0,271787.0,228283.0
22.15625,77863.0,271822.0,228272.0
22.16015625,77888.0,271810.0,228259.0
22.1640625,77909.0,271796.0,228261.0
22.16796875,77947.0,271841.0,228284.0
22.171875,77925.0,271807.0,228273.0
22.17578125,77962.0,271843.0,228291.0
22.1796875,77964.0,271814.0,228291.0
22.18359375,77982.0,271821.0,228267.0
22.1875,77985.0,271837.0,228278.0
22.19140625,78007.0,271810.0,228295.0
22.1953125,78048.0,271816.0,228284.0
22.19921875,78046.0,271832.0,228290.0
22.203125,78055.0,271832.0,228306.0
22.20703125,78078.0,271811.0,228289.0
22.2109375,78100.0,271822.0,228303.0
22.21484375,78100.0,271826.0,228294.0
22.21875,78144.0,271837.0,228298.0
22.22265625,78149.0,271836.0,228300.0
22.2265625,78168.0,271863.0,228298.0
22.23046875,78172.0,271820.0,228317.0
22.234375,78194.0,271842.0,228321.0
22.23828125,78216.0,271824.0,228337.0
22.2421875,78202.0,271836.0,228323.0
22.24609375,78234.0,271855.0,228326.0
22.25,78256.0,271833.0,228331.0
22.25390625,78316.0,271848.0,228346.0
22.2578125,78296.0,271844.0,228328.0
22.26171875,78296.0,271857.0,228343.0
22.265625,78314.0,271867.0,228360.0
22.26953125,78317.0,271839.0,228336.0
22.2734375,78354.0,271853.0,228337.0
22.27734375,78399.0,271853.0,228358.0
22.28125,78392.0,271832.0,228344.0
22.28515625,78400.0,271848.0,228347.0
22.2890625,78406.0,271855.0,228325.0
22.29296875,78437.0,271825.0,228357.0
22.296875,78436.0,271837.0,228342.0
22.30078125,78479.0,271866.0,228326.0
22.3046875,78484.0,271844.0,228346.0
22.30859375,78480.0,271841.0,228349.0
22.3125,78486.0,271855.0,228347.0
22.31640625,78527.0,271858.0,228348.0
22.3203125,78540.0,271821.0,228351.0
22.32421875,78552.0,271853.0,228341.0
22.328125,78549.0,271838.0,228336.0
22.33203125,78578.0,271846.0,228340.0
22.3359375,78602.0,271845.0,228360.0
22.33984375,78621.0,271872.0,228353.0
22.34375,78624.0,271868.0,228346.0
22.34765625,78643.0,271861.0,228361.0
22.3515625,78625.0,271858.0,228368.0
22.35546875,78673.0,271842.0,228387.0
22.359375,78700.0,271848.0,228382.0
22.36328125,78696.0,271862.0,228377.0
22.3671875,78721.0,271870.0,228399.0
22.37109375,78726.0,271874.0,228402.0
22.375,78738.0,271866.0,228384.0
22.37890625,78765.0,271866.0,228398.0
22.3828125,78793.0,271872.0,228395.0
22.38671875,78791.0,271875.0,228401.0
22.390625,78831.0,271873.0,228393.0
22.39453125,78839.0,271884.0,228419.0
22.3984375,78857.0,271884.0,228401.0
22.40234375,78887.0,271905.0,228429.0
22.40625,78886.0,271883.0,228419.0
22.41015625,78893.0,271885.0,228419.0
22.4140625,78900.0,271904.0,228437.0
22.41796875,78910.0,271896.0,228408.0
22.421875,78950.0,271900.0,228412.0
22.42578125,78966.0,271872.0,228426.0
22.4296875,78969.0,271865.0,228431.0
22.43359375,78991.0,271880.0,228450.0
22.4375,79031.0,271884.0,228447.0
22.44140625,79012.0,271876.0,228428.0
22.4453125,79026.0,271907.0,228436.0
22.44921875,79050.0,271901.0,228419.0
22.453125,79041.0,271900.0,228428.0
22.45703125,79060.0,271909.0,228439.0
22.4609375,79076.0,271889.0,228424.0
22.46484375,79066.0,271870.0,228407.0
22.46875,79076.0,271894.0,228426.0
22.47265625,79071.0,271899.0,228413.0
22.4765625,79073.0,271873.0,228400.0
22.48046875,79044.0,271873.0,228404.0
22.484375,79044.0,271875.0,228389.0
22.48828125,79004.0,271898.0,228385.0
22.4921875,78954.0,271909.0,228375.0
22.49609375,78949.0,271878.0,228404.0
22.5,78920.0,271901.0,228378.0
22.50390625,78870.0,271891.0,228386.0
22.5078125,78812.0,271868.0,228362.0
22.51171875,78787.0,271886.0,228367.0
22.515625,78717.0,271886.0,228355.0
22.51953125,78679.0,271876.0,228377.0
22.5234375,78636.0,271862.0,228331.0
22.52734375,78575.0,271883.0,228365.0
22.53125,78494.0,271875.0,228349.0
22.53515625,78458.0,271861.0,228316.0
22.5390625,78412.0,271898.0,228307.0
22.54296875,78336.0,271887.0,228308.0
22.546875,78273.0,271862.0,228304.0
22.55078125,78223.0,271879.0,228289.0
22.5546875,78138.0,271889.0,228284.0
22.55859375,78114.0,271858.0,228277.0
22.5625,78031.0,271861.0,228266.0
22.56640625,78031.0,271833.0,228260.0
22.5703125,77962.0,271848.0,228263.0
22.57421875,77906.0,271845.0,228255.0
22.578125,77876.0,271853.0,228264.0
22.58203125,77841.0,271837.0,228231.0
22.5859375,77818.0,271850.0,228243.0
22.58984375,77785.0,271822.0,228220.0
22.59375,77728.0,271835.0,228209.0
22.59765625,77722.0,271845.0,228228.0
22.6015625,77687.0,271850.0,228231.0
22.60546875,77679.0,271843.0,228220.0
22.609375,77651.0,271827.0,228208.0
22.61328125,77612.0,271805.0,228204.0
22.6171875,77603.0,271828.0,228204.0
22.62109375,77560.0,271844.0,228200.0
22.625,77547.0,271842.0,228207.0
22.62890625,77541.0,271840.0,228212.0
22.6328125,77523.0,271832.0,228200.0
22.63671875,77491.0,271810.0,228228.0
22.640625,77484.0,271840.0,228200.0
22.64453125,77466.0,271828.0,228205.0
22.6484375,77442.0,271811.0,228199.0
22.65234375,77425.0,271824.0,228216.0
22.65625,77433.0,271807.0,228212.0
22.66015625,77403.0,271826.0,228186.0
22.6640625,77378.0,271836.0,228214.0
22.66796875,77381.0,271818.0,228216.0
22.671875,77384.0,271833.0,228188.0
22.67578125,77340.0,271818.0,228190.0
22.6796875,77371.0,271806.0,228204.0
22.68359375,77367.0,271807.0,228216.0
22.6875,77358.0,271829.0,228209.0
22.69140625,77365.0,271812.0,228218.0
22.6953125,77384.0,271849.0,228214.0
22.69921875,77361.0,271818.0,228208.0
22.703125,77400.0,271833.0,228217.0
22.70703125,77417.0,271830.0,228224.0
22.7109375,77404.0,271820.0,228211.0
22.71484375,77425.0,271794.0,228198.0
22.71875,77406.0,271815.0,228196.0
22.72265625,77461.0,271807.0,228216.0
22.7265625,77453.0,271815.0,228196.0
22.73046875,77475.0,271829.0,228248.0
22.734375,77495.0,271813.0,228222.0
22.73828125,77469.0,271820.0,228235.0
22.7421875,77513.0,271811.0,228245.0
22.74609375,77510.0,271803.0,228233.0
22.75,77517.0,271819.0,228228.0
22.75390625,77553.0,271813.0,228229.0
22.7578125,77538.0,271816.0,228248.0
22.76171875,77566.0,271815.0,228222.0
22.765625,77561.0,271825.0,228237.0
22.76953125,77569.0,271799.0,228247.0
22.7734375,77588.0,271817.0,228215.0
22.77734375,77588.0,271808.0,228223.0
22.78125,77614.0,271832.0,228225.0
22.78515625,77588.0,271846.0,228245.0
22.7890625,77618.0,271810.0,228225.0
22.79296875,77613.0,271809.0,228230.0
22.796875,77598.0,271825.0,228219.0
22.80078125,77637.0,271807.0,228237.0
22.8046875,77619.0,271812.0,228245.0
22.80859375,77627.0,271792.0,228228.0
22.8125,77630.0,271838.0,228226.0
22.81640625,77635.0,271848.0,228256.0
22.8203125,77652.0,271812.0,228248.0
22.82421875,77623.0,271815.0,228242.0
22.828125,77661.0,271786.0,228226.0
22.83203125,77653.0,271833.0,228234.0
22.8359375,77670.0,271795.0,228264.0
22.83984375,77669.0,271812.0,228247.0
22.84375,77688.0,271816.0,228252.0
22.84765625,77697.0,271820.0,228239.0
22.8515625,77686.0,271829.0,228260.0
22.85546875,77708.0,271832.0,228282.0
22.859375,77719.0,271852.0,228257.0
22.86328125,77730.0,271822.0,228274.0
22.8671875,77731.0,271830.0,228263.0
22.87109375,77736.0,271846.0,228284.0
22.875,77758.0,271851.0,228278.0
22.87890625,77765.0,271846.0,228272.0
22.8828125,77774.0,271836.0,228274.0
22.88671875,77799.0,271840.0,228280.0
22.890625,77803.0,271824.0,228270.0
22.89453125,77811.0,271844.0,228291.0
22.8984375,77815.0,271866.0,228288.0
22.90234375,77847.0,271865.0,228304.0
22.90625,77839.0,271849.0,228292.0
22.91015625,77859.0,271853.0,228293.0
22.9140625,77869.0,271836.0,228295.0
22.91796875,77879.0,271851.0,228290.0
22.921875,77904.0,271842.0,228290.0
22.92578125,77907.0,271844.0,228305.0
22.9296875,77903.0,271834.0,228311.0
22.93359375,77930.0,271845.0,228306.0
22.9375,77954.0,271859.0,228300.0
22.94140625,77965.0,271840.0,228317.0
22.9453125,77967.0,271829.0,228297.0
22.94921875,77973.0,271847.0,228310.0
22.953125,77987.0,271858.0,228319.0
22.95703125,78006.0,271846.0,228322.0
22.9609375,78046.0,271836.0,228314.0
22.96484375,78045.0,271856.0,228334.0
22.96875,78061.0,271853.0,228316.0
22.97265625,78066.0,271860.0,228320.0
22.9765625,78083.0,271861.0,228301.0
22.98046875,78109.0,271864.0,228327.0
22.984375,78102.0,271872.0,228323.0
22.98828125,78150.0,271859.0,228317.0
22.9921875,78132.0,271855.0,228336.0
22.99609375,78192.0,271862.0,228329.0
23.0,78181.0,271856.0,228338.0
23.00390625,78182.0,271855.0,228309.0
23.0078125,78217.0,271862.0,228328.0
23.01171875,78215.0,271834.0,228339.0
23.015625,78232.0,271833.0,228347.0
23.01953125,78244.0,271855.0,228353.0
23.0234375,78263.0,271836.0,228329.0
23.02734375,78276.0,271841.0,228322.0
23.03125,78272.0,271842.0,228344.0
23.03515625,78281.0,271842.0,228378.0
23.0390625,78297.0,271836.0,228356.0
23.04296875,78321.0,271865.0,228338.0
23.046875,78342.0,271877.0,228374.0
23.05078125,78354.0,271841.0,228350.0
23.0546875,78359.0,271871.0,228377.0
23.05859375,78386.0,271887.0,228365.0
23.0625,78391.0,271875.0,228363.0
23.06640625,78406.0,271840.0,228387.0
23.0703125,78437.0,271867.0,228383.0
23.07421875,78433.0,271893.0,228385.0
23.078125,78455.0,271842.0,228380.0
23.08203125,78462.0,271860.0,228373.0
23.0859375,78509.0,271897.0,228369.0
23.08984375,78489.0,271883.0,228377.0
23.09375,78512.0,271865.0,228363.0
23.09765625,78526.0,271882.0,228401.0
23.1015625,78552.0,271888.0,228369.0
23.10546875,78563.0,271888.0,228396.0
23.109375,78580.0,271868.0,228389.0
23.11328125,78618.0,271864.0,228411.0
23.1171875,78592.0,271859.0,228390.0
23.12109375,78600.0,271865.0,228389.0
23.125,78620.0,271850.0,228389.0
23.12890625,78659.0,271871.0,228378.0
23.1328125,78658.0,271879.0,228416.0
23.13671875,78673.0,271864.0,228415.0
23.140625,78698.0,271869.0,228395.0
23.14453125,78696.0,271860.0,228413.0
23.1484375,78725.0,271895.0,228408.0
23.15234375,78740.0,271890.0,228420.0
23.15625,78768.0,271845.0,228421.0
23.16015625,78786.0,271850.0,228407.0
23.1640625,78799.0,271852.0,228398.0
23.16796875,78809.0,271853.0,228404.0
23.171875,78829.0,271895.0,228429.0
23.17578125,78851.0,271898.0,228432.0
23.1796875,78857.0,271879.0,228426.0
23.18359375,78880.0,271897.0,228432.0
23.1875,78897.0,271887.0,228402.0
23.19140625,78918.0,271889.0,228427.0
23.1953125,78920.0,271861.0,228435.0
23.19921875,78946.0,271877.0,228448.0
23.203125,78966.0,271885.0,228436.0
23.20703125,78973.0,271878.0,228472.0
23.2109375,78993.0,271909.0,228445.0
23.21484375,79010.0,271923.0,228435.0
23.21875,79033.0,271892.0,228475.0
23.22265625,79049.0,271919.0,228465.0
23.2265625,79049.0,271899.0,228469.0
23.23046875,79056.0,271911.0,228460.0
23.234375,79044.0,271918.0,228466.0
23.23828125,79069.0,271875.0,228462.0
23.2421875,79070.0,271914.0,228467.0
23.24609375,79055.0,271891.0,228432.0
23.25,79062.0,271891.0,228429.0
23.25390625,79072.0,271909.0,228434.0
23.2578125,79057.0,271897.0,228429.0
23.26171875,79038.0,271897.0,228402.0
23.265625,79017.0,271889.0,228416.0
23.26953125,79011.0,271889.0,228408.0
23.2734375,78944.0,271886.0,228421.0
23.27734375,78915.0,271873.0,228377.0
23.28125,78880.0,271882.0,228375.0
23.28515625,78847.0,271911.0,228392.0
23.2890625,78801.0,271862.0,228373.0
23.29296875,78754.0,271871.0,228354.0
23.296875,78690.0,271853.0,228346.0
23.30078125,78642.0,271858.0,228362.0
23.3046875,78573.0,271879.0,228354.0
23.30859375,78522.0,271883.0,228347.0
23.3125,78478.0,271846.0,228323.0
23.31640625,78386.0,271867.0,228325.0
23.3203125,78325.0,271865.0,228319.0
23.32421875,78287.0,271848.0,228300.0
23.328125,78210.0,271834.0,228309.0
23.33203125,78168.0,271814.0,228286.0
23.3359375,78106.0,271832.0,228268.0
23.33984375,78046.0,271855.0,228289.0
23.34375,78007.0,271839.0,228268.0
23.34765625,77947.0,271832.0,228263.0
23.3515625,77914.0,271847.0,228281.0
23.35546875,77875.0,271840.0,228259.0
23.359375,77829.0,271826.0,228266.0
23.36328125,77807.0,271822.0,228271.0
23.3671875,77758.0,271851.0,228251.0
23.37109375,77719.0,271822.0,228251.0
23.375,77682.0,271829.0,228253.0
23.37890625,77648.0,271819.0,228266.0
23.3828125,77634.0,271828.0,228247.0
23.38671875,77596.0,271831.0,228252.0
23.390625,77582.0,271825.0,228259.0
23.39453125,77557.0,271840.0,228248.0
23.3984375,77523.0,271840.0,228248.0
23.40234375,77523.0,271851.0,228251.0
23.40625,77489.0,271792.0,228216.0
23.41015625,77476.0,271829.0,228264.0
23.4140625,77469.0,271828.0,228253.0
23.41796875,77456.0,271824.0,228245.0
23.421875,77409.0,271832.0,228254.0
23.42578125,77407.0,271827.0,228242.0
23.4296875,77395.0,271812.0,228242.0
23.43359375,77405.0,271804.0,228258.0
23.4375,77353.0,271789.0,228258.0
23.44140625,77358.0,271816.0,228259.0
23.4453125,77344.0,271811.0,228254.0
23.44921875,77347.0,271805.0,228243.0
23.453125,77338.0,271824.0,228245.0
23.45703125,77338.0,271805.0,228255.0
23.4609375,77325.0,271813.0,228257.0
23.46484375,77332.0,271804.0,228267.0
23.46875,77331.0,271793.0,228260.0
23.47265625,77329.0,271812.0,228257.0
23.4765625,77355.0,271802.0,228272.0
23.48046875,77358.0,271792.0,228254.0
23.484375,77356.0,271821.0,228278.0
23.48828125,77337.0,271792.0,228279.0
23.4921875,77366.0,271796.0,228263.0
23.49609375,77394.0,271827.0,228277.0
23.5,77392.0,271821.0,228280.0
23.50390625,77412.0,271816.0,228261.0
23.5078125,77401.0,271826.0,228287.0
23.51171875,77416.0,271809.0,228298.0
23.515625,77432.0,271803.0,228279.0
23.51953125,77434.0,271803.0,228298.0
23.5234375,77456.0,271831.0,228282.0
23.52734375,77449.0,271826.0,228293.0
23.53125,77476.0,271824.0,228282.0
23.53515625,77479.0,271791.0,228305.0
23.5390625,77473.0,271798.0,228290.0
23.54296875,77503.0,271810.0,228286.0
23.546875,77508.0,271824.0,228279.0
23.55078125,77524.0,271827.0,228302.0
23.5546875,77511.0,271810.0,228300.0
23.55859375,77511.0,271783.0,228301.0
23.5625,77513.0,271820.0,228285.0
23.56640625,77532.0,271799.0,228288.0
23.5703125,77524.0,271803.0,228286.0
23.57421875,77531.0,271813.0,228301.0
23.578125,77529.0,271837.0,228298.0
23.58203125,77531.0,271811.0,228285.0
23.5859375,77526.0,271806.0,228326.0
23.58984375,77552.0,271826.0,228306.0
23.59375,77540.0,271843.0,228303.0
23.59765625,77531.0,271833.0,228289.0
23.6015625,77548.0,271834.0,228318.0
23.60546875,77546.0,271838.0,228316.0
23.609375,77552.0,271842.0,228308.0
23.61328125,77594.0,271829.0,228311.0
23.6171875,77583.0,271822.0,228303.0
23.62109375,77589.0,271831.0,228310.0
23.625,77586.0,271821.0,228307.0
23.62890625,77599.0,271837.0,228296.0
23.6328125,77615.0,271836.0,228284.0
23.63671875,77610.0,271883.0,228303.0
23.640625,77609.0,271823.0,228297.0
23.64453125,77626.0,271814.0,228298.0
23.6484375,77636.0,271836.0,228290.0
23.65234375,77658.0,271814.0,228303.0
23.65625,77652.0,271822.0,228328.0
23.66015625,77658.0,271825.0,228329.0
23.6640625,77663.0,271827.0,228315.0
23.66796875,77704.0,271827.0,228319.0
23.671875,77698.0,271833.0,228330.0
23.67578125,77735.0,271827.0,228333.0
23.6796875,77715.0,271857.0,228324.0
23.68359375,77753.0,271828.0,228318.0
23.6875,77762.0,271823.0,228338.0
23.69140625,77772.0,271830.0,228351.0
23.6953125,77788.0,271807.0,228347.0
23.69921875,77787.0,271831.0,228355.0
23.703125,77811.0,271856.0,228359.0
23.70703125,77829.0,271852.0,228356.0
23.7109375,77820.0,271850.0,228361.0
23.71484375,77867.0,271853.0,228378.0
23.71875,77859.0,271839.0,228366.0
23.72265625,77879.0,271840.0,228407.0
23.7265625,77919.0,271847.0,228387.0
23.73046875,77903.0,271860.0,228385.0
23.734375,77907.0,271839.0,228387.0
23.73828125,77954.0,271863.0,228387.0
23.7421875,77945.0,271871.0,228395.0
23.74609375,77970.0,271847.0,228407.0
23.75,77992.0,271866.0,228389.0
23.75390625,78007.0,271854.0,228403.0
23.7578125,78014.0,271874.0,228384.0
23.76171875,77996.0,271868.0,228416.0
23.765625,78051.0,271828.0,228390.0
23.76953125,78058.0,271854.0,228385.0
23.7734375,78046.0,271837.0,228413.0
23.77734375,78108.0,271853.0,228412.0
23.78125,78095.0,271848.0,228411.0
23.78515625,78109.0,271811.0,228422.0
23.7890625,78136.0,271865.0,228405.0
23.79296875,78140.0,271854.0,228390.0
23.796875,78171.0,271857.0,228430.0
23.80078125,78155.0,271869.0,228394.0
23.8046875,78185.0,271839.0,228412.0
23.80859375,78208.0,271847.0,228421.0
23.8125,78211.0,271832.0,228407.0
23.81640625,78247.0,271864.0,228400.0
23.8203125,78250.0,271852.0,228409.0
23.82421875,78256.0,271852.0,228401.0
23.828125,78250.0,271869.0,228413.0
23.83203125,78274.0,271869.0,228425.0
23.8359375,78307.0,271857.0,228424.0
23.83984375,78303.0,271874.0,228404.0
23.84375,78314.0,271867.0,228432.0
23.84765625,78342.0,271893.0,228441.0
23.8515625,78354.0,271882.0,228421.0
23.85546875,78375.0,271852.0,228434.0
23.859375,78400.0,271858.0,228446.0
23.86328125,78395.0,271886.0,228438.0
23.8671875,78421.0,271856.0,228439.0
23.87109375,78442.0,271857.0,228434.0
23.875,78464.0,271862.0,228447.0
23.87890625,78462.0,271886.0,228452.0
23.8828125,78477.0,271891.0,228437.0
23.88671875,78506.0,271886.0,228462.0
23.890625,78498.0,271865.0,228453.0
23.89453125,78540.0,271893.0,228484.0
23.8984375,78531.0,271885.0,228467.0
23.90234375,78539.0,271866.0,228462.0
23.90625,78586.0,271890.0,228454.0
23.91015625,78590.0,271901.0,228466.0
23.9140625,78593.0,271859.0,228490.0
23.91796875,78615.0,271897.0,228478.0
23.921875,78631.0,271863.0,228456.0
23.92578125,78657.0,271894.0,228500.0
23.9296875,78665.0,271886.0,228481.0
23.93359375,78678.0,271893.0,228476.0
23.9375,78681.0,271855.0,228452.0
23.94140625,78698.0,271872.0,228470.0
23.9453125,78716.0,271876.0,228477.0
23.94921875,78720.0,271861.0,228455.0
23.953125,78736.0,271872.0,228460.0
23.95703125,78753.0,271896.0,228472.0
23.9609375,78773.0,271860.0,228450.0
23.96484375,78788.0,271883.0,228485.0
23.96875,78803.0,271877.0,228477.0
23.97265625,78841.0,271881.0,228476.0
23.9765625,78821.0,271882.0,228497.0
23.98046875,78869.0,271877.0,228493.0
23.984375,78851.0,271903.0,228489.0
23.98828125,78867.0,271898.0,228502.0
23.9921875,78893.0,271873.0,228501.0
23.99609375,78887.0,271896.0,228503.0
24.0,78902.0,271895.0,228491.0
24.00390625,78922.0,271915.0,228503.0
24.0078125,78923.0,271886.0,228496.0
24.01171875,78946.0,271881.0,228519.0
24.015625,78961.0,271881.0,228526.0
24.01953125,78963.0,271890.0,228499.0
24.0234375,78960.0,271897.0,228512.0
24.02734375,78972.0,271916.0,228529.0
24.03125,78951.0,271895.0,228497.0
24.03515625,78961.0,271920.0,228513.0
24.0390625,78927.0,271889.0,228508.0
24.04296875,78950.0,271901.0,228508.0
24.046875,78918.0,271872.0,228475.0
24.05078125,78902.0,271897.0,228488.0
24.0546875,78872.0,271890.0,228494.0
24.05859375,78855.0,271916.0,228508.0
24.0625,78814.0,271911.0,228511.0
24.06640625,78770.0,271901.0,228483.0
24.0703125,78728.0,271896.0,228475.0
24.07421875,78689.0,271917.0,228502.0
24.078125,78655.0,271904.0,228474.0
24.08203125,78574.0,271904.0,228474.0
24.0859375,78529.0,271907.0,228442.0
24.08984375,78471.0,271930.0,228441.0
24.09375,78428.0,271931.0,228455.0
24.09765625,78355.0,271886.0,228426.0
24.1015625,78284.0,271875.0,228425.0
24.10546875,78209.0,271893.0,228412.0
24.109375,78181.0,271882.0,228423.0
24.11328125,78121.0,271894.0,228424.0
24.1171875,78081.0,271901.0,228416.0
24.12109375,78023.0,271901.0,228403.0
24.125,77972.0,271884.0,228426.0
24.12890625,77911.0,271892.0,228402.0
24.1328125,77885.0,271877.0,228408.0
24.13671875,77819.0,271851.0,228364.0
24.140625,77800.0,271892.0,228389.0
24.14453125,77761.0,271876.0,228386.0
24.1484375,77721.0,271854.0,228392.0
24.15234375,77701.0,271875.0,228357.0
24.15625,77669.0,271883.0,228355.0
24.16015625,77642.0,271882.0,228344.0
24.1640625,77626.0,271841.0,228343.0
24.16796875,77586.0,271877.0,228331.0
24.171875,77595.0,271854.0,228323.0
24.17578125,77548.0,271856.0,228311.0
24.1796875,77534.0,271848.0,228318.0
24.18359375,77506.0,271844.0,228331.0
24.1875,77500.0,271815.0,228316.0
24.19140625,77471.0,271848.0,228306.0
24.1953125,77465.0,271865.0,228320.0
24.19921875,77449.0,271823.0,228301.0
24.203125,77407.0,271839.0,228290.0
24.20703125,77408.0,271854.0,228296.0
24.2109375,77406.0,271848.0,228291.0
24.21484375,77390.0,271824.0,228287.0
24.21875,77349.0,271802.0,228271.0
24.22265625,77360.0,271841.0,228297.0
24.2265625,77343.0,271836.0,228287.0
24.23046875,77344.0,271826.0,228277.0
24.234375,77337.0,271824.0,228281.0
24.23828125,77350.0,271810.0,228303.0
24.2421875,77319.0,271826.0,228298.0
24.24609375,77350.0,271808.0,228287.0
24.25,77356.0,271823.0,228304.0
24.25390625,77365.0,271844.0,228281.0
24.2578125,77384.0,271837.0,228319.0
24.26171875,77392.0,271828.0,228315.0
24.265625,77374.0,271819.0,228292.0
24.26953125,77402.0,271829.0,228312.0
24.2734375,77391.0,271809.0,228291.0
24.27734375,77406.0,271835.0,228328.0
24.28125,77429.0,271842.0,228310.0
24.28515625,77429.0,271825.0,228296.0
24.2890625,77435.0,271833.0,228310.0
24.29296875,77455.0,271839.0,228302.0
24.296875,77476.0,271822.0,228326.0
24.30078125,77481.0,271833.0,228312.0
24.3046875,77466.0,271829.0,228307.0
24.30859375,77501.0,271831.0,228309.0
24.3125,77505.0,271815.0,228315.0
24.31640625,77532.0,271814.0,228306.0
24.3203125,77532.0,271845.0,228315.0
24.32421875,77520.0,271824.0,228303.0
24.328125,77541.0,271815.0,228325.0
24.33203125,77545.0,271843.0,228307.0
24.3359375,77571.0,271818.0,228298.0
24.33984375,77555.0,271839.0,228313.0
24.34375,77570.0,271819.0,228312.0
24.34765625,77573.0,271820.0,228291.0
24.3515625,77583.0,271816.0,228296.0
24.35546875,77556.0,271809.0,228286.0
24.359375,77570.0,271833.0,228304.0
24.36328125,77590.0,271828.0,228301.0
24.3671875,77588.0,271815.0,228282.0
24.37109375,77600.0,271823.0,228291.0
24.375,77610.0,271808.0,228285.0
24.37890625,77611.0,271813.0,228292.0
24.3828125,77618.0,271815.0,228314.0
24.38671875,77599.0,271830.0,228314.0
24.390625,77628.0,271823.0,228294.0
24.39453125,77642.0,271815.0,228300.0
24.3984375,77630.0,271816.0,228308.0
24.40234375,77628.0,271808.0,228312.0
24.40625,77651.0,271801.0,228297.0
24.41015625,77665.0,271843.0,228311.0
24.4140625,77684.0,271834.0,228335.0
24.41796875,77686.0,271794.0,228301.0
24.421875,77664.0,271823.0,228296.0
24.42578125,77713.0,271833.0,228320.0
24.4296875,77716.0,271846.0,228331.0
24.43359375,77718.0,271836.0,228323.0
24.4375,77739.0,271834.0,228337.0
24.44140625,77761.0,271866.0,228337.0
24.4453125,77756.0,271847.0,228355.0
24.44921875,77775.0,271847.0,228356.0
24.453125,77775.0,271808.0,228356.0
24.45703125,77822.0,271846.0,228372.0
24.4609375,77824.0,271845.0,228376.0
24.46484375,77840.0,271841.0,228372.0
24.46875,77838.0,271871.0,228374.0
24.47265625,77854.0,271876.0,228365.0
24.4765625,77871.0,271843.0,228379.0
24.48046875,77885.0,271874.0,228387.0
24.484375,77889.0,271867.0,228385.0
24.48828125,77903.0,271870.0,228401.0
24.4921875,77966.0,271869.0,228390.0
24.49609375,77949.0,271888.0,228414.0
24.5,77968.0,271858.0,228402.0
24.50390625,77980.0,271859.0,228379.0
24.5078125,77999.0,271852.0,228384.0
24.51171875,78033.0,271869.0,228403.0
24.515625,78035.0,271877.0,228410.0
24.51953125,78048.0,271875.0,228383.0
24.5234375,78034.0,271826.0,228387.0
24.52734375,78074.0,271857.0,228389.0
24.53125,78081.0,271862.0,228397.0
24.53515625,78094.0,271855.0,228414.0
24.5390625,78105.0,271864.0,228398.0
24.54296875,78134.0,271852.0,228414.0
24.546875,78129.0,271863.0,228407.0
24.55078125,78173.0,271856.0,228416.0
24.5546875,78155.0,271867.0,228418.0
24.55859375,78201.0,271853.0,228412.0
24.5625,78208.0,271887.0,228397.0
24.56640625,78205.0,271861.0,228416.0
24.5703125,78245.0,271883.0,228430.0
24.57421875,78248.0,271869.0,228427.0
24.578125,78270.0,271856.0,228422.0
24.58203125,78238.0,271890.0,228424.0
24.5859375,78278.0,271865.0,228421.0
24.58984375,78306.0,271851.0,228427.0
24.59375,78322.0,271850.0,228426.0
24.59765625,78320.0,271887.0,228427.0
24.6015625,78372.0,271887.0,228405.0
24.60546875,78367.0,271879.0,228425.0
24.609375,78365.0,271878.0,228414.0
24.61328125,78389.0,271861.0,228440.0
24.6171875,78417.0,271850.0,228424.0
24.62109375,78420.0,271910.0,228437.0
24.625,78433.0,271872.0,228444.0
24.62890625,78461.0,271862.0,228436.0
24.6328125,78483.0,271852.0,228429.0
24.63671875,78481.0,271908.0,228449.0
24.640625,78503.0,271880.0,228439.0
24.64453125,78495.0,271896.0,228469.0
24.6484375,78515.0,271873.0,228451.0
24.65234375,78539.0,271903.0,228437.0
24.65625,78539.0,271899.0,228452.0
24.66015625,78574.0,271874.0,228457.0
24.6640625,78588.0,271901.0,228443.0
24.66796875,78604.0,271932.0,228452.0
24.671875,78605.0,271897.0,228443.0
24.67578125,78605.0,271887.0,228456.0
24.6796875,78654.0,271920.0,228455.0
24.68359375,78650.0,271888.0,228434.0
24.6875,78677.0,271907.0,228430.0
24.69140625,78697.0,271860.0,228453.0
24.6953125,78716.0,271893.0,228454.0
24.69921875,78702.0,271879.0,228468.0
24.703125,78730.0,271872.0,228470.0
24.70703125,78720.0,271897.0,228445.0
24.7109375,78759.0,271892.0,228449.0
24.71484375,78747.0,271879.0,228475.0
24.71875,78778.0,271886.0,228477.0
24.72265625,78789.0,271890.0,228455.0
24.7265625,78791.0,271920.0,228457.0
24.73046875,78824.0,271900.0,228478.0
24.734375,78825.0,271876.0,228478.0
24.73828125,78835.0,271886.0,228488.0
24.7421875,78866.0,271883.0,228473.0
24.74609375,78863.0,271904.0,228472.0
24.75,78880.0,271896.0,228503.0
24.75390625,78917.0,271899.0,228472.0
24.7578125,78901.0,271901.0,228478.0
24.76171875,78916.0,271890.0,228472.0
24.765625,78936.0,271894.0,228496.0
24.76953125,78927.0,271926.0,228485.0
24.7734375,78950.0,271898.0,228481.0
24.77734375,78988.0,271907.0,228500.0
24.78125,78966.0,271884.0,228491.0
24.78515625,78955.0,271889.0,228481.0
24.7890625,78961.0,271905.0,228481.0
24.79296875,78928.0,271886.0,228471.0
24.796875,78969.0,271888.0,228469.0
24.80078125,78933.0,271894.0,228465.0
24.8046875,78916.0,271881.0,228461.0
24.80859375,78898.0,271887.0,228468.0
24.8125,78876.0,271922.0,228467.0
24.81640625,78869.0,271898.0,228449.0
24.8203125,78830.0,271885.0,228470.0
24.82421875,78797.0,271905.0,228447.0
24.828125,78768.0,271914.0,228453.0
24.83203125,78693.0,271922.0,228438.0
24.8359375,78677.0,271898.0,228438.0
24.83984375,78621.0,271912.0,228440.0
24.84375,78544.0,271890.0,228441.0
24.84765625,78501.0,271899.0,228404.0
24.8515625,78446.0,271904.0,228408.0
24.85546875,78423.0,271889.0,228411.0
24.859375,78347.0,271892.0,228394.0
24.86328125,78302.0,271924.0,228390.0
24.8671875,78256.0,271874.0,228375.0
24.87109375,78197.0,271921.0,228389.0
24.875,78159.0,271873.0,228384.0
24.87890625,78094.0,271915.0,228368.0
24.8828125,78040.0,271903.0,228374.0
24.88671875,78013.0,271885.0,228378.0
24.890625,77979.0,271885.0,228400.0
24.89453125,77936.0,271894.0,228356.0
24.8984375,77920.0,271914.0,228382.0
24.90234375,77899.0,271863.0,228381.0
24.90625,77843.0,271891.0,228367.0
24.91015625,77820.0,271890.0,228355.0
24.9140625,77776.0,271884.0,228387.0
24.91796875,77771.0,271847.0,228357.0
24.921875,77764.0,271854.0,228355.0
24.92578125,77712.0,271893.0,228382.0
24.9296875,77694.0,271881.0,228378.0
24.93359375,77692.0,271889.0,228361.0
24.9375,77676.0,271871.0,228360.0
24.94140625,77655.0,271866.0,228357.0
24.9453125,77646.0,271881.0,228372.0
24.94921875,77640.0,271881.0,228378.0
24.953125,77609.0,271886.0,228383.0
24.95703125,77560.0,271882.0,228400.0
24.9609375,77564.0,271875.0,228393.0
24.96484375,77570.0,271879.0,228393.0
24.96875,77566.0,271894.0,228419.0
24.97265625,77572.0,271885.0,228376.0
24.9765625,77549.0,271888.0,228392.0
24.98046875,77558.0,271874.0,228399.0
24.984375,77548.0,271888.0,228399.0
24.98828125,77550.0,271912.0,228414.0
24.9921875,77585.0,271877.0,228405.0
24.99609375,77575.0,271881.0,228417.0
25.0,77580.0,271906.0,228442.0
25.00390625,77587.0,271919.0,228443.0
25.0078125,77590.0,271906.0,228425.0
25.01171875,77612.0,271929.0,228443.0
25.015625,77603.0,271917.0,228443.0
25.01953125,77619.0,271906.0,228436.0
25.0234375,77662.0,271893.0,228437.0
25.02734375,77640.0,271895.0,228417.0
25.03125,77658.0,271916.0,228437.0
25.03515625,77709.0,271946.0,228443.0
25.0390625,77696.0,271932.0,228455.0
25.04296875,77715.0,271909.0,228428.0
25.046875,77725.0,271917.0,228452.0
25.05078125,77752.0,271926.0,228458.0
25.0546875,77757.0,271907.0,228452.0
25.05859375,77751.0,271890.0,228442.0
25.0625,77784.0,271893.0,228480.0
25.06640625,77801.0,271903.0,228451.0
25.0703125,77786.0,271887.0,228454.0
25.07421875,77793.0,271918.0,228467.0
25.078125,77779.0,271931.0,228457.0
25.08203125,77797.0,271905.0,228453.0
25.0859375,77822.0,271900.0,228453.0
25.08984375,77816.0,271907.0,228445.0
25.09375,77817.0,271912.0,228451.0
25.09765625,77842.0,271910.0,228450.0
25.1015625,77836.0,271916.0,228452.0
25.10546875,77829.0,271901.0,228457.0
25.109375,77845.0,271886.0,228450.0
25.11328125,77859.0,271892.0,228452.0
25.1171875,77862.0,271911.0,228453.0
25.12109375,77867.0,271911.0,228440.0
25.125,77854.0,271893.0,228440.0
25.12890625,77870.0,271886.0,228430.0
25.1328125,77862.0,271900.0,228433.0
25.13671875,77885.0,271902.0,228449.0
25.140625,77883.0,271893.0,228441.0
25.14453125,77874.0,271902.0,228430.0
25.1484375,77880.0,271891.0,228435.0
25.15234375,77905.0,271910.0,228437.0
25.15625,77904.0,271886.0,228437.0
25.16015625,77902.0,271901.0,228426.0
25.1640625,77938.0,271900.0,228439.0
25.16796875,77937.0,271891.0,228425.0
25.171875,77937.0,271874.0,228426.0
25.17578125,77955.0,271892.0,228410.0
25.1796875,77962.0,271887.0,228419.0
25.18359375,77970.0,271898.0,228427.0
25.1875,77980.0,271902.0,228419.0
25.19140625,77988.0,271928.0,228440.0
25.1953125,77997.0,271891.0,228437.0
25.19921875,78003.0,271928.0,228430.0
25.203125,78040.0,271908.0,228451.0
25.20703125,78039.0,271925.0,228442.0
25.2109375,78064.0,271912.0,228454.0
25.21484375,78070.0,271899.0,228456.0
25.21875,78054.0,271902.0,228448.0
25.22265625,78095.0,271877.0,228447.0
25.2265625,78106.0,271897.0,228444.0
25.23046875,78104.0,271905.0,228467.0
25.234375,78101.0,271919.0,228448.0
25.23828125,78149.0,271886.0,228467.0
25.2421875,78169.0,271865.0,228439.0
25.24609375,78182.0,271887.0,228453.0
25.25,78166.0,271860.0,228453.0
25.25390625,78209.0,271902.0,228466.0
25.2578125,78199.0,271911.0,228444.0
25.26171875,78245.0,271881.0,228452.0
25.265625,78216.0,271883.0,228472.0
25.26953125,78228.0,271871.0,228457.0
25.2734375,78243.0,271898.0,228460.0
25.27734375,78268.0,271908.0,228460.0
25.28125,78275.0,271878.0,228484.0
25.28515625,78303.0,271890.0,228461.0
25.2890625,78295.0,271871.0,228458.0
25.29296875,78310.0,271875.0,228472.0
25.296875,78352.0,271886.0,228467.0
25.30078125,78343.0,271891.0,228475.0
25.3046875,78367.0,271896.0,228462.0
25.30859375,78389.0,271899.0,228471.0
25.3125,78386.0,271855.0,228458.0
25.31640625,78414.0,271912.0,228479.0
25.3203125,78432.0,271903.0,228463.0
25.32421875,78418.0,271880.0,228460.0
25.328125,78449.0,271859.0,228449.0
25.33203125,78442.0,271900.0,228457.0
25.3359375,78487.0,271853.0,228461.0
25.33984375,78507.0,271874.0,228448.0
25.34375,78508.0,271830.0,228451.0
25.34765625,78534.0,271870.0,228442.0
25.3515625,78525.0,271863.0,228427.0
25.35546875,78567.0,271864.0,228462.0
25.359375,78602.0,271863.0,228447.0
25.36328125,78584.0,271859.0,228453.0
25.3671875,78588.0,271875.0,228450.0
25.37109375,78620.0,271891.0,228452.0
25.375,78644.0,271881.0,228433.0
25.37890625,78653.0,271882.0,228441.0
25.3828125,78675.0,271863.0,228452.0
25.38671875,78701.0,271872.0,228466.0
25.390625,78691.0,271886.0,228460.0
25.39453125,78733.0,271895.0,228457.0
25.3984375,78741.0,271872.0,228478.0
25.40234375,78733.0,271868.0,228497.0
25.40625,78777.0,271876.0,228480.0
25.41015625,78792.0,271880.0,228468.0
25.4140625,78810.0,271880.0,228479.0
25.41796875,78823.0,271886.0,228485.0
25.421875,78833.0,271880.0,228489.0
25.42578125,78843.0,271889.0,228497.0
25.4296875,78856.0,271877.0,228506.0
25.43359375,78878.0,271900.0,228498.0
25.4375,78894.0,271889.0,228503.0
25.44140625,78905.0,271873.0,228493.0
25.4453125,78910.0,271880.0,228508.0
25.44921875,78948.0,271892.0,228516.0
25.453125,78956.0,271877.0,228510.0
25.45703125,78962.0,271883.0,228492.0
25.4609375,78987.0,271912.0,228500.0
25.46484375,79021.0,271876.0,228505.0
25.46875,78994.0,271888.0,228517.0
25.47265625,79010.0,271907.0,228521.0
25.4765625,79037.0,271892.0,228484.0
25.48046875,79045.0,271901.0,228518.0
25.484375,79060.0,271892.0,228504.0
25.48828125,79071.0,271908.0,228510.0
25.4921875,79087.0,271890.0,228501.0
25.49609375,79079.0,271881.0,228496.0
25.5,79084.0,271895.0,228513.0
25.50390625,79067.0,271899.0,228480.0
25.5078125,79069.0,271919.0,228483.0
25.51171875,79061.0,271884.0,228482.0
25.515625,79047.0,271866.0,228480.0
25.51953125,79028.0,271875.0,228482.0
25.5234375,79020.0,271870.0,228482.0
25.52734375,79004.0,271900.0,228455.0
25.53125,78981.0,271893.0,228459.0
25.53515625,78927.0,271913.0,228485.0
25.5390625,78901.0,271904.0,228482.0
25.54296875,78861.0,271876.0,228457.0
25.546875,78825.0,271885.0,228461.0
25.55078125,78764.0,271905.0,228433.0
25.5546875,78751.0,271862.0,228440.0
25.55859375,78682.0,271906.0,228417.0
25.5625,78637.0,271884.0,228420.0
25.56640625,78561.0,271897.0,228413.0
25.5703125,78547.0,271900.0,228410.0
25.57421875,78488.0,271873.0,228404.0
25.578125,78436.0,271860.0,228393.0
25.58203125,78378.0,271861.0,228387.0
25.5859375,78351.0,271875.0,228394.0
25.58984375,78291.0,271869.0,228396.0
25.59375,78241.0,271862.0,228363.0
25.59765625,78230.0,271872.0,228362.0
25.6015625,78182.0,271872.0,228374.0
25.60546875,78167.0,271887.0,228375.0
25.609375,78131.0,271851.0,228361.0
25.61328125,78072.0,271844.0,228369.0
25.6171875,78065.0,271854.0,228363.0
25.62109375,78046.0,271886.0,228335.0
25.625,78022.0,271876.0,228329.0
25.62890625,78002.0,271841.0,228347.0
25.6328125,77979.0,271871.0,228351.0
25.63671875,77988.0,271853.0,228321.0
25.640625,77945.0,271865.0,228351.0
25.64453125,77937.0,271867.0,228347.0
25.6484375,77936.0,271843.0,228327.0
25.65234375,77914.0,271854.0,228348.0
25.65625,77898.0,271844.0,228334.0
25.66015625,77881.0,271860.0,228296.0
25.6640625,77854.0,271859.0,228323.0
25.66796875,77877.0,271862.0,228333.0
25.671875,77852.0,271874.0,228332.0
25.67578125,77852.0,271848.0,228315.0
25.6796875,77842.0,271881.0,228320.0
25.68359375,77834.0,271858.0,228325.0
25.6875,77852.0,271850.0,228332.0
25.69140625,77825.0,271842.0,228336.0
25.6953125,77808.0,271847.0,228322.0
25.69921875,77858.0,271842.0,228331.0
25.703125,77845.0,271877.0,228362.0
25.70703125,77838.0,271868.0,228353.0
25.7109375,77841.0,271904.0,228352.0
25.71484375,77841.0,271862.0,228335.0
25.71875,77851.0,271866.0,228358.0
25.72265625,77859.0,271861.0,228357.0
25.7265625,77872.0,271840.0,228345.0
25.73046875,77886.0,271826.0,228344.0
25.734375,77888.0,271862.0,228347.0
25.73828125,77911.0,271849.0,228344.0
25.7421875,77919.0,271844.0,228352.0
25.74609375,77920.0,271833.0,228350.0
25.75,77936.0,271817.0,228339.0
25.75390625,77957.0,271858.0,228360.0
25.7578125,77980.0,271860.0,228368.0
25.76171875,78001.0,271864.0,228350.0
25.765625,78011.0,271880.0,228341.0
25.76953125,78044.0,271874.0,228357.0
25.7734375,78035.0,271888.0,228385.0
25.77734375,78046.0,271871.0,228370.0
25.78125,78044.0,271855.0,228343.0
25.78515625,78080.0,271877.0,228361.0
25.7890625,78057.0,271873.0,228366.0
25.79296875,78097.0,271894.0,228368.0
25.796875,78125.0,271858.0,228340.0
25.80078125,78124.0,271862.0,228375.0
25.8046875,78117.0,271852.0,228375.0
25.80859375,78141.0,271862.0,228364.0
25.8125,78133.0,271887.0,228362.0
25.81640625,78153.0,271836.0,228339.0
25.8203125,78145.0,271882.0,228355.0
25.82421875,78176.0,271860.0,228354.0
25.828125,78169.0,271836.0,228352.0
25.83203125,78160.0,271859.0,228363.0
25.8359375,78165.0,271864.0,228353.0
25.83984375,78191.0,271854.0,228355.0
25.84375,78209.0,271863.0,228360.0
25.84765625,78212.0,271862.0,228359.0
25.8515625,78200.0,271851.0,228370.0
25.85546875,78210.0,271892.0,228380.0
25.859375,78225.0,271852.0,228370.0
25.86328125,78222.0,271865.0,228368.0
25.8671875,78240.0,271881.0,228368.0
25.87109375,78249.0,271888.0,228379.0
25.875,78248.0,271866.0,228363.0
25.87890625,78265.0,271869.0,228400.0
25.8828125,78291.0,271863.0,228366.0
25.88671875,78303.0,271875.0,228403.0
25.890625,78294.0,271856.0,228383.0
25.89453125,78323.0,271872.0,228412.0
25.8984375,78330.0,271856.0,228397.0
25.90234375,78337.0,271881.0,228389.0
25.90625,78348.0,271885.0,228403.0
25.91015625,78379.0,271892.0,228415.0
25.9140625,78389.0,271894.0,228425.0
25.91796875,78403.0,271882.0,228416.0
25.921875,78422.0,271889.0,228440.0
25.92578125,78422.0,271909.0,228467.0
25.9296875,78437.0,271908.0,228450.0
25.93359375,78471.0,271924.0,228456.0
25.9375,78496.0,271927.0,228459.0
25.94140625,78496.0,271930.0,228469.0
25.9453125,78495.0,271927.0,228504.0
25.94921875,78518.0,271910.0,228476.0
25.953125,78537.0,271937.0,228511.0
25.95703125,78561.0,271941.0,228505.0
25.9609375,78555.0,271944.0,228511.0
25.96484375,78590.0,271971.0,228516.0
25.96875,78598.0,271965.0,228516.0
25.97265625,78619.0,271971.0,228522.0
25.9765625,78629.0,271939.0,228523.0
25.98046875,78643.0,271976.0,228520.0
25.984375,78671.0,271973.0,228533.0
25.98828125,78678.0,271951.0,228543.0
25.9921875,78713.0,271965.0,228537.0
25.99609375,78707.0,271969.0,228538.0
26.0,78746.0,271988.0,228539.0
26.00390625,78757.0,271984.0,228552.0
26.0078125,78779.0,271962.0,228551.0
26.01171875,78794.0,271976.0,228542.0
26.015625,78798.0,271971.0,228558.0
26.01953125,78824.0,271962.0,228548.0
26.0234375,78850.0,271947.0,228545.0
26.02734375,78837.0,271963.0,228553.0
26.03125,78861.0,271968.0,228551.0
26.03515625,78876.0,271978.0,228552.0
26.0390625,78903.0,271982.0,228572.0
26.04296875,78914.0,271974.0,228560.0
26.046875,78935.0,271968.0,228589.0
26.05078125,78929.0,271970.0,228572.0
26.0546875,78969.0,271987.0,228575.0
26.05859375,78959.0,271982.0,228565.0
26.0625,78970.0,271971.0,228573.0
26.06640625,79010.0,271977.0,228574.0
26.0703125,79020.0,271964.0,228573.0
26.07421875,79021.0,271983.0,228588.0
26.078125,79031.0,272014.0,228574.0
26.08203125,79070.0,271998.0,228594.0
26.0859375,79078.0,271979.0,228588.0
26.08984375,79083.0,272004.0,228597.0
26.09375,79069.0,271982.0,228577.0
26.09765625,79102.0,271988.0,228602.0
26.1015625,79106.0,271994.0,228608.0
26.10546875,79141.0,272014.0,228616.0
26.109375,79149.0,271999.0,228652.0
26.11328125,79178.0,272032.0,228631.0
26.1171875,79161.0,271977.0,228651.0
26.12109375,79194.0,272002.0,228651.0
26.125,79204.0,272036.0,228638.0
26.12890625,79200.0,272003.0,228654.0
26.1328125,79207.0,272010.0,228637.0
26.13671875,79230.0,272005.0,228661.0
26.140625,79260.0,272033.0,228652.0
26.14453125,79286.0,272042.0,228631.0
26.1484375,79281.0,272024.0,228647.0
26.15234375,79289.0,272023.0,228630.0
26.15625,79324.0,272015.0,228614.0
26.16015625,79340.0,272006.0,228635.0
26.1640625,79341.0,272024.0,228638.0
26.16796875,79338.0,272011.0,228633.0
26.171875,79348.0,272022.0,228661.0
26.17578125,79374.0,272016.0,228659.0
26.1796875,79381.0,272038.0,228660.0
26.18359375,79422.0,272022.0,228633.0
26.1875,79429.0,272062.0,228655.0
26.19140625,79444.0,272042.0,228658.0
26.1953125,79426.0,272035.0,228660.0
26.19921875,79448.0,272017.0,228648.0
26.203125,79511.0,272034.0,228668.0
26.20703125,79501.0,272033.0,228674.0
26.2109375,79476.0,272024.0,228669.0
26.21484375,79511.0,272036.0,228665.0
26.21875,79532.0,272023.0,228662.0
26.22265625,79546.0,272058.0,228666.0
26.2265625,79547.0,272036.0,228701.0
26.23046875,79561.0,272017.0,228686.0
26.234375,79568.0,272049.0,228655.0
26.23828125,79576.0,272077.0,228673.0
26.2421875,79589.0,272049.0,228687.0
26.24609375,79601.0,272005.0,228650.0
26.25,79617.0,272011.0,228671.0
26.25390625,79611.0,272029.0,228654.0
26.2578125,79617.0,272018.0,228648.0
26.26171875,79623.0,272027.0,228648.0
26.265625,79625.0,272039.0,228614.0
26.26953125,79599.0,272008.0,228641.0
26.2734375,79585.0,272037.0,228641.0
26.27734375,79571.0,272012.0,228627.0
26.28125,79561.0,272012.0,228628.0
26.28515625,79527.0,272022.0,228605.0
26.2890625,79507.0,272034.0,228588.0
26.29296875,79477.0,272046.0,228619.0
26.296875,79415.0,271993.0,228611.0
26.30078125,79424.0,272020.0,228608.0
26.3046875,79368.0,272058.0,228590.0
26.30859375,79309.0,272000.0,228577.0
26.3125,79255.0,272000.0,228529.0
26.31640625,79231.0,271997.0,228538.0
26.3203125,79165.0,271991.0,228532.0
26.32421875,79140.0,271980.0,228529.0
26.328125,79077.0,271982.0,228537.0
26.33203125,79052.0,271974.0,228518.0
26.3359375,78984.0,271953.0,228509.0
26.33984375,78941.0,271969.0,228494.0
26.34375,78901.0,271975.0,228499.0
26.34765625,78864.0,271978.0,228500.0
26.3515625,78817.0,271959.0,228484.0
26.35546875,78777.0,271954.0,228464.0
26.359375,78772.0,271940.0,228482.0
26.36328125,78703.0,271937.0,228452.0
26.3671875,78690.0,271937.0,228448.0
26.37109375,78659.0,271929.0,228472.0
26.375,78615.0,271957.0,228467.0
26.37890625,78595.0,271947.0,228440.0
26.3828125,78573.0,271928.0,228429.0
26.38671875,78542.0,271915.0,228443.0
26.390625,78538.0,271944.0,228433.0
26.39453125,78507.0,271925.0,228426.0
26.3984375,78488.0,271936.0,228436.0
26.40234375,78467.0,271898.0,228397.0
26.40625,78476.0,271914.0,228403.0
26.41015625,78455.0,271925.0,228419.0
26.4140625,78427.0,271925.0,228397.0
26.41796875,78418.0,271913.0,228383.0
26.421875,78405.0,271905.0,228367.0
26.42578125,78387.0,271888.0,228386.0
26.4296875,78361.0,271895.0,228377.0
26.43359375,78351.0,271923.0,228359.0
26.4375,78348.0,271892.0,228377.0
26.44140625,78352.0,271904.0,228390.0
26.4453125,78321.0,271895.0,228392.0
26.44921875,78313.0,271910.0,228377.0
26.453125,78304.0,271895.0,228397.0
26.45703125,78290.0,271906.0,228396.0
26.4609375,78301.0,271905.0,228393.0
26.46484375,78283.0,271902.0,228378.0
26.46875,78316.0,271911.0,228383.0
26.47265625,78280.0,271898.0,228430.0
26.4765625,78296.0,271924.0,228387.0
26.48046875,78297.0,271921.0,228392.0
26.484375,78307.0,271923.0,228413.0
26.48828125,78300.0,271894.0,228408.0
26.4921875,78299.0,271938.0,228443.0
26.49609375,78322.0,271912.0,228426.0
26.5,78330.0,271934.0,228414.0
26.50390625,78352.0,271940.0,228436.0
26.5078125,78353.0,271921.0,228444.0
26.51171875,78376.0,271913.0,228433.0
26.515625,78372.0,271937.0,228437.0
26.51953125,78393.0,271938.0,228438.0
26.5234375,78410.0,271933.0,228435.0
26.52734375,78410.0,271922.0,228460.0
26.53125,78441.0,271933.0,228449.0
26.53515625,78429.0,271949.0,228465.0
26.5390625,78453.0,271945.0,228463.0
26.54296875,78479.0,271939.0,228465.0
26.546875,78485.0,271954.0,228468.0
26.55078125,78491.0,271947.0,228449.0
26.5546875,78489.0,271954.0,228450.0
26.55859375,78493.0,271951.0,228451.0
26.5625,78497.0,271969.0,228468.0
26.56640625,78503.0,271958.0,228449.0
26.5703125,78495.0,271944.0,228449.0
26.57421875,78505.0,271939.0,228458.0
26.578125,78503.0,271960.0,228459.0
26.58203125,78521.0,271909.0,228451.0
26.5859375,78525.0,271939.0,228453.0
26.58984375,78527.0,271935.0,228470.0
26.59375,78527.0,271940.0,228465.0
26.59765625,78525.0,271929.0,228456.0
26.6015625,78532.0,271938.0,228460.0
26.60546875,78530.0,271931.0,228472.0
26.609375,78560.0,271938.0,228479.0
26.61328125,78546.0,271927.0,228473.0
26.6171875,78532.0,271976.0,228487.0
26.62109375,78526.0,271918.0,228463.0
26.625,78543.0,271922.0,228460.0
26.62890625,78549.0,271935.0,228476.0
26.6328125,78565.0,271924.0,228472.0
26.63671875,78566.0,271925.0,228473.0
26.640625,78577.0,271953.0,228472.0
26.64453125,78581.0,271934.0,228479.0
26.6484375,78592.0,271913.0,228466.0
26.65234375,78619.0,271942.0,228450.0
26.65625,78598.0,271937.0,228447.0
26.66015625,78612.0,271923.0,228455.0
26.6640625,78621.0,271945.0,228467.0
26.66796875,78648.0,271951.0,228469.0
26.671875,78625.0,271940.0,228463.0
26.67578125,78645.0,271927.0,228461.0
26.6796875,78651.0,271942.0,228475.0
26.68359375,78689.0,271918.0,228471.0
26.6875,78669.0,271930.0,228452.0
26.69140625,78691.0,271935.0,228449.0
26.6953125,78677.0,271932.0,228456.0
26.69921875,78715.0,271920.0,228479.0
26.703125,78729.0,271919.0,228449.0
26.70703125,78728.0,271917.0,228470.0
26.7109375,78766.0,271932.0,228471.0
26.71484375,78777.0,271915.0,228505.0
26.71875,78756.0,271921.0,228482.0
26.72265625,78779.0,271928.0,228467.0
26.7265625,78785.0,271940.0,228487.0
26.73046875,78815.0,271926.0,228502.0
26.734375,78803.0,271927.0,228498.0
26.73828125,78829.0,271922.0,228500.0
26.7421875,78842.0,271949.0,228493.0
26.74609375,78861.0,271925.0,228516.0
26.75,78887.0,271955.0,228496.0
26.75390625,78893.0,271931.0,228499.0
26.7578125,78896.0,271962.0,228499.0
26.76171875,78916.0,271967.0,228508.0
26.765625,78925.0,271927.0,228500.0
26.76953125,78935.0,271925.0,228515.0
26.7734375,78929.0,271929.0,228478.0
26.77734375,78964.0,271927.0,228515.0
26.78125,78986.0,271952.0,228506.0
26.78515625,78990.0,271970.0,228487.0
26.7890625,79022.0,271933.0,228472.0
26.79296875,79010.0,271954.0,228499.0
26.796875,79025.0,271920.0,228497.0
26.80078125,79023.0,271923.0,228524.0
26.8046875,79069.0,271949.0,228510.0
26.80859375,79082.0,271931.0,228513.0
26.8125,79106.0,271952.0,228517.0
26.81640625,79097.0,271953.0,228510.0
26.8203125,79111.0,271933.0,228520.0
26.82421875,79120.0,271951.0,228511.0
26.828125,79127.0,271930.0,228529.0
26.83203125,79156.0,271940.0,228517.0
26.8359375,79164.0,271964.0,228530.0
26.83984375,79175.0,271944.0,228530.0
26.84375,79195.0,271926.0,228524.0
26.84765625,79198.0,271949.0,228530.0
26.8515625,79205.0,271949.0,228538.0
26.85546875,79214.0,271938.0,228563.0
26.859375,79235.0,271970.0,228540.0
26.86328125,79244.0,271945.0,228567.0
26.8671875,79277.0,271975.0,228548.0
26.87109375,79256.0,271953.0,228575.0
26.875,79303.0,271974.0,228577.0
26.87890625,79289.0,271970.0,228570.0
26.8828125,79310.0,271967.0,228566.0
26.88671875,79341.0,271951.0,228581.0
26.890625,79346.0,271995.0,228562.0
26.89453125,79341.0,271985.0,228590.0
26.8984375,79340.0,271989.0,228586.0
26.90234375,79374.0,271968.0,228603.0
26.90625,79361.0,271952.0,228599.0
26.91015625,79388.0,271980.0,228584.0
26.9140625,79414.0,271986.0,228603.0
26.91796875,79424.0,271954.0,228602.0
26.921875,79441.0,271985.0,228590.0
26.92578125,79431.0,271966.0,228589.0
26.9296875,79457.0,271975.0,228593.0
26.93359375,79486.0,271952.0,228588.0
26.9375,79470.0,271964.0,228588.0
26.94140625,79481.0,271923.0,228594.0
26.9453125,79501.0,271973.0,228603.0
26.94921875,79533.0,271956.0,228578.0
26.953125,79526.0,271941.0,228562.0
26.95703125,79517.0,271947.0,228578.0
26.9609375,79546.0,271962.0,228599.0
26.96484375,79581.0,271949.0,228598.0
26.96875,79579.0,271945.0,228577.0
26.97265625,79587.0,271956.0,228578.0
26.9765625,79606.0,271959.0,228589.0
26.98046875,79616.0,271955.0,228588.0
26.984375,79635.0,271983.0,228601.0
26.98828125,79645.0,271947.0,228587.0
26.9921875,79648.0,271979.0,228592.0
26.99609375,79645.0,271931.0,228611.0
27.0,79672.0,271964.0,228601.0
27.00390625,79689.0,271970.0,228588.0
27.0078125,79708.0,271942.0,228599.0
27.01171875,79714.0,271955.0,228602.0
27.015625,79736.0,271969.0,228607.0
27.01953125,79731.0,271950.0,228585.0
27.0234375,79717.0,271968.0,228614.0
27.02734375,79731.0,271956.0,228586.0
27.03125,79733.0,271963.0,228583.0
27.03515625,79730.0,271961.0,228584.0
27.0390625,79689.0,271974.0,228562.0
27.04296875,79703.0,271974.0,228593.0
27.046875,79668.0,271966.0,228573.0
27.05078125,79662.0,271968.0,228564.0
27.0546875,79636.0,271969.0,228568.0
27.05859375,79618.0,271957.0,228564.0
27.0625,79594.0,271974.0,228555.0
27.06640625,79521.0,271970.0,228545.0
27.0703125,79490.0,271953.0,228529.0
27.07421875,79436.0,271942.0,228535.0
27.078125,79400.0,271970.0,228502.0
27.08203125,79341.0,271948.0,228514.0
27.0859375,79319.0,271977.0,228510.0
27.08984375,79260.0,271963.0,228490.0
27.09375,79214.0,271956.0,228482.0
27.09765625,79165.0,271956.0,228485.0
27.1015625,79115.0,271954.0,228470.0
27.10546875,79068.0,271957.0,228473.0
27.109375,79009.0,271982.0,228470.0
27.11328125,78967.0,271947.0,228479.0
27.1171875,78926.0,271938.0,228461.0
27.12109375,78870.0,271972.0,228464.0
27.125,78847.0,271937.0,228458.0
27.12890625,78797.0,271960.0,228436.0
27.1328125,78754.0,271939.0,228451.0
27.13671875,78719.0,271953.0,228441.0
27.140625,78667.0,271926.0,228438.0
27.14453125,78646.0,271917.0,228457.0
27.1484375,78622.0,271914.0,228435.0
27.15234375,78598.0,271919.0,228420.0
27.15625,78567.0,271922.0,228417.0
27.16015625,78565.0,271937.0,228419.0
27.1640625,78516.0,271937.0,228439.0
27.16796875,78500.0,271931.0,228403.0
27.171875,78490.0,271900.0,228409.0
27.17578125,78461.0,271922.0,228383.0
27.1796875,78451.0,271929.0,228387.0
27.18359375,78415.0,271923.0,228386.0
27.1875,78420.0,271932.0,228382.0
27.19140625,78400.0,271911.0,228389.0
27.1953125,78395.0,271910.0,228399.0
27.19921875,78391.0,271881.0,228370.0
27.203125,78358.0,271939.0,228386.0
27.20703125,78354.0,271919.0,228361.0
27.2109375,78332.0,271914.0,228395.0
27.21484375,78342.0,271903.0,228392.0
27.21875,78309.0,271911.0,228401.0
27.22265625,78322.0,271900.0,228370.0
27.2265625,78312.0,271918.0,228388.0
27.23046875,78303.0,271923.0,228397.0
27.234375,78310.0,271932.0,228409.0
27.23828125,78314.0,271904.0,228383.0
27.2421875,78270.0,271900.0,228384.0
27.24609375,78278.0,271917.0,228398.0
27.25,78313.0,271929.0,228396.0
27.25390625,78338.0,271937.0,228397.0
27.2578125,78319.0,271930.0,228403.0
27.26171875,78313.0,271920.0,228406.0
27.265625,78346.0,271921.0,228427.0
27.26953125,78325.0,271903.0,228423.0
27.2734375,78358.0,271952.0,228432.0
27.27734375,78373.0,271935.0,228425.0
27.28125,78362.0,271933.0,228424.0
27.28515625,78398.0,271949.0,228439.0
27.2890625,78399.0,271912.0,228423.0
27.29296875,78394.0,271911.0,228430.0
27.296875,78432.0,271932.0,228431.0
27.30078125,78438.0,271924.0,228421.0
27.3046875,78441.0,271890.0,228421.0
27.30859375,78448.0,271908.0,228422.0
27.3125,78447.0,271900.0,228444.0
27.31640625,78455.0,271900.0,228418.0
27.3203125,78478.0,271905.0,228434.0
27.32421875,78477.0,271903.0,228420.0
27.328125,78494.0,271904.0,228440.0
27.33203125,78500.0,271939.0,228427.0
27.3359375,78488.0,271931.0,228419.0
27.33984375,78501.0,271887.0,228433.0
27.34375,78503.0,271901.0,228410.0
27.34765625,78526.0,271897.0,228400.0
27.3515625,78514.0,271868.0,228409.0
27.35546875,78529.0,271907.0,228412.0
27.359375,78520.0,271898.0,228406.0
27.36328125,78530.0,271913.0,228435.0
27.3671875,78537.0,271885.0,228428.0
27.37109375,78538.0,271914.0,228410.0
27.375,78562.0,271913.0,228416.0
27.37890625,78532.0,271887.0,228435.0
27.3828125,78549.0,271918.0,228421.0
27.38671875,78574.0,271908.0,228417.0
27.390625,78545.0,271897.0,228419.0
27.39453125,78592.0,271928.0,228444.0
27.3984375,78574.0,271910.0,228446.0
27.40234375,78596.0,271906.0,228443.0
27.40625,78589.0,271891.0,228435.0
27.41015625,78607.0,271899.0,228447.0
27.4140625,78617.0,271918.0,228429.0
27.41796875,78624.0,271915.0,228428.0
27.421875,78610.0,271922.0,228437.0
27.42578125,78643.0,271889.0,228449.0
27.4296875,78629.0,271948.0,228470.0
27.43359375,78661.0,271938.0,228455.0
27.4375,78651.0,271914.0,228461.0
27.44140625,78646.0,271932.0,228472.0
27.4453125,78685.0,271930.0,228443.0
27.44921875,78683.0,271923.0,228469.0
27.453125,78714.0,271907.0,228459.0
27.45703125,78711.0,271912.0,228458.0
27.4609375,78727.0,271902.0,228447.0
27.46484375,78711.0,271915.0,228480.0
27.46875,78742.0,271933.0,228456.0
27.47265625,78750.0,271926.0,228444.0
27.4765625,78751.0,271937.0,228455.0
27.48046875,78783.0,271896.0,228479.0
27.484375,78782.0,271929.0,228478.0
27.48828125,78824.0,271921.0,228466.0
27.4921875,78817.0,271929.0,228478.0
27.49609375,78828.0,271929.0,228483.0
27.5,78843.0,271939.0,228471.0
27.50390625,78846.0,271925.0,228483.0
27.5078125,78861.0,271906.0,228492.0
27.51171875,78893.0,271931.0,228498.0
27.515625,78877.0,271941.0,228491.0
27.51953125,78910.0,271914.0,228488.0
27.5234375,78907.0,271933.0,228496.0
27.52734375,78952.0,271906.0,228490.0
27.53125,78953.0,271924.0,228505.0
27.53515625,78978.0,271917.0,228493.0
27.5390625,78983.0,271924.0,228489.0
27.54296875,78982.0,271911.0,228499.0
27.546875,78998.0,271946.0,228508.0
27.55078125,79028.0,271932.0,228510.0
27.5546875,79038.0,271947.0,228500.0
27.55859375,79061.0,271952.0,228495.0
27.5625,79037.0,271936.0,228508.0
27.56640625,79060.0,271953.0,228530.0
27.5703125,79081.0,271949.0,228524.0
27.57421875,79092.0,271941.0,228507.0
27.578125,79105.0,271928.0,228533.0
27.58203125,79109.0,271957.0,228531.0
27.5859375,79138.0,271949.0,228529.0
27.58984375,79153.0,271931.0,228507.0
27.59375,79146.0,271954.0,228529.0
27.59765625,79155.0,271964.0,228526.0
27.6015625,79176.0,271931.0,228529.0
27.60546875,79210.0,271949.0,228531.0
27.609375,79223.0,271938.0,228540.0
27.61328125,79212.0,271949.0,228556.0
27.6171875,79225.0,271963.0,228573.0
27.62109375,79257.0,271931.0,228554.0
27.625,79278.0,271983.0,228539.0
27.62890625,79263.0,271943.0,228538.0
27.6328125,79295.0,271965.0,228554.0
27.63671875,79321.0,271953.0,228553.0
27.640625,79341.0,271965.0,228540.0
27.64453125,79329.0,271976.0,228549.0
27.6484375,79361.0,271946.0,228545.0
27.65234375,79354.0,271969.0,228556.0
27.65625,79372.0,271958.0,228581.0
27.66015625,79388.0,271972.0,228587.0
27.6640625,79402.0,271967.0,228559.0
27.66796875,79412.0,271962.0,228579.0
27.671875,79441.0,271972.0,228598.0
27.67578125,79435.0,271964.0,228600.0
27.6796875,79433.0,271956.0,228586.0
27.68359375,79462.0,271962.0,228581.0
27.6875,79485.0,271961.0,228586.0
27.69140625,79501.0,271973.0,228582.0
27.6953125,79527.0,271987.0,228595.0
27.69921875,79509.0,271968.0,228603.0
27.703125,79535.0,271963.0,228608.0
27.70703125,79530.0,271963.0,228604.0
27.7109375,79560.0,271965.0,228600.0
27.71484375,79578.0,271978.0,228601.0
27.71875,79596.0,271992.0,228622.0
27.72265625,79601.0,271994.0,228614.0
27.7265625,79617.0,272010.0,228635.0
27.73046875,79623.0,271976.0,228623.0
27.734375,79655.0,271990.0,228627.0
27.73828125,79653.0,271984.0,228635.0
27.7421875,79660.0,271994.0,228647.0
27.74609375,79694.0,271975.0,228634.0
27.75,79694.0,272000.0,228616.0
27.75390625,79707.0,271973.0,228619.0
27.7578125,79723.0,271973.0,228618.0
27.76171875,79715.0,272005.0,228621.0
27.765625,79747.0,271958.0,228633.0
27.76953125,79744.0,271988.0,228636.0
27.7734375,79725.0,272009.0,228624.0
27.77734375,79734.0,271984.0,228618.0
27.78125,79752.0,271977.0,228603.0
27.78515625,79741.0,271979.0,228615.0
27.7890625,79754.0,271985.0,228593.0
27.79296875,79747.0,271957.0,228586.0
27.796875,79715.0,271979.0,228577.0
27.80078125,79682.0,271994.0,228594.0
27.8046875,79675.0,271988.0,228568.0
27.80859375,79686.0,271978.0,228569.0
27.8125,79640.0,271966.0,228575.0
27.81640625,79599.0,271970.0,228575.0
27.8203125,79572.0,271977.0,228583.0
27.82421875,79525.0,271986.0,228564.0
27.828125,79501.0,271974.0,228531.0
27.83203125,79441.0,271932.0,228534.0
27.8359375,79404.0,271967.0,228551.0
27.83984375,79354.0,271961.0,228545.0
27.84375,79297.0,271970.0,228532.0
27.84765625,79260.0,271939.0,228523.0
27.8515625,79221.0,271951.0,228508.0
27.85546875,79157.0,271964.0,228502.0
27.859375,79104.0,271954.0,228475.0
27.86328125,79051.0,271943.0,228497.0
27.8671875,78999.0,271962.0,228480.0
27.87109375,78963.0,271953.0,228477.0
27.875,78895.0,271972.0,228466.0
27.87890625,78861.0,271905.0,228466.0
27.8828125,78824.0,271940.0,228430.0
27.88671875,78787.0,271958.0,228481.0
27.890625,78753.0,271947.0,228446.0
27.89453125,78719.0,271939.0,228468.0
27.8984375,78682.0,271927.0,228473.0
27.90234375,78663.0,271955.0,228461.0
27.90625,78634.0,271965.0,228458.0
27.91015625,78589.0,271944.0,228416.0
27.9140625,78582.0,271939.0,228445.0
27.91796875,78547.0,271909.0,228464.0
27.921875,78535.0,271931.0,228442.0
27.92578125,78501.0,271903.0,228433.0
27.9296875,78474.0,271931.0,228431.0
27.93359375,78481.0,271934.0,228425.0
27.9375,78459.0,271899.0,228429.0
27.94140625,78429.0,271936.0,228440.0
27.9453125,78406.0,271929.0,228395.0
27.94921875,78405.0,271912.0,228414.0
27.953125,78372.0,271921.0,228406.0
27.95703125,78363.0,271914.0,228426.0
27.9609375,78331.0,271898.0,228401.0
27.96484375,78338.0,271930.0,228387.0
27.96875,78300.0,271928.0,228401.0
27.97265625,78292.0,271923.0,228410.0
27.9765625,78311.0,271869.0,228386.0
27.98046875,78289.0,271911.0,228401.0
27.984375,78270.0,271900.0,228406.0
27.98828125,78268.0,271915.0,228392.0
27.9921875,78261.0,271913.0,228387.0
27.99609375,78267.0,271910.0,228401.0
28.0,78284.0,271925.0,228395.0
28.00390625,78283.0,271881.0,228422.0
28.0078125,78252.0,271910.0,228394.0
28.01171875,78306.0,271907.0,228394.0
28.015625,78285.0,271930.0,228412.0
28.01953125,78279.0,271885.0,228414.0
28.0234375,78285.0,271911.0,228422.0
28.02734375,78322.0,271910.0,228423.0
28.03125,78338.0,271927.0,228425.0
28.03515625,78339.0,271918.0,228449.0
28.0390625,78367.0,271924.0,228441.0
28.04296875,78350.0,271920.0,228426.0
28.046875,78346.0,271889.0,228440.0
28.05078125,78370.0,271936.0,228446.0
28.0546875,78409.0,271924.0,228457.0
28.05859375,78398.0,271944.0,228449.0
28.0625,78402.0,271917.0,228440.0
28.06640625,78401.0,271926.0,228443.0
28.0703125,78417.0,271943.0,228450.0
28.07421875,78434.0,271926.0,228449.0
28.078125,78438.0,271903.0,228458.0
28.08203125,78469.0,271956.0,228469.0
28.0859375,78445.0,271933.0,228437.0
28.08984375,78461.0,271917.0,228453.0
28.09375,78450.0,271911.0,228454.0
28.09765625,78457.0,271938.0,228421.0
28.1015625,78450.0,271935.0,228462.0
28.10546875,78466.0,271911.0,228426.0
28.109375,78467.0,271925.0,228456.0
28.11328125,78463.0,271914.0,228452.0
28.1171875,78473.0,271931.0,228448.0
28.12109375,78471.0,271923.0,228445.0
28.125,78489.0,271935.0,228441.0
28.12890625,78461.0,271913.0,228445.0
28.1328125,78502.0,271924.0,228458.0
28.13671875,78512.0,271948.0,228451.0
28.140625,78486.0,271909.0,228465.0
28.14453125,78486.0,271928.0,228460.0
28.1484375,78493.0,271919.0,228467.0
28.15234375,78534.0,271910.0,228461.0
28.15625,78521.0,271924.0,228442.0
28.16015625,78520.0,271921.0,228454.0
28.1640625,78539.0,271901.0,228438.0
28.16796875,78545.0,271944.0,228483.0
28.171875,78561.0,271914.0,228445.0
28.17578125,78550.0,271934.0,228476.0
28.1796875,78561.0,271924.0,228454.0
28.18359375,78573.0,271915.0,228476.0
28.1875,78579.0,271917.0,228455.0
28.19140625,78579.0,271933.0,228469.0
28.1953125,78606.0,271929.0,228441.0
28.19921875,78609.0,271920.0,228493.0
28.203125,78630.0,271946.0,228453.0
28.20703125,78640.0,271930.0,228488.0
28.2109375,78627.0,271941.0,228453.0
28.21484375,78653.0,271960.0,228481.0
28.21875,78670.0,271940.0,228468.0
28.22265625,78680.0,271917.0,228473.0
28.2265625,78687.0,271933.0,228474.0
28.23046875,78716.0,271906.0,228474.0
28.234375,78739.0,271928.0,228486.0
28.23828125,78721.0,271946.0,228465.0
28.2421875,78752.0,271922.0,228460.0
28.24609375,78729.0,271939.0,228479.0
28.25,78760.0,271927.0,228480.0
28.25390625,78774.0,271909.0,228484.0
28.2578125,78772.0,271951.0,228510.0
28.26171875,78793.0,271935.0,228490.0
28.265625,78794.0,271913.0,228491.0
28.26953125,78838.0,271912.0,228487.0
28.2734375,78841.0,271937.0,228491.0
28.27734375,78838.0,271934.0,228502.0
28.28125,78856.0,271899.0,228497.0
28.28515625,78883.0,271932.0,228503.0
28.2890625,78858.0,271938.0,228506.0
28.29296875,78887.0,271907.0,228502.0
28.296875,78898.0,271903.0,228478.0
28.30078125,78926.0,271919.0,228514.0
28.3046875,78903.0,271923.0,228499.0
28.30859375,78930.0,271934.0,228496.0
28.3125,78945.0,271925.0,228503.0
28.31640625,78948.0,271917.0,228487.0
28.3203125,78973.0,271927.0,228493.0
28.32421875,78969.0,271943.0,228499.0
28.328125,78991.0,271926.0,228508.0
28.33203125,78985.0,271906.0,228478.0
28.3359375,79025.0,271919.0,228498.0
28.33984375,79031.0,271933.0,228495.0
28.34375,79066.0,271931.0,228493.0
28.34765625,79031.0,271916.0,228498.0
28.3515625,79073.0,271912.0,228515.0
28.35546875,79069.0,271930.0,228523.0
28.359375,79098.0,271929.0,228505.0
28.36328125,79121.0,271918.0,228475.0
28.3671875,79111.0,271932.0,228514.0
28.37109375,79125.0,271946.0,228516.0
28.375,79130.0,271922.0,228495.0
28.37890625,79124.0,271929.0,228488.0
28.3828125,79159.0,271906.0,228509.0
28.38671875,79155.0,271924.0,228491.0
28.390625,79169.0,271913.0,228515.0
28.39453125,79171.0,271925.0,228501.0
28.3984375,79182.0,271917.0,228495.0
28.40234375,79207.0,271887.0,228528.0
28.40625,79217.0,271913.0,228528.0
28.41015625,79201.0,271938.0,228542.0
28.4140625,79241.0,271923.0,228517.0
28.41796875,79260.0,271913.0,228513.0
28.421875,79271.0,271919.0,228529.0
28.42578125,79292.0,271912.0,228532.0
28.4296875,79286.0,271935.0,228531.0
28.43359375,79289.0,271895.0,228528.0
28.4375,79296.0,271922.0,228516.0
28.44140625,79315.0,271917.0,228538.0
28.4453125,79309.0,271931.0,228539.0
28.44921875,79358.0,271940.0,228544.0
28.453125,79365.0,271908.0,228518.0
28.45703125,79358.0,271900.0,228527.0
28.4609375,79362.0,271924.0,228538.0
28.46484375,79384.0,271913.0,228531.0
28.46875,79376.0,271937.0,228550.0
28.47265625,79414.0,271924.0,228540.0
28.4765625,79414.0,271911.0,228555.0
28.48046875,79429.0,271929.0,228557.0
28.484375,79434.0,271917.0,228552.0
28.48828125,79444.0,271941.0,228575.0
28.4921875,79473.0,271951.0,228574.0
28.49609375,79472.0,271954.0,228579.0
28.5,79500.0,271933.0,228559.0
28.50390625,79513.0,271949.0,228574.0
28.5078125,79519.0,271972.0,228596.0
28.51171875,79534.0,271946.0,228581.0
28.515625,79552.0,271952.0,228590.0
28.51953125,79561.0,271927.0,228572.0
28.5234375,79562.0,271956.0,228577.0
28.52734375,79567.0,271925.0,228590.0
28.53125,79564.0,271951.0,228569.0
28.53515625,79562.0,271952.0,228541.0
28.5390625,79578.0,271946.0,228569.0
28.54296875,79578.0,271934.0,228578.0
28.546875,79554.0,271958.0,228548.0
28.55078125,79552.0,271948.0,228549.0
28.5546875,79574.0,271942.0,228571.0
28.55859375,79529.0,271925.0,228559.0
28.5625,79518.0,271932.0,228565.0
28.56640625,79495.0,271946.0,228562.0
28.5703125,79455.0,271959.0,228558.0
28.57421875,79413.0,271934.0,228558.0
28.578125,79403.0,271944.0,228572.0
28.58203125,79344.0,271942.0,228533.0
28.5859375,79295.0,271949.0,228541.0
28.58984375,79273.0,271955.0,228516.0
28.59375,79219.0,271971.0,228525.0
28.59765625,79179.0,271935.0,228503.0
28.6015625,79118.0,271936.0,228488.0
28.60546875,79057.0,271939.0,228492.0
28.609375,78981.0,271927.0,228464.0
28.61328125,78944.0,271947.0,228460.0
28.6171875,78859.0,271948.0,228462.0
28.62109375,78826.0,271904.0,228466.0
28.625,78778.0,271919.0,228442.0
28.62890625,78707.0,271924.0,228428.0
28.6328125,78671.0,271910.0,228421.0
28.63671875,78631.0,271938.0,228422.0
28.640625,78558.0,271912.0,228411.0
28.64453125,78542.0,271906.0,228424.0
28.6484375,78498.0,271917.0,228386.0
28.65234375,78433.0,271901.0,228393.0
28.65625,78408.0,271907.0,228400.0
28.66015625,78390.0,271902.0,228397.0
28.6640625,78333.0,271910.0,228409.0
28.66796875,78299.0,271905.0,228394.0
28.671875,78250.0,271880.0,228394.0
28.67578125,78229.0,271911.0,228390.0
28.6796875,78221.0,271886.0,228390.0
28.68359375,78189.0,271877.0,228366.0
28.6875,78174.0,271860.0,228390.0
28.69140625,78143.0,271893.0,228382.0
28.6953125,78138.0,271902.0,228405.0
28.69921875,78102.0,271879.0,228393.0
28.703125,78081.0,271895.0,228372.0
28.70703125,78066.0,271857.0,228379.0
28.7109375,78072.0,271876.0,228383.0
28.71484375,78047.0,271909.0,228370.0
28.71875,78008.0,271871.0,228367.0
28.72265625,78001.0,271872.0,228398.0
28.7265625,77965.0,271856.0,228385.0
28.73046875,77972.0,271868.0,228362.0
28.734375,77950.0,271866.0,228348.0
28.73828125,77960.0,271873.0,228357.0
28.7421875,77927.0,271893.0,228384.0
28.74609375,77938.0,271855.0,228390.0
28.75,77917.0,271858.0,228368.0
28.75390625,77940.0,271864.0,228383.0
28.7578125,77923.0,271880.0,228387.0
28.76171875,77955.0,271887.0,228374.0
28.765625,77950.0,271888.0,228381.0
28.76953125,77933.0,271858.0,228390.0
28.7734375,77945.0,271866.0,228378.0
28.77734375,77954.0,271865.0,228367.0
28.78125,77942.0,271872.0,228376.0
28.78515625,77955.0,271877.0,228370.0
28.7890625,77972.0,271872.0,228393.0
28.79296875,77981.0,271874.0,228389.0
28.796875,77989.0,271879.0,228369.0
28.80078125,77978.0,271876.0,228386.0
28.8046875,78005.0,271868.0,228394.0
28.80859375,78009.0,271865.0,228373.0
28.8125,78019.0,271865.0,228398.0
28.81640625,78011.0,271853.0,228391.0
28.8203125,78027.0,271862.0,228373.0
28.82421875,78029.0,271876.0,228390.0
28.828125,78038.0,271892.0,228396.0
28.83203125,78034.0,271887.0,228376.0
28.8359375,78039.0,271890.0,228372.0
28.83984375,78067.0,271851.0,228372.0
28.84375,78038.0,271855.0,228368.0
28.84765625,78035.0,271864.0,228387.0
28.8515625,78020.0,271846.0,228383.0
28.85546875,78045.0,271870.0,228383.0
28.859375,78039.0,271866.0,228403.0
28.86328125,78048.0,271842.0,228391.0
28.8671875,78045.0,271855.0,228383.0
28.87109375,78036.0,271868.0,228379.0
28.875,78018.0,271865.0,228372.0
28.87890625,78031.0,271836.0,228387.0
28.8828125,78037.0,271850.0,228387.0
28.88671875,78024.0,271847.0,228364.0
28.890625,78027.0,271846.0,228384.0
28.89453125,78020.0,271842.0,228378.0
28.8984375,78006.0,271877.0,228394.0
28.90234375,78012.0,271877.0,228386.0
28.90625,78020.0,271867.0,228390.0
28.91015625,78026.0,271856.0,228394.0
28.9140625,78038.0,271877.0,228377.0
28.91796875,78035.0,271835.0,228374.0
28.921875,78033.0,271851.0,228377.0
28.92578125,78034.0,271874.0,228403.0
28.9296875,78032.0,271847.0,228403.0
28.93359375,78040.0,271847.0,228383.0
28.9375,78037.0,271852.0,228374.0
28.94140625,78051.0,271860.0,228398.0
28.9453125,78058.0,271868.0,228393.0
28.94921875,78056.0,271839.0,228402.0
28.953125,78059.0,271869.0,228378.0
28.95703125,78086.0,271847.0,228379.0
28.9609375,78059.0,271863.0,228388.0
28.96484375,78057.0,271867.0,228386.0
28.96875,78112.0,271845.0,228381.0
28.97265625,78112.0,271851.0,228422.0
28.9765625,78105.0,271860.0,228416.0
28.98046875,78093.0,271866.0,228398.0
28.984375,78101.0,271846.0,228394.0
28.98828125,78148.0,271863.0,228408.0
28.9921875,78156.0,271874.0,228401.0
28.99609375,78152.0,271874.0,228415.0
29.0,78152.0,271859.0,228413.0
29.00390625,78165.0,271834.0,228411.0
29.0078125,78164.0,271881.0,228430.0
29.01171875,78180.0,271863.0,228434.0
29.015625,78177.0,271894.0,228439.0
29.01953125,78212.0,271878.0,228432.0
29.0234375,78216.0,271862.0,228438.0
29.02734375,78234.0,271882.0,228460.0
29.03125,78224.0,271849.0,228454.0
29.03515625,78235.0,271875.0,228448.0
29.0390625,78272.0,271886.0,228454.0
29.04296875,78275.0,271880.0,228484.0
29.046875,78270.0,271884.0,228477.0
29.05078125,78276.0,271844.0,228466.0
29.0546875,78281.0,271873.0,228447.0
29.05859375,78284.0,271882.0,228442.0
29.0625,78291.0,271861.0,228458.0
29.06640625,78311.0,271865.0,228442.0
29.0703125,78296.0,271870.0,228446.0
29.07421875,78313.0,271838.0,228453.0
29.078125,78342.0,271868.0,228452.0
29.08203125,78327.0,271878.0,228465.0
29.0859375,78358.0,271853.0,228440.0
29.08984375,78371.0,271852.0,228456.0
29.09375,78366.0,271884.0,228432.0
29.09765625,78378.0,271868.0,228462.0
29.1015625,78385.0,271883.0,228441.0
29.10546875,78388.0,271849.0,228463.0
29.109375,78417.0,271879.0,228464.0
29.11328125,78428.0,271884.0,228425.0
29.1171875,78442.0,271887.0,228445.0
29.12109375,78445.0,271882.0,228449.0
29.125,78463.0,271892.0,228444.0
29.12890625,78482.0,271858.0,228463.0
29.1328125,78492.0,271901.0,228465.0
29.13671875,78504.0,271887.0,228480.0
29.140625,78526.0,271887.0,228491.0
29.14453125,78515.0,271905.0,228459.0
29.1484375,78549.0,271892.0,228492.0
29.15234375,78561.0,271877.0,228480.0
29.15625,78572.0,271894.0,228484.0
29.16015625,78578.0,271912.0,228485.0
29.1640625,78560.0,271896.0,228495.0
29.16796875,78593.0,271898.0,228465.0
29.171875,78612.0,271893.0,228485.0
29.17578125,78606.0,271885.0,228490.0
29.1796875,78619.0,271882.0,228496.0
29.18359375,78653.0,271901.0,228469.0
29.1875,78651.0,271911.0,228502.0
29.19140625,78648.0,271927.0,228494.0
29.1953125,78675.0,271893.0,228517.0
29.19921875,78678.0,271905.0,228506.0
29.203125,78708.0,271906.0,228497.0
29.20703125,78702.0,271910.0,228503.0
29.2109375,78739.0,271915.0,228514.0
29.21484375,78722.0,271897.0,228514.0
29.21875,78737.0,271914.0,228520.0
29.22265625,78752.0,271914.0,228514.0
29.2265625,78760.0,271887.0,228521.0
29.23046875,78772.0,271918.0,228521.0
29.234375,78791.0,271892.0,228518.0
29.23828125,78798.0,271932.0,228529.0
29.2421875,78793.0,271897.0,228526.0
29.24609375,78808.0,271913.0,228542.0
29.25,78806.0,271921.0,228536.0
29.25390625,78805.0,271918.0,228534.0
29.2578125,78830.0,271907.0,228532.0
29.26171875,78826.0,271916.0,228519.0
29.265625,78808.0,271897.0,228541.0
29.26953125,78794.0,271938.0,228549.0
29.2734375,78771.0,271897.0,228553.0
29.27734375,78755.0,271914.0,228546.0
29.28125,78720.0,271914.0,228546.0
29.28515625,78708.0,271908.0,228555.0
29.2890625,78685.0,271905.0,228546.0
29.29296875,78602.0,271917.0,228536.0
29.296875,78604.0,271927.0,228549.0
29.30078125,78550.0,271926.0,228550.0
29.3046875,78510.0,271919.0,228531.0
29.30859375,78436.0,271936.0,228530.0
29.3125,78382.0,271942.0,228516.0
29.31640625,78347.0,271933.0,228506.0
29.3203125,78286.0,271944.0,228502.0
29.32421875,78227.0,271946.0,228492.0
29.328125,78179.0,271941.0,228490.0
29.33203125,78086.0,271940.0,228484.0
29.3359375,78030.0,271928.0,228464.0
29.33984375,77975.0,271922.0,228457.0
29.34375,77933.0,271940.0,228458.0
29.34765625,77834.0,271937.0,228446.0
29.3515625,77805.0,271927.0,228443.0
29.35546875,77750.0,271918.0,228435.0
29.359375,77695.0,271913.0,228431.0
29.36328125,77652.0,271916.0,228442.0
29.3671875,77625.0,271915.0,228416.0
29.37109375,77572.0,271912.0,228426.0
29.375,77537.0,271886.0,228410.0
29.37890625,77510.0,271877.0,228386.0
29.3828125,77465.0,271895.0,228393.0
29.38671875,77416.0,271863.0,228406.0
29.390625,77390.0,271896.0,228393.0
29.39453125,77338.0,271880.0,228376.0
29.3984375,77333.0,271895.0,228394.0
29.40234375,77317.0,271896.0,228369.0
29.40625,77291.0,271884.0,228371.0
29.41015625,77281.0,271898.0,228366.0
29.4140625,77215.0,271896.0,228357.0
29.41796875,77214.0,271882.0,228362.0
29.421875,77189.0,271861.0,228366.0
29.42578125,77206.0,271867.0,228357.0
29.4296875,77175.0,271892.0,228365.0
29.43359375,77130.0,271889.0,228357.0
29.4375,77134.0,271868.0,228369.0
29.44140625,77098.0,271868.0,228363.0
29.4453125,77090.0,271882.0,228361.0
29.44921875,77076.0,271882.0,228385.0
29.453125,77076.0,271865.0,228376.0
29.45703125,77064.0,271865.0,228374.0
29.4609375,77065.0,271875.0,228377.0
29.46484375,77053.0,271865.0,228355.0
29.46875,77054.0,271874.0,228380.0
29.47265625,77064.0,271870.0,228369.0
29.4765625,77056.0,271900.0,228378.0
29.48046875,77046.0,271888.0,228380.0
29.484375,77059.0,271872.0,228367.0
29.48828125,77084.0,271880.0,228381.0
29.4921875,77082.0,271863.0,228394.0
29.49609375,77113.0,271891.0,228383.0
29.5,77122.0,271877.0,228384.0
29.50390625,77121.0,271869.0,228382.0
29.5078125,77119.0,271899.0,228401.0
29.51171875,77144.0,271881.0,228401.0
29.515625,77128.0,271852.0,228404.0
29.51953125,77166.0,271861.0,228399.0
29.5234375,77173.0,271893.0,228386.0
29.52734375,77174.0,271884.0,228397.0
29.53125,77182.0,271884.0,228405.0
29.53515625,77192.0,271881.0,228427.0
29.5390625,77200.0,271884.0,228411.0
29.54296875,77203.0,271891.0,228410.0
29.546875,77236.0,271881.0,228425.0
29.55078125,77244.0,271888.0,228428.0
29.5546875,77224.0,271876.0,228423.0
29.55859375,77249.0,271885.0,228410.0
29.5625,77226.0,271909.0,228429.0
29.56640625,77243.0,271876.0,228417.0
29.5703125,77244.0,271878.0,228397.0
29.57421875,77247.0,271881.0,228408.0
29.578125,77254.0,271885.0,228423.0
29.58203125,77268.0,271906.0,228433.0
29.5859375,77234.0,271867.0,228402.0
29.58984375,77249.0,271883.0,228419.0
29.59375,77256.0,271850.0,228407.0
29.59765625,77254.0,271897.0,228395.0
29.6015625,77257.0,271900.0,228407.0
29.60546875,77262.0,271875.0,228389.0
29.609375,77261.0,271882.0,228390.0
29.61328125,77246.0,271860.0,228396.0
29.6171875,77265.0,271874.0,228397.0
29.62109375,77254.0,271875.0,228409.0
29.625,77273.0,271884.0,228390.0
29.62890625,77253.0,271878.0,228391.0
29.6328125,77276.0,271853.0,228384.0
29.63671875,77296.0,271867.0,228418.0
29.640625,77273.0,271899.0,228392.0
29.64453125,77280.0,271851.0,228418.0
29.6484375,77309.0,271856.0,228393.0
29.65234375,77328.0,271869.0,228398.0
29.65625,77305.0,271866.0,228416.0
29.66015625,77334.0,271893.0,228416.0
29.6640625,77355.0,271877.0,228408.0
29.66796875,77326.0,271862.0,228423.0
29.671875,77330.0,271874.0,228409.0
29.67578125,77335.0,271853.0,228405.0
29.6796875,77374.0,271848.0,228409.0
29.68359375,77390.0,271867.0,228421.0
29.6875,77398.0,271848.0,228418.0
29.69140625,77385.0,271865.0,228440.0
29.6953125,77424.0,271854.0,228431.0
29.69921875,77416.0,271871.0,228435.0
29.703125,77445.0,271897.0,228435.0
29.70703125,77444.0,271879.0,228437.0
29.7109375,77451.0,271877.0,228436.0
29.71484375,77469.0,271889.0,228434.0
29.71875,77493.0,271902.0,228455.0
29.72265625,77511.0,271858.0,228450.0
29.7265625,77512.0,271907.0,228455.0
29.73046875,77507.0,271881.0,228449.0
29.734375,77520.0,271864.0,228473.0
29.73828125,77547.0,271879.0,228461.0
29.7421875,77541.0,271879.0,228464.0
29.74609375,77555.0,271870.0,228453.0
29.75,77596.0,271881.0,228477.0
29.75390625,77594.0,271872.0,228459.0
29.7578125,77601.0,271901.0,228446.0
29.76171875,77603.0,271890.0,228445.0
29.765625,77627.0,271870.0,228466.0
29.76953125,77657.0,271875.0,228459.0
29.7734375,77661.0,271869.0,228485.0
29.77734375,77669.0,271882.0,228458.0
29.78125,77664.0,271885.0,228471.0
29.78515625,77697.0,271878.0,228472.0
29.7890625,77695.0,271876.0,228462.0
29.79296875,77719.0,271864.0,228458.0
29.796875,77725.0,271841.0,228459.0
29.80078125,77747.0,271865.0,228471.0
29.8046875,77737.0,271845.0,228460.0
29.80859375,77748.0,271856.0,228478.0
29.8125,77777.0,271851.0,228474.0
29.81640625,77770.0,271842.0,228464.0
29.8203125,77810.0,271863.0,228472.0
29.82421875,77803.0,271870.0,228480.0
29.828125,77834.0,271865.0,228471.0
29.83203125,77835.0,271892.0,228476.0
29.8359375,77849.0,271883.0,228485.0
29.83984375,77873.0,271891.0,228483.0
29.84375,77863.0,271868.0,228483.0
29.84765625,77883.0,271885.0,228498.0
29.8515625,77898.0,271900.0,228508.0
29.85546875,77916.0,271870.0,228479.0
29.859375,77938.0,271887.0,228494.0
29.86328125,77935.0,271895.0,228485.0
29.8671875,77962.0,271892.0,228508.0
29.87109375,77953.0,271888.0,228496.0
29.875,77972.0,271903.0,228477.0
29.87890625,77992.0,271896.0,228496.0
29.8828125,78030.0,271877.0,228509.0
29.88671875,78036.0,271903.0,228518.0
29.890625,78055.0,271889.0,228501.0
29.89453125,78033.0,271857.0,228507.0
29.8984375,78065.0,271886.0,228531.0
29.90234375,78093.0,271879.0,228516.0
29.90625,78113.0,271883.0,228501.0
29.91015625,78103.0,271893.0,228524.0
29.9140625,78125.0,271892.0,228492.0
29.91796875,78150.0,271887.0,228509.0
29.921875,78154.0,271900.0,228525.0
29.92578125,78158.0,271878.0,228499.0
29.9296875,78179.0,271889.0,228505.0
29.93359375,78207.0,271912.0,228524.0
29.9375,78194.0,271890.0,228521.0
29.94140625,78215.0,271902.0,228506.0
29.9453125,78249.0,271904.0,228516.0
29.94921875,78254.0,271899.0,228510.0
29.953125,78271.0,271919.0,228511.0
29.95703125,78278.0,271899.0,228532.0
29.9609375,78290.0,271873.0,228509.0
29.96484375,78315.0,271883.0,228521.0
29.96875,78315.0,271908.0,228517.0
29.97265625,78335.0,271883.0,228533.0
29.9765625,78326.0,271880.0,228536.0
29.98046875,78324.0,271890.0,228541.0
29.984375,78324.0,271895.0,228551.0
29.98828125,78357.0,271888.0,228523.0
29.9921875,78355.0,271876.0,228513.0
29.99609375,78352.0,271884.0,228523.0
30.0,78374.0,271894.0,228533.0
30.00390625,78340.0,271884.0,228521.0
30.0078125,78333.0,271878.0,228517.0
30.01171875,78328.0,271909.0,228506.0
30.015625,78291.0,271904.0,228523.0
30.01953125,78240.0,271880.0,228522.0
30.0234375,78232.0,271878.0,228500.0
30.02734375,78159.0,271889.0,228527.0
30.03125,78141.0,271897.0,228506.0
30.03515625,78092.0,271884.0,228504.0
30.0390625,78034.0,271879.0,228477.0
30.04296875,77990.0,271889.0,228478.0
30.046875,77915.0,271884.0,228478.0
30.05078125,77837.0,271904.0,228482.0
30.0546875,77786.0,271878.0,228471.0
30.05859375,77722.0,271845.0,228439.0
30.0625,77645.0,271883.0,228439.0
30.06640625,77580.0,271883.0,228438.0
30.0703125,77513.0,271898.0,228426.0
30.07421875,77419.0,271861.0,228408.0
30.078125,77361.0,271861.0,228422.0
30.08203125,77302.0,271861.0,228431.0
30.0859375,77222.0,271888.0,228388.0
30.08984375,77197.0,271847.0,228400.0
30.09375,77129.0,271850.0,228398.0
30.09765625,77064.0,271872.0,228389.0
30.1015625,77028.0,271872.0,228410.0
30.10546875,76970.0,271865.0,228368.0
30.109375,76907.0,271843.0,228378.0
30.11328125,76867.0,271861.0,228382.0
30.1171875,76788.0,271844.0,228380.0
30.12109375,76767.0,271844.0,228374.0
30.125,76746.0,271846.0,228367.0
30.12890625,76704.0,271871.0,228360.0
30.1328125,76696.0,271855.0,228366.0
30.13671875,76644.0,271870.0,228362.0
30.140625,76596.0,271855.0,228359.0
30.14453125,76595.0,271832.0,228357.0
30.1484375,76576.0,271854.0,228329.0
30.15234375,76561.0,271846.0,228313.0
