time_s,Green,Red,IR,Ambient
0.0,106521.0,188734.0,188721.0,168.0
0.00500487975776382,106558.0,221496.0,221151.0,168.0
0.01000975951552764,106571.0,254099.0,227074.0,168.0
0.015014639273291459,106581.0,266391.0,227057.0,168.0
0.02001951903105528,106615.0,266389.0,227048.0,168.0
0.025024398788819097,106611.0,266389.0,227038.0,168.0
0.030029278546582917,106661.0,266392.0,227045.0,168.0
0.03503415830434674,106655.0,266381.0,227022.0,168.0
0.04003903806211056,106657.0,266374.0,227001.0,168.0
0.04504391781987437,106654.0,266362.0,227016.0,168.0
0.05004879757763819,106658.0,266367.0,227004.0,168.0
0.055053677335402014,106694.0,266363.0,226995.0,168.0
0.060058557093165835,106694.0,266364.0,226994.0,168.0
0.06506343685092965,106692.0,266350.0,226948.0,168.0
0.07006831660869348,106743.0,266349.0,226980.0,168.0
0.07507319636645729,106704.0,266341.0,226952.0,168.0
0.08007807612422112,106712.0,266328.0,226957.0,168.0
0.08508295588198493,106723.0,266334.0,226968.0,168.0
0.09008783563974875,106750.0,266324.0,226948.0,168.0
0.09509271539751257,106740.0,266340.0,226944.0,168.0
0.10009759515527639,106723.0,266305.0,226955.0,168.0
0.10510247491304021,106758.0,266323.0,226945.0,168.0
0.11010735467080403,106776.0,266319.0,226949.0,168.0
0.11511223442856786,106753.0,266320.0,226948.0,168.0
0.12011711418633167,106764.0,266315.0,226940.0,168.0
0.12512199394409548,106790.0,266310.0,226950.0,168.0
0.1301268737018593,106783.0,266305.0,226948.0,168.0
0.13513175345962314,106780.0,266304.0,226915.0,168.0
0.14013663321738695,106790.0,266311.0,226943.0,168.0
0.14514151297515077,106811.0,266302.0,226919.0,168.0
0.15014639273291458,106810.0,266305.0,226933.0,168.0
0.1551512724906784,106812.0,266299.0,226930.0,168.0
0.16015615224844224,106847.0,266324.0,226953.0,168.0
0.16516103200620605,106847.0,266302.0,226943.0,168.0
0.17016591176396986,106839.0,266293.0,226934.0,168.0
0.17517079152173368,106879.0,266304.0,226951.0,168.0
0.1801756712794975,106884.0,266301.0,226962.0,168.0
0.18518055103726133,106927.0,266303.0,226943.0,168.0
0.19018543079502515,106929.0,266290.0,226951.0,168.0
0.19519031055278896,106937.0,266338.0,226940.0,168.0
0.20019519031055277,106914.0,266322.0,226978.0,168.0
0.20520007006831661,106935.0,266317.0,226954.0,168.0
0.21020494982608043,106951.0,266309.0,226955.0,168.0
0.21520982958384424,106947.0,266323.0,226943.0,168.0
0.22021470934160806,106965.0,266329.0,226962.0,168.0
0.22521958909937187,106991.0,266309.0,226955.0,168.0
0.2302244688571357,106980.0,266293.0,226955.0,168.0
0.23522934861489952,107007.0,266319.0,226943.0,168.0
0.24023422837266334,106997.0,266308.0,226966.0,168.0
0.24523910813042715,106989.0,266309.0,226962.0,168.0
0.25024398788819097,107011.0,266281.0,226971.0,168.0
0.2552488676459548,107011.0,266334.0,226953.0,168.0
0.2602537474037186,107022.0,266309.0,226955.0,168.0
0.26525862716148246,107032.0,266325.0,226968.0,168.0
0.2702635069192463,107051.0,266306.0,226950.0,168.0
0.2752683866770101,107037.0,266320.0,226973.0,168.0
0.2802732664347739,107037.0,266333.0,226975.0,168.0
0.2852781461925377,107049.0,266314.0,226980.0,168.0
0.29028302595030153,107064.0,266336.0,226982.0,168.0
0.29528790570806535,107066.0,266367.0,226977.0,168.0
0.30029278546582916,107089.0,266298.0,226969.0,168.0
0.305297665223593,107085.0,266308.0,226969.0,168.0
0.3103025449813568,107090.0,266358.0,226966.0,168.0
0.31530742473912066,107119.0,266321.0,226965.0,168.0
0.32031230449688447,107093.0,266318.0,226972.0,168.0
0.3253171842546483,107119.0,266345.0,226965.0,168.0
0.3303220640124121,107116.0,266327.0,227000.0,168.0
0.3353269437701759,107166.0,266344.0,226997.0,168.0
0.3403318235279397,107134.0,266363.0,226991.0,168.0
0.34533670328570354,107123.0,266332.0,226994.0,168.0
0.35034158304346735,107169.0,266322.0,226989.0,168.0
0.35534646280123117,107158.0,266338.0,226995.0,168.0
0.360351342558995,107154.0,266364.0,227005.0,168.0
0.36535622231675885,107119.0,266341.0,226993.0,168.0
0.37036110207452266,107153.0,266325.0,226992.0,168.0
0.3753659818322865,107181.0,266360.0,227002.0,168.0
0.3803708615900503,107175.0,266349.0,226993.0,168.0
0.3853757413478141,107178.0,266350.0,227022.0,168.0
0.3903806211055779,107178.0,266352.0,227000.0,168.0
0.39538550086334173,107187.0,266328.0,227007.0,168.0
0.40039038062110555,107229.0,266346.0,227000.0,168.0
0.40539526037886936,107187.0,266360.0,227013.0,168.0
0.41040014013663323,107179.0,266330.0,226998.0,168.0
0.41540501989439704,107214.0,266344.0,227000.0,168.0
0.42040989965216086,107216.0,266348.0,227023.0,168.0
0.42541477940992467,107207.0,266376.0,227004.0,168.0
0.4304196591676885,107195.0,266349.0,227010.0,168.0
0.4354245389254523,107189.0,266340.0,226997.0,168.0
0.4404294186832161,107165.0,266341.0,226966.0,168.0
0.4454342984409799,107134.0,266315.0,226976.0,168.0
0.45043917819874374,107130.0,266350.0,226930.0,168.0
0.45544405795650755,107105.0,266325.0,226918.0,168.0
0.4604489377142714,107089.0,266329.0,226909.0,168.0
0.46545381747203524,107039.0,266295.0,226906.0,168.0
0.47045869722979905,107006.0,266291.0,226889.0,168.0
0.47546357698756286,107003.0,266279.0,226836.0,168.0
0.4804684567453267,106995.0,266262.0,226839.0,168.0
0.4854733365030905,106956.0,266276.0,226821.0,168.0
0.4904782162608543,106926.0,266251.0,226803.0,168.0
0.4954830960186181,106891.0,266242.0,226786.0,168.0
0.5004879757763819,106876.0,266257.0,226789.0,168.0
0.5054928555341458,106866.0,266257.0,226760.0,168.0
0.5104977352919096,106852.0,266261.0,226770.0,168.0
0.5155026150496734,106840.0,266261.0,226733.0,168.0
0.5205074948074372,106805.0,266253.0,226748.0,168.0
0.5255123745652011,106807.0,266260.0,226727.0,168.0
0.5305172543229649,106802.0,266247.0,226730.0,168.0
0.5355221340807287,106759.0,266236.0,226746.0,168.0
0.5405270138384926,106764.0,266236.0,226722.0,168.0
0.5455318935962563,106772.0,266241.0,226752.0,168.0
0.5505367733540202,106777.0,266253.0,226744.0,168.0
0.5555416531117839,106764.0,266236.0,226735.0,168.0
0.5605465328695478,106729.0,266252.0,226743.0,168.0
0.5655514126273116,106775.0,266261.0,226725.0,168.0
0.5705562923850754,106773.0,266247.0,226730.0,168.0
0.5755611721428392,106773.0,266241.0,226746.0,168.0
0.5805660519006031,106775.0,266265.0,226737.0,168.0
0.5855709316583669,106769.0,266240.0,226735.0,168.0
0.5905758114161307,106760.0,266255.0,226737.0,168.0
0.5955806911738946,106786.0,266257.0,226727.0,168.0
0.6005855709316583,106787.0,266286.0,226712.0,168.0
0.6055904506894222,106758.0,266225.0,226724.0,168.0
0.610595330447186,106803.0,266276.0,226741.0,168.0
0.6156002102049498,106777.0,266247.0,226735.0,168.0
0.6206050899627136,106773.0,266249.0,226740.0,168.0
0.6256099697204774,106805.0,266247.0,226752.0,168.0
0.6306148494782413,106786.0,266248.0,226748.0,168.0
0.6356197292360051,106802.0,266248.0,226753.0,168.0
0.6406246089937689,106799.0,266265.0,226749.0,168.0
0.6456294887515327,106813.0,266261.0,226784.0,168.0
0.6506343685092966,106823.0,266275.0,226776.0,168.0
0.6556392482670603,106849.0,266258.0,226797.0,168.0
0.6606441280248242,106837.0,266279.0,226766.0,168.0
0.665649007782588,106873.0,266297.0,226785.0,168.0
0.6706538875403518,106874.0,266276.0,226785.0,168.0
0.6756587672981157,106879.0,266254.0,226794.0,168.0
0.6806636470558795,106868.0,266263.0,226806.0,168.0
0.6856685268136433,106922.0,266274.0,226805.0,168.0
0.6906734065714071,106911.0,266263.0,226793.0,168.0
0.695678286329171,106921.0,266262.0,226794.0,168.0
0.7006831660869347,106871.0,266268.0,226802.0,168.0
0.7056880458446986,106925.0,266272.0,226795.0,168.0
0.7106929256024623,106913.0,266281.0,226787.0,168.0
0.7156978053602262,106937.0,266272.0,226787.0,168.0
0.72070268511799,106924.0,266289.0,226791.0,168.0
0.7257075648757538,106914.0,266250.0,226798.0,168.0
0.7307124446335177,106938.0,266290.0,226807.0,168.0
0.7357173243912815,106912.0,266271.0,226790.0,168.0
0.7407222041490453,106925.0,266292.0,226808.0,168.0
0.7457270839068091,106933.0,266277.0,226818.0,168.0
0.750731963664573,106907.0,266268.0,226792.0,168.0
0.7557368434223367,106925.0,266283.0,226796.0,168.0
0.7607417231801006,106950.0,266288.0,226805.0,168.0
0.7657466029378643,106947.0,266256.0,226798.0,168.0
0.7707514826956282,106922.0,266268.0,226824.0,168.0
0.7757563624533921,106947.0,266282.0,226799.0,168.0
0.7807612422111558,106924.0,266294.0,226807.0,168.0
0.7857661219689197,106923.0,266278.0,226797.0,168.0
0.7907710017266835,106959.0,266284.0,226812.0,168.0
0.7957758814844473,106948.0,266266.0,226795.0,168.0
0.8007807612422111,106923.0,266257.0,226811.0,168.0
0.805785640999975,106937.0,266262.0,226785.0,168.0
0.8107905207577387,106967.0,266271.0,226795.0,168.0
0.8157954005155026,106974.0,266246.0,226798.0,168.0
0.8208002802732665,106954.0,266259.0,226803.0,168.0
0.8258051600310302,106963.0,266262.0,226801.0,168.0
0.8308100397887941,106963.0,266295.0,226793.0,168.0
0.8358149195465578,106989.0,266278.0,226789.0,168.0
0.8408197993043217,106970.0,266257.0,226800.0,168.0
0.8458246790620855,106949.0,266251.0,226825.0,168.0
0.8508295588198493,106983.0,266282.0,226796.0,168.0
0.8558344385776131,106988.0,266300.0,226800.0,168.0
0.860839318335377,106977.0,266288.0,226814.0,168.0
0.8658441980931408,106981.0,266273.0,226817.0,168.0
0.8708490778509046,106982.0,266275.0,226837.0,168.0
0.8758539576086685,107008.0,266275.0,226833.0,168.0
0.8808588373664322,107030.0,266291.0,226822.0,168.0
0.8858637171241961,107021.0,266295.0,226805.0,168.0
0.8908685968819599,107027.0,266287.0,226841.0,168.0
0.8958734766397237,107026.0,266287.0,226822.0,168.0
0.9008783563974875,107044.0,266314.0,226824.0,168.0
0.9058832361552513,107037.0,266293.0,226833.0,168.0
0.9108881159130151,107076.0,266303.0,226835.0,168.0
0.915892995670779,107075.0,266314.0,226839.0,168.0
0.9208978754285428,107094.0,266283.0,226839.0,168.0
0.9259027551863066,107083.0,266308.0,226843.0,168.0
0.9309076349440705,107076.0,266335.0,226848.0,168.0
0.9359125147018342,107108.0,266306.0,226843.0,168.0
0.9409173944595981,107066.0,266315.0,226843.0,168.0
0.9459222742173619,107094.0,266330.0,226841.0,168.0
0.9509271539751257,107114.0,266311.0,226838.0,168.0
0.9559320337328895,107103.0,266321.0,226843.0,168.0
0.9609369134906534,107091.0,266330.0,226861.0,168.0
0.9659417932484172,107077.0,266333.0,226855.0,168.0
0.970946673006181,107120.0,266322.0,226849.0,168.0
0.9759515527639449,107160.0,266338.0,226861.0,168.0
0.9809564325217086,107139.0,266351.0,226852.0,168.0
0.9859613122794725,107109.0,266324.0,226866.0,168.0
0.9909661920372362,107132.0,266333.0,226862.0,168.0
0.9959710717950001,107168.0,266327.0,226857.0,168.0
1.0009759515527639,107138.0,266320.0,226880.0,168.0
1.0059808313105276,107132.0,266310.0,226884.0,168.0
1.0109857110682916,107142.0,266323.0,226896.0,168.0
1.0159905908260554,107169.0,266318.0,226891.0,168.0
1.0209954705838191,107150.0,266331.0,226889.0,168.0
1.026000350341583,107162.0,266328.0,226894.0,168.0
1.0310052300993469,107149.0,266352.0,226887.0,168.0
1.0360101098571106,107162.0,266326.0,226880.0,168.0
1.0410149896148744,107191.0,266317.0,226899.0,168.0
1.0460198693726384,107178.0,266364.0,226891.0,168.0
1.0510247491304021,107221.0,266350.0,226904.0,168.0
1.0560296288881659,107191.0,266360.0,226898.0,168.0
1.0610345086459299,107183.0,266350.0,226919.0,168.0
1.0660393884036936,107237.0,266364.0,226903.0,168.0
1.0710442681614574,107206.0,266356.0,226882.0,168.0
1.0760491479192211,107221.0,266361.0,226902.0,168.0
1.081054027676985,107250.0,266372.0,226920.0,168.0
1.0860589074347489,107248.0,266376.0,226920.0,168.0
1.0910637871925126,107240.0,266354.0,226892.0,168.0
1.0960686669502764,107242.0,266362.0,226933.0,168.0
1.1010735467080404,107254.0,266360.0,226923.0,168.0
1.1060784264658041,107244.0,266350.0,226896.0,168.0
1.1110833062235679,107254.0,266371.0,226919.0,168.0
1.1160881859813319,107240.0,266383.0,226906.0,168.0
1.1210930657390956,107286.0,266354.0,226913.0,168.0
1.1260979454968594,107270.0,266368.0,226911.0,168.0
1.1311028252546231,107248.0,266375.0,226935.0,168.0
1.1361077050123871,107249.0,266352.0,226914.0,168.0
1.1411125847701509,107261.0,266347.0,226920.0,168.0
1.1461174645279146,107229.0,266360.0,226890.0,168.0
1.1511223442856784,107230.0,266332.0,226905.0,168.0
1.1561272240434424,107210.0,266314.0,226885.0,168.0
1.1611321038012061,107195.0,266334.0,226872.0,168.0
1.1661369835589699,107151.0,266287.0,226858.0,168.0
1.1711418633167339,107140.0,266311.0,226830.0,168.0
1.1761467430744976,107109.0,266305.0,226818.0,168.0
1.1811516228322614,107105.0,266296.0,226784.0,168.0
1.1861565025900251,107063.0,266278.0,226798.0,168.0
1.1911613823477891,106997.0,266273.0,226776.0,168.0
1.1961662621055529,106987.0,266268.0,226746.0,168.0
1.2011711418633166,106968.0,266250.0,226732.0,168.0
1.2061760216210806,106938.0,266247.0,226727.0,168.0
1.2111809013788444,106919.0,266250.0,226704.0,168.0
1.2161857811366081,106895.0,266243.0,226690.0,168.0
1.221190660894372,106864.0,266232.0,226678.0,168.0
1.2261955406521359,106873.0,266231.0,226684.0,168.0
1.2312004204098996,106824.0,266222.0,226666.0,168.0
1.2362053001676634,106812.0,266233.0,226649.0,168.0
1.2412101799254271,106828.0,266239.0,226640.0,168.0
1.2462150596831911,106807.0,266202.0,226632.0,168.0
1.2512199394409549,106789.0,266235.0,226642.0,168.0
1.2562248191987186,106777.0,266207.0,226640.0,168.0
1.2612296989564826,106776.0,266228.0,226635.0,168.0
1.2662345787142464,106765.0,266238.0,226634.0,168.0
1.2712394584720101,106786.0,266234.0,226635.0,168.0
1.276244338229774,106750.0,266229.0,226636.0,168.0
1.2812492179875379,106800.0,266238.0,226643.0,168.0
1.2862540977453016,106784.0,266226.0,226638.0,168.0
1.2912589775030654,106768.0,266236.0,226641.0,168.0
1.2962638572608292,106755.0,266225.0,226658.0,168.0
1.3012687370185931,106779.0,266235.0,226652.0,168.0
1.306273616776357,106752.0,266238.0,226650.0,168.0
1.3112784965341207,106734.0,266256.0,226646.0,168.0
1.3162833762918846,106749.0,266230.0,226660.0,168.0
1.3212882560496484,106786.0,266226.0,226655.0,168.0
1.3262931358074121,106753.0,266225.0,226666.0,168.0
1.331298015565176,106814.0,266270.0,226672.0,168.0
1.3363028953229399,106787.0,266237.0,226655.0,168.0
1.3413077750807036,106798.0,266251.0,226664.0,168.0
1.3463126548384674,106790.0,266263.0,226659.0,168.0
1.3513175345962314,106767.0,266275.0,226690.0,168.0
1.3563224143539951,106797.0,266264.0,226673.0,168.0
1.361327294111759,106826.0,266251.0,226681.0,168.0
1.3663321738695227,106853.0,266274.0,226678.0,168.0
1.3713370536272866,106839.0,266270.0,226681.0,168.0
1.3763419333850504,106838.0,266260.0,226711.0,168.0
1.3813468131428142,106903.0,266265.0,226713.0,168.0
1.386351692900578,106860.0,266254.0,226716.0,168.0
1.391356572658342,106866.0,266288.0,226716.0,168.0
1.3963614524161057,106902.0,266265.0,226750.0,168.0
1.4013663321738694,106868.0,266281.0,226731.0,168.0
1.4063712119316334,106923.0,266263.0,226751.0,168.0
1.4113760916893971,106914.0,266273.0,226756.0,168.0
1.416380971447161,106929.0,266298.0,226736.0,168.0
1.4213858512049247,106944.0,266270.0,226752.0,168.0
1.4263907309626886,106921.0,266264.0,226739.0,168.0
1.4313956107204524,106967.0,266277.0,226763.0,168.0
1.4364004904782162,106958.0,266288.0,226732.0,168.0
1.44140537023598,106965.0,266277.0,226752.0,168.0
1.446410249993744,106958.0,266287.0,226740.0,168.0
1.4514151297515077,106953.0,266294.0,226725.0,168.0
1.4564200095092714,106975.0,266286.0,226746.0,168.0
1.4614248892670354,106953.0,266305.0,226755.0,168.0
1.4664297690247992,106995.0,266294.0,226753.0,168.0
1.471434648782563,106980.0,266287.0,226756.0,168.0
1.4764395285403267,106987.0,266288.0,226770.0,168.0
1.4814444082980907,106959.0,266277.0,226762.0,168.0
1.4864492880558544,106972.0,266289.0,226752.0,168.0
1.4914541678136182,106988.0,266257.0,226739.0,168.0
1.4964590475713822,106978.0,266305.0,226737.0,168.0
1.501463927329146,106997.0,266307.0,226758.0,168.0
1.5064688070869097,106990.0,266291.0,226759.0,168.0
1.5114736868446734,106976.0,266292.0,226767.0,168.0
1.5164785666024374,106989.0,266282.0,226757.0,168.0
1.5214834463602012,106997.0,266266.0,226769.0,168.0
1.526488326117965,106989.0,266324.0,226776.0,168.0
1.5314932058757287,106996.0,266297.0,226768.0,168.0
1.5364980856334927,107005.0,266309.0,226768.0,168.0
1.5415029653912564,107010.0,266293.0,226753.0,168.0
1.5465078451490202,107008.0,266304.0,226783.0,168.0
1.5515127249067842,107014.0,266307.0,226775.0,168.0
1.556517604664548,107043.0,266314.0,226776.0,168.0
1.5615224844223117,107035.0,266301.0,226782.0,168.0
1.5665273641800754,107064.0,266293.0,226772.0,168.0
1.5715322439378394,107032.0,266289.0,226779.0,168.0
1.5765371236956032,107053.0,266313.0,226763.0,168.0
1.581542003453367,107066.0,266286.0,226807.0,168.0
1.586546883211131,107070.0,266327.0,226803.0,168.0
1.5915517629688947,107067.0,266323.0,226765.0,168.0
1.5965566427266584,107076.0,266340.0,226811.0,168.0
1.6015615224844222,107087.0,266314.0,226805.0,168.0
1.6065664022421862,107097.0,266341.0,226809.0,168.0
1.61157128199995,107106.0,266333.0,226829.0,168.0
1.6165761617577137,107117.0,266345.0,226815.0,168.0
1.6215810415154774,107135.0,266309.0,226820.0,168.0
1.6265859212732414,107137.0,266332.0,226828.0,168.0
1.6315908010310052,107130.0,266326.0,226818.0,168.0
1.636595680788769,107132.0,266322.0,226840.0,168.0
1.641600560546533,107141.0,266322.0,226844.0,168.0
1.6466054403042967,107129.0,266361.0,226817.0,168.0
1.6516103200620604,107148.0,266331.0,226829.0,168.0
1.6566151998198242,107191.0,266334.0,226840.0,168.0
1.6616200795775882,107154.0,266342.0,226837.0,168.0
1.666624959335352,107192.0,266331.0,226839.0,168.0
1.6716298390931157,107188.0,266346.0,226848.0,168.0
1.6766347188508794,107185.0,266361.0,226842.0,168.0
1.6816395986086434,107182.0,266362.0,226844.0,168.0
1.6866444783664072,107231.0,266368.0,226851.0,168.0
1.691649358124171,107211.0,266345.0,226860.0,168.0
1.696654237881935,107238.0,266399.0,226861.0,168.0
1.7016591176396987,107239.0,266386.0,226848.0,168.0
1.7066639973974624,107247.0,266344.0,226877.0,168.0
1.7116688771552262,107259.0,266374.0,226869.0,168.0
1.7166737569129902,107245.0,266356.0,226880.0,168.0
1.721678636670754,107251.0,266390.0,226878.0,168.0
1.7266835164285177,107246.0,266359.0,226873.0,168.0
1.7316883961862817,107282.0,266405.0,226883.0,168.0
1.7366932759440454,107238.0,266389.0,226868.0,168.0
1.7416981557018092,107282.0,266385.0,226879.0,168.0
1.746703035459573,107270.0,266396.0,226905.0,168.0
1.751707915217337,107265.0,266381.0,226906.0,168.0
1.7567127949751007,107293.0,266393.0,226906.0,168.0
1.7617176747328644,107326.0,266395.0,226901.0,168.0
1.7667225544906282,107322.0,266404.0,226930.0,168.0
1.7717274342483922,107351.0,266407.0,226925.0,168.0
1.776732314006156,107347.0,266405.0,226918.0,168.0
1.7817371937639197,107362.0,266449.0,226945.0,168.0
1.7867420735216837,107368.0,266417.0,226966.0,168.0
1.7917469532794474,107362.0,266433.0,226953.0,168.0
1.7967518330372112,107373.0,266434.0,226962.0,168.0
1.801756712794975,107431.0,266440.0,226942.0,168.0
1.806761592552739,107399.0,266438.0,226970.0,168.0
1.8117664723105027,107407.0,266439.0,226952.0,168.0
1.8167713520682665,107427.0,266451.0,226966.0,168.0
1.8217762318260302,107421.0,266438.0,226950.0,168.0
1.8267811115837942,107460.0,266439.0,226975.0,168.0
1.831785991341558,107449.0,266446.0,226975.0,168.0
1.8367908710993217,107470.0,266432.0,227005.0,168.0
1.8417957508570857,107451.0,266471.0,226996.0,168.0
1.8468006306148494,107439.0,266457.0,227005.0,168.0
1.8518055103726132,107484.0,266467.0,226991.0,168.0
1.856810390130377,107494.0,266449.0,227030.0,168.0
1.861815269888141,107490.0,266443.0,227016.0,168.0
1.8668201496459047,107499.0,266483.0,227011.0,168.0
1.8718250294036685,107457.0,266447.0,227011.0,168.0
1.8768299091614324,107516.0,266472.0,227000.0,168.0
1.8818347889191962,107483.0,266480.0,227008.0,168.0
1.88683966867696,107455.0,266443.0,226999.0,168.0
1.8918445484347237,107456.0,266479.0,226981.0,168.0
1.8968494281924877,107391.0,266472.0,226987.0,168.0
1.9018543079502515,107383.0,266478.0,226960.0,168.0
1.9068591877080152,107354.0,266478.0,226935.0,168.0
1.911864067465779,107337.0,266483.0,226922.0,168.0
1.916868947223543,107278.0,266443.0,226883.0,168.0
1.9218738269813067,107256.0,266431.0,226867.0,168.0
1.9268787067390705,107224.0,266430.0,226858.0,168.0
1.9318835864968344,107168.0,266431.0,226825.0,168.0
1.9368884662545982,107152.0,266396.0,226815.0,168.0
1.941893346012362,107092.0,266407.0,226810.0,168.0
1.9468982257701257,107142.0,266398.0,226806.0,168.0
1.9519031055278897,107058.0,266395.0,226773.0,168.0
1.9569079852856535,107067.0,266416.0,226790.0,168.0
1.9619128650434172,107082.0,266393.0,226765.0,168.0
1.966917744801181,107078.0,266435.0,226771.0,168.0
1.971922624558945,107011.0,266430.0,226767.0,168.0
1.9769275043167087,107051.0,266432.0,226749.0,168.0
1.9819323840744725,107038.0,266400.0,226765.0,168.0
1.9869372638322365,107031.0,266419.0,226763.0,168.0
1.9919421435900002,106973.0,266428.0,226763.0,168.0
1.996947023347764,106961.0,266446.0,226756.0,168.0
2.0019519031055277,106951.0,266469.0,226784.0,168.0
2.0069567828632917,106871.0,266439.0,226780.0,168.0
2.0119616626210552,106795.0,266478.0,226790.0,168.0
2.0169665423788192,106933.0,266497.0,226820.0,168.0
2.021971422136583,106934.0,266502.0,226823.0,168.0
2.0269763018943467,106947.0,266536.0,226837.0,168.0
2.0319811816521107,106952.0,266546.0,226851.0,168.0
2.0369860614098747,106963.0,266562.0,226848.0,168.0
2.0419909411676382,106962.0,266591.0,226845.0,168.0
2.046995820925402,106972.0,266583.0,226879.0,168.0
2.052000700683166,106968.0,266601.0,226892.0,168.0
2.0570055804409297,107007.0,266634.0,226902.0,168.0
2.0620104601986937,107011.0,266646.0,226914.0,168.0
2.0670153399564573,107037.0,266657.0,226896.0,168.0
2.0720202197142212,107009.0,266656.0,226920.0,168.0
2.077025099471985,107043.0,266664.0,226948.0,168.0
2.0820299792297488,107064.0,266674.0,226956.0,168.0
2.0870348589875127,107072.0,266679.0,226965.0,168.0
2.0920397387452767,107077.0,266674.0,226973.0,168.0
2.0970446185030402,107082.0,266718.0,227012.0,168.0
2.1020494982608042,107132.0,266728.0,227018.0,168.0
2.107054378018568,107128.0,266732.0,227015.0,168.0
2.1120592577763317,107135.0,266725.0,227032.0,168.0
2.1170641375340957,107196.0,266747.0,227059.0,168.0
2.1220690172918597,107217.0,266755.0,227066.0,168.0
2.1270738970496232,107214.0,266778.0,227068.0,168.0
2.132078776807387,107230.0,266786.0,227106.0,168.0
2.1370836565651508,107264.0,266829.0,227118.0,168.0
2.1420885363229147,107282.0,266819.0,227117.0,168.0
2.1470934160806787,107291.0,266839.0,227123.0,168.0
2.1520982958384423,107281.0,266853.0,227128.0,168.0
2.1571031755962062,107343.0,266864.0,227161.0,168.0
2.16210805535397,107352.0,266874.0,227164.0,168.0
2.1671129351117338,107398.0,266871.0,227164.0,168.0
2.1721178148694977,107390.0,266839.0,227141.0,168.0
2.1771226946272617,107429.0,266837.0,227193.0,168.0
2.1821275743850252,107411.0,266866.0,227179.0,168.0
2.1871324541427892,107408.0,266881.0,227163.0,168.0
2.1921373339005528,107401.0,266851.0,227155.0,168.0
2.1971422136583167,107433.0,266879.0,227166.0,168.0
2.2021470934160807,107448.0,266859.0,227186.0,168.0
2.2071519731738443,107420.0,266874.0,227181.0,168.0
2.2121568529316082,107445.0,266861.0,227179.0,168.0
2.2171617326893722,107473.0,266868.0,227169.0,168.0
2.2221666124471358,107491.0,266854.0,227198.0,168.0
2.2271714922048997,107489.0,266892.0,227198.0,168.0
2.2321763719626637,107496.0,266858.0,227195.0,168.0
2.2371812517204273,107550.0,266867.0,227211.0,168.0
2.2421861314781912,107549.0,266879.0,227222.0,168.0
2.2471910112359548,107572.0,266868.0,227213.0,168.0
2.2521958909937188,107584.0,266869.0,227246.0,168.0
2.2572007707514827,107619.0,266883.0,227241.0,168.0
2.2622056505092463,107647.0,266847.0,227235.0,168.0
2.2672105302670102,107667.0,266875.0,227230.0,168.0
2.2722154100247742,107663.0,266849.0,227254.0,168.0
2.2772202897825378,107672.0,266859.0,227229.0,168.0
2.2822251695403017,107701.0,266850.0,227235.0,168.0
2.2872300492980657,107697.0,266842.0,227243.0,168.0
2.2922349290558293,107685.0,266866.0,227220.0,168.0
2.2972398088135932,107726.0,266840.0,227234.0,168.0
2.302244688571357,107771.0,266856.0,227249.0,168.0
2.3072495683291208,107755.0,266853.0,227267.0,168.0
2.3122544480868847,107763.0,266841.0,227266.0,168.0
2.3172593278446483,107753.0,266852.0,227267.0,168.0
2.3222642076024123,107795.0,266848.0,227287.0,168.0
2.3272690873601762,107817.0,266853.0,227263.0,168.0
2.3322739671179398,107841.0,266873.0,227280.0,168.0
2.3372788468757038,107881.0,266860.0,227323.0,168.0
2.3422837266334677,107882.0,266873.0,227320.0,168.0
2.3472886063912313,107911.0,266871.0,227315.0,168.0
2.3522934861489952,107893.0,266865.0,227331.0,168.0
2.3572983659067592,107919.0,266874.0,227340.0,168.0
2.3623032456645228,107934.0,266886.0,227352.0,168.0
2.3673081254222867,107956.0,266856.0,227346.0,168.0
2.3723130051800503,107903.0,266872.0,227336.0,168.0
2.3773178849378143,107936.0,266879.0,227358.0,168.0
2.3823227646955782,107951.0,266857.0,227374.0,168.0
2.387327644453342,107917.0,266862.0,227367.0,168.0
2.3923325242111058,107943.0,266870.0,227383.0,168.0
2.3973374039688697,107957.0,266881.0,227390.0,168.0
2.4023422837266333,107963.0,266903.0,227414.0,168.0
2.4073471634843973,107987.0,266897.0,227390.0,168.0
2.4123520432421612,108008.0,266890.0,227409.0,168.0
2.4173569229999248,108041.0,266904.0,227407.0,168.0
2.4223618027576888,108104.0,266894.0,227454.0,168.0
2.4273666825154523,108131.0,266892.0,227446.0,168.0
2.4323715622732163,108183.0,266895.0,227453.0,168.0
2.4373764420309803,108252.0,266904.0,227453.0,168.0
2.442381321788744,108230.0,266917.0,227447.0,168.0
2.4473862015465078,108182.0,266894.0,227446.0,168.0
2.4523910813042717,108193.0,266922.0,227467.0,168.0
2.4573959610620353,108187.0,266906.0,227462.0,168.0
2.4624008408197993,108091.0,266905.0,227474.0,168.0
2.4674057205775632,108103.0,266903.0,227494.0,168.0
2.472410600335327,108092.0,266897.0,227485.0,168.0
2.4774154800930908,108083.0,266889.0,227474.0,168.0
2.4824203598508543,108058.0,266922.0,227485.0,168.0
2.4874252396086183,108072.0,266915.0,227495.0,168.0
2.4924301193663823,108085.0,266910.0,227500.0,168.0
2.497434999124146,108056.0,266904.0,227510.0,168.0
2.5024398788819098,108119.0,266928.0,227491.0,168.0
2.5074447586396738,108125.0,266909.0,227515.0,168.0
2.5124496383974373,108171.0,266933.0,227529.0,168.0
2.5174545181552013,108162.0,266921.0,227521.0,168.0
2.5224593979129653,108179.0,266932.0,227551.0,168.0
2.527464277670729,108212.0,266945.0,227547.0,168.0
2.5324691574284928,108240.0,266956.0,227556.0,168.0
2.5374740371862563,108264.0,266957.0,227547.0,168.0
2.5424789169440203,108312.0,266971.0,227554.0,168.0
2.5474837967017843,108315.0,266920.0,227557.0,168.0
2.552488676459548,108328.0,266938.0,227589.0,168.0
2.557493556217312,108341.0,266926.0,227606.0,168.0
2.5624984359750758,108362.0,266941.0,227591.0,168.0
2.5675033157328393,108401.0,266928.0,227598.0,168.0
2.5725081954906033,108415.0,266954.0,227591.0,168.0
2.5775130752483673,108416.0,266926.0,227599.0,168.0
2.582517955006131,108465.0,266967.0,227615.0,168.0
2.5875228347638948,108489.0,266968.0,227621.0,168.0
2.5925277145216583,108470.0,266963.0,227640.0,168.0
2.5975325942794223,108497.0,266962.0,227648.0,168.0
2.6025374740371863,108519.0,266955.0,227644.0,168.0
2.60754235379495,108554.0,266953.0,227649.0,168.0
2.612547233552714,108573.0,266952.0,227641.0,168.0
2.6175521133104778,108568.0,266955.0,227649.0,168.0
2.6225569930682413,108563.0,266947.0,227654.0,168.0
2.6275618728260053,108549.0,266940.0,227636.0,168.0
2.6325667525837693,108534.0,266932.0,227613.0,168.0
2.637571632341533,108485.0,266920.0,227611.0,168.0
2.642576512099297,108450.0,266920.0,227578.0,168.0
2.6475813918570608,108380.0,266894.0,227548.0,168.0
2.6525862716148243,108283.0,266864.0,227496.0,168.0
2.6575911513725883,108211.0,266877.0,227477.0,168.0
2.662596031130352,108096.0,266833.0,227435.0,168.0
2.667600910888116,108028.0,266821.0,227366.0,168.0
2.6726057906458798,107892.0,266819.0,227330.0,168.0
2.6776106704036433,107812.0,266798.0,227280.0,168.0
2.6826155501614073,107721.0,266748.0,227251.0,168.0
2.6876204299191713,107635.0,266721.0,227217.0,168.0
2.692625309676935,107551.0,266729.0,227185.0,168.0
2.697630189434699,107511.0,266675.0,227131.0,168.0
2.7026350691924628,107462.0,266688.0,227110.0,168.0
2.7076399489502263,107422.0,266667.0,227100.0,168.0
2.7126448287079903,107356.0,266634.0,227074.0,168.0
2.717649708465754,107351.0,266623.0,227040.0,168.0
2.722654588223518,107340.0,266641.0,227025.0,168.0
2.727659467981282,107288.0,266643.0,227013.0,168.0
2.7326643477390453,107298.0,266642.0,226971.0,168.0
2.7376692274968093,107288.0,266625.0,227010.0,168.0
2.7426741072545733,107288.0,266583.0,226979.0,168.0
2.747678987012337,107243.0,266581.0,226986.0,168.0
2.752683866770101,107227.0,266609.0,226975.0,168.0
2.7576887465278648,107241.0,266570.0,226952.0,168.0
2.7626936262856283,107219.0,266567.0,226956.0,168.0
2.7676985060433923,107235.0,266566.0,226961.0,168.0
2.772703385801156,107238.0,266586.0,226953.0,168.0
2.77770826555892,107203.0,266608.0,226959.0,168.0
2.782713145316684,107212.0,266576.0,226951.0,168.0
2.7877180250744473,107210.0,266590.0,226949.0,168.0
2.7927229048322113,107229.0,266597.0,226961.0,168.0
2.7977277845899753,107231.0,266600.0,226962.0,168.0
2.802732664347739,107260.0,266603.0,226970.0,168.0
2.807737544105503,107243.0,266594.0,226956.0,168.0
2.812742423863267,107258.0,266567.0,226968.0,168.0
2.8177473036210303,107227.0,266583.0,226975.0,168.0
2.8227521833787943,107286.0,266560.0,226963.0,168.0
2.827757063136558,107291.0,266554.0,226953.0,168.0
2.832761942894322,107293.0,266556.0,226958.0,168.0
2.837766822652086,107263.0,266546.0,226968.0,168.0
2.8427717024098493,107267.0,266562.0,226970.0,168.0
2.8477765821676133,107273.0,266537.0,226971.0,168.0
2.8527814619253773,107285.0,266559.0,226976.0,168.0
2.857786341683141,107312.0,266545.0,226970.0,168.0
2.862791221440905,107312.0,266534.0,226985.0,168.0
2.867796101198669,107324.0,266525.0,226987.0,168.0
2.8728009809564323,107297.0,266571.0,226990.0,168.0
2.8778058607141963,107313.0,266534.0,226986.0,168.0
2.88281074047196,107427.0,266567.0,226989.0,168.0
2.887815620229724,107505.0,266549.0,226978.0,168.0
2.892820499987488,107555.0,266543.0,226988.0,168.0
2.8978253797452513,107437.0,266557.0,226997.0,168.0
2.9028302595030153,107408.0,266551.0,226996.0,168.0
2.9078351392607793,107428.0,266543.0,227018.0,168.0
2.912840019018543,107488.0,266572.0,227019.0,168.0
2.917844898776307,107416.0,266577.0,227007.0,168.0
2.922849778534071,107427.0,266557.0,227031.0,168.0
2.9278546582918343,107443.0,266578.0,227016.0,168.0
2.9328595380495983,107460.0,266592.0,227018.0,168.0
2.9378644178073623,107440.0,266568.0,227037.0,168.0
2.942869297565126,107457.0,266579.0,227031.0,168.0
2.94787417732289,107453.0,266587.0,227017.0,168.0
2.9528790570806533,107479.0,266568.0,227019.0,168.0
2.9578839368384173,107430.0,266588.0,227017.0,168.0
2.9628888165961813,107474.0,266586.0,227027.0,168.0
2.967893696353945,107459.0,266604.0,227011.0,168.0
2.972898576111709,107460.0,266627.0,227017.0,168.0
2.977903455869473,107453.0,266615.0,227019.0,168.0
2.9829083356272363,107493.0,266591.0,227029.0,168.0
2.9879132153850003,107489.0,266607.0,227044.0,168.0
2.9929180951427643,107491.0,266617.0,227048.0,168.0
2.997922974900528,107463.0,266592.0,227040.0,168.0
3.002927854658292,107474.0,266596.0,227036.0,168.0
3.0079327344160554,107503.0,266593.0,227039.0,168.0
3.0129376141738193,107471.0,266601.0,227030.0,168.0
3.0179424939315833,107476.0,266590.0,227029.0,168.0
3.022947373689347,107502.0,266599.0,227032.0,168.0
3.027952253447111,107500.0,266636.0,227062.0,168.0
3.032957133204875,107496.0,266597.0,227058.0,168.0
3.0379620129626383,107512.0,266579.0,227046.0,168.0
3.0429668927204023,107503.0,266577.0,227049.0,168.0
3.0479717724781663,107503.0,266610.0,227052.0,168.0
3.05297665223593,107529.0,266589.0,227040.0,168.0
3.057981531993694,107528.0,266614.0,227063.0,168.0
3.0629864117514574,107537.0,266589.0,227058.0,168.0
3.0679912915092213,107579.0,266582.0,227062.0,168.0
3.0729961712669853,107561.0,266610.0,227056.0,168.0
3.078001051024749,107561.0,266607.0,227060.0,168.0
3.083005930782513,107577.0,266597.0,227078.0,168.0
3.088010810540277,107597.0,266597.0,227069.0,168.0
3.0930156902980404,107613.0,266597.0,227081.0,168.0
3.0980205700558043,107608.0,266597.0,227053.0,168.0
3.1030254498135683,107587.0,266623.0,227078.0,168.0
3.108030329571332,107648.0,266619.0,227097.0,168.0
3.113035209329096,107641.0,266626.0,227080.0,168.0
3.1180400890868594,107626.0,266617.0,227097.0,168.0
3.1230449688446233,107627.0,266598.0,227097.0,168.0
3.1280498486023873,107673.0,266602.0,227090.0,168.0
3.133054728360151,107681.0,266617.0,227095.0,168.0
3.138059608117915,107656.0,266584.0,227113.0,168.0
3.143064487875679,107682.0,266606.0,227103.0,168.0
3.1480693676334424,107733.0,266583.0,227103.0,168.0
3.1530742473912063,107723.0,266598.0,227104.0,168.0
3.1580791271489703,107669.0,266593.0,227119.0,168.0
3.163084006906734,107721.0,266593.0,227093.0,168.0
3.168088886664498,107720.0,266572.0,227119.0,168.0
3.173093766422262,107758.0,266608.0,227112.0,168.0
3.1780986461800254,107774.0,266605.0,227118.0,168.0
3.1831035259377893,107847.0,266599.0,227113.0,168.0
3.188108405695553,107850.0,266575.0,227106.0,168.0
3.193113285453317,107903.0,266613.0,227096.0,168.0
3.198118165211081,107951.0,266607.0,227117.0,168.0
3.2031230449688444,108045.0,266582.0,227128.0,168.0
3.2081279247266083,108074.0,266592.0,227121.0,168.0
3.2131328044843723,108148.0,266590.0,227130.0,168.0
3.218137684242136,108112.0,266573.0,227118.0,168.0
3.2231425639999,108116.0,266581.0,227140.0,168.0
3.228147443757664,108155.0,266601.0,227129.0,168.0
3.2331523235154274,108183.0,266549.0,227133.0,168.0
3.2381572032731913,108157.0,266563.0,227140.0,168.0
3.243162083030955,108186.0,266600.0,227153.0,168.0
3.248166962788719,108230.0,266557.0,227141.0,168.0
3.253171842546483,108237.0,266561.0,227133.0,168.0
3.2581767223042464,108271.0,266552.0,227143.0,168.0
3.2631816020620104,108274.0,266574.0,227145.0,168.0
3.2681864818197743,108308.0,266571.0,227164.0,168.0
3.273191361577538,108318.0,266572.0,227160.0,168.0
3.278196241335302,108318.0,266583.0,227175.0,168.0
3.283201121093066,108360.0,266576.0,227163.0,168.0
3.2882060008508294,108348.0,266565.0,227161.0,168.0
3.2932108806085933,108355.0,266578.0,227181.0,168.0
3.298215760366357,108378.0,266584.0,227177.0,168.0
3.303220640124121,108382.0,266603.0,227175.0,168.0
3.308225519881885,108415.0,266606.0,227194.0,168.0
3.3132303996396484,108400.0,266623.0,227186.0,168.0
3.3182352793974124,108405.0,266600.0,227192.0,168.0
3.3232401591551763,108440.0,266601.0,227207.0,168.0
3.32824503891294,108410.0,266600.0,227206.0,168.0
3.333249918670704,108424.0,266599.0,227208.0,168.0
3.338254798428468,108461.0,266612.0,227206.0,168.0
3.3432596781862314,108430.0,266591.0,227187.0,168.0
3.3482645579439954,108449.0,266590.0,227206.0,168.0
3.353269437701759,108431.0,266590.0,227197.0,168.0
3.358274317459523,108406.0,266598.0,227184.0,168.0
3.363279197217287,108362.0,266584.0,227157.0,168.0
3.3682840769750504,108320.0,266577.0,227138.0,168.0
3.3732889567328144,108300.0,266575.0,227125.0,168.0
3.3782938364905784,108273.0,266568.0,227077.0,168.0
3.383298716248342,108194.0,266582.0,227076.0,168.0
3.388303596006106,108162.0,266566.0,227037.0,168.0
3.39330847576387,108102.0,266566.0,227014.0,168.0
3.3983133555216334,108065.0,266552.0,227000.0,168.0
3.4033182352793974,108033.0,266495.0,226958.0,168.0
3.408323115037161,107980.0,266519.0,226950.0,168.0
3.413327994794925,107930.0,266517.0,226917.0,168.0
3.418332874552689,107898.0,266512.0,226888.0,168.0
3.4233377543104524,107849.0,266477.0,226885.0,168.0
3.4283426340682164,107822.0,266502.0,226852.0,168.0
3.4333475138259804,107771.0,266486.0,226856.0,168.0
3.438352393583744,107740.0,266473.0,226824.0,168.0
3.443357273341508,107718.0,266473.0,226831.0,168.0
3.448362153099272,107712.0,266472.0,226834.0,168.0
3.4533670328570354,107713.0,266475.0,226826.0,168.0
3.4583719126147994,107666.0,266453.0,226800.0,168.0
3.4633767923725634,107704.0,266478.0,226824.0,168.0
3.468381672130327,107707.0,266464.0,226816.0,168.0
3.473386551888091,107663.0,266462.0,226804.0,168.0
3.4783914316458544,107705.0,266447.0,226824.0,168.0
3.4833963114036184,107681.0,266461.0,226812.0,168.0
3.4884011911613824,107678.0,266461.0,226808.0,168.0
3.493406070919146,107653.0,266449.0,226812.0,168.0
3.49841095067691,107675.0,266443.0,226823.0,168.0
3.503415830434674,107652.0,266434.0,226803.0,168.0
3.5084207101924374,107686.0,266426.0,226830.0,168.0
3.5134255899502014,107650.0,266449.0,226810.0,168.0
3.5184304697079654,107684.0,266470.0,226815.0,168.0
3.523435349465729,107669.0,266469.0,226810.0,168.0
3.528440229223493,107694.0,266462.0,226836.0,168.0
3.5334451089812564,107687.0,266480.0,226818.0,168.0
3.5384499887390204,107704.0,266448.0,226841.0,168.0
3.5434548684967844,107704.0,266469.0,226841.0,168.0
3.548459748254548,107697.0,266496.0,226839.0,168.0
3.553464628012312,107725.0,266443.0,226834.0,168.0
3.558469507770076,107742.0,266489.0,226876.0,168.0
3.5634743875278394,107733.0,266486.0,226863.0,168.0
3.5684792672856034,107750.0,266502.0,226861.0,168.0
3.5734841470433674,107767.0,266490.0,226887.0,168.0
3.578489026801131,107780.0,266520.0,226886.0,168.0
3.583493906558895,107803.0,266510.0,226903.0,168.0
3.5884987863166584,107826.0,266502.0,226913.0,168.0
3.5935036660744224,107847.0,266518.0,226928.0,168.0
3.5985085458321864,107815.0,266499.0,226923.0,168.0
3.60351342558995,107866.0,266514.0,226938.0,168.0
3.608518305347714,107892.0,266507.0,226923.0,168.0
3.613523185105478,107919.0,266527.0,226939.0,168.0
3.6185280648632414,107894.0,266548.0,226946.0,168.0
3.6235329446210054,107922.0,266531.0,226969.0,168.0
3.6285378243787694,107925.0,266516.0,226957.0,168.0
3.633542704136533,107939.0,266527.0,226952.0,168.0
3.638547583894297,107927.0,266544.0,226950.0,168.0
3.6435524636520604,107944.0,266513.0,226951.0,168.0
3.6485573434098244,107966.0,266541.0,226960.0,168.0
3.6535622231675884,107949.0,266524.0,226946.0,168.0
3.658567102925352,107987.0,266532.0,226962.0,168.0
3.663571982683116,107941.0,266521.0,226971.0,168.0
3.66857686244088,107968.0,266544.0,226957.0,168.0
3.6735817421986434,107967.0,266534.0,226950.0,168.0
3.6785866219564074,107968.0,266539.0,226965.0,168.0
3.6835915017141714,107965.0,266539.0,226946.0,168.0
3.688596381471935,107966.0,266532.0,226956.0,168.0
3.693601261229699,107966.0,266498.0,226967.0,168.0
3.6986061409874624,107965.0,266514.0,226975.0,168.0
3.7036110207452264,107954.0,266519.0,226976.0,168.0
3.7086159005029904,107981.0,266541.0,226942.0,168.0
3.713620780260754,107971.0,266517.0,226964.0,168.0
3.718625660018518,107988.0,266509.0,226964.0,168.0
3.723630539776282,107995.0,266512.0,226950.0,168.0
3.7286354195340454,107980.0,266509.0,226940.0,168.0
3.7336402992918094,108005.0,266502.0,226952.0,168.0
3.7386451790495734,107968.0,266529.0,226952.0,168.0
3.743650058807337,107962.0,266488.0,226948.0,168.0
3.748654938565101,107979.0,266504.0,226958.0,168.0
3.753659818322865,108002.0,266514.0,226958.0,168.0
3.7586646980806284,107982.0,266505.0,226967.0,168.0
3.7636695778383924,108009.0,266503.0,226953.0,168.0
3.768674457596156,108017.0,266482.0,226953.0,168.0
3.77367933735392,108026.0,266501.0,226948.0,168.0
3.778684217111684,108014.0,266512.0,226957.0,168.0
3.7836890968694474,108023.0,266512.0,226979.0,168.0
3.7886939766272114,108052.0,266505.0,226967.0,168.0
3.7936988563849754,108060.0,266496.0,226976.0,168.0
3.798703736142739,108071.0,266509.0,226987.0,168.0
3.803708615900503,108082.0,266519.0,226992.0,168.0
3.808713495658267,108067.0,266506.0,226990.0,168.0
3.8137183754160304,108105.0,266491.0,227009.0,168.0
3.8187232551737944,108082.0,266509.0,226982.0,168.0
3.823728134931558,108129.0,266499.0,227006.0,168.0
3.828733014689322,108104.0,266511.0,226995.0,168.0
3.833737894447086,108118.0,266501.0,226996.0,168.0
3.8387427742048494,108158.0,266500.0,227001.0,168.0
3.8437476539626134,108106.0,266531.0,227014.0,168.0
3.8487525337203774,108139.0,266510.0,227018.0,168.0
3.853757413478141,108143.0,266507.0,227008.0,168.0
3.858762293235905,108149.0,266497.0,227025.0,168.0
3.863767172993669,108137.0,266501.0,227045.0,168.0
3.8687720527514324,108170.0,266504.0,227033.0,168.0
3.8737769325091964,108197.0,266514.0,227048.0,168.0
3.87878181226696,108169.0,266532.0,227038.0,168.0
3.883786692024724,108197.0,266511.0,227054.0,168.0
3.888791571782488,108228.0,266538.0,227029.0,168.0
3.8937964515402514,108203.0,266502.0,227048.0,168.0
3.8988013312980154,108264.0,266521.0,227060.0,168.0
3.9038062110557794,108200.0,266524.0,227053.0,168.0
3.908811090813543,108241.0,266518.0,227050.0,168.0
3.913815970571307,108259.0,266525.0,227060.0,168.0
3.918820850329071,108253.0,266515.0,227060.0,168.0
3.9238257300868344,108259.0,266522.0,227060.0,168.0
3.9288306098445984,108241.0,266540.0,227069.0,168.0
3.933835489602362,108280.0,266544.0,227080.0,168.0
3.938840369360126,108313.0,266524.0,227077.0,168.0
3.94384524911789,108353.0,266555.0,227089.0,168.0
3.9488501288756535,108326.0,266533.0,227102.0,168.0
3.9538550086334174,108314.0,266530.0,227079.0,168.0
3.9588598883911814,108326.0,266538.0,227107.0,168.0
3.963864768148945,108314.0,266530.0,227107.0,168.0
3.968869647906709,108356.0,266542.0,227113.0,168.0
3.973874527664473,108395.0,266543.0,227126.0,168.0
3.9788794074222364,108365.0,266558.0,227113.0,168.0
3.9838842871800004,108378.0,266539.0,227127.0,168.0
3.988889166937764,108398.0,266555.0,227119.0,168.0
3.993894046695528,108414.0,266557.0,227129.0,168.0
3.998898926453292,108421.0,266571.0,227129.0,168.0
4.0039038062110555,108407.0,266530.0,227134.0,168.0
4.008908685968819,108416.0,266557.0,227137.0,168.0
4.013913565726583,108444.0,266564.0,227127.0,168.0
4.018918445484347,108432.0,266569.0,227140.0,168.0
4.0239233252421105,108451.0,266584.0,227137.0,168.0
4.0289282049998745,108448.0,266528.0,227161.0,168.0
4.0339330847576385,108446.0,266579.0,227138.0,168.0
4.038937964515402,108434.0,266560.0,227102.0,168.0
4.043942844273166,108389.0,266553.0,227129.0,168.0
4.04894772403093,108397.0,266572.0,227128.0,168.0
4.0539526037886935,108393.0,266507.0,227094.0,168.0
4.0589574835464575,108301.0,266516.0,227066.0,168.0
4.0639623633042214,108317.0,266525.0,227046.0,168.0
4.068967243061985,108260.0,266511.0,227019.0,168.0
4.073972122819749,108192.0,266483.0,226972.0,168.0
4.0789770025775125,108147.0,266494.0,226938.0,168.0
4.0839818823352765,108082.0,266487.0,226923.0,168.0
4.0889867620930405,108057.0,266449.0,226897.0,168.0
4.093991641850804,108021.0,266434.0,226875.0,168.0
4.098996521608568,107942.0,266435.0,226853.0,168.0
4.104001401366332,107906.0,266417.0,226811.0,168.0
4.1090062811240955,107866.0,266396.0,226782.0,168.0
4.1140111608818595,107787.0,266416.0,226764.0,168.0
4.1190160406396235,107771.0,266390.0,226746.0,168.0
4.124020920397387,107773.0,266385.0,226727.0,168.0
4.129025800155151,107734.0,266375.0,226739.0,168.0
4.1340306799129145,107717.0,266360.0,226728.0,168.0
4.1390355596706785,107703.0,266388.0,226699.0,168.0
4.1440404394284425,107651.0,266358.0,226701.0,168.0
4.1490453191862064,107659.0,266359.0,226678.0,168.0
4.15405019894397,107653.0,266340.0,226701.0,168.0
4.159055078701734,107659.0,266372.0,226684.0,168.0
4.1640599584594975,107608.0,266358.0,226679.0,168.0
4.1690648382172615,107654.0,266356.0,226673.0,168.0
4.1740697179750255,107633.0,266354.0,226692.0,168.0
4.179074597732789,107600.0,266332.0,226687.0,168.0
4.184079477490553,107623.0,266351.0,226704.0,168.0
4.189084357248317,107632.0,266333.0,226675.0,168.0
4.1940892370060805,107605.0,266367.0,226670.0,168.0
4.1990941167638445,107577.0,266333.0,226685.0,168.0
4.2040989965216085,107626.0,266360.0,226668.0,168.0
4.209103876279372,107653.0,266327.0,226659.0,168.0
4.214108756037136,107619.0,266343.0,226690.0,168.0
4.2191136357948995,107600.0,266347.0,226659.0,168.0
4.2241185155526635,107608.0,266342.0,226691.0,168.0
4.2291233953104275,107626.0,266363.0,226666.0,168.0
4.2341282750681914,107615.0,266361.0,226692.0,168.0
4.239133154825955,107643.0,266348.0,226697.0,168.0
4.244138034583719,107649.0,266348.0,226693.0,168.0
4.2491429143414825,107673.0,266343.0,226717.0,168.0
4.2541477940992465,107657.0,266374.0,226718.0,168.0
4.2591526738570105,107660.0,266365.0,226714.0,168.0
4.264157553614774,107632.0,266356.0,226726.0,168.0
4.269162433372538,107682.0,266346.0,226739.0,168.0
4.2741673131303015,107692.0,266358.0,226742.0,168.0
4.2791721928880655,107720.0,266366.0,226765.0,168.0
4.2841770726458295,107722.0,266398.0,226769.0,168.0
4.2891819524035935,107733.0,266379.0,226766.0,168.0
4.294186832161357,107767.0,266355.0,226776.0,168.0
4.299191711919121,107788.0,266368.0,226781.0,168.0
4.3041965916768845,107770.0,266367.0,226760.0,168.0
4.3092014714346485,107804.0,266387.0,226788.0,168.0
4.3142063511924125,107806.0,266369.0,226797.0,168.0
4.3192112309501764,107825.0,266381.0,226803.0,168.0
4.32421611070794,107817.0,266379.0,226767.0,168.0
4.3292209904657035,107850.0,266386.0,226793.0,168.0
4.3342258702234675,107843.0,266402.0,226820.0,168.0
4.3392307499812315,107833.0,266380.0,226804.0,168.0
4.3442356297389955,107803.0,266375.0,226812.0,168.0
4.349240509496759,107830.0,266378.0,226820.0,168.0
4.354245389254523,107845.0,266397.0,226801.0,168.0
4.3592502690122865,107878.0,266400.0,226806.0,168.0
4.3642551487700505,107840.0,266377.0,226806.0,168.0
4.3692600285278145,107843.0,266351.0,226804.0,168.0
4.3742649082855785,107868.0,266408.0,226794.0,168.0
4.379269788043342,107872.0,266385.0,226808.0,168.0
4.3842746678011055,107817.0,266366.0,226806.0,168.0
4.3892795475588695,107849.0,266364.0,226808.0,168.0
4.3942844273166335,107845.0,266363.0,226802.0,168.0
4.3992893070743975,107830.0,266375.0,226807.0,168.0
4.4042941868321615,107825.0,266362.0,226807.0,168.0
4.409299066589925,107825.0,266356.0,226803.0,168.0
4.4143039463476885,107850.0,266358.0,226789.0,168.0
4.4193088261054525,107849.0,266373.0,226779.0,168.0
4.4243137058632165,107841.0,266355.0,226789.0,168.0
4.4293185856209805,107869.0,266364.0,226819.0,168.0
4.4343234653787444,107842.0,266351.0,226783.0,168.0
4.4393283451365075,107838.0,266389.0,226779.0,168.0
4.4443332248942715,107859.0,266344.0,226795.0,168.0
4.4493381046520355,107866.0,266357.0,226811.0,168.0
4.4543429844097995,107880.0,266365.0,226805.0,168.0
4.4593478641675635,107868.0,266359.0,226784.0,168.0
4.464352743925327,107890.0,266354.0,226811.0,168.0
4.4693576236830905,107890.0,266362.0,226811.0,168.0
4.4743625034408545,107881.0,266369.0,226807.0,168.0
4.4793673831986185,107897.0,266346.0,226804.0,168.0
4.4843722629563825,107902.0,266369.0,226809.0,168.0
4.4893771427141465,107880.0,266373.0,226822.0,168.0
4.4943820224719095,107926.0,266382.0,226822.0,168.0
4.4993869022296735,107919.0,266374.0,226832.0,168.0
4.5043917819874375,107962.0,266346.0,226828.0,168.0
4.5093966617452015,107926.0,266388.0,226821.0,168.0
4.5144015415029655,107963.0,266369.0,226818.0,168.0
4.5194064212607294,107982.0,266386.0,226838.0,168.0
4.5244113010184925,107959.0,266370.0,226844.0,168.0
4.5294161807762565,107978.0,266370.0,226837.0,168.0
4.5344210605340205,107986.0,266352.0,226853.0,168.0
4.5394259402917845,107945.0,266400.0,226891.0,168.0
4.5444308200495485,107957.0,266385.0,226861.0,168.0
4.5494356998073116,107989.0,266399.0,226849.0,168.0
4.5544405795650755,107990.0,266369.0,226865.0,168.0
4.5594454593228395,108023.0,266375.0,226865.0,168.0
4.5644503390806035,108009.0,266397.0,226880.0,168.0
4.5694552188383675,108040.0,266380.0,226857.0,168.0
4.5744600985961315,108027.0,266376.0,226872.0,168.0
4.5794649783538945,108042.0,266383.0,226889.0,168.0
4.5844698581116585,108065.0,266362.0,226870.0,168.0
4.5894747378694225,108089.0,266398.0,226861.0,168.0
4.5944796176271865,108091.0,266393.0,226887.0,168.0
4.5994844973849505,108086.0,266419.0,226880.0,168.0
4.604489377142714,108089.0,266400.0,226899.0,168.0
4.6094942569004775,108077.0,266398.0,226901.0,168.0
4.6144991366582415,108103.0,266403.0,226920.0,168.0
4.6195040164160055,108107.0,266401.0,226892.0,168.0
4.6245088961737695,108153.0,266413.0,226895.0,168.0
4.6295137759315335,108124.0,266394.0,226927.0,168.0
4.6345186556892966,108162.0,266383.0,226903.0,168.0
4.6395235354470605,108128.0,266402.0,226924.0,168.0
4.6445284152048245,108176.0,266415.0,226918.0,168.0
4.6495332949625885,108153.0,266401.0,226922.0,168.0
4.6545381747203525,108196.0,266393.0,226921.0,168.0
4.659543054478116,108182.0,266401.0,226931.0,168.0
4.6645479342358795,108189.0,266414.0,226923.0,168.0
4.6695528139936435,108201.0,266405.0,226953.0,168.0
4.6745576937514075,108231.0,266405.0,226960.0,168.0
4.6795625735091715,108222.0,266430.0,226961.0,168.0
4.6845674532669355,108237.0,266402.0,226981.0,168.0
4.689572333024699,108268.0,266438.0,226968.0,168.0
4.6945772127824625,108265.0,266430.0,226974.0,168.0
4.6995820925402265,108319.0,266420.0,226994.0,168.0
4.7045869722979905,108298.0,266442.0,227000.0,168.0
4.7095918520557545,108290.0,266415.0,226995.0,168.0
4.7145967318135185,108311.0,266425.0,226992.0,168.0
4.7196016115712816,108341.0,266450.0,227002.0,168.0
4.7246064913290455,108348.0,266419.0,227009.0,168.0
4.7296113710868095,108359.0,266428.0,227012.0,168.0
4.7346162508445735,108382.0,266417.0,227026.0,168.0
4.7396211306023375,108350.0,266433.0,227012.0,168.0
4.744626010360101,108368.0,266449.0,227009.0,168.0
4.7496308901178645,108366.0,266445.0,226998.0,168.0
4.7546357698756285,108352.0,266444.0,227020.0,168.0
4.7596406496333925,108349.0,266410.0,227027.0,168.0
4.7646455293911565,108346.0,266420.0,226990.0,168.0
4.7696504091489205,108305.0,266449.0,226998.0,168.0
4.774655288906684,108302.0,266434.0,226977.0,168.0
4.7796601686644475,108238.0,266409.0,226938.0,168.0
4.7846650484222115,108213.0,266397.0,226941.0,168.0
4.7896699281799755,108150.0,266379.0,226925.0,168.0
4.7946748079377395,108106.0,266365.0,226867.0,168.0
4.799679687695503,108002.0,266373.0,226845.0,168.0
4.8046845674532666,108013.0,266363.0,226825.0,168.0
4.8096894472110305,107914.0,266351.0,226788.0,168.0
4.8146943269687945,107863.0,266311.0,226764.0,168.0
4.8196992067265585,107821.0,266304.0,226745.0,168.0
4.8247040864843225,107805.0,266301.0,226726.0,168.0
4.829708966242086,107780.0,266288.0,226690.0,168.0
4.8347138459998495,107703.0,266292.0,226689.0,168.0
4.8397187257576135,107710.0,266283.0,226659.0,168.0
4.8447236055153775,107713.0,266268.0,226658.0,168.0
4.8497284852731415,107678.0,266262.0,226637.0,168.0
4.854733365030905,107661.0,266259.0,226644.0,168.0
4.859738244788669,107638.0,266271.0,226619.0,168.0
4.8647431245464325,107639.0,266267.0,226630.0,168.0
4.8697480043041965,107636.0,266269.0,226627.0,168.0
4.8747528840619605,107631.0,266279.0,226631.0,168.0
4.8797577638197245,107666.0,266249.0,226623.0,168.0
4.884762643577488,107669.0,266253.0,226639.0,168.0
4.8897675233352516,107602.0,266270.0,226640.0,168.0
4.8947724030930155,107643.0,266257.0,226628.0,168.0
4.8997772828507795,107615.0,266251.0,226629.0,168.0
4.9047821626085435,107666.0,266255.0,226622.0,168.0
4.909787042366307,107637.0,266236.0,226631.0,168.0
4.914791922124071,107618.0,266249.0,226638.0,168.0
4.9197968018818345,107647.0,266236.0,226631.0,168.0
4.9248016816395985,107649.0,266262.0,226615.0,168.0
4.9298065613973625,107625.0,266243.0,226621.0,168.0
4.9348114411551265,107627.0,266242.0,226634.0,168.0
4.93981632091289,107639.0,266276.0,226620.0,168.0
4.944821200670654,107643.0,266263.0,226641.0,168.0
4.9498260804284175,107605.0,266259.0,226646.0,168.0
4.9548309601861815,107661.0,266233.0,226630.0,168.0
4.9598358399439455,107672.0,266255.0,226638.0,168.0
4.964840719701709,107644.0,266250.0,226652.0,168.0
4.969845599459473,107632.0,266233.0,226658.0,168.0
4.9748504792172366,107700.0,266232.0,226639.0,168.0
4.9798553589750005,107695.0,266247.0,226649.0,168.0
4.9848602387327645,107750.0,266259.0,226667.0,168.0
4.9898651184905285,107727.0,266224.0,226661.0,168.0
4.994869998248292,107768.0,266255.0,226675.0,168.0
4.999874878006056,107809.0,266290.0,226675.0,168.0
5.0048797577638195,107865.0,266270.0,226709.0,168.0
5.0098846375215835,107887.0,266264.0,226699.0,168.0
5.0148895172793475,107889.0,266301.0,226712.0,168.0
5.019894397037111,107891.0,266281.0,226715.0,168.0
5.024899276794875,107806.0,266297.0,226725.0,168.0
5.029904156552639,107813.0,266270.0,226736.0,168.0
5.0349090363104025,107841.0,266302.0,226729.0,168.0
5.0399139160681665,107826.0,266282.0,226768.0,168.0
5.0449187958259305,107841.0,266290.0,226755.0,168.0
5.049923675583694,107821.0,266323.0,226759.0,168.0
5.054928555341458,107811.0,266304.0,226763.0,168.0
5.0599334350992216,107847.0,266320.0,226758.0,168.0
5.0649383148569855,107819.0,266283.0,226758.0,168.0
5.0699431946147495,107776.0,266310.0,226743.0,168.0
5.074948074372513,107829.0,266331.0,226752.0,168.0
5.079952954130277,107826.0,266316.0,226755.0,168.0
5.084957833888041,107823.0,266291.0,226758.0,168.0
5.0899627136458045,107826.0,266306.0,226757.0,168.0
5.0949675934035685,107825.0,266309.0,226730.0,168.0
5.0999724731613325,107841.0,266298.0,226755.0,168.0
5.104977352919096,107821.0,266319.0,226759.0,168.0
5.10998223267686,107837.0,266317.0,226760.0,168.0
5.114987112434624,107826.0,266280.0,226787.0,168.0
5.1199919921923875,107836.0,266315.0,226776.0,168.0
5.1249968719501515,107820.0,266305.0,226770.0,168.0
5.130001751707915,107804.0,266279.0,226782.0,168.0
5.135006631465679,107795.0,266304.0,226767.0,168.0
5.140011511223443,107793.0,266289.0,226785.0,168.0
5.1450163909812066,107784.0,266291.0,226775.0,168.0
5.1500212707389705,107726.0,266285.0,226781.0,168.0
5.1550261504967345,107756.0,266300.0,226772.0,168.0
5.160031030254498,107778.0,266322.0,226798.0,168.0
5.165035910012262,107752.0,266288.0,226783.0,168.0
5.170040789770026,107742.0,266291.0,226796.0,168.0
5.1750456695277895,107735.0,266293.0,226781.0,168.0
5.1800505492855535,107649.0,266308.0,226798.0,168.0
5.185055429043317,107643.0,266306.0,226797.0,168.0
5.190060308801081,107603.0,266327.0,226809.0,168.0
5.195065188558845,107634.0,266307.0,226821.0,168.0
5.200070068316609,107656.0,266339.0,226834.0,168.0
5.2050749480743725,107666.0,266329.0,226816.0,168.0
5.2100798278321365,107664.0,266321.0,226842.0,168.0
5.2150847075899,107582.0,266330.0,226832.0,168.0
5.220089587347664,107565.0,266321.0,226847.0,168.0
5.225094467105428,107609.0,266341.0,226861.0,168.0
5.230099346863192,107604.0,266330.0,226869.0,168.0
5.2351042266209555,107644.0,266350.0,226875.0,168.0
5.240109106378719,107606.0,266345.0,226874.0,168.0
5.245113986136483,107667.0,266366.0,226870.0,168.0
5.250118865894247,107678.0,266384.0,226895.0,168.0
5.255123745652011,107699.0,266359.0,226885.0,168.0
5.2601286254097745,107788.0,266354.0,226893.0,168.0
5.2651335051675385,107786.0,266365.0,226886.0,168.0
5.270138384925302,107808.0,266368.0,226908.0,168.0
5.275143264683066,107815.0,266391.0,226923.0,168.0
5.28014814444083,107853.0,266375.0,226916.0,168.0
5.285153024198594,107884.0,266351.0,226924.0,168.0
5.2901579039563575,107863.0,266375.0,226928.0,168.0
5.2951627837141215,107869.0,266373.0,226918.0,168.0
5.300167663471885,107904.0,266381.0,226950.0,168.0
5.305172543229649,107958.0,266397.0,226955.0,168.0
5.310177422987413,107962.0,266379.0,226941.0,168.0
5.315182302745177,107993.0,266410.0,226954.0,168.0
5.3201871825029405,107957.0,266413.0,226987.0,168.0
5.325192062260704,107988.0,266387.0,226983.0,168.0
5.330196942018468,108017.0,266366.0,227006.0,168.0
5.335201821776232,108058.0,266409.0,227011.0,168.0
5.340206701533996,108058.0,266427.0,227002.0,168.0
5.3452115812917596,108068.0,266435.0,227009.0,168.0
5.3502164610495235,108066.0,266435.0,227039.0,168.0
5.355221340807287,108111.0,266420.0,227036.0,168.0
5.360226220565051,108129.0,266459.0,227040.0,168.0
5.365231100322815,108151.0,266454.0,227041.0,168.0
5.370235980080579,108183.0,266460.0,227055.0,168.0
5.3752408598383425,108162.0,266462.0,227089.0,168.0
5.380245739596106,108190.0,266469.0,227066.0,168.0
5.38525061935387,108212.0,266490.0,227070.0,168.0
5.390255499111634,108225.0,266462.0,227083.0,168.0
5.395260378869398,108272.0,266510.0,227111.0,168.0
5.400265258627162,108284.0,266503.0,227110.0,168.0
5.4052701383849255,108295.0,266513.0,227122.0,168.0
5.410275018142689,108315.0,266515.0,227118.0,168.0
5.415279897900453,108354.0,266526.0,227117.0,168.0
5.420284777658217,108344.0,266555.0,227159.0,168.0
5.425289657415981,108391.0,266549.0,227138.0,168.0
5.4302945371737446,108414.0,266558.0,227147.0,168.0
5.435299416931508,108408.0,266559.0,227153.0,168.0
5.440304296689272,108428.0,266560.0,227182.0,168.0
5.445309176447036,108448.0,266599.0,227192.0,168.0
5.4503140562048,108488.0,266540.0,227202.0,168.0
5.455318935962564,108552.0,266619.0,227212.0,168.0
5.4603238157203275,108540.0,266614.0,227216.0,168.0
5.465328695478091,108531.0,266597.0,227230.0,168.0
5.470333575235855,108555.0,266594.0,227235.0,168.0
5.475338454993619,108520.0,266608.0,227212.0,168.0
5.480343334751383,108544.0,266580.0,227213.0,168.0
5.485348214509147,108537.0,266540.0,227183.0,168.0
5.49035309426691,108516.0,266572.0,227200.0,168.0
5.495357974024674,108468.0,266570.0,227188.0,168.0
5.500362853782438,108424.0,266554.0,227151.0,168.0
5.505367733540202,108388.0,266560.0,227148.0,168.0
5.510372613297966,108312.0,266517.0,227060.0,168.0
5.5153774930557296,108229.0,266501.0,227068.0,168.0
5.520382372813493,108165.0,266503.0,227004.0,168.0
5.525387252571257,108115.0,266460.0,226978.0,168.0
5.530392132329021,108020.0,266466.0,226920.0,168.0
5.535397012086785,107939.0,266437.0,226894.0,168.0
5.540401891844549,107912.0,266426.0,226874.0,168.0
5.545406771602312,107827.0,266423.0,226837.0,168.0
5.550411651360076,107813.0,266401.0,226804.0,168.0
5.55541653111784,107714.0,266392.0,226793.0,168.0
5.560421410875604,107722.0,266378.0,226790.0,168.0
5.565426290633368,107675.0,266352.0,226759.0,168.0
5.570431170391132,107631.0,266352.0,226740.0,168.0
5.575436050148895,107628.0,266354.0,226723.0,168.0
5.580440929906659,107597.0,266344.0,226728.0,168.0
5.585445809664423,107583.0,266337.0,226729.0,168.0
5.590450689422187,107595.0,266347.0,226742.0,168.0
5.595455569179951,107549.0,266342.0,226713.0,168.0
5.600460448937714,107538.0,266353.0,226713.0,168.0
5.605465328695478,107548.0,266330.0,226725.0,168.0
5.610470208453242,107542.0,266324.0,226725.0,168.0
5.615475088211006,107509.0,266343.0,226728.0,168.0
5.62047996796877,107536.0,266328.0,226723.0,168.0
5.625484847726534,107533.0,266353.0,226712.0,168.0
5.630489727484297,107552.0,266320.0,226729.0,168.0
5.635494607242061,107526.0,266342.0,226725.0,168.0
5.640499486999825,107556.0,266328.0,226731.0,168.0
5.645504366757589,107546.0,266342.0,226737.0,168.0
5.650509246515353,107581.0,266314.0,226742.0,168.0
5.655514126273116,107569.0,266346.0,226740.0,168.0
5.66051900603088,107600.0,266345.0,226765.0,168.0
5.665523885788644,107589.0,266342.0,226750.0,168.0
5.670528765546408,107584.0,266355.0,226767.0,168.0
5.675533645304172,107587.0,266366.0,226775.0,168.0
5.680538525061936,107615.0,266377.0,226789.0,168.0
5.685543404819699,107591.0,266318.0,226772.0,168.0
5.690548284577463,107627.0,266370.0,226805.0,168.0
5.695553164335227,107605.0,266371.0,226782.0,168.0
5.700558044092991,107641.0,266374.0,226814.0,168.0
5.705562923850755,107664.0,266340.0,226825.0,168.0
5.710567803608518,107669.0,266383.0,226828.0,168.0
5.715572683366282,107686.0,266383.0,226832.0,168.0
5.720577563124046,107692.0,266375.0,226840.0,168.0
5.72558244288181,107709.0,266398.0,226852.0,168.0
5.730587322639574,107746.0,266390.0,226863.0,168.0
5.735592202397338,107735.0,266378.0,226862.0,168.0
5.740597082155101,107766.0,266400.0,226867.0,168.0
5.745601961912865,107796.0,266369.0,226869.0,168.0
5.750606841670629,107796.0,266383.0,226875.0,168.0
5.755611721428393,107806.0,266392.0,226879.0,168.0
5.760616601186157,107834.0,266388.0,226899.0,168.0
5.76562148094392,107814.0,266382.0,226895.0,168.0
5.770626360701684,107859.0,266378.0,226883.0,168.0
5.775631240459448,107877.0,266387.0,226904.0,168.0
5.780636120217212,107856.0,266396.0,226896.0,168.0
5.785640999974976,107846.0,266388.0,226893.0,168.0
5.79064587973274,107841.0,266408.0,226915.0,168.0
5.795650759490503,107866.0,266358.0,226904.0,168.0
5.800655639248267,107855.0,266379.0,226897.0,168.0
5.805660519006031,107880.0,266358.0,226882.0,168.0
5.810665398763795,107886.0,266367.0,226865.0,168.0
5.815670278521559,107875.0,266353.0,226886.0,168.0
5.820675158279323,107944.0,266340.0,226890.0,168.0
5.825680038037086,107948.0,266372.0,226885.0,168.0
5.83068491779485,107963.0,266352.0,226880.0,168.0
5.835689797552614,107913.0,266346.0,226867.0,168.0
5.840694677310378,107942.0,266343.0,226879.0,168.0
5.845699557068142,107937.0,266334.0,226890.0,168.0
5.850704436825905,107919.0,266344.0,226883.0,168.0
5.855709316583669,107903.0,266334.0,226898.0,168.0
5.860714196341433,107931.0,266347.0,226889.0,168.0
5.865719076099197,107960.0,266334.0,226865.0,168.0
5.870723955856961,107986.0,266356.0,226883.0,168.0
5.875728835614725,107953.0,266374.0,226895.0,168.0
5.880733715372488,108012.0,266320.0,226874.0,168.0
5.885738595130252,108026.0,266338.0,226894.0,168.0
5.890743474888016,108046.0,266366.0,226891.0,168.0
5.89574835464578,108066.0,266353.0,226897.0,168.0
5.900753234403544,108068.0,266341.0,226924.0,168.0
5.905758114161307,108008.0,266348.0,226927.0,168.0
5.910762993919071,107916.0,266363.0,226932.0,168.0
5.915767873676835,107886.0,266350.0,226930.0,168.0
5.920772753434599,107906.0,266377.0,226920.0,168.0
5.925777633192363,107900.0,266360.0,226938.0,168.0
5.930782512950127,107873.0,266363.0,226947.0,168.0
5.93578739270789,107891.0,266385.0,226954.0,168.0
5.940792272465654,107892.0,266389.0,226955.0,168.0
5.945797152223418,107906.0,266362.0,226960.0,168.0
5.950802031981182,107910.0,266378.0,226953.0,168.0
5.955806911738946,107878.0,266384.0,226976.0,168.0
5.960811791496709,107898.0,266390.0,226987.0,168.0
5.965816671254473,107921.0,266371.0,226986.0,168.0
5.970821551012237,107939.0,266386.0,226995.0,168.0
5.975826430770001,107929.0,266403.0,226999.0,168.0
5.980831310527765,107948.0,266387.0,227007.0,168.0
5.985836190285529,107964.0,266404.0,227009.0,168.0
5.990841070043292,107982.0,266407.0,227002.0,168.0
5.995845949801056,107972.0,266393.0,227032.0,168.0
6.00085082955882,107989.0,266420.0,227035.0,168.0
6.005855709316584,108016.0,266429.0,227044.0,168.0
6.010860589074348,108001.0,266430.0,227044.0,168.0
6.015865468832111,108017.0,266434.0,227051.0,168.0
6.020870348589875,108020.0,266443.0,227048.0,168.0
6.025875228347639,108046.0,266445.0,227067.0,168.0
6.030880108105403,108073.0,266452.0,227081.0,168.0
6.035884987863167,108061.0,266422.0,227067.0,168.0
6.040889867620931,108094.0,266481.0,227088.0,168.0
6.045894747378694,108113.0,266462.0,227090.0,168.0
6.050899627136458,108132.0,266426.0,227087.0,168.0
6.055904506894222,108124.0,266461.0,227084.0,168.0
6.060909386651986,108142.0,266470.0,227105.0,168.0
6.06591426640975,108142.0,266450.0,227112.0,168.0
6.070919146167513,108170.0,266479.0,227097.0,168.0
6.075924025925277,108163.0,266472.0,227112.0,168.0
6.080928905683041,108228.0,266447.0,227134.0,168.0
6.085933785440805,108199.0,266456.0,227123.0,168.0
6.090938665198569,108226.0,266451.0,227128.0,168.0
6.095943544956333,108230.0,266491.0,227145.0,168.0
6.100948424714096,108236.0,266443.0,227136.0,168.0
6.10595330447186,108263.0,266448.0,227115.0,168.0
6.110958184229624,108254.0,266474.0,227136.0,168.0
6.115963063987388,108247.0,266451.0,227127.0,168.0
6.120967943745152,108283.0,266468.0,227146.0,168.0
6.125972823502915,108295.0,266443.0,227156.0,168.0
6.130977703260679,108286.0,266475.0,227157.0,168.0
6.135982583018443,108297.0,266443.0,227146.0,168.0
6.140987462776207,108332.0,266457.0,227164.0,168.0
6.145992342533971,108321.0,266463.0,227155.0,168.0
6.150997222291735,108325.0,266467.0,227161.0,168.0
6.156002102049498,108319.0,266463.0,227174.0,168.0
6.161006981807262,108341.0,266488.0,227169.0,168.0
6.166011861565026,108364.0,266479.0,227172.0,168.0
6.17101674132279,108365.0,266488.0,227151.0,168.0
6.176021621080554,108358.0,266465.0,227178.0,168.0
6.181026500838317,108390.0,266471.0,227164.0,168.0
6.186031380596081,108364.0,266481.0,227188.0,168.0
6.191036260353845,108344.0,266441.0,227157.0,168.0
6.196041140111609,108345.0,266452.0,227162.0,168.0
6.201046019869373,108351.0,266443.0,227140.0,168.0
6.206050899627137,108302.0,266458.0,227138.0,168.0
6.2110557793849,108262.0,266432.0,227116.0,168.0
6.216060659142664,108227.0,266426.0,227081.0,168.0
6.221065538900428,108133.0,266439.0,227056.0,168.0
6.226070418658192,108093.0,266404.0,227017.0,168.0
6.231075298415956,108000.0,266393.0,226980.0,168.0
6.236080178173719,107928.0,266389.0,226933.0,168.0
6.241085057931483,107869.0,266366.0,226900.0,168.0
6.246089937689247,107856.0,266351.0,226891.0,168.0
6.251094817447011,107799.0,266333.0,226850.0,168.0
6.256099697204775,107715.0,266302.0,226823.0,168.0
6.261104576962539,107713.0,266311.0,226793.0,168.0
6.266109456720302,107612.0,266304.0,226773.0,168.0
6.271114336478066,107618.0,266293.0,226764.0,168.0
6.27611921623583,107541.0,266283.0,226730.0,168.0
6.281124095993594,107548.0,266293.0,226730.0,168.0
6.286128975751358,107487.0,266258.0,226702.0,168.0
6.291133855509121,107461.0,266258.0,226676.0,168.0
6.296138735266885,107460.0,266256.0,226680.0,168.0
6.301143615024649,107480.0,266249.0,226693.0,168.0
6.306148494782413,107479.0,266237.0,226670.0,168.0
6.311153374540177,107408.0,266258.0,226663.0,168.0
6.316158254297941,107397.0,266243.0,226695.0,168.0
6.321163134055704,107422.0,266227.0,226684.0,168.0
6.326168013813468,107395.0,266251.0,226674.0,168.0
6.331172893571232,107418.0,266250.0,226665.0,168.0
6.336177773328996,107381.0,266236.0,226642.0,168.0
6.34118265308676,107410.0,266261.0,226682.0,168.0
6.346187532844524,107429.0,266264.0,226662.0,168.0
6.351192412602287,107427.0,266224.0,226673.0,168.0
6.356197292360051,107448.0,266241.0,226684.0,168.0
6.361202172117815,107445.0,266223.0,226678.0,168.0
6.366207051875579,107423.0,266254.0,226697.0,168.0
6.371211931633343,107408.0,266222.0,226675.0,168.0
6.376216811391106,107423.0,266231.0,226677.0,168.0
6.38122169114887,107461.0,266204.0,226702.0,168.0
6.386226570906634,107456.0,266243.0,226687.0,168.0
6.391231450664398,107459.0,266239.0,226697.0,168.0
6.396236330422162,107461.0,266266.0,226738.0,168.0
6.401241210179926,107486.0,266246.0,226702.0,168.0
6.406246089937689,107482.0,266232.0,226716.0,168.0
6.411250969695453,107485.0,266271.0,226718.0,168.0
6.416255849453217,107483.0,266243.0,226735.0,168.0
6.421260729210981,107540.0,266242.0,226731.0,168.0
6.426265608968745,107509.0,266255.0,226758.0,168.0
6.431270488726508,107536.0,266261.0,226751.0,168.0
6.436275368484272,107558.0,266271.0,226749.0,168.0
6.441280248242036,107563.0,266280.0,226770.0,168.0
6.4462851279998,107586.0,266264.0,226781.0,168.0
6.451290007757564,107613.0,266278.0,226783.0,168.0
6.456294887515328,107622.0,266228.0,226768.0,168.0
6.461299767273091,107646.0,266287.0,226804.0,168.0
6.466304647030855,107637.0,266281.0,226809.0,168.0
6.471309526788619,107664.0,266266.0,226812.0,168.0
6.476314406546383,107669.0,266312.0,226814.0,168.0
6.481319286304147,107664.0,266300.0,226812.0,168.0
6.48632416606191,107672.0,266287.0,226826.0,168.0
6.491329045819674,107699.0,266284.0,226818.0,168.0
6.496333925577438,107664.0,266330.0,226824.0,168.0
6.501338805335202,107688.0,266313.0,226832.0,168.0
6.506343685092966,107696.0,266292.0,226828.0,168.0
6.51134856485073,107698.0,266310.0,226832.0,168.0
6.516353444608493,107670.0,266335.0,226851.0,168.0
6.521358324366257,107702.0,266299.0,226849.0,168.0
6.526363204124021,107727.0,266312.0,226835.0,168.0
6.531368083881785,107706.0,266286.0,226837.0,168.0
6.536372963639549,107713.0,266340.0,226859.0,168.0
6.541377843397312,107718.0,266307.0,226848.0,168.0
6.546382723155076,107705.0,266334.0,226864.0,168.0
6.55138760291284,107707.0,266346.0,226867.0,168.0
6.556392482670604,107735.0,266337.0,226862.0,168.0
6.561397362428368,107737.0,266326.0,226860.0,168.0
6.566402242186132,107747.0,266335.0,226858.0,168.0
6.571407121943895,107759.0,266340.0,226855.0,168.0
6.576412001701659,107743.0,266346.0,226860.0,168.0
6.581416881459423,107757.0,266340.0,226872.0,168.0
6.586421761217187,107774.0,266347.0,226890.0,168.0
6.591426640974951,107783.0,266335.0,226888.0,168.0
6.596431520732714,107784.0,266358.0,226891.0,168.0
6.601436400490478,107788.0,266372.0,226894.0,168.0
6.606441280248242,107808.0,266330.0,226877.0,168.0
6.611446160006006,107815.0,266336.0,226900.0,168.0
6.61645103976377,107842.0,266367.0,226905.0,168.0
6.621455919521534,107812.0,266359.0,226919.0,168.0
6.626460799279297,107863.0,266347.0,226920.0,168.0
6.631465679037061,107849.0,266356.0,226916.0,168.0
6.636470558794825,107869.0,266371.0,226926.0,168.0
6.641475438552589,107860.0,266360.0,226902.0,168.0
6.646480318310353,107877.0,266366.0,226921.0,168.0
6.651485198068116,107879.0,266350.0,226927.0,168.0
6.65649007782588,107922.0,266363.0,226939.0,168.0
6.661494957583644,107893.0,266361.0,226921.0,168.0
6.666499837341408,107924.0,266369.0,226931.0,168.0
6.671504717099172,107927.0,266391.0,226937.0,168.0
6.676509596856936,107910.0,266385.0,226918.0,168.0
6.681514476614699,107941.0,266387.0,226925.0,168.0
6.686519356372463,107964.0,266395.0,226947.0,168.0
6.691524236130227,107961.0,266392.0,226973.0,168.0
6.696529115887991,107971.0,266408.0,226975.0,168.0
6.701533995645755,107983.0,266421.0,226969.0,168.0
6.706538875403518,108001.0,266401.0,226974.0,168.0
6.711543755161282,108030.0,266418.0,226977.0,168.0
6.716548634919046,108036.0,266427.0,226992.0,168.0
6.72155351467681,108031.0,266432.0,226992.0,168.0
6.726558394434574,108049.0,266432.0,226983.0,168.0
6.731563274192338,108088.0,266440.0,227014.0,168.0
6.736568153950101,108092.0,266429.0,227026.0,168.0
6.741573033707865,108071.0,266421.0,227022.0,168.0
6.746577913465629,108128.0,266420.0,227024.0,168.0
6.751582793223393,108114.0,266432.0,227037.0,168.0
6.756587672981157,108155.0,266427.0,227014.0,168.0
6.76159255273892,108133.0,266422.0,227027.0,168.0
6.766597432496684,108144.0,266425.0,227029.0,168.0
6.771602312254448,108169.0,266429.0,227022.0,168.0
6.776607192012212,108163.0,266417.0,227046.0,168.0
6.781612071769976,108192.0,266454.0,227069.0,168.0
6.78661695152774,108205.0,266459.0,227066.0,168.0
6.791621831285503,108232.0,266473.0,227077.0,168.0
6.796626711043267,108241.0,266438.0,227069.0,168.0
6.801631590801031,108223.0,266451.0,227114.0,168.0
6.806636470558795,108251.0,266477.0,227095.0,168.0
6.811641350316559,108255.0,266468.0,227098.0,168.0
6.816646230074322,108254.0,266493.0,227129.0,168.0
6.821651109832086,108322.0,266472.0,227112.0,168.0
6.82665598958985,108298.0,266461.0,227123.0,168.0
6.831660869347614,108334.0,266482.0,227127.0,168.0
6.836665749105378,108340.0,266473.0,227118.0,168.0
6.841670628863142,108338.0,266472.0,227119.0,168.0
6.846675508620905,108393.0,266485.0,227152.0,168.0
6.851680388378669,108382.0,266477.0,227132.0,168.0
6.856685268136433,108380.0,266499.0,227128.0,168.0
6.861690147894197,108394.0,266480.0,227145.0,168.0
6.866695027651961,108407.0,266493.0,227145.0,168.0
6.871699907409724,108426.0,266496.0,227150.0,168.0
6.876704787167488,108418.0,266508.0,227173.0,168.0
6.881709666925252,108437.0,266491.0,227148.0,168.0
6.886714546683016,108416.0,266503.0,227175.0,168.0
6.89171942644078,108409.0,266499.0,227135.0,168.0
6.896724306198544,108393.0,266488.0,227160.0,168.0
6.901729185956307,108346.0,266480.0,227127.0,168.0
6.906734065714071,108341.0,266471.0,227115.0,168.0
6.911738945471835,108285.0,266445.0,227085.0,168.0
6.916743825229599,108207.0,266454.0,227058.0,168.0
6.921748704987363,108129.0,266424.0,227004.0,168.0
6.926753584745127,108079.0,266430.0,226977.0,168.0
6.93175846450289,107998.0,266399.0,226950.0,168.0
6.936763344260654,107953.0,266394.0,226920.0,168.0
6.941768224018418,107921.0,266391.0,226898.0,168.0
6.946773103776182,107861.0,266385.0,226880.0,168.0
6.951777983533946,107797.0,266384.0,226827.0,168.0
6.956782863291709,107730.0,266371.0,226800.0,168.0
6.961787743049473,107753.0,266338.0,226802.0,168.0
6.966792622807237,107676.0,266335.0,226762.0,168.0
6.971797502565001,107654.0,266350.0,226750.0,168.0
6.976802382322765,107668.0,266340.0,226748.0,168.0
6.981807262080529,107615.0,266322.0,226745.0,168.0
6.986812141838292,107599.0,266340.0,226740.0,168.0
6.991817021596056,107559.0,266323.0,226719.0,168.0
6.99682190135382,107594.0,266312.0,226726.0,168.0
7.001826781111584,107568.0,266307.0,226713.0,168.0
7.006831660869348,107573.0,266295.0,226727.0,168.0
7.011836540627111,107543.0,266327.0,226707.0,168.0
7.016841420384875,107566.0,266325.0,226726.0,168.0
7.021846300142639,107551.0,266296.0,226723.0,168.0
7.026851179900403,107529.0,266302.0,226711.0,168.0
7.031856059658167,107559.0,266307.0,226738.0,168.0
7.036860939415931,107571.0,266315.0,226702.0,168.0
7.041865819173694,107561.0,266313.0,226737.0,168.0
7.046870698931458,107551.0,266302.0,226747.0,168.0
7.051875578689222,107576.0,266334.0,226734.0,168.0
7.056880458446986,107600.0,266315.0,226731.0,168.0
7.06188533820475,107587.0,266310.0,226765.0,168.0
7.066890217962513,107613.0,266316.0,226750.0,168.0
7.071895097720277,107598.0,266317.0,226751.0,168.0
7.076899977478041,107587.0,266328.0,226750.0,168.0
7.081904857235805,107587.0,266348.0,226735.0,168.0
7.086909736993569,107606.0,266353.0,226748.0,168.0
7.091914616751333,107616.0,266342.0,226742.0,168.0
7.096919496509096,107602.0,266353.0,226747.0,168.0
7.10192437626686,107614.0,266302.0,226770.0,168.0
7.106929256024624,107615.0,266320.0,226771.0,168.0
7.111934135782388,107649.0,266332.0,226781.0,168.0
7.116939015540152,107657.0,266317.0,226754.0,168.0
7.121943895297915,107668.0,266322.0,226782.0,168.0
7.126948775055679,107677.0,266310.0,226775.0,168.0
7.131953654813443,107671.0,266327.0,226776.0,168.0
7.136958534571207,107683.0,266327.0,226795.0,168.0
7.141963414328971,107690.0,266281.0,226787.0,168.0
7.146968294086735,107688.0,266320.0,226794.0,168.0
7.151973173844498,107719.0,266305.0,226799.0,168.0
7.156978053602262,107695.0,266288.0,226797.0,168.0
7.161982933360026,107721.0,266334.0,226775.0,168.0
7.16698781311779,107717.0,266336.0,226797.0,168.0
7.171992692875554,107780.0,266317.0,226842.0,168.0
7.176997572633317,107765.0,266320.0,226813.0,168.0
7.182002452391081,107758.0,266289.0,226819.0,168.0
7.187007332148845,107806.0,266335.0,226828.0,168.0
7.192012211906609,107815.0,266324.0,226821.0,168.0
7.197017091664373,107807.0,266332.0,226856.0,168.0
7.202021971422137,107800.0,266345.0,226835.0,168.0
7.2070268511799,107800.0,266332.0,226834.0,168.0
7.212031730937664,107849.0,266347.0,226831.0,168.0
7.217036610695428,107829.0,266342.0,226839.0,168.0
7.222041490453192,107810.0,266337.0,226847.0,168.0
7.227046370210956,107833.0,266349.0,226849.0,168.0
7.232051249968719,107854.0,266330.0,226856.0,168.0
7.237056129726483,107829.0,266348.0,226850.0,168.0
7.242061009484247,107842.0,266357.0,226844.0,168.0
7.247065889242011,107865.0,266332.0,226854.0,168.0
7.252070768999775,107873.0,266367.0,226827.0,168.0
7.257075648757539,107856.0,266372.0,226847.0,168.0
7.262080528515302,107874.0,266354.0,226843.0,168.0
7.267085408273066,107880.0,266377.0,226858.0,168.0
7.27209028803083,107910.0,266380.0,226862.0,168.0
7.277095167788594,107908.0,266357.0,226852.0,168.0
7.282100047546358,107888.0,266399.0,226870.0,168.0
7.287104927304121,107898.0,266363.0,226860.0,168.0
7.292109807061885,107911.0,266399.0,226901.0,168.0
7.297114686819649,107932.0,266387.0,226874.0,168.0
7.302119566577413,107922.0,266411.0,226896.0,168.0
7.307124446335177,107924.0,266399.0,226904.0,168.0
7.312129326092941,107946.0,266402.0,226896.0,168.0
7.317134205850704,107955.0,266410.0,226908.0,168.0
7.322139085608468,107955.0,266421.0,226922.0,168.0
7.327143965366232,107980.0,266427.0,226898.0,168.0
7.332148845123996,107973.0,266417.0,226909.0,168.0
7.33715372488176,107990.0,266411.0,226931.0,168.0
7.342158604639523,108023.0,266442.0,226937.0,168.0
7.347163484397287,108024.0,266409.0,226928.0,168.0
7.352168364155051,108005.0,266429.0,226934.0,168.0
7.357173243912815,108030.0,266426.0,226942.0,168.0
7.362178123670579,108049.0,266416.0,226955.0,168.0
7.367183003428343,108054.0,266437.0,226943.0,168.0
7.372187883186106,108082.0,266454.0,226966.0,168.0
7.37719276294387,108078.0,266456.0,226984.0,168.0
7.382197642701634,108071.0,266457.0,226958.0,168.0
7.387202522459398,108098.0,266452.0,226972.0,168.0
7.392207402217162,108083.0,266417.0,226975.0,168.0
7.397212281974925,108123.0,266473.0,226978.0,168.0
7.402217161732689,108109.0,266454.0,226993.0,168.0
7.407222041490453,108141.0,266456.0,226997.0,168.0
7.412226921248217,108131.0,266460.0,227002.0,168.0
7.417231801005981,108147.0,266466.0,226986.0,168.0
7.422236680763745,108142.0,266452.0,227022.0,168.0
7.427241560521508,108161.0,266451.0,227036.0,168.0
7.432246440279272,108176.0,266469.0,227007.0,168.0
7.437251320037036,108204.0,266472.0,227003.0,168.0
7.4422561997948,108183.0,266452.0,227028.0,168.0
7.447261079552564,108238.0,266486.0,227040.0,168.0
7.452265959310328,108252.0,266452.0,227029.0,168.0
7.457270839068091,108234.0,266461.0,227046.0,168.0
7.462275718825855,108264.0,266483.0,227042.0,168.0
7.467280598583619,108278.0,266495.0,227046.0,168.0
7.472285478341383,108305.0,266468.0,227055.0,168.0
7.477290358099147,108303.0,266485.0,227042.0,168.0
7.48229523785691,108319.0,266458.0,227054.0,168.0
7.487300117614674,108319.0,266460.0,227061.0,168.0
7.492304997372438,108364.0,266459.0,227060.0,168.0
7.497309877130202,108374.0,266482.0,227075.0,168.0
7.502314756887966,108391.0,266470.0,227089.0,168.0
7.50731963664573,108371.0,266465.0,227083.0,168.0
7.512324516403493,108409.0,266462.0,227060.0,168.0
7.517329396161257,108410.0,266493.0,227100.0,168.0
7.522334275919021,108404.0,266458.0,227096.0,168.0
7.527339155676785,108447.0,266478.0,227094.0,168.0
7.532344035434549,108447.0,266500.0,227102.0,168.0
7.537348915192312,108428.0,266509.0,227118.0,168.0
7.542353794950076,108475.0,266508.0,227110.0,168.0
7.54735867470784,108502.0,266522.0,227126.0,168.0
7.552363554465604,108519.0,266515.0,227128.0,168.0
7.557368434223368,108497.0,266529.0,227115.0,168.0
7.562373313981132,108500.0,266513.0,227127.0,168.0
7.567378193738895,108519.0,266512.0,227128.0,168.0
7.572383073496659,108556.0,266541.0,227134.0,168.0
7.577387953254423,108570.0,266533.0,227140.0,168.0
7.582392833012187,108518.0,266518.0,227142.0,168.0
7.587397712769951,108524.0,266522.0,227144.0,168.0
7.592402592527714,108557.0,266508.0,227132.0,168.0
7.597407472285478,108499.0,266505.0,227151.0,168.0
7.602412352043242,108515.0,266501.0,227111.0,168.0
7.607417231801006,108454.0,266465.0,227114.0,168.0
7.61242211155877,108393.0,266480.0,227074.0,168.0
7.617426991316534,108365.0,266472.0,227030.0,168.0
7.622431871074297,108316.0,266473.0,226992.0,168.0
7.627436750832061,108252.0,266446.0,226952.0,168.0
7.632441630589825,108203.0,266421.0,226933.0,168.0
7.637446510347589,108136.0,266418.0,226905.0,168.0
7.642451390105353,108082.0,266399.0,226871.0,168.0
7.647456269863116,108013.0,266380.0,226827.0,168.0
7.65246114962088,108001.0,266368.0,226784.0,168.0
7.657466029378644,107903.0,266329.0,226785.0,168.0
7.662470909136408,107877.0,266329.0,226744.0,168.0
7.667475788894172,107832.0,266317.0,226722.0,168.0
7.672480668651936,107816.0,266319.0,226721.0,168.0
7.677485548409699,107788.0,266310.0,226686.0,168.0
7.682490428167463,107756.0,266292.0,226690.0,168.0
7.687495307925227,107710.0,266298.0,226661.0,168.0
7.692500187682991,107712.0,266281.0,226682.0,168.0
7.697505067440755,107685.0,266300.0,226644.0,168.0
7.702509947198518,107660.0,266290.0,226652.0,168.0
7.707514826956282,107638.0,266286.0,226639.0,168.0
7.712519706714046,107648.0,266286.0,226641.0,168.0
7.71752458647181,107641.0,266291.0,226652.0,168.0
7.722529466229574,107630.0,266286.0,226647.0,168.0
7.727534345987338,107636.0,266260.0,226656.0,168.0
7.732539225745101,107654.0,266247.0,226638.0,168.0
7.737544105502865,107659.0,266308.0,226653.0,168.0
7.742548985260629,107603.0,266269.0,226643.0,168.0
7.747553865018393,107643.0,266299.0,226643.0,168.0
7.752558744776157,107628.0,266267.0,226653.0,168.0
7.75756362453392,107646.0,266279.0,226640.0,168.0
7.762568504291684,107631.0,266272.0,226651.0,168.0
7.767573384049448,107638.0,266304.0,226632.0,168.0
7.772578263807212,107641.0,266289.0,226662.0,168.0
7.777583143564976,107664.0,266285.0,226667.0,168.0
7.78258802332274,107635.0,266264.0,226656.0,168.0
7.787592903080503,107631.0,266286.0,226667.0,168.0
7.792597782838267,107640.0,266250.0,226653.0,168.0
7.797602662596031,107657.0,266260.0,226671.0,168.0
7.802607542353795,107664.0,266285.0,226668.0,168.0
7.807612422111559,107667.0,266271.0,226668.0,168.0
7.812617301869322,107673.0,266254.0,226679.0,168.0
7.817622181627086,107670.0,266267.0,226707.0,168.0
7.82262706138485,107696.0,266286.0,226722.0,168.0
7.827631941142614,107700.0,266289.0,226696.0,168.0
7.832636820900378,107729.0,266301.0,226703.0,168.0
7.837641700658142,107723.0,266286.0,226724.0,168.0
7.842646580415905,107740.0,266312.0,226740.0,168.0
7.847651460173669,107791.0,266283.0,226731.0,168.0
7.852656339931433,107835.0,266291.0,226748.0,168.0
7.857661219689197,107849.0,266318.0,226755.0,168.0
7.862666099446961,107856.0,266314.0,226741.0,168.0
7.867670979204724,107910.0,266266.0,226746.0,168.0
7.872675858962488,107905.0,266310.0,226773.0,168.0
7.877680738720252,107929.0,266326.0,226761.0,168.0
7.882685618478016,107908.0,266342.0,226784.0,168.0
7.88769049823578,107960.0,266319.0,226769.0,168.0
7.892695377993544,107925.0,266311.0,226778.0,168.0
7.897700257751307,107962.0,266321.0,226748.0,168.0
7.902705137509071,107967.0,266321.0,226797.0,168.0
7.907710017266835,107982.0,266308.0,226790.0,168.0
7.912714897024599,107989.0,266297.0,226782.0,168.0
7.917719776782363,107978.0,266313.0,226784.0,168.0
7.922724656540126,107969.0,266296.0,226786.0,168.0
7.92772953629789,108001.0,266292.0,226792.0,168.0
7.932734416055654,108017.0,266280.0,226792.0,168.0
7.937739295813418,107978.0,266301.0,226783.0,168.0
7.942744175571182,107995.0,266337.0,226801.0,168.0
7.947749055328946,107953.0,266313.0,226791.0,168.0
7.952753935086709,107927.0,266307.0,226793.0,168.0
7.957758814844473,107821.0,266318.0,226782.0,168.0
7.962763694602237,107809.0,266323.0,226808.0,168.0
7.967768574360001,107810.0,266318.0,226801.0,168.0
7.972773454117765,107839.0,266325.0,226805.0,168.0
7.977778333875528,107841.0,266319.0,226798.0,168.0
7.982783213633292,107844.0,266307.0,226795.0,168.0
7.987788093391056,107850.0,266305.0,226798.0,168.0
7.99279297314882,107851.0,266303.0,226816.0,168.0
7.997797852906584,107831.0,266340.0,226813.0,168.0
8.002802732664348,107815.0,266306.0,226801.0,168.0
8.007807612422111,107797.0,266336.0,226827.0,168.0
8.012812492179876,107807.0,266342.0,226833.0,168.0
8.017817371937639,107835.0,266316.0,226812.0,168.0
8.022822251695402,107855.0,266338.0,226824.0,168.0
8.027827131453167,107823.0,266354.0,226848.0,168.0
8.03283201121093,107834.0,266302.0,226843.0,168.0
8.037836890968695,107832.0,266326.0,226845.0,168.0
8.042841770726458,107834.0,266337.0,226860.0,168.0
8.047846650484221,107826.0,266342.0,226857.0,168.0
8.052851530241986,107830.0,266344.0,226847.0,168.0
8.057856409999749,107843.0,266342.0,226884.0,168.0
8.062861289757514,107861.0,266331.0,226850.0,168.0
8.067866169515277,107808.0,266346.0,226858.0,168.0
8.072871049273042,107827.0,266354.0,226889.0,168.0
8.077875929030805,107849.0,266368.0,226890.0,168.0
8.082880808788568,107827.0,266354.0,226872.0,168.0
8.087885688546333,107843.0,266367.0,226886.0,168.0
8.092890568304096,107883.0,266373.0,226911.0,168.0
8.09789544806186,107876.0,266353.0,226903.0,168.0
8.102900327819624,107868.0,266335.0,226899.0,168.0
8.107905207577387,107900.0,266360.0,226898.0,168.0
8.112910087335152,107902.0,266327.0,226918.0,168.0
8.117914967092915,107907.0,266386.0,226911.0,168.0
8.12291984685068,107925.0,266365.0,226923.0,168.0
8.127924726608443,107915.0,266362.0,226926.0,168.0
8.132929606366206,107913.0,266345.0,226926.0,168.0
8.13793448612397,107926.0,266357.0,226925.0,168.0
8.142939365881734,107917.0,266356.0,226934.0,168.0
8.147944245639499,107969.0,266358.0,226931.0,168.0
8.152949125397262,107978.0,266349.0,226939.0,168.0
8.157954005155025,107975.0,266375.0,226963.0,168.0
8.16295888491279,107994.0,266368.0,226933.0,168.0
8.167963764670553,107952.0,266375.0,226958.0,168.0
8.172968644428318,107989.0,266348.0,226946.0,168.0
8.177973524186081,108017.0,266382.0,226973.0,168.0
8.182978403943846,108027.0,266379.0,226966.0,168.0
8.187983283701609,108034.0,266397.0,226979.0,168.0
8.192988163459372,108056.0,266396.0,226986.0,168.0
8.197993043217137,108061.0,266380.0,226992.0,168.0
8.2029979229749,108097.0,266387.0,226986.0,168.0
8.208002802732665,108053.0,266379.0,227018.0,168.0
8.213007682490428,108081.0,266384.0,227014.0,168.0
8.218012562248191,108107.0,266391.0,226992.0,168.0
8.223017442005956,108091.0,266398.0,227007.0,168.0
8.228022321763719,108110.0,266415.0,227003.0,168.0
8.233027201521484,108112.0,266387.0,227003.0,168.0
8.238032081279247,108112.0,266384.0,227004.0,168.0
8.24303696103701,108103.0,266370.0,227002.0,168.0
8.248041840794775,108112.0,266379.0,227017.0,168.0
8.253046720552538,108126.0,266384.0,227023.0,168.0
8.258051600310303,108142.0,266394.0,227027.0,168.0
8.263056480068066,108139.0,266395.0,227008.0,168.0
8.268061359825829,108124.0,266378.0,227036.0,168.0
8.273066239583594,108172.0,266380.0,227047.0,168.0
8.278071119341357,108172.0,266413.0,227039.0,168.0
8.283075999099122,108146.0,266372.0,227037.0,168.0
8.288080878856885,108165.0,266443.0,227038.0,168.0
8.29308575861465,108217.0,266407.0,227029.0,168.0
8.298090638372413,108159.0,266388.0,227033.0,168.0
8.303095518130176,108161.0,266384.0,227042.0,168.0
8.30810039788794,108141.0,266383.0,227027.0,168.0
8.313105277645704,108140.0,266389.0,227015.0,168.0
8.318110157403469,108072.0,266382.0,226993.0,168.0
8.323115037161232,108059.0,266383.0,226980.0,168.0
8.328119916918995,108017.0,266365.0,226936.0,168.0
8.33312479667676,107956.0,266348.0,226930.0,168.0
8.338129676434523,107937.0,266356.0,226886.0,168.0
8.343134556192288,107905.0,266328.0,226857.0,168.0
8.348139435950051,107801.0,266296.0,226838.0,168.0
8.353144315707814,107763.0,266282.0,226790.0,168.0
8.358149195465579,107695.0,266286.0,226772.0,168.0
8.363154075223342,107670.0,266291.0,226733.0,168.0
8.368158954981107,107614.0,266276.0,226701.0,168.0
8.37316383473887,107577.0,266248.0,226692.0,168.0
8.378168714496635,107534.0,266230.0,226664.0,168.0
8.383173594254398,107510.0,266216.0,226651.0,168.0
8.388178474012161,107464.0,266233.0,226615.0,168.0
8.393183353769926,107421.0,266227.0,226626.0,168.0
8.398188233527689,107453.0,266217.0,226617.0,168.0
8.403193113285454,107409.0,266201.0,226597.0,168.0
8.408197993043217,107423.0,266201.0,226590.0,168.0
8.41320287280098,107406.0,266213.0,226598.0,168.0
8.418207752558745,107396.0,266216.0,226590.0,168.0
8.423212632316508,107382.0,266229.0,226603.0,168.0
8.428217512074273,107397.0,266194.0,226603.0,168.0
8.433222391832036,107374.0,266232.0,226591.0,168.0
8.438227271589799,107404.0,266211.0,226580.0,168.0
8.443232151347564,107379.0,266223.0,226601.0,168.0
8.448237031105327,107375.0,266196.0,226598.0,168.0
8.453241910863092,107385.0,266195.0,226596.0,168.0
8.458246790620855,107388.0,266237.0,226633.0,168.0
8.463251670378618,107361.0,266232.0,226619.0,168.0
8.468256550136383,107374.0,266231.0,226623.0,168.0
8.473261429894146,107392.0,266223.0,226622.0,168.0
8.47826630965191,107380.0,266200.0,226614.0,168.0
8.483271189409674,107366.0,266200.0,226620.0,168.0
8.488276069167439,107398.0,266194.0,226633.0,168.0
8.493280948925202,107378.0,266213.0,226629.0,168.0
8.498285828682965,107411.0,266228.0,226631.0,168.0
8.50329070844073,107406.0,266210.0,226638.0,168.0
8.508295588198493,107413.0,266225.0,226615.0,168.0
8.513300467956258,107408.0,266199.0,226638.0,168.0
8.518305347714021,107423.0,266232.0,226638.0,168.0
8.523310227471784,107424.0,266204.0,226644.0,168.0
8.528315107229549,107431.0,266213.0,226655.0,168.0
8.533319986987312,107424.0,266213.0,226662.0,168.0
8.538324866745077,107436.0,266208.0,226661.0,168.0
8.54332974650284,107468.0,266236.0,226685.0,168.0
8.548334626260603,107478.0,266253.0,226674.0,168.0
8.553339506018368,107505.0,266234.0,226682.0,168.0
8.558344385776131,107519.0,266244.0,226696.0,168.0
8.563349265533896,107509.0,266241.0,226713.0,168.0
8.568354145291659,107547.0,266234.0,226712.0,168.0
8.573359025049422,107528.0,266261.0,226719.0,168.0
8.578363904807187,107587.0,266272.0,226735.0,168.0
8.58336878456495,107589.0,266244.0,226713.0,168.0
8.588373664322715,107582.0,266257.0,226730.0,168.0
8.593378544080478,107562.0,266259.0,226723.0,168.0
8.598383423838243,107576.0,266242.0,226724.0,168.0
8.603388303596006,107606.0,266275.0,226744.0,168.0
8.608393183353769,107608.0,266245.0,226734.0,168.0
8.613398063111534,107613.0,266253.0,226722.0,168.0
8.618402942869297,107630.0,266255.0,226721.0,168.0
8.623407822627062,107610.0,266253.0,226735.0,168.0
8.628412702384825,107589.0,266248.0,226729.0,168.0
8.633417582142588,107576.0,266242.0,226732.0,168.0
8.638422461900353,107624.0,266245.0,226720.0,168.0
8.643427341658116,107598.0,266232.0,226731.0,168.0
8.64843222141588,107585.0,266239.0,226725.0,168.0
8.653437101173644,107588.0,266232.0,226743.0,168.0
8.658441980931407,107598.0,266251.0,226720.0,168.0
8.663446860689172,107640.0,266238.0,226734.0,168.0
8.668451740446935,107586.0,266214.0,226713.0,168.0
8.6734566202047,107572.0,266231.0,226721.0,168.0
8.678461499962463,107601.0,266250.0,226711.0,168.0
8.683466379720226,107589.0,266244.0,226731.0,168.0
8.688471259477991,107612.0,266211.0,226737.0,168.0
8.693476139235754,107603.0,266233.0,226728.0,168.0
8.698481018993519,107599.0,266252.0,226753.0,168.0
8.703485898751282,107601.0,266234.0,226750.0,168.0
8.708490778509047,107627.0,266238.0,226750.0,168.0
8.71349565826681,107625.0,266258.0,226735.0,168.0
8.718500538024573,107639.0,266239.0,226725.0,168.0
8.723505417782338,107647.0,266236.0,226730.0,168.0
8.728510297540101,107663.0,266253.0,226746.0,168.0
8.733515177297866,107637.0,266264.0,226746.0,168.0
8.738520057055629,107671.0,266257.0,226754.0,168.0
8.743524936813392,107682.0,266240.0,226749.0,168.0
8.748529816571157,107691.0,266253.0,226758.0,168.0
8.75353469632892,107667.0,266258.0,226757.0,168.0
8.758539576086685,107715.0,266249.0,226751.0,168.0
8.763544455844448,107701.0,266249.0,226761.0,168.0
8.768549335602211,107727.0,266257.0,226756.0,168.0
8.773554215359976,107725.0,266252.0,226773.0,168.0
8.778559095117739,107725.0,266276.0,226796.0,168.0
8.783563974875504,107736.0,266262.0,226782.0,168.0
8.788568854633267,107745.0,266255.0,226782.0,168.0
8.79357373439103,107718.0,266269.0,226806.0,168.0
8.798578614148795,107743.0,266267.0,226787.0,168.0
8.803583493906558,107750.0,266256.0,226786.0,168.0
8.808588373664323,107701.0,266268.0,226802.0,168.0
8.813593253422086,107757.0,266273.0,226791.0,168.0
8.81859813317985,107767.0,266273.0,226793.0,168.0
8.823603012937614,107788.0,266274.0,226797.0,168.0
8.828607892695377,107782.0,266280.0,226809.0,168.0
8.833612772453142,107812.0,266260.0,226800.0,168.0
8.838617652210905,107780.0,266261.0,226812.0,168.0
8.84362253196867,107821.0,266294.0,226843.0,168.0
8.848627411726433,107801.0,266256.0,226832.0,168.0
8.853632291484196,107799.0,266245.0,226834.0,168.0
8.858637171241961,107825.0,266292.0,226825.0,168.0
8.863642050999724,107829.0,266272.0,226834.0,168.0
8.868646930757489,107833.0,266289.0,226846.0,168.0
8.873651810515252,107859.0,266294.0,226822.0,168.0
8.878656690273015,107834.0,266247.0,226850.0,168.0
8.88366157003078,107854.0,266277.0,226838.0,168.0
8.888666449788543,107882.0,266268.0,226845.0,168.0
8.893671329546308,107878.0,266305.0,226874.0,168.0
8.898676209304071,107884.0,266290.0,226879.0,168.0
8.903681089061836,107888.0,266306.0,226876.0,168.0
8.908685968819599,107882.0,266302.0,226874.0,168.0
8.913690848577362,107911.0,266300.0,226876.0,168.0
8.918695728335127,107928.0,266332.0,226890.0,168.0
8.92370060809289,107920.0,266308.0,226908.0,168.0
8.928705487850655,107945.0,266292.0,226924.0,168.0
8.933710367608418,107926.0,266318.0,226914.0,168.0
8.938715247366181,107971.0,266296.0,226907.0,168.0
8.943720127123946,107953.0,266298.0,226915.0,168.0
8.948725006881709,107964.0,266315.0,226919.0,168.0
8.953729886639474,107977.0,266300.0,226905.0,168.0
8.958734766397237,108010.0,266320.0,226922.0,168.0
8.963739646155,108008.0,266292.0,226918.0,168.0
8.968744525912765,107993.0,266318.0,226914.0,168.0
8.973749405670528,107989.0,266307.0,226928.0,168.0
8.978754285428293,108013.0,266305.0,226943.0,168.0
8.983759165186056,108031.0,266319.0,226945.0,168.0
8.988764044943819,108026.0,266342.0,226935.0,168.0
8.993768924701584,108074.0,266337.0,226945.0,168.0
8.998773804459347,108049.0,266320.0,226929.0,168.0
9.003778684217112,108059.0,266314.0,226958.0,168.0
9.008783563974875,108064.0,266335.0,226955.0,168.0
9.01378844373264,108075.0,266361.0,226994.0,168.0
9.018793323490403,108068.0,266332.0,226981.0,168.0
9.023798203248166,108098.0,266331.0,226955.0,168.0
9.028803083005931,108084.0,266332.0,226961.0,168.0
9.033807962763694,108076.0,266328.0,226959.0,168.0
9.038812842521459,108063.0,266338.0,226960.0,168.0
9.043817722279222,108044.0,266346.0,226944.0,168.0
9.048822602036985,108044.0,266320.0,226945.0,168.0
9.05382748179475,108010.0,266319.0,226914.0,168.0
9.058832361552513,107965.0,266311.0,226894.0,168.0
9.063837241310278,107911.0,266318.0,226863.0,168.0
9.068842121068041,107864.0,266298.0,226829.0,168.0
9.073847000825804,107817.0,266259.0,226792.0,168.0
9.078851880583569,107790.0,266254.0,226770.0,168.0
9.083856760341332,107737.0,266244.0,226754.0,168.0
9.088861640099097,107669.0,266250.0,226707.0,168.0
9.09386651985686,107633.0,266205.0,226684.0,168.0
9.098871399614623,107573.0,266206.0,226656.0,168.0
9.103876279372388,107541.0,266190.0,226641.0,168.0
9.108881159130151,107503.0,266203.0,226620.0,168.0
9.113886038887916,107458.0,266180.0,226599.0,168.0
9.118890918645679,107462.0,266203.0,226586.0,168.0
9.123895798403444,107426.0,266151.0,226586.0,168.0
9.128900678161207,107414.0,266168.0,226588.0,168.0
9.13390555791897,107359.0,266158.0,226578.0,168.0
9.138910437676735,107391.0,266140.0,226571.0,168.0
9.143915317434498,107387.0,266170.0,226566.0,168.0
9.148920197192263,107378.0,266150.0,226547.0,168.0
9.153925076950026,107329.0,266164.0,226540.0,168.0
9.158929956707789,107330.0,266143.0,226564.0,168.0
9.163934836465554,107331.0,266163.0,226569.0,168.0
9.168939716223317,107351.0,266147.0,226566.0,168.0
9.173944595981082,107330.0,266148.0,226563.0,168.0
9.178949475738845,107351.0,266191.0,226585.0,168.0
9.183954355496608,107348.0,266140.0,226564.0,168.0
9.188959235254373,107370.0,266165.0,226579.0,168.0
9.193964115012136,107346.0,266151.0,226573.0,168.0
9.198968994769901,107337.0,266152.0,226579.0,168.0
9.203973874527664,107335.0,266160.0,226573.0,168.0
9.208978754285427,107336.0,266164.0,226586.0,168.0
9.213983634043192,107338.0,266165.0,226590.0,168.0
9.218988513800955,107358.0,266154.0,226589.0,168.0
9.22399339355872,107335.0,266135.0,226578.0,168.0
9.228998273316483,107390.0,266130.0,226598.0,168.0
9.234003153074248,107349.0,266157.0,226598.0,168.0
9.239008032832011,107379.0,266150.0,226592.0,168.0
9.244012912589774,107391.0,266146.0,226611.0,168.0
9.249017792347539,107409.0,266179.0,226603.0,168.0
9.254022672105302,107373.0,266155.0,226618.0,168.0
9.259027551863067,107400.0,266155.0,226603.0,168.0
9.26403243162083,107423.0,266138.0,226622.0,168.0
9.269037311378593,107415.0,266188.0,226652.0,168.0
9.274042191136358,107419.0,266169.0,226637.0,168.0
9.279047070894121,107427.0,266177.0,226643.0,168.0
9.284051950651886,107446.0,266163.0,226658.0,168.0
9.289056830409649,107470.0,266174.0,226660.0,168.0
9.294061710167412,107490.0,266185.0,226661.0,168.0
9.299066589925177,107495.0,266170.0,226677.0,168.0
9.30407146968294,107493.0,266179.0,226648.0,168.0
9.309076349440705,107481.0,266176.0,226661.0,168.0
9.314081229198468,107543.0,266189.0,226668.0,168.0
9.319086108956231,107542.0,266167.0,226671.0,168.0
9.324090988713996,107556.0,266159.0,226654.0,168.0
9.329095868471759,107573.0,266175.0,226687.0,168.0
9.334100748229524,107514.0,266170.0,226668.0,168.0
9.339105627987287,107545.0,266150.0,226686.0,168.0
9.344110507745052,107535.0,266145.0,226659.0,168.0
9.349115387502815,107532.0,266144.0,226683.0,168.0
9.354120267260578,107553.0,266160.0,226661.0,168.0
9.359125147018343,107519.0,266149.0,226688.0,168.0
9.364130026776106,107553.0,266168.0,226677.0,168.0
9.369134906533871,107551.0,266156.0,226686.0,168.0
9.374139786291634,107538.0,266165.0,226680.0,168.0
9.379144666049397,107558.0,266180.0,226681.0,168.0
9.384149545807162,107550.0,266148.0,226671.0,168.0
9.389154425564925,107542.0,266155.0,226677.0,168.0
9.39415930532269,107533.0,266165.0,226693.0,168.0
9.399164185080453,107537.0,266160.0,226677.0,168.0
9.404169064838216,107544.0,266179.0,226682.0,168.0
9.409173944595981,107566.0,266168.0,226667.0,168.0
9.414178824353744,107542.0,266169.0,226692.0,168.0
9.419183704111509,107545.0,266167.0,226682.0,168.0
9.424188583869272,107556.0,266159.0,226680.0,168.0
9.429193463627037,107535.0,266147.0,226677.0,168.0
9.4341983433848,107571.0,266142.0,226690.0,168.0
9.439203223142563,107558.0,266131.0,226678.0,168.0
9.444208102900328,107578.0,266146.0,226685.0,168.0
9.449212982658091,107546.0,266138.0,226680.0,168.0
9.454217862415856,107542.0,266142.0,226686.0,168.0
9.459222742173619,107601.0,266135.0,226674.0,168.0
9.464227621931382,107585.0,266142.0,226693.0,168.0
9.469232501689147,107584.0,266139.0,226724.0,168.0
9.47423738144691,107603.0,266155.0,226688.0,168.0
9.479242261204675,107600.0,266175.0,226707.0,168.0
9.484247140962438,107599.0,266135.0,226709.0,168.0
9.489252020720201,107599.0,266162.0,226713.0,168.0
9.494256900477966,107618.0,266155.0,226707.0,168.0
9.499261780235729,107622.0,266127.0,226707.0,168.0
9.504266659993494,107626.0,266158.0,226716.0,168.0
9.509271539751257,107635.0,266147.0,226708.0,168.0
9.51427641950902,107660.0,266132.0,226723.0,168.0
9.519281299266785,107661.0,266151.0,226724.0,168.0
9.524286179024548,107613.0,266171.0,226738.0,168.0
9.529291058782313,107648.0,266135.0,226747.0,168.0
9.534295938540076,107684.0,266149.0,226730.0,168.0
9.539300818297841,107699.0,266153.0,226734.0,168.0
9.544305698055604,107647.0,266139.0,226728.0,168.0
9.549310577813367,107648.0,266135.0,226728.0,168.0
9.554315457571132,107632.0,266154.0,226732.0,168.0
9.559320337328895,107627.0,266153.0,226742.0,168.0
9.56432521708666,107628.0,266142.0,226735.0,168.0
9.569330096844423,107668.0,266160.0,226780.0,168.0
9.574334976602186,107683.0,266152.0,226761.0,168.0
9.579339856359951,107707.0,266166.0,226755.0,168.0
9.584344736117714,107707.0,266164.0,226782.0,168.0
9.589349615875479,107714.0,266196.0,226781.0,168.0
9.594354495633242,107759.0,266165.0,226762.0,168.0
9.599359375391005,107717.0,266151.0,226778.0,168.0
9.60436425514877,107744.0,266185.0,226770.0,168.0
9.609369134906533,107764.0,266164.0,226782.0,168.0
9.614374014664298,107772.0,266190.0,226788.0,168.0
9.619378894422061,107787.0,266174.0,226779.0,168.0
9.624383774179824,107789.0,266182.0,226790.0,168.0
9.629388653937589,107797.0,266168.0,226793.0,168.0
9.634393533695352,107782.0,266151.0,226768.0,168.0
9.639398413453117,107758.0,266169.0,226806.0,168.0
9.64440329321088,107791.0,266165.0,226798.0,168.0
9.649408172968645,107812.0,266169.0,226793.0,168.0
9.654413052726408,107839.0,266157.0,226814.0,168.0
9.659417932484171,107790.0,266171.0,226785.0,168.0
9.664422812241936,107853.0,266196.0,226801.0,168.0
9.669427691999699,107818.0,266133.0,226807.0,168.0
9.674432571757464,107855.0,266170.0,226815.0,168.0
9.679437451515227,107843.0,266176.0,226814.0,168.0
9.68444233127299,107850.0,266168.0,226821.0,168.0
9.689447211030755,107877.0,266184.0,226821.0,168.0
9.694452090788518,107900.0,266191.0,226802.0,168.0
9.699456970546283,107846.0,266156.0,226831.0,168.0
9.704461850304046,107918.0,266204.0,226833.0,168.0
9.70946673006181,107880.0,266174.0,226843.0,168.0
9.714471609819574,107895.0,266201.0,226843.0,168.0
9.719476489577337,107895.0,266187.0,226850.0,168.0
9.724481369335102,107922.0,266189.0,226852.0,168.0
9.729486249092865,107955.0,266181.0,226853.0,168.0
9.734491128850628,107913.0,266182.0,226857.0,168.0
9.739496008608393,107931.0,266162.0,226846.0,168.0
9.744500888366156,107950.0,266163.0,226869.0,168.0
9.749505768123921,107940.0,266172.0,226859.0,168.0
9.754510647881684,107937.0,266168.0,226856.0,168.0
9.759515527639449,107959.0,266198.0,226862.0,168.0
9.764520407397212,107998.0,266158.0,226860.0,168.0
9.769525287154975,107937.0,266177.0,226863.0,168.0
9.77453016691274,107911.0,266181.0,226857.0,168.0
9.779535046670503,107874.0,266178.0,226878.0,168.0
9.784539926428268,107899.0,266179.0,226845.0,168.0
9.789544806186031,107883.0,266164.0,226859.0,168.0
9.794549685943794,107866.0,266162.0,226848.0,168.0
9.799554565701559,107850.0,266162.0,226845.0,168.0
9.804559445459322,107803.0,266154.0,226814.0,168.0
9.809564325217087,107805.0,266150.0,226796.0,168.0
9.81456920497485,107775.0,266132.0,226762.0,168.0
9.819574084732613,107713.0,266138.0,226742.0,168.0
9.824578964490378,107694.0,266130.0,226704.0,168.0
9.829583844248141,107617.0,266129.0,226682.0,168.0
9.834588724005906,107558.0,266104.0,226677.0,168.0
9.839593603763669,107555.0,266103.0,226636.0,168.0
9.844598483521432,107489.0,266085.0,226593.0,168.0
9.849603363279197,107454.0,266063.0,226573.0,168.0
9.85460824303696,107408.0,266068.0,226549.0,168.0
9.859613122794725,107375.0,266040.0,226535.0,168.0
9.864618002552488,107365.0,266042.0,226519.0,168.0
9.869622882310253,107320.0,266023.0,226503.0,168.0
9.874627762068016,107300.0,266034.0,226499.0,168.0
9.87963264182578,107271.0,266033.0,226483.0,168.0
9.884637521583544,107279.0,266020.0,226496.0,168.0
9.889642401341307,107254.0,266003.0,226470.0,168.0
9.894647281099072,107243.0,266004.0,226471.0,168.0
9.899652160856835,107254.0,266011.0,226465.0,168.0
9.904657040614598,107239.0,266005.0,226458.0,168.0
9.909661920372363,107218.0,266016.0,226481.0,168.0
9.914666800130126,107239.0,266006.0,226456.0,168.0
9.919671679887891,107227.0,265985.0,226471.0,168.0
9.924676559645654,107252.0,266000.0,226473.0,168.0
9.929681439403417,107236.0,266005.0,226482.0,168.0
9.934686319161182,107224.0,266004.0,226497.0,168.0
9.939691198918945,107259.0,266015.0,226480.0,168.0
9.94469607867671,107278.0,266041.0,226490.0,168.0
9.949700958434473,107272.0,266013.0,226472.0,168.0
9.954705838192238,107271.0,266059.0,226490.0,168.0
9.959710717950001,107266.0,266021.0,226488.0,168.0
9.964715597707764,107268.0,266004.0,226489.0,168.0
9.969720477465529,107253.0,266026.0,226498.0,168.0
9.974725357223292,107264.0,266004.0,226504.0,168.0
9.979730236981057,107269.0,266000.0,226490.0,168.0
9.98473511673882,107298.0,266009.0,226517.0,168.0
9.989739996496583,107281.0,266045.0,226532.0,168.0
9.994744876254348,107290.0,265972.0,226515.0,168.0
9.999749756012111,107308.0,266022.0,226523.0,168.0
10.004754635769876,107314.0,266011.0,226527.0,168.0
10.009759515527639,107306.0,266047.0,226526.0,168.0
10.014764395285402,107351.0,266009.0,226533.0,168.0
10.019769275043167,107371.0,266008.0,226527.0,168.0
10.02477415480093,107400.0,266019.0,226546.0,168.0
10.029779034558695,107372.0,266007.0,226542.0,168.0
10.034783914316458,107370.0,266024.0,226538.0,168.0
10.039788794074221,107371.0,266034.0,226565.0,168.0
10.044793673831986,107404.0,266048.0,226585.0,168.0
10.04979855358975,107422.0,266039.0,226595.0,168.0
10.054803433347514,107393.0,266037.0,226587.0,168.0
10.059808313105277,107424.0,266024.0,226575.0,168.0
10.064813192863042,107416.0,266019.0,226565.0,168.0
10.069818072620805,107433.0,266024.0,226563.0,168.0
10.074822952378568,107483.0,266040.0,226569.0,168.0
10.079827832136333,107448.0,265990.0,226551.0,168.0
10.084832711894096,107472.0,266037.0,226585.0,168.0
10.089837591651861,107465.0,266019.0,226582.0,168.0
10.094842471409624,107472.0,265998.0,226562.0,168.0
10.099847351167387,107472.0,266031.0,226582.0,168.0
10.104852230925152,107440.0,266035.0,226584.0,168.0
10.109857110682915,107446.0,266026.0,226594.0,168.0
10.11486199044068,107476.0,266031.0,226593.0,168.0
10.119866870198443,107440.0,266015.0,226586.0,168.0
10.124871749956206,107439.0,266012.0,226583.0,168.0
10.129876629713971,107472.0,266011.0,226585.0,168.0
10.134881509471734,107451.0,265979.0,226589.0,168.0
10.139886389229499,107447.0,266013.0,226586.0,168.0
10.144891268987262,107464.0,266004.0,226573.0,168.0
10.149896148745025,107480.0,265994.0,226575.0,168.0
10.15490102850279,107466.0,266008.0,226570.0,168.0
10.159905908260553,107475.0,266001.0,226578.0,168.0
10.164910788018318,107432.0,265987.0,226577.0,168.0
10.169915667776081,107445.0,265996.0,226566.0,168.0
10.174920547533846,107469.0,265990.0,226562.0,168.0
10.179925427291609,107496.0,265986.0,226567.0,168.0
10.184930307049372,107516.0,265976.0,226577.0,168.0
10.189935186807137,107542.0,265977.0,226583.0,168.0
10.1949400665649,107560.0,266025.0,226586.0,168.0
10.199944946322665,107515.0,265985.0,226574.0,168.0
10.204949826080428,107538.0,265981.0,226589.0,168.0
10.209954705838191,107548.0,266006.0,226594.0,168.0
10.214959585595956,107536.0,265985.0,226595.0,168.0
10.21996446535372,107570.0,266013.0,226595.0,168.0
10.224969345111484,107568.0,265999.0,226591.0,168.0
10.229974224869247,107578.0,265985.0,226600.0,168.0
10.23497910462701,107556.0,266006.0,226587.0,168.0
10.239983984384775,107613.0,266018.0,226584.0,168.0
10.244988864142538,107609.0,266004.0,226610.0,168.0
10.249993743900303,107610.0,266001.0,226610.0,168.0
10.254998623658066,107616.0,266005.0,226622.0,168.0
10.26000350341583,107600.0,266002.0,226620.0,168.0
10.265008383173594,107656.0,266013.0,226636.0,168.0
10.270013262931357,107653.0,266021.0,226641.0,168.0
10.275018142689122,107666.0,266026.0,226647.0,168.0
10.280023022446885,107645.0,266019.0,226619.0,168.0
10.28502790220465,107640.0,266007.0,226637.0,168.0
10.290032781962413,107637.0,266022.0,226655.0,168.0
10.295037661720176,107674.0,266033.0,226629.0,168.0
10.300042541477941,107661.0,266005.0,226626.0,168.0
10.305047421235704,107673.0,266004.0,226651.0,168.0
10.310052300993469,107680.0,266005.0,226654.0,168.0
10.315057180751232,107690.0,266016.0,226649.0,168.0
10.320062060508995,107702.0,265995.0,226653.0,168.0
10.32506694026676,107716.0,266012.0,226646.0,168.0
10.330071820024523,107701.0,265984.0,226661.0,168.0
10.335076699782288,107673.0,266024.0,226659.0,168.0
10.340081579540051,107706.0,266014.0,226649.0,168.0
10.345086459297814,107736.0,265996.0,226647.0,168.0
10.350091339055579,107732.0,266000.0,226640.0,168.0
10.355096218813342,107720.0,266024.0,226666.0,168.0
10.360101098571107,107747.0,266043.0,226674.0,168.0
10.36510597832887,107756.0,266024.0,226658.0,168.0
10.370110858086633,107734.0,266065.0,226681.0,168.0
10.375115737844398,107756.0,266028.0,226687.0,168.0
10.380120617602161,107736.0,266045.0,226673.0,168.0
10.385125497359926,107761.0,266021.0,226691.0,168.0
10.39013037711769,107776.0,266039.0,226694.0,168.0
10.395135256875454,107792.0,266051.0,226693.0,168.0
10.400140136633217,107781.0,266004.0,226689.0,168.0
10.40514501639098,107807.0,266046.0,226686.0,168.0
10.410149896148745,107761.0,266031.0,226682.0,168.0
10.415154775906508,107803.0,266044.0,226696.0,168.0
10.420159655664273,107766.0,266014.0,226700.0,168.0
10.425164535422036,107839.0,266036.0,226701.0,168.0
10.4301694151798,107822.0,266037.0,226716.0,168.0
10.435174294937564,107844.0,266066.0,226716.0,168.0
10.440179174695327,107808.0,266053.0,226726.0,168.0
10.445184054453092,107853.0,266060.0,226718.0,168.0
10.450188934210855,107847.0,266064.0,226712.0,168.0
10.455193813968618,107849.0,266052.0,226724.0,168.0
10.460198693726383,107832.0,266079.0,226718.0,168.0
10.465203573484146,107859.0,266077.0,226737.0,168.0
10.470208453241911,107851.0,266048.0,226724.0,168.0
10.475213332999674,107880.0,266041.0,226729.0,168.0
10.480218212757437,107890.0,266063.0,226741.0,168.0
10.485223092515202,107881.0,266058.0,226743.0,168.0
10.490227972272965,107879.0,266065.0,226747.0,168.0
10.49523285203073,107898.0,266072.0,226722.0,168.0
10.500237731788493,107859.0,266043.0,226732.0,168.0
10.505242611546258,107854.0,266063.0,226739.0,168.0
10.510247491304021,107861.0,266068.0,226724.0,168.0
10.515252371061784,107871.0,266032.0,226721.0,168.0
10.520257250819549,107818.0,266024.0,226713.0,168.0
10.525262130577312,107801.0,266059.0,226683.0,168.0
10.530267010335077,107770.0,266041.0,226649.0,168.0
10.53527189009284,107784.0,266005.0,226642.0,168.0
10.540276769850603,107703.0,266024.0,226625.0,168.0
10.545281649608368,107679.0,265988.0,226589.0,168.0
10.550286529366131,107614.0,266004.0,226589.0,168.0
10.555291409123896,107591.0,265998.0,226567.0,168.0
10.56029628888166,107544.0,265972.0,226518.0,168.0
10.565301168639422,107526.0,265974.0,226495.0,168.0
10.570306048397187,107456.0,265955.0,226500.0,168.0
10.57531092815495,107438.0,265943.0,226493.0,168.0
10.580315807912715,107369.0,265951.0,226438.0,168.0
10.585320687670478,107401.0,265937.0,226437.0,168.0
10.590325567428243,107360.0,265946.0,226424.0,168.0
10.595330447186006,107365.0,265941.0,226443.0,168.0
10.60033532694377,107327.0,265917.0,226409.0,168.0
10.605340206701534,107352.0,265955.0,226419.0,168.0
10.610345086459297,107312.0,265932.0,226396.0,168.0
10.615349966217062,107315.0,265920.0,226412.0,168.0
10.620354845974825,107305.0,265909.0,226401.0,168.0
10.625359725732588,107290.0,265918.0,226397.0,168.0
10.630364605490353,107295.0,265936.0,226400.0,168.0
10.635369485248116,107275.0,265911.0,226420.0,168.0
10.640374365005881,107268.0,265941.0,226412.0,168.0
10.645379244763644,107282.0,265928.0,226405.0,168.0
10.650384124521407,107291.0,265961.0,226434.0,168.0
10.655389004279172,107314.0,265943.0,226430.0,168.0
10.660393884036935,107282.0,265926.0,226429.0,168.0
10.6653987637947,107306.0,265952.0,226427.0,168.0
10.670403643552463,107303.0,265945.0,226427.0,168.0
10.675408523310226,107296.0,265944.0,226451.0,168.0
10.680413403067991,107319.0,265935.0,226434.0,168.0
10.685418282825754,107312.0,265953.0,226438.0,168.0
10.690423162583519,107306.0,265975.0,226474.0,168.0
10.695428042341282,107339.0,265989.0,226474.0,168.0
10.700432922099047,107352.0,265976.0,226430.0,168.0
10.70543780185681,107309.0,266001.0,226446.0,168.0
10.710442681614573,107362.0,265988.0,226478.0,168.0
10.715447561372338,107363.0,266002.0,226463.0,168.0
10.720452441130101,107374.0,265980.0,226473.0,168.0
10.725457320887866,107366.0,265997.0,226485.0,168.0
10.73046220064563,107419.0,265989.0,226471.0,168.0
10.735467080403392,107415.0,265981.0,226489.0,168.0
10.740471960161157,107425.0,266020.0,226503.0,168.0
10.74547683991892,107401.0,266002.0,226493.0,168.0
10.750481719676685,107432.0,266005.0,226487.0,168.0
10.755486599434448,107441.0,265975.0,226503.0,168.0
10.760491479192211,107448.0,265990.0,226529.0,168.0
10.765496358949976,107453.0,265996.0,226529.0,168.0
10.77050123870774,107459.0,265998.0,226508.0,168.0
10.775506118465504,107483.0,266008.0,226539.0,168.0
10.780510998223267,107463.0,266004.0,226512.0,168.0
10.78551587798103,107473.0,266026.0,226536.0,168.0
10.790520757738795,107501.0,266019.0,226516.0,168.0
10.795525637496558,107499.0,266003.0,226528.0,168.0
10.800530517254323,107501.0,266012.0,226516.0,168.0
10.805535397012086,107479.0,266011.0,226559.0,168.0
10.810540276769851,107501.0,266026.0,226542.0,168.0
10.815545156527614,107501.0,266040.0,226543.0,168.0
10.820550036285377,107510.0,266012.0,226533.0,168.0
10.825554916043142,107489.0,266020.0,226565.0,168.0
10.830559795800905,107507.0,266017.0,226553.0,168.0
10.83556467555867,107477.0,266010.0,226546.0,168.0
10.840569555316433,107485.0,266015.0,226543.0,168.0
10.845574435074196,107504.0,266022.0,226556.0,168.0
10.850579314831961,107479.0,265994.0,226537.0,168.0
10.855584194589724,107523.0,266006.0,226551.0,168.0
10.860589074347489,107496.0,266028.0,226536.0,168.0
10.865593954105252,107519.0,266001.0,226548.0,168.0
10.870598833863015,107508.0,265999.0,226558.0,168.0
10.87560371362078,107516.0,266039.0,226562.0,168.0
10.880608593378543,107497.0,266012.0,226555.0,168.0
10.885613473136308,107503.0,266019.0,226551.0,168.0
10.890618352894071,107524.0,266012.0,226561.0,168.0
10.895623232651834,107512.0,265995.0,226546.0,168.0
10.9006281124096,107509.0,266029.0,226568.0,168.0
10.905632992167362,107521.0,265999.0,226565.0,168.0
10.910637871925127,107501.0,266012.0,226566.0,168.0
10.91564275168289,107548.0,266017.0,226570.0,168.0
10.920647631440655,107555.0,266031.0,226573.0,168.0
10.925652511198418,107496.0,266010.0,226577.0,168.0
10.930657390956181,107558.0,266030.0,226563.0,168.0
10.935662270713946,107553.0,266019.0,226590.0,168.0
10.94066715047171,107565.0,265985.0,226573.0,168.0
10.945672030229474,107555.0,266029.0,226580.0,168.0
10.950676909987237,107583.0,266016.0,226578.0,168.0
10.955681789745,107573.0,266023.0,226584.0,168.0
10.960686669502765,107605.0,266031.0,226592.0,168.0
10.965691549260528,107603.0,266021.0,226605.0,168.0
10.970696429018293,107567.0,266039.0,226598.0,168.0
10.975701308776056,107611.0,265993.0,226620.0,168.0
10.98070618853382,107624.0,266038.0,226621.0,168.0
10.985711068291584,107656.0,266047.0,226610.0,168.0
10.990715948049347,107623.0,266024.0,226610.0,168.0
10.995720827807112,107639.0,266022.0,226616.0,168.0
11.000725707564875,107626.0,266022.0,226626.0,168.0
11.005730587322638,107622.0,266040.0,226613.0,168.0
11.010735467080403,107661.0,266038.0,226634.0,168.0
11.015740346838166,107684.0,266022.0,226640.0,168.0
11.020745226595931,107662.0,266026.0,226635.0,168.0
11.025750106353694,107710.0,266032.0,226648.0,168.0
11.030754986111459,107658.0,266028.0,226640.0,168.0
11.035759865869222,107673.0,266024.0,226651.0,168.0
11.040764745626985,107681.0,266038.0,226652.0,168.0
11.04576962538475,107706.0,266051.0,226664.0,168.0
11.050774505142513,107709.0,266029.0,226674.0,168.0
11.055779384900278,107724.0,266055.0,226661.0,168.0
11.060784264658041,107697.0,266077.0,226678.0,168.0
11.065789144415804,107738.0,266072.0,226666.0,168.0
11.07079402417357,107736.0,266032.0,226668.0,168.0
11.075798903931332,107720.0,266051.0,226675.0,168.0
11.080803783689097,107708.0,266057.0,226686.0,168.0
11.08580866344686,107731.0,266029.0,226681.0,168.0
11.090813543204623,107732.0,266031.0,226666.0,168.0
11.095818422962388,107732.0,266040.0,226674.0,168.0
11.100823302720151,107743.0,266023.0,226680.0,168.0
11.105828182477916,107770.0,266022.0,226662.0,168.0
11.11083306223568,107744.0,266057.0,226671.0,168.0
11.115837941993444,107764.0,266013.0,226685.0,168.0
11.120842821751207,107755.0,266015.0,226665.0,168.0
11.12584770150897,107748.0,266024.0,226664.0,168.0
11.130852581266735,107782.0,266026.0,226675.0,168.0
11.135857461024498,107767.0,266025.0,226658.0,168.0
11.140862340782263,107770.0,266002.0,226648.0,168.0
11.145867220540026,107762.0,266039.0,226671.0,168.0
11.15087210029779,107789.0,266020.0,226682.0,168.0
11.155876980055554,107785.0,266019.0,226666.0,168.0
11.160881859813317,107794.0,266050.0,226676.0,168.0
11.165886739571082,107815.0,266055.0,226678.0,168.0
11.170891619328845,107804.0,266052.0,226690.0,168.0
11.175896499086608,107793.0,266059.0,226696.0,168.0
11.180901378844373,107829.0,266042.0,226688.0,168.0
11.185906258602136,107809.0,266044.0,226710.0,168.0
11.190911138359901,107816.0,266076.0,226719.0,168.0
11.195916018117664,107789.0,266044.0,226710.0,168.0
11.200920897875427,107785.0,266031.0,226695.0,168.0
11.205925777633192,107783.0,266039.0,226710.0,168.0
11.210930657390955,107814.0,266062.0,226700.0,168.0
11.21593553714872,107781.0,266049.0,226694.0,168.0
11.220940416906483,107753.0,266042.0,226667.0,168.0
11.225945296664248,107732.0,266066.0,226660.0,168.0
11.230950176422011,107725.0,266054.0,226647.0,168.0
11.235955056179774,107678.0,266023.0,226628.0,168.0
11.24095993593754,107661.0,265998.0,226597.0,168.0
11.245964815695302,107596.0,266013.0,226584.0,168.0
11.250969695453067,107576.0,265987.0,226538.0,168.0
11.25597457521083,107543.0,265982.0,226524.0,168.0
11.260979454968593,107497.0,265972.0,226489.0,168.0
11.265984334726358,107466.0,265968.0,226438.0,168.0
11.270989214484121,107433.0,265947.0,226463.0,168.0
11.275994094241886,107411.0,265953.0,226447.0,168.0
11.28099897399965,107359.0,265962.0,226422.0,168.0
11.286003853757412,107344.0,265917.0,226421.0,168.0
11.291008733515177,107339.0,265938.0,226398.0,168.0
11.29601361327294,107323.0,265922.0,226395.0,168.0
11.301018493030705,107293.0,265938.0,226412.0,168.0
11.306023372788468,107269.0,265923.0,226396.0,168.0
11.311028252546231,107264.0,265944.0,226387.0,168.0
11.316033132303996,107294.0,265917.0,226396.0,168.0
11.32103801206176,107269.0,265927.0,226396.0,168.0
11.326042891819524,107240.0,265933.0,226375.0,168.0
11.331047771577287,107237.0,265930.0,226389.0,168.0
11.336052651335052,107280.0,265937.0,226393.0,168.0
11.341057531092815,107237.0,265914.0,226371.0,168.0
11.346062410850578,107248.0,265953.0,226397.0,168.0
11.351067290608343,107239.0,265942.0,226394.0,168.0
11.356072170366106,107233.0,265925.0,226393.0,168.0
11.361077050123871,107275.0,265934.0,226401.0,168.0
11.366081929881634,107252.0,265934.0,226396.0,168.0
11.371086809639397,107248.0,265952.0,226401.0,168.0
11.376091689397162,107282.0,265961.0,226383.0,168.0
11.381096569154925,107259.0,265961.0,226392.0,168.0
11.38610144891269,107228.0,265921.0,226377.0,168.0
11.391106328670453,107260.0,265930.0,226408.0,168.0
11.396111208428216,107257.0,265933.0,226387.0,168.0
11.401116088185981,107262.0,265946.0,226399.0,168.0
11.406120967943744,107260.0,265925.0,226412.0,168.0
11.41112584770151,107265.0,265958.0,226419.0,168.0
11.416130727459272,107290.0,265963.0,226426.0,168.0
11.421135607217035,107307.0,265966.0,226420.0,168.0
11.4261404869748,107322.0,265993.0,226444.0,168.0
11.431145366732563,107302.0,265998.0,226432.0,168.0
11.436150246490328,107313.0,265969.0,226444.0,168.0
11.441155126248091,107322.0,265975.0,226455.0,168.0
11.446160006005856,107379.0,265971.0,226455.0,168.0
11.45116488576362,107358.0,265994.0,226459.0,168.0
11.456169765521382,107363.0,265980.0,226472.0,168.0
11.461174645279147,107374.0,265985.0,226485.0,168.0
11.46617952503691,107379.0,266004.0,226471.0,168.0
11.471184404794675,107388.0,265971.0,226484.0,168.0
11.476189284552438,107408.0,266009.0,226489.0,168.0
11.481194164310201,107396.0,265979.0,226481.0,168.0
11.486199044067966,107376.0,265972.0,226496.0,168.0
11.49120392382573,107401.0,266002.0,226495.0,168.0
11.496208803583494,107431.0,266010.0,226502.0,168.0
11.501213683341257,107395.0,265993.0,226512.0,168.0
11.50621856309902,107433.0,265994.0,226521.0,168.0
11.511223442856785,107455.0,265994.0,226510.0,168.0
11.516228322614548,107443.0,266031.0,226509.0,168.0
11.521233202372313,107447.0,266000.0,226518.0,168.0
11.526238082130076,107436.0,266011.0,226525.0,168.0
11.53124296188784,107434.0,266001.0,226523.0,168.0
11.536247841645604,107472.0,266010.0,226503.0,168.0
11.541252721403367,107473.0,265983.0,226517.0,168.0
11.546257601161132,107447.0,265994.0,226496.0,168.0
11.551262480918895,107443.0,266023.0,226508.0,168.0
11.55626736067666,107447.0,265986.0,226518.0,168.0
11.561272240434423,107431.0,265948.0,226513.0,168.0
11.566277120192186,107431.0,265995.0,226518.0,168.0
11.571281999949951,107423.0,265961.0,226516.0,168.0
11.576286879707714,107430.0,265989.0,226498.0,168.0
11.58129175946548,107447.0,265997.0,226545.0,168.0
11.586296639223242,107436.0,265970.0,226493.0,168.0
11.591301518981005,107447.0,265986.0,226525.0,168.0
11.59630639873877,107434.0,265987.0,226534.0,168.0
11.601311278496533,107446.0,266002.0,226530.0,168.0
11.606316158254298,107465.0,265989.0,226526.0,168.0
11.611321038012061,107440.0,265993.0,226511.0,168.0
11.616325917769824,107472.0,265997.0,226545.0,168.0
11.62133079752759,107480.0,265986.0,226517.0,168.0
11.626335677285352,107478.0,265980.0,226527.0,168.0
11.631340557043117,107469.0,266000.0,226524.0,168.0
11.63634543680088,107487.0,265998.0,226524.0,168.0
11.641350316558645,107469.0,265994.0,226549.0,168.0
11.646355196316408,107483.0,265999.0,226530.0,168.0
11.651360076074171,107512.0,266008.0,226543.0,168.0
11.656364955831936,107503.0,265986.0,226548.0,168.0
11.6613698355897,107498.0,265997.0,226537.0,168.0
11.666374715347464,107530.0,266012.0,226551.0,168.0
11.671379595105227,107498.0,265996.0,226570.0,168.0
11.67638447486299,107536.0,266000.0,226575.0,168.0
11.681389354620755,107539.0,266016.0,226567.0,168.0
11.686394234378518,107552.0,266027.0,226585.0,168.0
11.691399114136283,107551.0,266008.0,226586.0,168.0
11.696403993894046,107553.0,266011.0,226570.0,168.0
11.70140887365181,107590.0,266036.0,226580.0,168.0
11.706413753409574,107550.0,266011.0,226573.0,168.0
11.711418633167337,107584.0,266033.0,226579.0,168.0
11.716423512925102,107587.0,266004.0,226585.0,168.0
11.721428392682865,107605.0,266009.0,226564.0,168.0
11.726433272440628,107615.0,266018.0,226589.0,168.0
11.731438152198393,107599.0,266016.0,226586.0,168.0
11.736443031956156,107605.0,266040.0,226580.0,168.0
11.741447911713921,107639.0,266023.0,226590.0,168.0
11.746452791471684,107646.0,266045.0,226570.0,168.0
11.75145767122945,107636.0,266040.0,226606.0,168.0
11.756462550987212,107610.0,266050.0,226628.0,168.0
11.761467430744975,107622.0,266041.0,226619.0,168.0
11.76647231050274,107647.0,266044.0,226624.0,168.0
11.771477190260503,107652.0,266007.0,226623.0,168.0
11.776482070018268,107657.0,266027.0,226636.0,168.0
11.781486949776031,107677.0,266042.0,226621.0,168.0
11.786491829533794,107671.0,266033.0,226640.0,168.0
11.79149670929156,107689.0,266030.0,226655.0,168.0
11.796501589049322,107675.0,266031.0,226639.0,168.0
11.801506468807087,107738.0,266056.0,226632.0,168.0
11.80651134856485,107705.0,266040.0,226642.0,168.0
11.811516228322613,107697.0,266069.0,226642.0,168.0
11.816521108080378,107695.0,266063.0,226636.0,168.0
11.821525987838141,107741.0,266062.0,226683.0,168.0
11.826530867595906,107730.0,266070.0,226654.0,168.0
11.83153574735367,107741.0,266048.0,226677.0,168.0
11.836540627111432,107767.0,266061.0,226686.0,168.0
11.841545506869197,107781.0,266085.0,226676.0,168.0
11.84655038662696,107759.0,266063.0,226665.0,168.0
11.851555266384725,107758.0,266064.0,226668.0,168.0
11.856560146142488,107768.0,266043.0,226668.0,168.0
11.861565025900253,107771.0,266086.0,226669.0,168.0
11.866569905658016,107747.0,266077.0,226694.0,168.0
11.87157478541578,107762.0,266056.0,226678.0,168.0
11.876579665173544,107778.0,266090.0,226685.0,168.0
11.881584544931307,107800.0,266072.0,226696.0,168.0
11.886589424689072,107799.0,266078.0,226683.0,168.0
11.891594304446835,107794.0,266096.0,226704.0,168.0
11.896599184204598,107801.0,266050.0,226706.0,168.0
11.901604063962363,107793.0,266077.0,226713.0,168.0
11.906608943720126,107799.0,266044.0,226708.0,168.0
11.911613823477891,107774.0,266059.0,226698.0,168.0
11.916618703235654,107786.0,266060.0,226671.0,168.0
11.921623582993417,107782.0,266057.0,226668.0,168.0
11.926628462751182,107734.0,266067.0,226676.0,168.0
11.931633342508945,107712.0,266042.0,226664.0,168.0
11.93663822226671,107716.0,266042.0,226626.0,168.0
11.941643102024473,107668.0,266001.0,226618.0,168.0
11.946647981782236,107666.0,266024.0,226594.0,168.0
11.951652861540001,107609.0,266043.0,226565.0,168.0
11.956657741297764,107592.0,266023.0,226545.0,168.0
11.96166262105553,107536.0,265989.0,226514.0,168.0
11.966667500813292,107497.0,265991.0,226480.0,168.0
11.971672380571057,107467.0,265987.0,226475.0,168.0
11.97667726032882,107465.0,265949.0,226445.0,168.0
11.981682140086583,107367.0,265943.0,226427.0,168.0
11.986687019844348,107358.0,265943.0,226419.0,168.0
11.991691899602111,107357.0,265928.0,226397.0,168.0
11.996696779359876,107297.0,265959.0,226368.0,168.0
12.00170165911764,107254.0,265903.0,226373.0,168.0
12.006706538875402,107276.0,265918.0,226364.0,168.0
12.011711418633167,107250.0,265897.0,226363.0,168.0
12.01671629839093,107264.0,265899.0,226355.0,168.0
12.021721178148695,107207.0,265910.0,226357.0,168.0
12.026726057906458,107232.0,265903.0,226357.0,168.0
12.031730937664221,107211.0,265921.0,226367.0,168.0
12.036735817421986,107216.0,265945.0,226358.0,168.0
12.04174069717975,107198.0,265926.0,226374.0,168.0
12.046745576937514,107223.0,265944.0,226360.0,168.0
12.051750456695277,107212.0,265938.0,226346.0,168.0
12.05675533645304,107193.0,265938.0,226364.0,168.0
12.061760216210805,107218.0,265919.0,226357.0,168.0
12.066765095968568,107221.0,265937.0,226352.0,168.0
12.071769975726333,107199.0,265920.0,226373.0,168.0
12.076774855484096,107200.0,265938.0,226360.0,168.0
12.081779735241861,107201.0,265912.0,226349.0,168.0
12.086784614999624,107222.0,265923.0,226399.0,168.0
12.091789494757387,107203.0,265925.0,226386.0,168.0
12.096794374515152,107233.0,265932.0,226387.0,168.0
12.101799254272915,107205.0,265944.0,226390.0,168.0
12.10680413403068,107181.0,265932.0,226388.0,168.0
12.111809013788443,107216.0,265938.0,226385.0,168.0
12.116813893546206,107228.0,265951.0,226388.0,168.0
12.121818773303971,107248.0,265934.0,226408.0,168.0
12.126823653061734,107223.0,265919.0,226417.0,168.0
12.1318285328195,107268.0,265955.0,226425.0,168.0
12.136833412577262,107242.0,265958.0,226427.0,168.0
12.141838292335025,107269.0,265949.0,226420.0,168.0
12.14684317209279,107288.0,265960.0,226435.0,168.0
12.151848051850553,107319.0,265941.0,226454.0,168.0
12.156852931608318,107312.0,265956.0,226449.0,168.0
12.161857811366081,107309.0,265964.0,226476.0,168.0
12.166862691123846,107329.0,265954.0,226475.0,168.0
12.17186757088161,107326.0,265962.0,226479.0,168.0
12.176872450639372,107336.0,265941.0,226456.0,168.0
12.181877330397137,107331.0,265949.0,226489.0,168.0
12.1868822101549,107341.0,265957.0,226471.0,168.0
12.191887089912665,107338.0,265956.0,226480.0,168.0
12.196891969670428,107341.0,265960.0,226450.0,168.0
12.201896849428191,107345.0,265924.0,226459.0,168.0
12.206901729185956,107357.0,265945.0,226468.0,168.0
12.21190660894372,107366.0,265943.0,226468.0,168.0
12.216911488701484,107363.0,265927.0,226482.0,168.0
12.221916368459247,107386.0,265911.0,226477.0,168.0
12.22692124821701,107350.0,265932.0,226478.0,168.0
12.231926127974775,107354.0,265932.0,226472.0,168.0
12.236931007732538,107326.0,265943.0,226466.0,168.0
12.241935887490303,107376.0,265905.0,226471.0,168.0
12.246940767248066,107369.0,265942.0,226478.0,168.0
12.25194564700583,107398.0,265952.0,226483.0,168.0
12.256950526763594,107370.0,265924.0,226484.0,168.0
12.261955406521357,107399.0,265939.0,226467.0,168.0
12.266960286279122,107354.0,265951.0,226476.0,168.0
12.271965166036885,107379.0,265934.0,226475.0,168.0
12.27697004579465,107363.0,265941.0,226471.0,168.0
12.281974925552413,107364.0,265923.0,226491.0,168.0
12.286979805310176,107361.0,265926.0,226492.0,168.0
12.291984685067941,107364.0,265932.0,226481.0,168.0
12.296989564825704,107374.0,265921.0,226478.0,168.0
12.30199444458347,107344.0,265943.0,226484.0,168.0
12.306999324341232,107405.0,265920.0,226500.0,168.0
12.312004204098995,107351.0,265947.0,226491.0,168.0
12.31700908385676,107372.0,265935.0,226490.0,168.0
12.322013963614523,107389.0,265963.0,226500.0,168.0
12.327018843372288,107418.0,265950.0,226487.0,168.0
12.332023723130051,107379.0,265945.0,226505.0,168.0
12.337028602887814,107415.0,265955.0,226514.0,168.0
12.34203348264558,107457.0,265957.0,226493.0,168.0
12.347038362403342,107401.0,265958.0,226520.0,168.0
12.352043242161107,107425.0,265964.0,226513.0,168.0
12.35704812191887,107424.0,265952.0,226513.0,168.0
12.362053001676633,107455.0,265946.0,226519.0,168.0
12.367057881434398,107449.0,265957.0,226535.0,168.0
12.372062761192161,107451.0,265969.0,226517.0,168.0
12.377067640949926,107448.0,265955.0,226528.0,168.0
12.38207252070769,107485.0,265946.0,226545.0,168.0
12.387077400465454,107468.0,265960.0,226553.0,168.0
12.392082280223217,107470.0,265963.0,226519.0,168.0
12.39708715998098,107463.0,265971.0,226560.0,168.0
12.402092039738745,107478.0,265965.0,226558.0,168.0
12.407096919496508,107495.0,265963.0,226547.0,168.0
12.412101799254273,107496.0,265966.0,226528.0,168.0
12.417106679012036,107512.0,266000.0,226552.0,168.0
12.4221115587698,107514.0,265970.0,226573.0,168.0
12.427116438527564,107509.0,266003.0,226571.0,168.0
12.432121318285327,107532.0,265995.0,226567.0,168.0
12.437126198043092,107542.0,265965.0,226561.0,168.0
12.442131077800855,107520.0,265970.0,226580.0,168.0
12.447135957558618,107527.0,265966.0,226574.0,168.0
12.452140837316383,107538.0,265983.0,226572.0,168.0
12.457145717074146,107541.0,265982.0,226579.0,168.0
12.462150596831911,107543.0,265966.0,226573.0,168.0
12.467155476589674,107573.0,265998.0,226584.0,168.0
12.472160356347437,107578.0,266014.0,226579.0,168.0
12.477165236105202,107562.0,265988.0,226591.0,168.0
12.482170115862965,107564.0,265989.0,226602.0,168.0
12.48717499562073,107584.0,265992.0,226588.0,168.0
12.492179875378493,107583.0,266016.0,226588.0,168.0
12.497184755136258,107606.0,265995.0,226604.0,168.0
12.502189634894021,107610.0,266003.0,226600.0,168.0
12.507194514651784,107615.0,266003.0,226609.0,168.0
12.51219939440955,107598.0,265960.0,226601.0,168.0
12.517204274167312,107624.0,266001.0,226601.0,168.0
12.522209153925077,107614.0,265995.0,226591.0,168.0
12.52721403368284,107619.0,265979.0,226622.0,168.0
12.532218913440603,107625.0,265993.0,226619.0,168.0
12.537223793198368,107621.0,266000.0,226608.0,168.0
12.542228672956131,107635.0,266010.0,226650.0,168.0
12.547233552713896,107643.0,266004.0,226639.0,168.0
12.55223843247166,107640.0,265994.0,226649.0,168.0
12.557243312229422,107665.0,266033.0,226639.0,168.0
12.562248191987187,107665.0,266015.0,226646.0,168.0
12.56725307174495,107706.0,266031.0,226648.0,168.0
12.572257951502715,107679.0,266023.0,226641.0,168.0
12.577262831260478,107689.0,266024.0,226643.0,168.0
12.582267711018241,107713.0,266023.0,226638.0,168.0
12.587272590776006,107657.0,266064.0,226656.0,168.0
12.59227747053377,107690.0,266042.0,226672.0,168.0
12.597282350291534,107732.0,266020.0,226675.0,168.0
12.602287230049297,107711.0,266041.0,226666.0,168.0
12.607292109807062,107703.0,266047.0,226674.0,168.0
12.612296989564825,107743.0,266025.0,226688.0,168.0
12.617301869322588,107721.0,266030.0,226662.0,168.0
12.622306749080353,107739.0,266036.0,226671.0,168.0
12.627311628838116,107725.0,266039.0,226677.0,168.0
12.632316508595881,107709.0,266026.0,226662.0,168.0
12.637321388353644,107716.0,266044.0,226664.0,168.0
12.642326268111407,107718.0,266042.0,226666.0,168.0
12.647331147869172,107696.0,266040.0,226645.0,168.0
12.652336027626935,107651.0,266035.0,226649.0,168.0
12.6573409073847,107653.0,266021.0,226622.0,168.0
12.662345787142463,107645.0,266020.0,226595.0,168.0
12.667350666900226,107601.0,266008.0,226580.0,168.0
12.672355546657991,107555.0,266003.0,226567.0,168.0
12.677360426415754,107518.0,265976.0,226515.0,168.0
12.68236530617352,107524.0,266006.0,226509.0,168.0
12.687370185931282,107440.0,265982.0,226469.0,168.0
12.692375065689047,107386.0,265969.0,226460.0,168.0
12.69737994544681,107338.0,265941.0,226428.0,168.0
12.702384825204573,107354.0,265936.0,226404.0,168.0
12.707389704962338,107323.0,265915.0,226423.0,168.0
12.712394584720101,107285.0,265929.0,226388.0,168.0
12.717399464477866,107289.0,265899.0,226378.0,168.0
12.72240434423563,107242.0,265919.0,226378.0,168.0
12.727409223993392,107219.0,265922.0,226358.0,168.0
12.732414103751157,107218.0,265910.0,226376.0,168.0
12.73741898350892,107200.0,265866.0,226360.0,168.0
12.742423863266685,107196.0,265896.0,226344.0,168.0
12.747428743024448,107180.0,265888.0,226337.0,168.0
12.752433622782211,107197.0,265890.0,226329.0,168.0
12.757438502539976,107174.0,265893.0,226343.0,168.0
12.76244338229774,107154.0,265898.0,226329.0,168.0
12.767448262055504,107160.0,265873.0,226347.0,168.0
12.772453141813267,107168.0,265876.0,226363.0,168.0
12.77745802157103,107148.0,265896.0,226352.0,168.0
12.782462901328795,107166.0,265873.0,226345.0,168.0
12.787467781086558,107150.0,265894.0,226352.0,168.0
12.792472660844323,107146.0,265896.0,226358.0,168.0
12.797477540602086,107153.0,265914.0,226366.0,168.0
12.802482420359851,107177.0,265903.0,226336.0,168.0
12.807487300117614,107168.0,265928.0,226370.0,168.0
12.812492179875377,107174.0,265927.0,226361.0,168.0
12.817497059633142,107168.0,265884.0,226339.0,168.0
12.822501939390905,107197.0,265888.0,226362.0,168.0
12.82750681914867,107157.0,265903.0,226363.0,168.0
12.832511698906433,107163.0,265907.0,226358.0,168.0
12.837516578664196,107191.0,265909.0,226356.0,168.0
12.842521458421961,107197.0,265914.0,226365.0,168.0
12.847526338179724,107215.0,265889.0,226357.0,168.0
12.85253121793749,107191.0,265898.0,226397.0,168.0
12.857536097695252,107207.0,265906.0,226399.0,168.0
12.862540977453016,107216.0,265923.0,226387.0,168.0
12.86754585721078,107211.0,265903.0,226402.0,168.0
12.872550736968543,107230.0,265934.0,226390.0,168.0
12.877555616726308,107224.0,265923.0,226416.0,168.0
12.882560496484071,107267.0,265934.0,226416.0,168.0
12.887565376241835,107226.0,265908.0,226428.0,168.0
12.8925702559996,107268.0,265905.0,226441.0,168.0
12.897575135757362,107268.0,265935.0,226425.0,168.0
12.902580015515127,107296.0,265936.0,226435.0,168.0
12.90758489527289,107289.0,265972.0,226443.0,168.0
12.912589775030655,107302.0,265934.0,226451.0,168.0
12.917594654788418,107263.0,265907.0,226446.0,168.0
12.922599534546181,107297.0,265943.0,226440.0,168.0
12.927604414303946,107310.0,265976.0,226452.0,168.0
12.93260929406171,107287.0,265933.0,226439.0,168.0
12.937614173819474,107320.0,265972.0,226445.0,168.0
12.942619053577237,107341.0,265943.0,226463.0,168.0
12.947623933335,107353.0,265936.0,226445.0,168.0
12.952628813092765,107367.0,265917.0,226464.0,168.0
12.957633692850528,107346.0,265932.0,226462.0,168.0
12.962638572608293,107335.0,265931.0,226454.0,168.0
12.967643452366056,107329.0,265927.0,226452.0,168.0
12.97264833212382,107331.0,265950.0,226476.0,168.0
12.977653211881584,107304.0,265953.0,226440.0,168.0
12.982658091639347,107327.0,265938.0,226458.0,168.0
12.987662971397112,107302.0,265951.0,226449.0,168.0
12.992667851154875,107320.0,265944.0,226455.0,168.0
12.997672730912639,107373.0,265936.0,226436.0,168.0
13.002677610670403,107324.0,265925.0,226475.0,168.0
13.007682490428166,107334.0,265949.0,226449.0,168.0
13.012687370185931,107335.0,265903.0,226451.0,168.0
13.017692249943694,107340.0,265948.0,226446.0,168.0
13.02269712970146,107335.0,265946.0,226460.0,168.0
13.027702009459222,107371.0,265953.0,226469.0,168.0
13.032706889216986,107367.0,265926.0,226470.0,168.0
13.03771176897475,107361.0,265934.0,226472.0,168.0
13.042716648732513,107344.0,265939.0,226448.0,168.0
13.047721528490278,107336.0,265952.0,226474.0,168.0
13.052726408248041,107377.0,265949.0,226472.0,168.0
13.057731288005805,107368.0,265941.0,226473.0,168.0
13.06273616776357,107345.0,265954.0,226479.0,168.0
13.067741047521332,107350.0,265927.0,226483.0,168.0
13.072745927279097,107375.0,265961.0,226491.0,168.0
13.07775080703686,107398.0,265940.0,226474.0,168.0
13.082755686794624,107428.0,265943.0,226477.0,168.0
13.087760566552388,107394.0,265920.0,226502.0,168.0
13.092765446310151,107375.0,265919.0,226489.0,168.0
13.097770326067916,107377.0,265942.0,226490.0,168.0
13.10277520582568,107411.0,265957.0,226493.0,168.0
13.107780085583443,107418.0,265957.0,226489.0,168.0
13.112784965341207,107405.0,265942.0,226503.0,168.0
13.11778984509897,107429.0,265972.0,226512.0,168.0
13.122794724856735,107415.0,265994.0,226508.0,168.0
13.127799604614498,107448.0,265981.0,226505.0,168.0
13.132804484372263,107463.0,265962.0,226520.0,168.0
13.137809364130026,107466.0,265988.0,226524.0,168.0
13.14281424388779,107472.0,266014.0,226525.0,168.0
13.147819123645554,107494.0,266000.0,226535.0,168.0
13.152824003403317,107501.0,266014.0,226538.0,168.0
13.157828883161082,107502.0,266014.0,226538.0,168.0
13.162833762918845,107480.0,266038.0,226550.0,168.0
13.167838642676609,107544.0,266044.0,226559.0,168.0
13.172843522434373,107515.0,266051.0,226584.0,168.0
13.177848402192136,107549.0,266023.0,226566.0,168.0
13.182853281949901,107522.0,266022.0,226583.0,168.0
13.187858161707664,107551.0,266037.0,226607.0,168.0
13.192863041465428,107552.0,266056.0,226593.0,168.0
13.197867921223192,107585.0,266019.0,226585.0,168.0
13.202872800980956,107586.0,266040.0,226602.0,168.0
13.20787768073872,107608.0,266049.0,226618.0,168.0
13.212882560496483,107626.0,266059.0,226628.0,168.0
13.217887440254247,107621.0,266050.0,226626.0,168.0
13.222892320012011,107574.0,266058.0,226634.0,168.0
13.227897199769775,107614.0,266037.0,226649.0,168.0
13.23290207952754,107642.0,266062.0,226632.0,168.0
13.237906959285302,107645.0,266063.0,226641.0,168.0
13.242911839043067,107651.0,266064.0,226659.0,168.0
13.24791671880083,107661.0,266062.0,226665.0,168.0
13.252921598558594,107694.0,266059.0,226649.0,168.0
13.257926478316358,107651.0,266060.0,226654.0,168.0
13.262931358074121,107699.0,266103.0,226663.0,168.0
13.267936237831886,107682.0,266041.0,226670.0,168.0
13.27294111758965,107697.0,266082.0,226674.0,168.0
13.277945997347413,107680.0,266085.0,226672.0,168.0
13.282950877105177,107733.0,266057.0,226668.0,168.0
13.28795575686294,107723.0,266072.0,226670.0,168.0
13.292960636620705,107754.0,266085.0,226676.0,168.0
13.297965516378468,107727.0,266077.0,226671.0,168.0
13.302970396136232,107758.0,266081.0,226677.0,168.0
13.307975275893996,107772.0,266090.0,226676.0,168.0
13.31298015565176,107753.0,266064.0,226703.0,168.0
13.317985035409524,107759.0,266092.0,226670.0,168.0
13.322989915167287,107796.0,266071.0,226684.0,168.0
13.327994794925052,107796.0,266087.0,226705.0,168.0
13.332999674682815,107786.0,266090.0,226682.0,168.0
13.338004554440579,107779.0,266071.0,226683.0,168.0
13.343009434198343,107808.0,266096.0,226697.0,168.0
13.348014313956106,107791.0,266073.0,226697.0,168.0
13.353019193713871,107827.0,266061.0,226698.0,168.0
13.358024073471634,107805.0,266085.0,226710.0,168.0
13.363028953229398,107813.0,266081.0,226695.0,168.0
13.368033832987162,107810.0,266083.0,226692.0,168.0
13.373038712744926,107809.0,266079.0,226681.0,168.0
13.37804359250269,107766.0,266075.0,226678.0,168.0
13.383048472260453,107766.0,266089.0,226654.0,168.0
13.388053352018217,107737.0,266045.0,226644.0,168.0
13.393058231775981,107723.0,266064.0,226615.0,168.0
13.398063111533745,107677.0,266038.0,226604.0,168.0
13.40306799129151,107630.0,266046.0,226549.0,168.0
13.408072871049272,107587.0,266035.0,226561.0,168.0
13.413077750807036,107571.0,266020.0,226520.0,168.0
13.4180826305648,107558.0,265988.0,226470.0,168.0
13.423087510322564,107468.0,265992.0,226469.0,168.0
13.428092390080328,107435.0,265956.0,226459.0,168.0
13.433097269838091,107411.0,265951.0,226439.0,168.0
13.438102149595856,107367.0,265942.0,226417.0,168.0
13.44310702935362,107305.0,265945.0,226388.0,168.0
13.448111909111383,107301.0,265950.0,226380.0,168.0
13.453116788869147,107276.0,265929.0,226341.0,168.0
13.45812166862691,107258.0,265937.0,226366.0,168.0
13.463126548384675,107246.0,265924.0,226356.0,168.0
13.468131428142438,107217.0,265931.0,226325.0,168.0
13.473136307900202,107179.0,265917.0,226311.0,168.0
13.478141187657966,107175.0,265900.0,226333.0,168.0
13.48314606741573,107211.0,265887.0,226319.0,168.0
13.488150947173494,107181.0,265904.0,226314.0,168.0
13.493155826931257,107184.0,265914.0,226300.0,168.0
13.49816070668902,107160.0,265913.0,226328.0,168.0
13.503165586446785,107209.0,265924.0,226321.0,168.0
13.508170466204549,107173.0,265902.0,226352.0,168.0
13.513175345962313,107182.0,265925.0,226345.0,168.0
13.518180225720076,107177.0,265915.0,226315.0,168.0
13.52318510547784,107176.0,265896.0,226337.0,168.0
13.528189985235604,107223.0,265914.0,226340.0,168.0
13.533194864993368,107204.0,265895.0,226331.0,168.0
13.538199744751132,107185.0,265884.0,226338.0,168.0
13.543204624508896,107188.0,265898.0,226333.0,168.0
13.54820950426666,107198.0,265925.0,226361.0,168.0
13.553214384024423,107190.0,265920.0,226352.0,168.0
13.558219263782187,107157.0,265932.0,226358.0,168.0
13.563224143539951,107191.0,265924.0,226354.0,168.0
13.568229023297715,107198.0,265899.0,226361.0,168.0
13.57323390305548,107195.0,265905.0,226356.0,168.0
13.578238782813242,107200.0,265918.0,226363.0,168.0
13.583243662571006,107232.0,265909.0,226379.0,168.0
13.58824854232877,107238.0,265909.0,226370.0,168.0
13.593253422086534,107243.0,265919.0,226387.0,168.0
13.598258301844298,107245.0,265917.0,226388.0,168.0
13.603263181602061,107254.0,265902.0,226382.0,168.0
13.608268061359825,107279.0,265916.0,226382.0,168.0
13.61327294111759,107279.0,265920.0,226408.0,168.0
13.618277820875353,107303.0,265934.0,226429.0,168.0
13.623282700633117,107295.0,265937.0,226434.0,168.0
13.62828758039088,107287.0,265922.0,226421.0,168.0
13.633292460148644,107321.0,265925.0,226436.0,168.0
13.638297339906408,107320.0,265943.0,226418.0,168.0
13.643302219664172,107330.0,265948.0,226450.0,168.0
13.648307099421936,107355.0,265954.0,226449.0,168.0
13.6533119791797,107363.0,265962.0,226440.0,168.0
13.658316858937464,107359.0,265954.0,226429.0,168.0
13.663321738695227,107342.0,265925.0,226434.0,168.0
13.66832661845299,107325.0,265969.0,226470.0,168.0
13.673331498210755,107357.0,265938.0,226443.0,168.0
13.678336377968519,107368.0,265955.0,226444.0,168.0
13.683341257726283,107342.0,265950.0,226458.0,168.0
13.688346137484046,107366.0,265945.0,226449.0,168.0
13.69335101724181,107338.0,265957.0,226461.0,168.0
13.698355896999574,107346.0,265931.0,226436.0,168.0
13.703360776757338,107362.0,265949.0,226454.0,168.0
13.708365656515102,107343.0,265934.0,226460.0,168.0
13.713370536272866,107349.0,265927.0,226460.0,168.0
13.718375416030629,107367.0,265943.0,226448.0,168.0
13.723380295788393,107375.0,265936.0,226456.0,168.0
13.728385175546157,107361.0,265933.0,226462.0,168.0
13.733390055303921,107353.0,265927.0,226466.0,168.0
13.738394935061685,107390.0,265923.0,226471.0,168.0
13.743399814819448,107395.0,265937.0,226463.0,168.0
13.748404694577212,107386.0,265935.0,226458.0,168.0
13.753409574334976,107388.0,265894.0,226477.0,168.0
13.75841445409274,107398.0,265910.0,226466.0,168.0
13.763419333850504,107349.0,265912.0,226482.0,168.0
13.768424213608268,107367.0,265925.0,226483.0,168.0
13.773429093366031,107400.0,265935.0,226454.0,168.0
13.778433973123795,107388.0,265938.0,226498.0,168.0
13.78343885288156,107387.0,265943.0,226511.0,168.0
13.788443732639323,107411.0,265926.0,226495.0,168.0
13.793448612397087,107408.0,265942.0,226478.0,168.0
13.79845349215485,107419.0,265957.0,226512.0,168.0
13.803458371912614,107425.0,265953.0,226486.0,168.0
13.808463251670378,107455.0,265959.0,226501.0,168.0
13.813468131428142,107462.0,265942.0,226498.0,168.0
13.818473011185906,107442.0,265954.0,226512.0,168.0
13.82347789094367,107449.0,265947.0,226500.0,168.0
13.828482770701433,107497.0,265959.0,226508.0,168.0
13.833487650459197,107469.0,265945.0,226523.0,168.0
13.83849253021696,107505.0,265944.0,226533.0,168.0
13.843497409974725,107485.0,265978.0,226511.0,168.0
13.848502289732489,107500.0,265966.0,226537.0,168.0
13.853507169490253,107482.0,265959.0,226542.0,168.0
13.858512049248016,107511.0,265938.0,226544.0,168.0
13.86351692900578,107520.0,265963.0,226527.0,168.0
13.868521808763544,107504.0,265951.0,226518.0,168.0
13.873526688521308,107526.0,265942.0,226537.0,168.0
13.878531568279072,107513.0,265922.0,226522.0,168.0
13.883536448036836,107508.0,265942.0,226537.0,168.0
13.888541327794599,107534.0,265934.0,226549.0,168.0
13.893546207552363,107558.0,265955.0,226543.0,168.0
13.898551087310127,107540.0,265954.0,226542.0,168.0
13.903555967067891,107546.0,265937.0,226554.0,168.0
13.908560846825655,107568.0,265949.0,226569.0,168.0
13.913565726583418,107591.0,265950.0,226557.0,168.0
13.918570606341182,107558.0,265975.0,226575.0,168.0
13.923575486098946,107529.0,265949.0,226561.0,168.0
13.92858036585671,107578.0,265947.0,226564.0,168.0
13.933585245614474,107555.0,265941.0,226553.0,168.0
13.938590125372237,107604.0,265982.0,226545.0,168.0
13.943595005130001,107574.0,265972.0,226571.0,168.0
13.948599884887765,107604.0,265949.0,226589.0,168.0
13.95360476464553,107626.0,265954.0,226576.0,168.0
13.958609644403293,107570.0,265927.0,226588.0,168.0
13.963614524161057,107617.0,265956.0,226587.0,168.0
13.96861940391882,107648.0,265939.0,226598.0,168.0
13.973624283676584,107637.0,265987.0,226593.0,168.0
13.978629163434348,107648.0,265943.0,226585.0,168.0
13.983634043192112,107658.0,265944.0,226600.0,168.0
13.988638922949876,107670.0,265962.0,226593.0,168.0
13.99364380270764,107660.0,265966.0,226619.0,168.0
13.998648682465403,107644.0,265950.0,226619.0,168.0
14.003653562223167,107652.0,265967.0,226593.0,168.0
14.00865844198093,107658.0,265991.0,226630.0,168.0
14.013663321738695,107694.0,265985.0,226597.0,168.0
14.018668201496459,107687.0,265959.0,226618.0,168.0
14.023673081254222,107656.0,265936.0,226642.0,168.0
14.028677961011986,107690.0,265977.0,226608.0,168.0
14.03368284076975,107646.0,265962.0,226611.0,168.0
14.038687720527514,107704.0,265975.0,226634.0,168.0
14.043692600285278,107690.0,265957.0,226612.0,168.0
14.04869748004304,107698.0,265968.0,226625.0,168.0
14.053702359800806,107714.0,265970.0,226617.0,168.0
14.058707239558569,107696.0,265964.0,226624.0,168.0
14.063712119316333,107709.0,265979.0,226626.0,168.0
14.068716999074097,107709.0,265982.0,226627.0,168.0
14.073721878831861,107700.0,265974.0,226608.0,168.0
14.078726758589625,107697.0,265931.0,226608.0,168.0
14.083731638347388,107687.0,265945.0,226606.0,168.0
14.088736518105152,107694.0,265929.0,226604.0,168.0
14.093741397862916,107678.0,265939.0,226588.0,168.0
14.09874627762068,107658.0,265946.0,226580.0,168.0
14.103751157378444,107609.0,265932.0,226566.0,168.0
14.108756037136207,107548.0,265929.0,226548.0,168.0
14.113760916893971,107559.0,265939.0,226520.0,168.0
14.118765796651735,107510.0,265884.0,226496.0,168.0
14.1237706764095,107492.0,265909.0,226488.0,168.0
14.128775556167263,107458.0,265908.0,226444.0,168.0
14.133780435925026,107418.0,265879.0,226411.0,168.0
14.13878531568279,107377.0,265866.0,226400.0,168.0
14.143790195440554,107350.0,265854.0,226376.0,168.0
14.148795075198318,107321.0,265866.0,226366.0,168.0
14.153799954956082,107262.0,265859.0,226354.0,168.0
14.158804834713845,107269.0,265835.0,226327.0,168.0
14.16380971447161,107244.0,265815.0,226321.0,168.0
14.168814594229373,107247.0,265818.0,226327.0,168.0
14.173819473987137,107202.0,265829.0,226312.0,168.0
14.1788243537449,107212.0,265812.0,226313.0,168.0
14.183829233502665,107167.0,265804.0,226321.0,168.0
14.188834113260429,107159.0,265802.0,226293.0,168.0
14.193838993018192,107168.0,265814.0,226308.0,168.0
14.198843872775956,107183.0,265800.0,226308.0,168.0
14.20384875253372,107131.0,265819.0,226301.0,168.0
14.208853632291484,107176.0,265823.0,226294.0,168.0
14.213858512049248,107165.0,265817.0,226292.0,168.0
14.21886339180701,107139.0,265822.0,226307.0,168.0
14.223868271564776,107172.0,265825.0,226308.0,168.0
14.228873151322539,107161.0,265807.0,226322.0,168.0
14.233878031080303,107180.0,265840.0,226315.0,168.0
14.238882910838067,107198.0,265843.0,226311.0,168.0
14.24388779059583,107168.0,265847.0,226321.0,168.0
14.248892670353595,107165.0,265817.0,226316.0,168.0
14.253897550111358,107176.0,265857.0,226322.0,168.0
14.258902429869122,107170.0,265810.0,226328.0,168.0
14.263907309626886,107212.0,265821.0,226332.0,168.0
14.268912189384649,107206.0,265830.0,226344.0,168.0
14.273917069142414,107215.0,265804.0,226337.0,168.0
14.278921948900177,107210.0,265818.0,226357.0,168.0
14.283926828657941,107218.0,265843.0,226353.0,168.0
14.288931708415705,107243.0,265828.0,226355.0,168.0
14.29393658817347,107204.0,265840.0,226350.0,168.0
14.298941467931233,107254.0,265824.0,226366.0,168.0
14.303946347688996,107229.0,265827.0,226357.0,168.0
14.30895122744676,107276.0,265844.0,226379.0,168.0
14.313956107204524,107270.0,265856.0,226414.0,168.0
14.318960986962288,107296.0,265849.0,226418.0,168.0
14.323965866720052,107300.0,265812.0,226387.0,168.0
14.328970746477815,107311.0,265864.0,226409.0,168.0
14.33397562623558,107289.0,265863.0,226405.0,168.0
14.338980505993343,107330.0,265882.0,226412.0,168.0
14.343985385751107,107343.0,265866.0,226418.0,168.0
14.34899026550887,107340.0,265859.0,226415.0,168.0
14.353995145266634,107365.0,265872.0,226400.0,168.0
14.359000025024399,107339.0,265902.0,226424.0,168.0
14.364004904782162,107351.0,265895.0,226422.0,168.0
14.369009784539926,107348.0,265885.0,226444.0,168.0
14.37401466429769,107333.0,265880.0,226419.0,168.0
14.379019544055454,107358.0,265873.0,226434.0,168.0
14.384024423813218,107347.0,265876.0,226440.0,168.0
14.38902930357098,107372.0,265898.0,226421.0,168.0
14.394034183328746,107363.0,265870.0,226448.0,168.0
14.399039063086509,107372.0,265872.0,226432.0,168.0
14.404043942844273,107356.0,265881.0,226437.0,168.0
14.409048822602037,107353.0,265874.0,226409.0,168.0
14.4140537023598,107380.0,265852.0,226436.0,168.0
14.419058582117565,107361.0,265867.0,226448.0,168.0
14.424063461875328,107341.0,265861.0,226448.0,168.0
14.429068341633092,107357.0,265862.0,226418.0,168.0
14.434073221390856,107340.0,265861.0,226448.0,168.0
14.439078101148619,107363.0,265853.0,226454.0,168.0
14.444082980906384,107344.0,265873.0,226428.0,168.0
14.449087860664147,107357.0,265859.0,226451.0,168.0
14.454092740421912,107369.0,265877.0,226480.0,168.0
14.459097620179675,107362.0,265865.0,226472.0,168.0
14.464102499937438,107380.0,265888.0,226454.0,168.0
14.469107379695203,107420.0,265873.0,226484.0,168.0
14.474112259452966,107409.0,265884.0,226482.0,168.0
14.47911713921073,107396.0,265914.0,226492.0,168.0
14.484122018968494,107411.0,265906.0,226504.0,168.0
14.489126898726258,107434.0,265904.0,226495.0,168.0
14.494131778484022,107453.0,265892.0,226493.0,168.0
14.499136658241785,107420.0,265904.0,226504.0,168.0
14.50414153799955,107416.0,265906.0,226513.0,168.0
14.509146417757313,107460.0,265911.0,226524.0,168.0
14.514151297515077,107462.0,265901.0,226522.0,168.0
14.51915617727284,107465.0,265929.0,226534.0,168.0
14.524161057030604,107460.0,265926.0,226525.0,168.0
14.529165936788369,107469.0,265915.0,226539.0,168.0
14.534170816546132,107494.0,265926.0,226538.0,168.0
14.539175696303897,107495.0,265923.0,226534.0,168.0
14.54418057606166,107525.0,265932.0,226534.0,168.0
14.549185455819423,107516.0,265914.0,226527.0,168.0
14.554190335577188,107523.0,265939.0,226545.0,168.0
14.55919521533495,107522.0,265941.0,226539.0,168.0
14.564200095092716,107509.0,265932.0,226547.0,168.0
14.569204974850479,107553.0,265966.0,226550.0,168.0
14.574209854608242,107524.0,265964.0,226556.0,168.0
14.579214734366007,107561.0,265951.0,226556.0,168.0
14.58421961412377,107554.0,265968.0,226576.0,168.0
14.589224493881535,107558.0,265938.0,226553.0,168.0
14.594229373639298,107594.0,265961.0,226545.0,168.0
14.599234253397062,107604.0,265963.0,226568.0,168.0
14.604239133154826,107584.0,265964.0,226550.0,168.0
14.609244012912589,107588.0,265963.0,226553.0,168.0
14.614248892670354,107574.0,265953.0,226562.0,168.0
14.619253772428117,107601.0,265960.0,226567.0,168.0
14.624258652185882,107601.0,265950.0,226566.0,168.0
14.629263531943645,107622.0,265968.0,226564.0,168.0
14.634268411701408,107594.0,265976.0,226572.0,168.0
14.639273291459173,107629.0,265964.0,226574.0,168.0
14.644278171216936,107592.0,265948.0,226546.0,168.0
14.6492830509747,107626.0,265942.0,226553.0,168.0
14.654287930732464,107612.0,265952.0,226580.0,168.0
14.659292810490227,107666.0,265941.0,226556.0,168.0
14.664297690247992,107607.0,265955.0,226572.0,168.0
14.669302570005755,107631.0,265982.0,226556.0,168.0
14.67430744976352,107643.0,265979.0,226562.0,168.0
14.679312329521283,107670.0,265975.0,226575.0,168.0
14.684317209279046,107660.0,265958.0,226588.0,168.0
14.68932208903681,107664.0,265979.0,226582.0,168.0
14.694326968794574,107660.0,265965.0,226563.0,168.0
14.699331848552339,107686.0,266007.0,226603.0,168.0
14.704336728310102,107663.0,265958.0,226594.0,168.0
14.709341608067867,107664.0,265961.0,226596.0,168.0
14.71434648782563,107700.0,265963.0,226577.0,168.0
14.719351367583393,107692.0,265977.0,226595.0,168.0
14.724356247341158,107687.0,265966.0,226592.0,168.0
14.72936112709892,107706.0,265994.0,226587.0,168.0
14.734366006856686,107690.0,265963.0,226591.0,168.0
14.739370886614449,107715.0,265987.0,226597.0,168.0
14.744375766372212,107673.0,265986.0,226616.0,168.0
14.749380646129977,107703.0,265973.0,226596.0,168.0
14.75438552588774,107709.0,265993.0,226599.0,168.0
14.759390405645505,107706.0,265983.0,226605.0,168.0
14.764395285403268,107677.0,265982.0,226612.0,168.0
14.76940016516103,107710.0,265955.0,226598.0,168.0
14.774405044918796,107694.0,265951.0,226594.0,168.0
14.779409924676559,107660.0,265934.0,226575.0,168.0
14.784414804434324,107652.0,265937.0,226564.0,168.0
14.789419684192087,107621.0,265957.0,226575.0,168.0
14.79442456394985,107598.0,265950.0,226537.0,168.0
14.799429443707615,107575.0,265946.0,226526.0,168.0
14.804434323465378,107559.0,265917.0,226492.0,168.0
14.809439203223143,107478.0,265916.0,226474.0,168.0
14.814444082980906,107470.0,265913.0,226456.0,168.0
14.81944896273867,107393.0,265921.0,226442.0,168.0
14.824453842496434,107413.0,265908.0,226418.0,168.0
14.829458722254197,107347.0,265884.0,226410.0,168.0
14.834463602011962,107308.0,265875.0,226385.0,168.0
14.839468481769725,107285.0,265850.0,226369.0,168.0
14.84447336152749,107248.0,265843.0,226324.0,168.0
14.849478241285253,107212.0,265823.0,226360.0,168.0
14.854483121043016,107237.0,265851.0,226337.0,168.0
14.85948800080078,107206.0,265821.0,226330.0,168.0
14.864492880558544,107189.0,265799.0,226313.0,168.0
14.869497760316309,107158.0,265824.0,226324.0,168.0
14.874502640074072,107172.0,265821.0,226324.0,168.0
14.879507519831835,107170.0,265822.0,226296.0,168.0
14.8845123995896,107138.0,265819.0,226305.0,168.0
14.889517279347363,107154.0,265827.0,226288.0,168.0
14.894522159105128,107128.0,265820.0,226303.0,168.0
14.89952703886289,107171.0,265801.0,226280.0,168.0
14.904531918620656,107138.0,265820.0,226298.0,168.0
14.909536798378419,107149.0,265818.0,226286.0,168.0
14.914541678136182,107143.0,265846.0,226284.0,168.0
14.919546557893947,107142.0,265853.0,226281.0,168.0
14.92455143765171,107134.0,265823.0,226288.0,168.0
14.929556317409475,107132.0,265815.0,226303.0,168.0
14.934561197167238,107160.0,265829.0,226285.0,168.0
14.939566076925,107138.0,265850.0,226325.0,168.0
14.944570956682766,107183.0,265807.0,226305.0,168.0
14.949575836440529,107163.0,265828.0,226302.0,168.0
14.954580716198294,107167.0,265836.0,226310.0,168.0
14.959585595956057,107166.0,265819.0,226317.0,168.0
14.96459047571382,107175.0,265837.0,226308.0,168.0
14.969595355471585,107160.0,265847.0,226337.0,168.0
14.974600235229348,107164.0,265838.0,226327.0,168.0
14.979605114987113,107215.0,265857.0,226300.0,168.0
14.984609994744876,107197.0,265846.0,226345.0,168.0
14.989614874502639,107217.0,265859.0,226340.0,168.0
14.994619754260404,107228.0,265868.0,226356.0,168.0
14.999624634018167,107223.0,265859.0,226372.0,168.0
15.004629513775932,107228.0,265842.0,226367.0,168.0
15.009634393533695,107250.0,265848.0,226374.0,168.0
15.01463927329146,107254.0,265855.0,226364.0,168.0
15.019644153049223,107262.0,265868.0,226398.0,168.0
15.024649032806986,107280.0,265892.0,226386.0,168.0
15.02965391256475,107224.0,265851.0,226383.0,168.0
15.034658792322514,107287.0,265855.0,226377.0,168.0
15.039663672080279,107308.0,265864.0,226377.0,168.0
15.044668551838042,107273.0,265878.0,226391.0,168.0
15.049673431595805,107300.0,265863.0,226401.0,168.0
15.05467831135357,107277.0,265889.0,226390.0,168.0
15.059683191111333,107304.0,265865.0,226407.0,168.0
15.064688070869098,107324.0,265863.0,226401.0,168.0
15.06969295062686,107308.0,265857.0,226395.0,168.0
15.074697830384624,107310.0,265892.0,226412.0,168.0
15.079702710142389,107322.0,265882.0,226432.0,168.0
15.084707589900152,107331.0,265873.0,226403.0,168.0
15.089712469657917,107329.0,265867.0,226395.0,168.0
15.09471734941568,107290.0,265870.0,226401.0,168.0
15.099722229173443,107335.0,265880.0,226394.0,168.0
15.104727108931208,107317.0,265877.0,226405.0,168.0
15.10973198868897,107316.0,265870.0,226411.0,168.0
15.114736868446736,107318.0,265867.0,226386.0,168.0
15.119741748204499,107303.0,265850.0,226395.0,168.0
15.124746627962264,107314.0,265857.0,226420.0,168.0
15.129751507720027,107308.0,265838.0,226396.0,168.0
15.13475638747779,107313.0,265859.0,226414.0,168.0
15.139761267235555,107296.0,265884.0,226387.0,168.0
15.144766146993318,107311.0,265857.0,226376.0,168.0
15.149771026751083,107293.0,265846.0,226398.0,168.0
15.154775906508846,107331.0,265879.0,226415.0,168.0
15.159780786266609,107311.0,265860.0,226404.0,168.0
15.164785666024374,107313.0,265841.0,226412.0,168.0
15.169790545782137,107337.0,265843.0,226389.0,168.0
15.174795425539902,107339.0,265884.0,226409.0,168.0
15.179800305297665,107322.0,265857.0,226399.0,168.0
15.184805185055428,107336.0,265843.0,226404.0,168.0
15.189810064813193,107321.0,265873.0,226390.0,168.0
15.194814944570956,107351.0,265859.0,226399.0,168.0
15.19981982432872,107365.0,265854.0,226427.0,168.0
15.204824704086484,107372.0,265884.0,226412.0,168.0
15.209829583844247,107373.0,265877.0,226422.0,168.0
15.214834463602012,107396.0,265869.0,226453.0,168.0
15.219839343359775,107363.0,265905.0,226433.0,168.0
15.22484422311754,107391.0,265906.0,226453.0,168.0
15.229849102875303,107366.0,265905.0,226452.0,168.0
15.234853982633068,107370.0,265885.0,226447.0,168.0
15.23985886239083,107406.0,265886.0,226448.0,168.0
15.244863742148594,107412.0,265887.0,226433.0,168.0
15.249868621906359,107413.0,265893.0,226451.0,168.0
15.254873501664122,107432.0,265908.0,226448.0,168.0
15.259878381421887,107428.0,265909.0,226464.0,168.0
15.26488326117965,107439.0,265905.0,226476.0,168.0
15.269888140937413,107436.0,265896.0,226472.0,168.0
15.274893020695178,107467.0,265885.0,226460.0,168.0
15.27989790045294,107416.0,265901.0,226450.0,168.0
15.284902780210706,107427.0,265901.0,226475.0,168.0
15.289907659968469,107456.0,265931.0,226468.0,168.0
15.294912539726232,107470.0,265918.0,226472.0,168.0
15.299917419483997,107470.0,265901.0,226475.0,168.0
15.30492229924176,107491.0,265925.0,226491.0,168.0
15.309927178999525,107504.0,265895.0,226498.0,168.0
15.314932058757288,107500.0,265906.0,226507.0,168.0
15.31993693851505,107490.0,265913.0,226486.0,168.0
15.324941818272816,107507.0,265944.0,226514.0,168.0
15.329946698030579,107505.0,265906.0,226506.0,168.0
15.334951577788344,107521.0,265923.0,226530.0,168.0
15.339956457546107,107524.0,265918.0,226504.0,168.0
15.344961337303872,107524.0,265903.0,226520.0,168.0
15.349966217061635,107520.0,265916.0,226531.0,168.0
15.354971096819398,107545.0,265933.0,226509.0,168.0
15.359975976577163,107537.0,265936.0,226505.0,168.0
15.364980856334926,107542.0,265923.0,226498.0,168.0
15.36998573609269,107539.0,265936.0,226527.0,168.0
15.374990615850454,107547.0,265929.0,226523.0,168.0
15.379995495608217,107547.0,265931.0,226539.0,168.0
15.385000375365982,107578.0,265924.0,226537.0,168.0
15.390005255123745,107570.0,265935.0,226534.0,168.0
15.39501013488151,107578.0,265925.0,226534.0,168.0
15.400015014639273,107578.0,265936.0,226543.0,168.0
15.405019894397036,107591.0,265933.0,226535.0,168.0
15.4100247741548,107570.0,265957.0,226549.0,168.0
15.415029653912564,107610.0,265954.0,226562.0,168.0
15.420034533670329,107611.0,265950.0,226548.0,168.0
15.425039413428092,107582.0,265902.0,226559.0,168.0
15.430044293185855,107596.0,265959.0,226549.0,168.0
15.43504917294362,107605.0,265945.0,226562.0,168.0
15.440054052701383,107624.0,265928.0,226559.0,168.0
15.445058932459148,107602.0,265929.0,226569.0,168.0
15.45006381221691,107617.0,265934.0,226551.0,168.0
15.455068691974676,107619.0,265930.0,226560.0,168.0
15.460073571732439,107614.0,265945.0,226537.0,168.0
15.465078451490202,107620.0,265907.0,226545.0,168.0
15.470083331247967,107622.0,265937.0,226538.0,168.0
15.47508821100573,107618.0,265917.0,226549.0,168.0
15.480093090763495,107601.0,265934.0,226551.0,168.0
15.485097970521258,107628.0,265940.0,226531.0,168.0
15.49010285027902,107551.0,265922.0,226521.0,168.0
15.495107730036786,107556.0,265936.0,226507.0,168.0
15.500112609794549,107499.0,265895.0,226473.0,168.0
15.505117489552314,107501.0,265905.0,226470.0,168.0
15.510122369310077,107431.0,265885.0,226441.0,168.0
15.51512724906784,107410.0,265892.0,226398.0,168.0
15.520132128825605,107381.0,265831.0,226395.0,168.0
15.525137008583368,107314.0,265858.0,226365.0,168.0
15.530141888341133,107315.0,265837.0,226345.0,168.0
15.535146768098896,107261.0,265850.0,226324.0,168.0
15.54015164785666,107230.0,265834.0,226302.0,168.0
15.545156527614424,107213.0,265832.0,226279.0,168.0
15.550161407372187,107178.0,265817.0,226295.0,168.0
15.555166287129952,107138.0,265804.0,226249.0,168.0
15.560171166887715,107171.0,265792.0,226252.0,168.0
15.56517604664548,107104.0,265784.0,226243.0,168.0
15.570180926403243,107112.0,265791.0,226227.0,168.0
15.575185806161006,107084.0,265792.0,226245.0,168.0
15.58019068591877,107093.0,265806.0,226235.0,168.0
15.585195565676534,107089.0,265796.0,226216.0,168.0
15.590200445434299,107061.0,265778.0,226220.0,168.0
15.595205325192062,107068.0,265783.0,226212.0,168.0
15.600210204949825,107056.0,265762.0,226232.0,168.0
15.60521508470759,107040.0,265793.0,226226.0,168.0
15.610219964465353,107050.0,265795.0,226225.0,168.0
15.615224844223118,107049.0,265809.0,226206.0,168.0
15.62022972398088,107054.0,265801.0,226214.0,168.0
15.625234603738644,107060.0,265804.0,226228.0,168.0
15.630239483496409,107040.0,265784.0,226232.0,168.0
15.635244363254172,107074.0,265790.0,226225.0,168.0
15.640249243011937,107082.0,265780.0,226232.0,168.0
15.6452541227697,107062.0,265782.0,226208.0,168.0
15.650259002527465,107038.0,265805.0,226228.0,168.0
15.655263882285228,107070.0,265800.0,226249.0,168.0
15.66026876204299,107040.0,265784.0,226253.0,168.0
15.665273641800756,107030.0,265794.0,226225.0,168.0
15.670278521558519,107049.0,265799.0,226232.0,168.0
15.675283401316284,107064.0,265799.0,226226.0,168.0
15.680288281074047,107059.0,265789.0,226259.0,168.0
15.68529316083181,107091.0,265808.0,226252.0,168.0
15.690298040589575,107076.0,265782.0,226254.0,168.0
15.695302920347338,107074.0,265772.0,226278.0,168.0
15.700307800105103,107112.0,265819.0,226253.0,168.0
15.705312679862866,107085.0,265794.0,226272.0,168.0
15.710317559620629,107098.0,265833.0,226290.0,168.0
15.715322439378394,107121.0,265799.0,226272.0,168.0
15.720327319136157,107131.0,265818.0,226280.0,168.0
15.725332198893922,107136.0,265806.0,226303.0,168.0
15.730337078651685,107139.0,265811.0,226304.0,168.0
15.735341958409448,107142.0,265841.0,226308.0,168.0
15.740346838167213,107162.0,265829.0,226318.0,168.0
15.745351717924976,107158.0,265820.0,226303.0,168.0
15.75035659768274,107153.0,265835.0,226300.0,168.0
15.755361477440504,107199.0,265833.0,226312.0,168.0
15.760366357198269,107193.0,265824.0,226306.0,168.0
15.765371236956032,107171.0,265829.0,226305.0,168.0
15.770376116713795,107190.0,265816.0,226315.0,168.0
15.77538099647156,107194.0,265829.0,226309.0,168.0
15.780385876229323,107201.0,265821.0,226321.0,168.0
15.785390755987088,107201.0,265831.0,226315.0,168.0
15.79039563574485,107201.0,265836.0,226312.0,168.0
15.795400515502614,107191.0,265805.0,226314.0,168.0
15.800405395260379,107210.0,265862.0,226319.0,168.0
15.805410275018142,107221.0,265809.0,226305.0,168.0
15.810415154775907,107170.0,265828.0,226297.0,168.0
15.81542003453367,107183.0,265806.0,226290.0,168.0
15.820424914291433,107192.0,265805.0,226300.0,168.0
15.825429794049198,107195.0,265822.0,226309.0,168.0
15.83043467380696,107195.0,265820.0,226309.0,168.0
15.835439553564726,107190.0,265832.0,226308.0,168.0
15.840444433322489,107158.0,265810.0,226318.0,168.0
15.845449313080252,107195.0,265804.0,226316.0,168.0
15.850454192838017,107208.0,265811.0,226317.0,168.0
15.85545907259578,107200.0,265842.0,226327.0,168.0
15.860463952353545,107189.0,265819.0,226336.0,168.0
15.865468832111308,107225.0,265850.0,226317.0,168.0
15.870473711869073,107199.0,265820.0,226309.0,168.0
15.875478591626836,107205.0,265832.0,226329.0,168.0
15.880483471384599,107220.0,265850.0,226318.0,168.0
15.885488351142364,107276.0,265847.0,226326.0,168.0
15.890493230900127,107209.0,265871.0,226348.0,168.0
15.895498110657892,107227.0,265849.0,226336.0,168.0
15.900502990415655,107232.0,265855.0,226356.0,168.0
15.905507870173418,107227.0,265822.0,226336.0,168.0
15.910512749931183,107229.0,265843.0,226352.0,168.0
15.915517629688946,107239.0,265857.0,226354.0,168.0
15.92052250944671,107267.0,265847.0,226337.0,168.0
15.925527389204474,107270.0,265866.0,226334.0,168.0
15.930532268962237,107268.0,265852.0,226374.0,168.0
15.935537148720002,107286.0,265856.0,226372.0,168.0
15.940542028477765,107273.0,265856.0,226375.0,168.0
15.94554690823553,107299.0,265840.0,226384.0,168.0
15.950551787993293,107296.0,265848.0,226374.0,168.0
15.955556667751056,107247.0,265845.0,226378.0,168.0
15.96056154750882,107313.0,265845.0,226387.0,168.0
15.965566427266584,107319.0,265833.0,226373.0,168.0
15.970571307024349,107313.0,265845.0,226363.0,168.0
15.975576186782112,107332.0,265850.0,226387.0,168.0
15.980581066539877,107306.0,265840.0,226389.0,168.0
15.98558594629764,107349.0,265846.0,226404.0,168.0
15.990590826055403,107328.0,265862.0,226412.0,168.0
15.995595705813168,107368.0,265891.0,226410.0,168.0
16.000600585570933,107341.0,265864.0,226436.0,168.0
16.005605465328696,107349.0,265872.0,226408.0,168.0
16.01061034508646,107345.0,265878.0,226407.0,168.0
16.015615224844222,107340.0,265879.0,226412.0,168.0
16.020620104601985,107376.0,265876.0,226404.0,168.0
16.02562498435975,107351.0,265873.0,226422.0,168.0
16.030629864117515,107370.0,265864.0,226423.0,168.0
16.035634743875278,107389.0,265871.0,226444.0,168.0
16.04063962363304,107446.0,265857.0,226447.0,168.0
16.045644503390804,107375.0,265870.0,226434.0,168.0
16.05064938314857,107388.0,265872.0,226422.0,168.0
16.055654262906334,107396.0,265878.0,226452.0,168.0
16.060659142664097,107419.0,265881.0,226458.0,168.0
16.06566402242186,107452.0,265887.0,226448.0,168.0
16.070668902179623,107421.0,265876.0,226446.0,168.0
16.07567378193739,107442.0,265877.0,226455.0,168.0
16.080678661695153,107443.0,265910.0,226469.0,168.0
16.085683541452916,107462.0,265901.0,226462.0,168.0
16.09068842121068,107420.0,265901.0,226477.0,168.0
16.095693300968442,107478.0,265893.0,226471.0,168.0
16.10069818072621,107476.0,265916.0,226474.0,168.0
16.10570306048397,107468.0,265884.0,226467.0,168.0
16.110707940241735,107485.0,265928.0,226503.0,168.0
16.115712819999498,107487.0,265912.0,226486.0,168.0
16.120717699757265,107512.0,265907.0,226484.0,168.0
16.125722579515028,107535.0,265941.0,226492.0,168.0
16.13072745927279,107545.0,265926.0,226489.0,168.0
16.135732339030554,107512.0,265907.0,226506.0,168.0
16.140737218788317,107527.0,265918.0,226515.0,168.0
16.145742098546084,107569.0,265947.0,226497.0,168.0
16.150746978303847,107564.0,265933.0,226507.0,168.0
16.15575185806161,107554.0,265906.0,226496.0,168.0
16.160756737819373,107552.0,265928.0,226506.0,168.0
16.165761617577136,107551.0,265921.0,226487.0,168.0
16.170766497334903,107554.0,265957.0,226508.0,168.0
16.175771377092666,107498.0,265909.0,226510.0,168.0
16.18077625685043,107539.0,265917.0,226518.0,168.0
16.185781136608192,107492.0,265897.0,226492.0,168.0
16.190786016365955,107478.0,265894.0,226486.0,168.0
16.19579089612372,107511.0,265872.0,226490.0,168.0
16.200795775881485,107451.0,265890.0,226461.0,168.0
16.205800655639248,107426.0,265904.0,226428.0,168.0
16.21080553539701,107413.0,265874.0,226416.0,168.0
16.215810415154774,107374.0,265877.0,226386.0,168.0
16.22081529491254,107339.0,265846.0,226392.0,168.0
16.225820174670304,107306.0,265844.0,226347.0,168.0
16.230825054428067,107252.0,265823.0,226317.0,168.0
16.23582993418583,107252.0,265811.0,226307.0,168.0
16.240834813943593,107215.0,265801.0,226289.0,168.0
16.24583969370136,107175.0,265801.0,226248.0,168.0
16.250844573459123,107142.0,265802.0,226270.0,168.0
16.255849453216886,107136.0,265792.0,226255.0,168.0
16.26085433297465,107120.0,265802.0,226236.0,168.0
16.265859212732412,107079.0,265789.0,226233.0,168.0
16.27086409249018,107050.0,265755.0,226237.0,168.0
16.27586897224794,107061.0,265755.0,226216.0,168.0
16.280873852005705,107064.0,265793.0,226224.0,168.0
16.285878731763468,107043.0,265745.0,226209.0,168.0
16.29088361152123,107044.0,265771.0,226206.0,168.0
16.295888491278998,107014.0,265777.0,226195.0,168.0
16.30089337103676,107042.0,265801.0,226216.0,168.0
16.305898250794524,107025.0,265778.0,226211.0,168.0
16.310903130552287,107014.0,265736.0,226223.0,168.0
16.31590801031005,107000.0,265762.0,226200.0,168.0
16.320912890067817,106998.0,265770.0,226217.0,168.0
16.32591776982558,107038.0,265792.0,226220.0,168.0
16.330922649583343,107011.0,265771.0,226208.0,168.0
16.335927529341106,107012.0,265770.0,226220.0,168.0
16.340932409098873,107042.0,265783.0,226209.0,168.0
16.345937288856636,107012.0,265776.0,226242.0,168.0
16.3509421686144,107053.0,265763.0,226223.0,168.0
16.355947048372162,107010.0,265763.0,226207.0,168.0
16.360951928129925,107036.0,265785.0,226208.0,168.0
16.36595680788769,107013.0,265789.0,226230.0,168.0
16.370961687645455,107031.0,265806.0,226213.0,168.0
16.375966567403218,107023.0,265788.0,226240.0,168.0
16.38097144716098,107046.0,265776.0,226244.0,168.0
16.385976326918744,107043.0,265782.0,226221.0,168.0
16.39098120667651,107045.0,265792.0,226248.0,168.0
16.395986086434274,107069.0,265815.0,226269.0,168.0
16.400990966192037,107107.0,265805.0,226255.0,168.0
16.4059958459498,107115.0,265786.0,226279.0,168.0
16.411000725707563,107092.0,265813.0,226281.0,168.0
16.41600560546533,107116.0,265823.0,226274.0,168.0
16.421010485223093,107121.0,265818.0,226278.0,168.0
16.426015364980856,107133.0,265823.0,226275.0,168.0
16.43102024473862,107122.0,265803.0,226277.0,168.0
16.436025124496382,107114.0,265826.0,226287.0,168.0
16.44103000425415,107168.0,265822.0,226275.0,168.0
16.44603488401191,107157.0,265837.0,226319.0,168.0
16.451039763769675,107162.0,265823.0,226325.0,168.0
16.456044643527438,107168.0,265839.0,226315.0,168.0
16.4610495232852,107184.0,265852.0,226328.0,168.0
16.466054403042968,107190.0,265853.0,226315.0,168.0
16.47105928280073,107185.0,265821.0,226328.0,168.0
16.476064162558494,107175.0,265837.0,226344.0,168.0
16.481069042316257,107198.0,265829.0,226330.0,168.0
16.48607392207402,107174.0,265847.0,226320.0,168.0
16.491078801831787,107192.0,265832.0,226336.0,168.0
16.49608368158955,107172.0,265851.0,226330.0,168.0
16.501088561347313,107195.0,265831.0,226343.0,168.0
16.506093441105076,107189.0,265858.0,226339.0,168.0
16.51109832086284,107197.0,265840.0,226341.0,168.0
16.516103200620606,107205.0,265833.0,226321.0,168.0
16.52110808037837,107211.0,265817.0,226331.0,168.0
16.526112960136132,107238.0,265857.0,226342.0,168.0
16.531117839893895,107190.0,265827.0,226340.0,168.0
16.536122719651658,107195.0,265851.0,226352.0,168.0
16.541127599409425,107211.0,265849.0,226340.0,168.0
16.546132479167188,107204.0,265868.0,226338.0,168.0
16.55113735892495,107238.0,265869.0,226359.0,168.0
16.556142238682714,107218.0,265875.0,226356.0,168.0
16.56114711844048,107208.0,265870.0,226334.0,168.0
16.566151998198244,107210.0,265886.0,226354.0,168.0
16.571156877956007,107237.0,265879.0,226367.0,168.0
16.57616175771377,107210.0,265868.0,226369.0,168.0
16.581166637471533,107266.0,265876.0,226364.0,168.0
16.5861715172293,107238.0,265898.0,226367.0,168.0
16.591176396987063,107259.0,265879.0,226367.0,168.0
16.596181276744826,107251.0,265882.0,226371.0,168.0
16.60118615650259,107273.0,265879.0,226373.0,168.0
16.606191036260352,107266.0,265883.0,226375.0,168.0
16.61119591601812,107294.0,265911.0,226403.0,168.0
16.61620079577588,107284.0,265894.0,226396.0,168.0
16.621205675533645,107304.0,265922.0,226414.0,168.0
16.626210555291408,107315.0,265930.0,226411.0,168.0
16.63121543504917,107297.0,265905.0,226421.0,168.0
16.636220314806938,107297.0,265935.0,226418.0,168.0
16.6412251945647,107323.0,265940.0,226429.0,168.0
16.646230074322464,107335.0,265923.0,226443.0,168.0
16.651234954080227,107349.0,265940.0,226423.0,168.0
16.65623983383799,107323.0,265931.0,226427.0,168.0
16.661244713595757,107359.0,265919.0,226428.0,168.0
16.66624959335352,107363.0,265939.0,226435.0,168.0
16.671254473111283,107360.0,265966.0,226443.0,168.0
16.676259352869046,107359.0,265937.0,226467.0,168.0
16.68126423262681,107353.0,265931.0,226456.0,168.0
16.686269112384576,107411.0,265966.0,226461.0,168.0
16.69127399214234,107381.0,265954.0,226475.0,168.0
16.696278871900102,107402.0,265947.0,226481.0,168.0
16.701283751657865,107393.0,265987.0,226491.0,168.0
16.706288631415628,107413.0,265955.0,226480.0,168.0
16.711293511173395,107438.0,265945.0,226495.0,168.0
16.716298390931158,107432.0,265961.0,226477.0,168.0
16.72130327068892,107439.0,265972.0,226495.0,168.0
16.726308150446684,107452.0,265967.0,226482.0,168.0
16.731313030204447,107500.0,265958.0,226508.0,168.0
16.736317909962214,107481.0,265965.0,226501.0,168.0
16.741322789719977,107451.0,265989.0,226499.0,168.0
16.74632766947774,107494.0,265955.0,226508.0,168.0
16.751332549235503,107493.0,265982.0,226513.0,168.0
16.75633742899327,107526.0,265990.0,226517.0,168.0
16.761342308751033,107504.0,265980.0,226519.0,168.0
16.766347188508796,107528.0,266002.0,226524.0,168.0
16.77135206826656,107536.0,266002.0,226523.0,168.0
16.776356948024322,107520.0,265975.0,226533.0,168.0
16.78136182778209,107550.0,265991.0,226542.0,168.0
16.78636670753985,107554.0,265987.0,226550.0,168.0
16.791371587297615,107560.0,265983.0,226559.0,168.0
16.796376467055378,107546.0,265986.0,226548.0,168.0
16.80138134681314,107577.0,266015.0,226573.0,168.0
16.806386226570908,107617.0,265991.0,226555.0,168.0
16.81139110632867,107591.0,266018.0,226571.0,168.0
16.816395986086434,107589.0,266015.0,226561.0,168.0
16.821400865844197,107591.0,265974.0,226578.0,168.0
16.82640574560196,107584.0,266027.0,226603.0,168.0
16.831410625359727,107607.0,266016.0,226589.0,168.0
16.83641550511749,107634.0,266014.0,226585.0,168.0
16.841420384875253,107611.0,266026.0,226568.0,168.0
16.846425264633016,107686.0,266029.0,226589.0,168.0
16.85143014439078,107627.0,266033.0,226603.0,168.0
16.856435024148546,107657.0,266020.0,226590.0,168.0
16.86143990390631,107631.0,266040.0,226589.0,168.0
16.866444783664072,107626.0,266028.0,226588.0,168.0
16.871449663421835,107643.0,266025.0,226588.0,168.0
16.876454543179598,107636.0,266016.0,226585.0,168.0
16.881459422937365,107583.0,266023.0,226569.0,168.0
16.886464302695128,107587.0,266006.0,226550.0,168.0
16.89146918245289,107546.0,265992.0,226538.0,168.0
16.896474062210654,107542.0,265990.0,226500.0,168.0
16.901478941968417,107487.0,265962.0,226458.0,168.0
16.906483821726184,107425.0,265971.0,226480.0,168.0
16.911488701483947,107394.0,265970.0,226419.0,168.0
16.91649358124171,107388.0,265954.0,226410.0,168.0
16.921498460999473,107321.0,265949.0,226401.0,168.0
16.926503340757236,107275.0,265933.0,226361.0,168.0
16.931508220515003,107292.0,265926.0,226355.0,168.0
16.936513100272766,107239.0,265927.0,226334.0,168.0
16.94151798003053,107226.0,265922.0,226299.0,168.0
16.946522859788292,107217.0,265925.0,226314.0,168.0
16.951527739546055,107169.0,265893.0,226303.0,168.0
16.95653261930382,107144.0,265905.0,226311.0,168.0
16.961537499061585,107132.0,265882.0,226283.0,168.0
16.966542378819348,107147.0,265932.0,226295.0,168.0
16.97154725857711,107144.0,265911.0,226292.0,168.0
16.976552138334878,107096.0,265879.0,226274.0,168.0
16.98155701809264,107114.0,265911.0,226296.0,168.0
16.986561897850404,107129.0,265904.0,226289.0,168.0
16.991566777608167,107093.0,265915.0,226289.0,168.0
16.99657165736593,107085.0,265933.0,226277.0,168.0
17.001576537123697,107110.0,265918.0,226288.0,168.0
17.00658141688146,107136.0,265907.0,226296.0,168.0
17.011586296639223,107119.0,265913.0,226310.0,168.0
17.016591176396986,107142.0,265910.0,226313.0,168.0
17.02159605615475,107121.0,265900.0,226298.0,168.0
17.026600935912516,107112.0,265907.0,226305.0,168.0
17.03160581567028,107124.0,265930.0,226321.0,168.0
17.036610695428042,107152.0,265950.0,226298.0,168.0
17.041615575185805,107118.0,265893.0,226323.0,168.0
17.046620454943568,107118.0,265914.0,226303.0,168.0
17.051625334701335,107142.0,265917.0,226316.0,168.0
17.056630214459098,107163.0,265899.0,226301.0,168.0
17.06163509421686,107119.0,265907.0,226315.0,168.0
17.066639973974624,107150.0,265924.0,226325.0,168.0
17.071644853732387,107153.0,265928.0,226330.0,168.0
17.076649733490154,107174.0,265892.0,226322.0,168.0
17.081654613247917,107174.0,265945.0,226314.0,168.0
17.08665949300568,107184.0,265915.0,226356.0,168.0
17.091664372763443,107202.0,265929.0,226330.0,168.0
17.096669252521206,107201.0,265931.0,226351.0,168.0
17.101674132278973,107228.0,265953.0,226345.0,168.0
17.106679012036736,107215.0,265926.0,226379.0,168.0
17.1116838917945,107255.0,265940.0,226384.0,168.0
17.116688771552262,107244.0,265958.0,226385.0,168.0
17.121693651310025,107272.0,265979.0,226386.0,168.0
17.12669853106779,107307.0,265954.0,226376.0,168.0
17.131703410825555,107271.0,265956.0,226395.0,168.0
17.136708290583318,107294.0,265960.0,226414.0,168.0
17.14171317034108,107303.0,265982.0,226398.0,168.0
17.146718050098844,107323.0,265980.0,226393.0,168.0
17.15172292985661,107308.0,265974.0,226416.0,168.0
17.156727809614374,107347.0,266005.0,226447.0,168.0
17.161732689372137,107313.0,265973.0,226432.0,168.0
17.1667375691299,107332.0,265963.0,226434.0,168.0
17.171742448887667,107331.0,265957.0,226430.0,168.0
17.17674732864543,107345.0,265971.0,226411.0,168.0
17.181752208403193,107340.0,265980.0,226410.0,168.0
17.186757088160956,107346.0,265966.0,226442.0,168.0
17.19176196791872,107358.0,265970.0,226424.0,168.0
17.196766847676486,107368.0,265965.0,226408.0,168.0
17.20177172743425,107330.0,265968.0,226432.0,168.0
17.206776607192012,107364.0,265973.0,226415.0,168.0
17.211781486949775,107355.0,265964.0,226406.0,168.0
17.216786366707538,107356.0,265950.0,226418.0,168.0
17.221791246465305,107356.0,265960.0,226422.0,168.0
17.226796126223068,107348.0,265933.0,226405.0,168.0
17.23180100598083,107345.0,265954.0,226421.0,168.0
17.236805885738594,107345.0,265960.0,226413.0,168.0
17.241810765496357,107347.0,265954.0,226430.0,168.0
17.246815645254124,107329.0,265955.0,226404.0,168.0
17.251820525011887,107358.0,265951.0,226423.0,168.0
17.25682540476965,107334.0,265970.0,226402.0,168.0
17.261830284527413,107365.0,265937.0,226404.0,168.0
17.266835164285176,107396.0,265972.0,226439.0,168.0
17.271840044042943,107411.0,265976.0,226423.0,168.0
17.276844923800706,107365.0,265962.0,226415.0,168.0
17.28184980355847,107382.0,265938.0,226447.0,168.0
17.286854683316232,107366.0,265962.0,226431.0,168.0
17.291859563073995,107417.0,265945.0,226427.0,168.0
17.29686444283176,107409.0,265963.0,226445.0,168.0
17.301869322589525,107435.0,265958.0,226448.0,168.0
17.306874202347288,107427.0,265968.0,226455.0,168.0
17.31187908210505,107449.0,265976.0,226477.0,168.0
17.316883961862814,107442.0,265961.0,226453.0,168.0
17.32188884162058,107451.0,265971.0,226458.0,168.0
17.326893721378344,107444.0,265941.0,226469.0,168.0
17.331898601136107,107460.0,265982.0,226468.0,168.0
17.33690348089387,107464.0,265967.0,226477.0,168.0
17.341908360651633,107475.0,265976.0,226468.0,168.0
17.3469132404094,107486.0,265976.0,226498.0,168.0
17.351918120167163,107468.0,265981.0,226477.0,168.0
17.356922999924926,107503.0,265983.0,226474.0,168.0
17.36192787968269,107476.0,265983.0,226483.0,168.0
17.366932759440452,107487.0,265971.0,226490.0,168.0
17.37193763919822,107489.0,265982.0,226483.0,168.0
17.376942518955982,107500.0,265968.0,226509.0,168.0
17.381947398713745,107504.0,265984.0,226497.0,168.0
17.386952278471508,107533.0,265980.0,226505.0,168.0
17.391957158229275,107556.0,265993.0,226512.0,168.0
17.396962037987038,107575.0,265965.0,226518.0,168.0
17.4019669177448,107552.0,266007.0,226499.0,168.0
17.406971797502564,107572.0,265999.0,226530.0,168.0
17.411976677260327,107574.0,265996.0,226515.0,168.0
17.416981557018094,107575.0,266010.0,226537.0,168.0
17.421986436775857,107578.0,266007.0,226541.0,168.0
17.42699131653362,107606.0,265987.0,226536.0,168.0
17.431996196291383,107601.0,265972.0,226516.0,168.0
17.437001076049146,107596.0,266002.0,226531.0,168.0
17.442005955806913,107610.0,266011.0,226537.0,168.0
17.447010835564676,107606.0,265972.0,226545.0,168.0
17.45201571532244,107606.0,265999.0,226551.0,168.0
17.457020595080202,107590.0,265993.0,226560.0,168.0
17.462025474837965,107625.0,265997.0,226552.0,168.0
17.46703035459573,107650.0,265969.0,226563.0,168.0
17.472035234353495,107630.0,265970.0,226561.0,168.0
17.477040114111258,107656.0,265987.0,226570.0,168.0
17.48204499386902,107661.0,266006.0,226561.0,168.0
17.487049873626784,107661.0,266005.0,226566.0,168.0
17.49205475338455,107664.0,265989.0,226548.0,168.0
17.497059633142314,107692.0,265996.0,226579.0,168.0
17.502064512900077,107635.0,265989.0,226586.0,168.0
17.50706939265784,107684.0,265994.0,226587.0,168.0
17.512074272415603,107687.0,266007.0,226578.0,168.0
17.51707915217337,107676.0,265983.0,226591.0,168.0
17.522084031931133,107674.0,265985.0,226571.0,168.0
17.527088911688896,107700.0,265969.0,226599.0,168.0
17.53209379144666,107702.0,265966.0,226565.0,168.0
17.537098671204422,107708.0,265996.0,226587.0,168.0
17.54210355096219,107697.0,266015.0,226583.0,168.0
17.547108430719952,107710.0,266009.0,226567.0,168.0
17.552113310477715,107721.0,266000.0,226578.0,168.0
17.557118190235478,107686.0,265976.0,226579.0,168.0
17.56212306999324,107661.0,265982.0,226560.0,168.0
17.567127949751008,107662.0,265991.0,226567.0,168.0
17.57213282950877,107624.0,265994.0,226538.0,168.0
17.577137709266534,107631.0,265982.0,226537.0,168.0
17.582142589024297,107598.0,265991.0,226497.0,168.0
17.58714746878206,107611.0,265960.0,226469.0,168.0
17.592152348539827,107529.0,265961.0,226472.0,168.0
17.59715722829759,107504.0,265932.0,226428.0,168.0
17.602162108055353,107457.0,265893.0,226404.0,168.0
17.607166987813116,107436.0,265908.0,226376.0,168.0
17.612171867570883,107377.0,265891.0,226371.0,168.0
17.617176747328646,107349.0,265884.0,226337.0,168.0
17.62218162708641,107313.0,265888.0,226326.0,168.0
17.627186506844172,107280.0,265869.0,226293.0,168.0
17.632191386601935,107262.0,265875.0,226311.0,168.0
17.6371962663597,107233.0,265873.0,226297.0,168.0
17.642201146117465,107182.0,265866.0,226280.0,168.0
17.647206025875228,107212.0,265848.0,226268.0,168.0
17.65221090563299,107182.0,265860.0,226275.0,168.0
17.657215785390754,107189.0,265867.0,226257.0,168.0
17.66222066514852,107156.0,265843.0,226237.0,168.0
17.667225544906284,107134.0,265836.0,226259.0,168.0
17.672230424664047,107167.0,265838.0,226273.0,168.0
17.67723530442181,107158.0,265862.0,226244.0,168.0
17.682240184179573,107125.0,265823.0,226246.0,168.0
17.68724506393734,107175.0,265887.0,226242.0,168.0
17.692249943695103,107123.0,265850.0,226268.0,168.0
17.697254823452866,107160.0,265837.0,226261.0,168.0
17.70225970321063,107116.0,265844.0,226254.0,168.0
17.707264582968392,107144.0,265868.0,226246.0,168.0
17.71226946272616,107125.0,265862.0,226255.0,168.0
17.717274342483922,107133.0,265853.0,226247.0,168.0
17.722279222241685,107139.0,265852.0,226259.0,168.0
17.727284101999448,107142.0,265885.0,226244.0,168.0
17.73228898175721,107152.0,265847.0,226261.0,168.0
17.737293861514978,107134.0,265892.0,226257.0,168.0
17.74229874127274,107133.0,265870.0,226272.0,168.0
17.747303621030504,107143.0,265866.0,226268.0,168.0
17.752308500788267,107156.0,265869.0,226261.0,168.0
17.75731338054603,107185.0,265875.0,226272.0,168.0
17.762318260303797,107184.0,265866.0,226276.0,168.0
17.76732314006156,107189.0,265868.0,226292.0,168.0
17.772328019819323,107207.0,265854.0,226291.0,168.0
17.777332899577086,107198.0,265876.0,226304.0,168.0
17.78233777933485,107194.0,265856.0,226289.0,168.0
17.787342659092616,107229.0,265877.0,226319.0,168.0
17.79234753885038,107249.0,265909.0,226313.0,168.0
17.797352418608142,107228.0,265906.0,226342.0,168.0
17.802357298365905,107267.0,265883.0,226317.0,168.0
17.80736217812367,107255.0,265887.0,226336.0,168.0
17.812367057881435,107296.0,265909.0,226359.0,168.0
17.817371937639198,107291.0,265891.0,226345.0,168.0
17.82237681739696,107276.0,265913.0,226354.0,168.0
17.827381697154724,107299.0,265904.0,226374.0,168.0
17.83238657691249,107326.0,265919.0,226352.0,168.0
17.837391456670254,107308.0,265882.0,226358.0,168.0
17.842396336428017,107311.0,265879.0,226364.0,168.0
17.84740121618578,107309.0,265908.0,226361.0,168.0
17.852406095943543,107313.0,265864.0,226392.0,168.0
17.85741097570131,107327.0,265879.0,226362.0,168.0
17.862415855459073,107309.0,265885.0,226358.0,168.0
17.867420735216836,107279.0,265888.0,226379.0,168.0
17.8724256149746,107345.0,265894.0,226364.0,168.0
17.877430494732362,107335.0,265880.0,226344.0,168.0
17.88243537449013,107310.0,265908.0,226355.0,168.0
17.887440254247892,107311.0,265895.0,226341.0,168.0
17.892445134005655,107321.0,265896.0,226347.0,168.0
17.897450013763418,107320.0,265883.0,226365.0,168.0
17.90245489352118,107354.0,265892.0,226354.0,168.0
17.907459773278948,107319.0,265893.0,226340.0,168.0
17.91246465303671,107317.0,265872.0,226338.0,168.0
17.917469532794474,107307.0,265893.0,226332.0,168.0
17.922474412552237,107324.0,265893.0,226351.0,168.0
17.92747929231,107306.0,265875.0,226352.0,168.0
17.932484172067767,107312.0,265854.0,226339.0,168.0
17.93748905182553,107314.0,265861.0,226358.0,168.0
17.942493931583293,107319.0,265873.0,226351.0,168.0
17.947498811341056,107320.0,265857.0,226343.0,168.0
17.95250369109882,107342.0,265887.0,226348.0,168.0
17.957508570856586,107310.0,265862.0,226349.0,168.0
17.96251345061435,107345.0,265848.0,226345.0,168.0
17.967518330372112,107328.0,265846.0,226352.0,168.0
17.972523210129875,107342.0,265839.0,226355.0,168.0
17.977528089887638,107342.0,265867.0,226370.0,168.0
17.982532969645405,107344.0,265867.0,226366.0,168.0
17.987537849403168,107320.0,265859.0,226363.0,168.0
17.99254272916093,107375.0,265853.0,226363.0,168.0
17.997547608918694,107357.0,265853.0,226372.0,168.0
18.002552488676457,107350.0,265853.0,226367.0,168.0
18.007557368434224,107361.0,265857.0,226369.0,168.0
18.012562248191987,107362.0,265857.0,226370.0,168.0
18.01756712794975,107395.0,265887.0,226390.0,168.0
18.022572007707513,107402.0,265877.0,226381.0,168.0
18.02757688746528,107356.0,265882.0,226407.0,168.0
18.032581767223043,107422.0,265897.0,226394.0,168.0
18.037586646980806,107414.0,265898.0,226391.0,168.0
18.04259152673857,107430.0,265870.0,226403.0,168.0
18.047596406496332,107425.0,265887.0,226401.0,168.0
18.0526012862541,107435.0,265871.0,226404.0,168.0
18.057606166011862,107446.0,265912.0,226420.0,168.0
18.062611045769625,107454.0,265877.0,226419.0,168.0
18.067615925527388,107446.0,265850.0,226411.0,168.0
18.07262080528515,107430.0,265876.0,226418.0,168.0
18.077625685042918,107444.0,265880.0,226426.0,168.0
18.08263056480068,107469.0,265880.0,226411.0,168.0
18.087635444558444,107511.0,265867.0,226420.0,168.0
18.092640324316207,107490.0,265867.0,226429.0,168.0
18.09764520407397,107497.0,265867.0,226419.0,168.0
18.102650083831737,107507.0,265863.0,226431.0,168.0
18.1076549635895,107458.0,265877.0,226434.0,168.0
18.112659843347263,107510.0,265878.0,226439.0,168.0
18.117664723105026,107480.0,265888.0,226444.0,168.0
18.12266960286279,107510.0,265877.0,226453.0,168.0
18.127674482620556,107531.0,265920.0,226463.0,168.0
18.13267936237832,107526.0,265874.0,226446.0,168.0
18.137684242136082,107508.0,265879.0,226456.0,168.0
18.142689121893845,107531.0,265875.0,226462.0,168.0
18.147694001651608,107549.0,265882.0,226441.0,168.0
18.152698881409375,107544.0,265888.0,226461.0,168.0
18.157703761167138,107543.0,265890.0,226466.0,168.0
18.1627086409249,107566.0,265898.0,226448.0,168.0
18.167713520682664,107534.0,265915.0,226459.0,168.0
18.172718400440427,107558.0,265922.0,226463.0,168.0
18.177723280198194,107566.0,265896.0,226477.0,168.0
18.182728159955957,107564.0,265902.0,226472.0,168.0
18.18773303971372,107568.0,265920.0,226454.0,168.0
18.192737919471483,107597.0,265932.0,226460.0,168.0
18.197742799229246,107589.0,265899.0,226473.0,168.0
18.202747678987013,107602.0,265918.0,226463.0,168.0
18.207752558744776,107626.0,265910.0,226460.0,168.0
18.21275743850254,107595.0,265909.0,226471.0,168.0
18.217762318260302,107619.0,265923.0,226471.0,168.0
18.22276719801807,107627.0,265933.0,226475.0,168.0
18.227772077775832,107593.0,265921.0,226492.0,168.0
18.232776957533595,107579.0,265924.0,226472.0,168.0
18.237781837291358,107583.0,265924.0,226477.0,168.0
18.24278671704912,107568.0,265898.0,226447.0,168.0
18.247791596806888,107561.0,265909.0,226449.0,168.0
18.25279647656465,107557.0,265909.0,226450.0,168.0
18.257801356322414,107518.0,265903.0,226426.0,168.0
18.262806236080177,107483.0,265896.0,226402.0,168.0
18.26781111583794,107441.0,265880.0,226372.0,168.0
18.272815995595707,107438.0,265837.0,226364.0,168.0
18.27782087535347,107388.0,265832.0,226330.0,168.0
18.282825755111233,107328.0,265856.0,226320.0,168.0
18.287830634868996,107302.0,265820.0,226271.0,168.0
18.29283551462676,107269.0,265825.0,226242.0,168.0
18.297840394384526,107225.0,265806.0,226232.0,168.0
18.30284527414229,107190.0,265783.0,226222.0,168.0
18.307850153900052,107157.0,265790.0,226211.0,168.0
18.312855033657815,107171.0,265809.0,226171.0,168.0
18.317859913415578,107127.0,265767.0,226186.0,168.0
18.322864793173345,107107.0,265756.0,226167.0,168.0
18.327869672931108,107091.0,265776.0,226176.0,168.0
18.33287455268887,107048.0,265779.0,226173.0,168.0
18.337879432446634,107055.0,265764.0,226162.0,168.0
18.342884312204397,107056.0,265759.0,226162.0,168.0
18.347889191962164,107063.0,265752.0,226155.0,168.0
18.352894071719927,107052.0,265775.0,226167.0,168.0
18.35789895147769,107078.0,265770.0,226198.0,168.0
18.362903831235453,107093.0,265751.0,226185.0,168.0
18.367908710993216,107074.0,265762.0,226165.0,168.0
18.372913590750983,107068.0,265757.0,226146.0,168.0
18.377918470508746,107072.0,265771.0,226156.0,168.0
18.38292335026651,107080.0,265804.0,226162.0,168.0
18.387928230024272,107052.0,265781.0,226180.0,168.0
18.392933109782035,107112.0,265779.0,226182.0,168.0
18.397937989539802,107062.0,265818.0,226192.0,168.0
18.402942869297565,107064.0,265790.0,226183.0,168.0
18.407947749055328,107064.0,265764.0,226164.0,168.0
18.41295262881309,107081.0,265799.0,226186.0,168.0
18.417957508570854,107082.0,265800.0,226183.0,168.0
18.42296238832862,107090.0,265801.0,226198.0,168.0
18.427967268086384,107088.0,265810.0,226197.0,168.0
18.432972147844147,107120.0,265796.0,226187.0,168.0
18.43797702760191,107094.0,265788.0,226208.0,168.0
18.442981907359677,107125.0,265795.0,226211.0,168.0
18.44798678711744,107137.0,265831.0,226231.0,168.0
18.452991666875203,107132.0,265804.0,226227.0,168.0
18.457996546632966,107135.0,265805.0,226243.0,168.0
18.46300142639073,107176.0,265818.0,226241.0,168.0
18.468006306148496,107169.0,265790.0,226229.0,168.0
18.47301118590626,107190.0,265837.0,226260.0,168.0
18.478016065664022,107213.0,265853.0,226274.0,168.0
18.483020945421785,107202.0,265849.0,226263.0,168.0
18.488025825179548,107213.0,265840.0,226262.0,168.0
18.493030704937315,107229.0,265851.0,226297.0,168.0
18.498035584695078,107238.0,265828.0,226287.0,168.0
18.50304046445284,107241.0,265864.0,226290.0,168.0
18.508045344210604,107254.0,265836.0,226291.0,168.0
18.513050223968367,107265.0,265847.0,226281.0,168.0
18.518055103726134,107277.0,265828.0,226302.0,168.0
18.523059983483897,107269.0,265860.0,226293.0,168.0
18.52806486324166,107238.0,265857.0,226280.0,168.0
18.533069742999423,107233.0,265831.0,226314.0,168.0
18.538074622757186,107283.0,265841.0,226307.0,168.0
18.543079502514953,107228.0,265832.0,226290.0,168.0
18.548084382272716,107269.0,265825.0,226267.0,168.0
18.55308926203048,107274.0,265835.0,226277.0,168.0
18.558094141788242,107237.0,265840.0,226282.0,168.0
18.563099021546005,107256.0,265844.0,226297.0,168.0
18.568103901303772,107234.0,265807.0,226278.0,168.0
18.573108781061535,107236.0,265837.0,226266.0,168.0
18.578113660819298,107276.0,265825.0,226267.0,168.0
18.58311854057706,107249.0,265840.0,226282.0,168.0
18.588123420334824,107231.0,265843.0,226294.0,168.0
18.59312830009259,107265.0,265831.0,226270.0,168.0
18.598133179850354,107245.0,265853.0,226268.0,168.0
18.603138059608117,107248.0,265848.0,226270.0,168.0
18.60814293936588,107266.0,265846.0,226274.0,168.0
18.613147819123643,107274.0,265824.0,226270.0,168.0
18.61815269888141,107246.0,265820.0,226256.0,168.0
18.623157578639173,107245.0,265812.0,226267.0,168.0
18.628162458396936,107273.0,265806.0,226287.0,168.0
18.6331673381547,107204.0,265823.0,226299.0,168.0
18.638172217912462,107275.0,265813.0,226279.0,168.0
18.64317709767023,107288.0,265818.0,226306.0,168.0
18.648181977427992,107229.0,265827.0,226272.0,168.0
18.653186857185755,107255.0,265849.0,226310.0,168.0
18.658191736943518,107262.0,265816.0,226281.0,168.0
18.663196616701285,107277.0,265823.0,226288.0,168.0
18.668201496459048,107278.0,265805.0,226313.0,168.0
18.67320637621681,107310.0,265833.0,226296.0,168.0
18.678211255974574,107293.0,265842.0,226309.0,168.0
18.683216135732337,107304.0,265848.0,226315.0,168.0
18.688221015490104,107304.0,265841.0,226316.0,168.0
18.693225895247867,107296.0,265841.0,226307.0,168.0
18.69823077500563,107303.0,265867.0,226302.0,168.0
18.703235654763393,107334.0,265836.0,226308.0,168.0
18.708240534521156,107329.0,265824.0,226297.0,168.0
18.713245414278923,107347.0,265869.0,226309.0,168.0
18.718250294036686,107299.0,265851.0,226318.0,168.0
18.72325517379445,107328.0,265844.0,226320.0,168.0
18.728260053552212,107308.0,265862.0,226326.0,168.0
18.733264933309975,107345.0,265873.0,226332.0,168.0
18.738269813067742,107389.0,265828.0,226332.0,168.0
18.743274692825505,107366.0,265847.0,226355.0,168.0
18.748279572583268,107394.0,265832.0,226343.0,168.0
18.75328445234103,107356.0,265854.0,226329.0,168.0
18.758289332098794,107387.0,265843.0,226353.0,168.0
18.76329421185656,107386.0,265875.0,226381.0,168.0
18.768299091614324,107387.0,265845.0,226357.0,168.0
18.773303971372087,107409.0,265856.0,226364.0,168.0
18.77830885112985,107401.0,265828.0,226360.0,168.0
18.783313730887613,107430.0,265861.0,226354.0,168.0
18.78831861064538,107424.0,265894.0,226376.0,168.0
18.793323490403143,107402.0,265872.0,226378.0,168.0
18.798328370160906,107457.0,265865.0,226387.0,168.0
18.80333324991867,107425.0,265878.0,226380.0,168.0
18.808338129676432,107425.0,265862.0,226393.0,168.0
18.8133430094342,107429.0,265870.0,226376.0,168.0
18.818347889191962,107449.0,265872.0,226397.0,168.0
18.823352768949725,107453.0,265866.0,226384.0,168.0
18.828357648707488,107449.0,265856.0,226383.0,168.0
18.83336252846525,107472.0,265870.0,226392.0,168.0
18.838367408223018,107460.0,265869.0,226405.0,168.0
18.84337228798078,107456.0,265875.0,226407.0,168.0
18.848377167738544,107442.0,265894.0,226388.0,168.0
18.853382047496307,107474.0,265894.0,226407.0,168.0
18.858386927254074,107499.0,265898.0,226403.0,168.0
18.863391807011837,107505.0,265902.0,226432.0,168.0
18.8683966867696,107498.0,265916.0,226406.0,168.0
18.873401566527363,107521.0,265908.0,226415.0,168.0
18.878406446285126,107486.0,265887.0,226439.0,168.0
18.883411326042893,107500.0,265899.0,226428.0,168.0
18.888416205800656,107481.0,265899.0,226428.0,168.0
18.89342108555842,107473.0,265883.0,226417.0,168.0
18.898425965316182,107515.0,265902.0,226426.0,168.0
18.903430845073945,107483.0,265916.0,226427.0,168.0
18.908435724831712,107469.0,265862.0,226407.0,168.0
18.913440604589475,107463.0,265912.0,226435.0,168.0
18.918445484347238,107444.0,265869.0,226401.0,168.0
18.923450364105,107421.0,265883.0,226361.0,168.0
18.928455243862764,107406.0,265859.0,226354.0,168.0
18.93346012362053,107387.0,265845.0,226338.0,168.0
18.938465003378294,107381.0,265840.0,226312.0,168.0
18.943469883136057,107318.0,265833.0,226308.0,168.0
18.94847476289382,107293.0,265832.0,226272.0,168.0
18.953479642651583,107252.0,265832.0,226248.0,168.0
18.95848452240935,107198.0,265821.0,226222.0,168.0
18.963489402167113,107193.0,265784.0,226211.0,168.0
18.968494281924876,107151.0,265795.0,226187.0,168.0
18.97349916168264,107094.0,265779.0,226150.0,168.0
18.978504041440402,107074.0,265769.0,226149.0,168.0
18.98350892119817,107076.0,265779.0,226155.0,168.0
18.988513800955932,107049.0,265738.0,226125.0,168.0
18.993518680713695,107042.0,265744.0,226120.0,168.0
18.998523560471458,107025.0,265781.0,226122.0,168.0
19.00352844022922,107021.0,265755.0,226082.0,168.0
19.008533319986988,106998.0,265742.0,226136.0,168.0
19.01353819974475,107001.0,265766.0,226115.0,168.0
19.018543079502514,106972.0,265749.0,226113.0,168.0
19.023547959260277,107008.0,265745.0,226123.0,168.0
19.02855283901804,106992.0,265769.0,226101.0,168.0
19.033557718775807,106976.0,265758.0,226115.0,168.0
19.03856259853357,106977.0,265748.0,226110.0,168.0
19.043567478291333,106995.0,265747.0,226122.0,168.0
19.048572358049096,106982.0,265766.0,226128.0,168.0
19.05357723780686,106981.0,265758.0,226130.0,168.0
19.058582117564626,106985.0,265777.0,226115.0,168.0
19.06358699732239,106987.0,265760.0,226126.0,168.0
19.068591877080152,106991.0,265753.0,226130.0,168.0
19.073596756837915,106956.0,265737.0,226125.0,168.0
19.078601636595682,106975.0,265782.0,226113.0,168.0
19.083606516353445,106980.0,265766.0,226139.0,168.0
19.088611396111208,106975.0,265788.0,226123.0,168.0
19.09361627586897,106996.0,265764.0,226132.0,168.0
19.098621155626734,106992.0,265771.0,226146.0,168.0
19.1036260353845,107006.0,265765.0,226169.0,168.0
19.108630915142264,106985.0,265777.0,226142.0,168.0
19.113635794900027,107005.0,265787.0,226150.0,168.0
19.11864067465779,107018.0,265774.0,226169.0,168.0
19.123645554415553,107008.0,265767.0,226161.0,168.0
19.12865043417332,107026.0,265788.0,226154.0,168.0
19.133655313931083,107050.0,265783.0,226167.0,168.0
19.138660193688846,107075.0,265793.0,226199.0,168.0
19.14366507344661,107071.0,265807.0,226182.0,168.0
19.148669953204372,107091.0,265812.0,226201.0,168.0
19.15367483296214,107071.0,265824.0,226175.0,168.0
19.158679712719902,107107.0,265823.0,226201.0,168.0
19.163684592477665,107092.0,265809.0,226217.0,168.0
19.168689472235428,107124.0,265817.0,226210.0,168.0
19.17369435199319,107151.0,265823.0,226204.0,168.0
19.178699231750958,107121.0,265798.0,226215.0,168.0
19.18370411150872,107107.0,265798.0,226224.0,168.0
19.188708991266484,107153.0,265837.0,226237.0,168.0
19.193713871024247,107165.0,265818.0,226245.0,168.0
19.19871875078201,107162.0,265796.0,226249.0,168.0
19.203723630539777,107132.0,265850.0,226240.0,168.0
19.20872851029754,107143.0,265807.0,226259.0,168.0
19.213733390055303,107148.0,265832.0,226245.0,168.0
19.218738269813066,107138.0,265826.0,226239.0,168.0
19.22374314957083,107134.0,265801.0,226230.0,168.0
19.228748029328596,107124.0,265813.0,226251.0,168.0
19.23375290908636,107127.0,265813.0,226252.0,168.0
19.238757788844122,107136.0,265787.0,226232.0,168.0
19.243762668601885,107135.0,265796.0,226250.0,168.0
19.24876754835965,107132.0,265788.0,226249.0,168.0
19.253772428117415,107135.0,265787.0,226256.0,168.0
19.258777307875178,107148.0,265785.0,226258.0,168.0
19.26378218763294,107141.0,265792.0,226271.0,168.0
19.268787067390704,107133.0,265790.0,226259.0,168.0
19.273791947148467,107186.0,265806.0,226258.0,168.0
19.278796826906234,107134.0,265801.0,226279.0,168.0
19.283801706663997,107146.0,265795.0,226255.0,168.0
19.28880658642176,107132.0,265802.0,226268.0,168.0
19.293811466179523,107155.0,265815.0,226300.0,168.0
19.29881634593729,107172.0,265817.0,226275.0,168.0
19.303821225695053,107171.0,265804.0,226303.0,168.0
19.308826105452816,107168.0,265818.0,226271.0,168.0
19.31383098521058,107162.0,265791.0,226271.0,168.0
19.318835864968342,107221.0,265819.0,226286.0,168.0
19.32384074472611,107186.0,265840.0,226287.0,168.0
19.328845624483872,107170.0,265832.0,226264.0,168.0
19.333850504241635,107166.0,265788.0,226292.0,168.0
19.338855383999398,107199.0,265786.0,226276.0,168.0
19.34386026375716,107198.0,265850.0,226273.0,168.0
19.348865143514928,107237.0,265817.0,226307.0,168.0
19.35387002327269,107199.0,265850.0,226286.0,168.0
19.358874903030454,107245.0,265840.0,226291.0,168.0
19.363879782788217,107217.0,265837.0,226279.0,168.0
19.36888466254598,107268.0,265834.0,226292.0,168.0
19.373889542303747,107252.0,265843.0,226286.0,168.0
19.37889442206151,107258.0,265849.0,226289.0,168.0
19.383899301819273,107259.0,265879.0,226280.0,168.0
19.388904181577036,107293.0,265866.0,226287.0,168.0
19.3939090613348,107270.0,265842.0,226298.0,168.0
19.398913941092566,107279.0,265857.0,226274.0,168.0
19.40391882085033,107311.0,265854.0,226287.0,168.0
19.408923700608092,107280.0,265837.0,226295.0,168.0
19.413928580365855,107282.0,265862.0,226282.0,168.0
19.41893346012362,107331.0,265898.0,226298.0,168.0
19.423938339881385,107318.0,265875.0,226301.0,168.0
19.428943219639148,107347.0,265881.0,226287.0,168.0
19.43394809939691,107332.0,265860.0,226300.0,168.0
19.438952979154674,107311.0,265870.0,226321.0,168.0
19.443957858912437,107340.0,265878.0,226319.0,168.0
19.448962738670204,107350.0,265881.0,226309.0,168.0
19.453967618427967,107335.0,265900.0,226297.0,168.0
19.45897249818573,107349.0,265885.0,226321.0,168.0
19.463977377943493,107365.0,265871.0,226334.0,168.0
19.468982257701256,107355.0,265864.0,226321.0,168.0
19.473987137459023,107356.0,265874.0,226324.0,168.0
19.478992017216786,107373.0,265901.0,226315.0,168.0
19.48399689697455,107388.0,265885.0,226337.0,168.0
19.489001776732312,107376.0,265916.0,226335.0,168.0
19.49400665649008,107384.0,265886.0,226346.0,168.0
19.499011536247842,107405.0,265906.0,226321.0,168.0
19.504016416005605,107392.0,265904.0,226321.0,168.0
19.509021295763368,107406.0,265891.0,226335.0,168.0
19.51402617552113,107369.0,265929.0,226359.0,168.0
19.519031055278898,107358.0,265890.0,226370.0,168.0
19.52403593503666,107406.0,265884.0,226340.0,168.0
19.529040814794424,107426.0,265905.0,226333.0,168.0
19.534045694552187,107392.0,265875.0,226353.0,168.0
19.53905057430995,107400.0,265893.0,226351.0,168.0
19.544055454067717,107425.0,265883.0,226357.0,168.0
19.54906033382548,107422.0,265905.0,226366.0,168.0
19.554065213583243,107420.0,265878.0,226371.0,168.0
19.559070093341006,107418.0,265894.0,226370.0,168.0
19.56407497309877,107450.0,265891.0,226373.0,168.0
19.569079852856536,107408.0,265876.0,226359.0,168.0
19.5740847326143,107420.0,265905.0,226375.0,168.0
19.579089612372062,107409.0,265878.0,226353.0,168.0
19.584094492129825,107400.0,265883.0,226359.0,168.0
19.58909937188759,107385.0,265865.0,226350.0,168.0
19.594104251645355,107351.0,265871.0,226340.0,168.0
19.599109131403118,107348.0,265868.0,226328.0,168.0
19.60411401116088,107304.0,265897.0,226323.0,168.0
19.609118890918644,107301.0,265874.0,226290.0,168.0
19.614123770676407,107267.0,265844.0,226259.0,168.0
19.619128650434174,107252.0,265827.0,226248.0,168.0
19.624133530191937,107178.0,265824.0,226227.0,168.0
19.6291384099497,107188.0,265806.0,226197.0,168.0
19.634143289707463,107145.0,265811.0,226176.0,168.0
19.639148169465226,107101.0,265796.0,226164.0,168.0
19.644153049222993,107079.0,265798.0,226144.0,168.0
19.649157928980756,107043.0,265757.0,226115.0,168.0
19.65416280873852,107054.0,265779.0,226109.0,168.0
19.659167688496282,107012.0,265772.0,226117.0,168.0
19.664172568254045,106989.0,265779.0,226093.0,168.0
19.669177448011812,106953.0,265777.0,226100.0,168.0
19.674182327769575,106934.0,265778.0,226105.0,168.0
19.679187207527338,106933.0,265768.0,226081.0,168.0
19.6841920872851,106922.0,265765.0,226069.0,168.0
19.689196967042864,106916.0,265766.0,226055.0,168.0
19.69420184680063,106914.0,265753.0,226078.0,168.0
19.699206726558394,106868.0,265754.0,226046.0,168.0
19.704211606316157,106892.0,265786.0,226094.0,168.0
19.70921648607392,106893.0,265748.0,226091.0,168.0
19.714221365831687,106865.0,265747.0,226066.0,168.0
19.71922624558945,106885.0,265775.0,226091.0,168.0
19.724231125347213,106899.0,265787.0,226077.0,168.0
19.729236005104976,106880.0,265797.0,226078.0,168.0
19.73424088486274,106879.0,265792.0,226085.0,168.0
19.739245764620506,106886.0,265805.0,226099.0,168.0
19.74425064437827,106906.0,265789.0,226078.0,168.0
19.749255524136032,106911.0,265801.0,226085.0,168.0
19.754260403893795,106885.0,265793.0,226069.0,168.0
19.75926528365156,106926.0,265798.0,226101.0,168.0
19.764270163409325,106908.0,265796.0,226086.0,168.0
19.769275043167088,106914.0,265779.0,226096.0,168.0
19.77427992292485,106906.0,265776.0,226102.0,168.0
19.779284802682614,106904.0,265806.0,226085.0,168.0
19.784289682440377,106945.0,265807.0,226094.0,168.0
19.789294562198144,106916.0,265808.0,226126.0,168.0
19.794299441955907,106966.0,265796.0,226118.0,168.0
19.79930432171367,106944.0,265775.0,226103.0,168.0
19.804309201471433,106939.0,265771.0,226137.0,168.0
19.809314081229196,106945.0,265792.0,226136.0,168.0
19.814318960986963,106951.0,265800.0,226141.0,168.0
19.819323840744726,106997.0,265819.0,226148.0,168.0
19.82432872050249,106961.0,265811.0,226173.0,168.0
19.829333600260252,107014.0,265824.0,226166.0,168.0
19.834338480018015,107006.0,265831.0,226158.0,168.0
19.839343359775782,107011.0,265844.0,226168.0,168.0
19.844348239533545,107034.0,265831.0,226169.0,168.0
19.849353119291308,107057.0,265820.0,226195.0,168.0
19.85435799904907,107018.0,265840.0,226177.0,168.0
19.859362878806834,107031.0,265836.0,226220.0,168.0
19.8643677585646,107038.0,265857.0,226216.0,168.0
19.869372638322364,107044.0,265878.0,226200.0,168.0
19.874377518080127,107061.0,265840.0,226188.0,168.0
19.87938239783789,107062.0,265852.0,226218.0,168.0
19.884387277595653,107089.0,265851.0,226190.0,168.0
19.88939215735342,107086.0,265861.0,226194.0,168.0
19.894397037111183,107068.0,265848.0,226208.0,168.0
19.899401916868946,107052.0,265854.0,226208.0,168.0
19.90440679662671,107101.0,265839.0,226210.0,168.0
19.909411676384476,107081.0,265851.0,226223.0,168.0
19.91441655614224,107053.0,265847.0,226200.0,168.0
19.919421435900002,107073.0,265842.0,226200.0,168.0
19.924426315657765,107091.0,265843.0,226189.0,168.0
19.92943119541553,107066.0,265855.0,226202.0,168.0
19.934436075173295,107062.0,265841.0,226200.0,168.0
19.939440954931058,107074.0,265839.0,226199.0,168.0
19.94444583468882,107052.0,265830.0,226207.0,168.0
19.949450714446584,107097.0,265842.0,226190.0,168.0
19.954455594204347,107076.0,265837.0,226219.0,168.0
19.959460473962114,107065.0,265820.0,226223.0,168.0
19.964465353719877,107055.0,265846.0,226204.0,168.0
19.96947023347764,107069.0,265836.0,226203.0,168.0
19.974475113235403,107141.0,265842.0,226204.0,168.0
19.979479992993166,107088.0,265856.0,226197.0,168.0
19.984484872750933,107095.0,265846.0,226232.0,168.0
19.989489752508696,107103.0,265843.0,226216.0,168.0
19.99449463226646,107121.0,265849.0,226222.0,168.0
19.999499512024222,107106.0,265850.0,226223.0,168.0
20.004504391781985,107105.0,265852.0,226226.0,168.0
20.009509271539752,107155.0,265866.0,226225.0,168.0
20.014514151297515,107112.0,265848.0,226222.0,168.0
20.019519031055278,107129.0,265850.0,226244.0,168.0
20.02452391081304,107140.0,265870.0,226232.0,168.0
20.029528790570804,107166.0,265857.0,226246.0,168.0
20.03453367032857,107143.0,265851.0,226239.0,168.0
20.039538550086334,107160.0,265858.0,226247.0,168.0
20.044543429844097,107150.0,265877.0,226248.0,168.0
20.04954830960186,107162.0,265834.0,226263.0,168.0
20.054553189359623,107140.0,265865.0,226254.0,168.0
20.05955806911739,107134.0,265861.0,226247.0,168.0
20.064562948875153,107201.0,265846.0,226244.0,168.0
20.069567828632916,107188.0,265852.0,226265.0,168.0
20.07457270839068,107178.0,265841.0,226259.0,168.0
20.079577588148442,107171.0,265851.0,226249.0,168.0
20.08458246790621,107209.0,265829.0,226263.0,168.0
20.089587347663972,107218.0,265848.0,226279.0,168.0
20.094592227421735,107215.0,265846.0,226256.0,168.0
20.0995971071795,107197.0,265849.0,226283.0,168.0
20.10460198693726,107191.0,265863.0,226291.0,168.0
20.109606866695028,107219.0,265857.0,226276.0,168.0
20.11461174645279,107216.0,265847.0,226292.0,168.0
20.119616626210554,107253.0,265887.0,226311.0,168.0
20.124621505968317,107248.0,265884.0,226302.0,168.0
20.129626385726084,107253.0,265867.0,226318.0,168.0
20.134631265483847,107292.0,265878.0,226295.0,168.0
20.13963614524161,107254.0,265888.0,226324.0,168.0
20.144641024999373,107282.0,265879.0,226315.0,168.0
20.149645904757136,107258.0,265875.0,226314.0,168.0
20.154650784514903,107257.0,265906.0,226319.0,168.0
20.159655664272666,107269.0,265872.0,226308.0,168.0
20.16466054403043,107289.0,265880.0,226323.0,168.0
20.169665423788192,107269.0,265878.0,226322.0,168.0
20.174670303545955,107292.0,265891.0,226323.0,168.0
20.179675183303722,107290.0,265884.0,226324.0,168.0
20.184680063061485,107287.0,265912.0,226321.0,168.0
20.189684942819248,107323.0,265886.0,226340.0,168.0
20.19468982257701,107320.0,265875.0,226327.0,168.0
20.199694702334774,107339.0,265887.0,226345.0,168.0
20.20469958209254,107313.0,265880.0,226342.0,168.0
20.209704461850304,107314.0,265883.0,226327.0,168.0
20.214709341608067,107352.0,265874.0,226355.0,168.0
20.21971422136583,107320.0,265894.0,226351.0,168.0
20.224719101123593,107360.0,265893.0,226348.0,168.0
20.22972398088136,107334.0,265887.0,226363.0,168.0
20.234728860639123,107365.0,265905.0,226357.0,168.0
20.239733740396886,107336.0,265874.0,226342.0,168.0
20.24473862015465,107343.0,265873.0,226367.0,168.0
20.249743499912412,107384.0,265901.0,226354.0,168.0
20.25474837967018,107359.0,265890.0,226373.0,168.0
20.259753259427942,107361.0,265901.0,226375.0,168.0
20.264758139185705,107375.0,265918.0,226350.0,168.0
20.26976301894347,107387.0,265879.0,226394.0,168.0
20.27476789870123,107372.0,265864.0,226376.0,168.0
20.279772778458998,107381.0,265903.0,226357.0,168.0
20.28477765821676,107378.0,265897.0,226367.0,168.0
20.289782537974524,107366.0,265875.0,226368.0,168.0
20.294787417732287,107346.0,265890.0,226370.0,168.0
20.29979229749005,107300.0,265861.0,226327.0,168.0
20.304797177247817,107295.0,265876.0,226319.0,168.0
20.30980205700558,107284.0,265867.0,226295.0,168.0
20.314806936763343,107209.0,265869.0,226272.0,168.0
20.319811816521106,107212.0,265831.0,226256.0,168.0
20.32481669627887,107198.0,265858.0,226248.0,168.0
20.329821576036636,107155.0,265843.0,226225.0,168.0
20.3348264557944,107115.0,265821.0,226182.0,168.0
20.339831335552162,107056.0,265821.0,226176.0,168.0
20.344836215309925,107066.0,265784.0,226156.0,168.0
20.349841095067692,107040.0,265812.0,226170.0,168.0
20.354845974825455,106987.0,265792.0,226136.0,168.0
20.359850854583218,106985.0,265788.0,226118.0,168.0
20.36485573434098,106932.0,265781.0,226114.0,168.0
20.369860614098744,106921.0,265757.0,226092.0,168.0
20.37486549385651,106928.0,265777.0,226104.0,168.0
20.379870373614274,106883.0,265757.0,226085.0,168.0
20.384875253372037,106880.0,265770.0,226071.0,168.0
20.3898801331298,106871.0,265768.0,226082.0,168.0
20.394885012887563,106866.0,265777.0,226084.0,168.0
20.39988989264533,106829.0,265767.0,226071.0,168.0
20.404894772403093,106858.0,265768.0,226060.0,168.0
20.409899652160856,106878.0,265785.0,226079.0,168.0
20.41490453191862,106851.0,265752.0,226072.0,168.0
20.419909411676382,106838.0,265778.0,226059.0,168.0
20.42491429143415,106841.0,265781.0,226069.0,168.0
20.429919171191912,106832.0,265755.0,226091.0,168.0
20.434924050949675,106843.0,265749.0,226070.0,168.0
20.43992893070744,106807.0,265755.0,226083.0,168.0
20.4449338104652,106857.0,265767.0,226077.0,168.0
20.449938690222968,106849.0,265761.0,226073.0,168.0
20.45494356998073,106851.0,265795.0,226078.0,168.0
20.459948449738494,106851.0,265749.0,226066.0,168.0
20.464953329496257,106864.0,265776.0,226090.0,168.0
20.46995820925402,106867.0,265765.0,226087.0,168.0
20.474963089011787,106856.0,265774.0,226073.0,168.0
20.47996796876955,106849.0,265755.0,226080.0,168.0
20.484972848527313,106851.0,265777.0,226083.0,168.0
20.489977728285076,106855.0,265763.0,226123.0,168.0
20.49498260804284,106869.0,265798.0,226123.0,168.0
20.499987487800606,106856.0,265732.0,226106.0,168.0
20.50499236755837,106906.0,265766.0,226121.0,168.0
20.509997247316132,106924.0,265780.0,226126.0,168.0
20.515002127073895,106911.0,265780.0,226122.0,168.0
20.52000700683166,106910.0,265786.0,226129.0,168.0
20.525011886589425,106914.0,265780.0,226142.0,168.0
20.530016766347188,106939.0,265785.0,226152.0,168.0
20.53502164610495,106953.0,265774.0,226163.0,168.0
20.540026525862714,106959.0,265806.0,226160.0,168.0
20.54503140562048,106961.0,265780.0,226174.0,168.0
20.550036285378244,107008.0,265808.0,226166.0,168.0
20.555041165136007,107004.0,265791.0,226189.0,168.0
20.56004604489377,106964.0,265795.0,226189.0,168.0
20.565050924651533,106980.0,265781.0,226180.0,168.0
20.5700558044093,106998.0,265772.0,226160.0,168.0
20.575060684167063,106987.0,265781.0,226160.0,168.0
20.580065563924826,106998.0,265798.0,226192.0,168.0
20.58507044368259,106980.0,265794.0,226195.0,168.0
20.590075323440352,106984.0,265811.0,226167.0,168.0
20.59508020319812,106982.0,265798.0,226188.0,168.0
20.600085082955882,107005.0,265786.0,226193.0,168.0
20.605089962713645,106996.0,265790.0,226193.0,168.0
20.61009484247141,106981.0,265758.0,226194.0,168.0
20.61509972222917,106988.0,265767.0,226190.0,168.0
20.620104601986938,106985.0,265779.0,226188.0,168.0
20.6251094817447,106998.0,265781.0,226180.0,168.0
20.630114361502464,106992.0,265758.0,226199.0,168.0
20.635119241260227,106995.0,265779.0,226211.0,168.0
20.64012412101799,106963.0,265793.0,226201.0,168.0
20.645129000775757,107021.0,265788.0,226189.0,168.0
20.65013388053352,107018.0,265763.0,226205.0,168.0
20.655138760291283,106993.0,265776.0,226212.0,168.0
20.660143640049046,107023.0,265763.0,226198.0,168.0
20.66514851980681,107013.0,265769.0,226186.0,168.0
20.670153399564576,106989.0,265794.0,226192.0,168.0
20.67515827932234,107008.0,265783.0,226198.0,168.0
20.680163159080102,106993.0,265774.0,226192.0,168.0
20.685168038837865,107021.0,265783.0,226194.0,168.0
20.69017291859563,107037.0,265785.0,226198.0,168.0
20.695177798353395,107057.0,265803.0,226217.0,168.0
20.700182678111158,107036.0,265782.0,226201.0,168.0
20.70518755786892,107043.0,265789.0,226191.0,168.0
20.710192437626684,107046.0,265781.0,226202.0,168.0
20.715197317384447,107073.0,265823.0,226212.0,168.0
20.720202197142214,107040.0,265772.0,226221.0,168.0
20.725207076899977,107030.0,265804.0,226232.0,168.0
20.73021195665774,107057.0,265792.0,226232.0,168.0
20.735216836415503,107085.0,265757.0,226228.0,168.0
20.740221716173266,107084.0,265797.0,226246.0,168.0
20.745226595931033,107073.0,265779.0,226224.0,168.0
20.750231475688796,107090.0,265782.0,226220.0,168.0
20.75523635544656,107093.0,265788.0,226226.0,168.0
20.760241235204322,107081.0,265800.0,226240.0,168.0
20.76524611496209,107077.0,265782.0,226247.0,168.0
20.770250994719852,107088.0,265783.0,226234.0,168.0
20.775255874477615,107111.0,265789.0,226254.0,168.0
20.78026075423538,107098.0,265819.0,226230.0,168.0
20.78526563399314,107113.0,265799.0,226266.0,168.0
20.790270513750908,107139.0,265836.0,226256.0,168.0
20.79527539350867,107139.0,265820.0,226249.0,168.0
20.800280273266434,107131.0,265795.0,226270.0,168.0
20.805285153024197,107146.0,265808.0,226245.0,168.0
20.81029003278196,107151.0,265803.0,226259.0,168.0
20.815294912539727,107158.0,265831.0,226280.0,168.0
20.82029979229749,107159.0,265815.0,226264.0,168.0
20.825304672055253,107152.0,265815.0,226257.0,168.0
20.830309551813016,107149.0,265821.0,226264.0,168.0
20.83531443157078,107155.0,265808.0,226303.0,168.0
20.840319311328546,107182.0,265812.0,226261.0,168.0
20.84532419108631,107186.0,265826.0,226294.0,168.0
20.850329070844072,107173.0,265810.0,226270.0,168.0
20.855333950601835,107195.0,265794.0,226288.0,168.0
20.8603388303596,107186.0,265833.0,226295.0,168.0
20.865343710117365,107217.0,265810.0,226278.0,168.0
20.870348589875128,107206.0,265813.0,226295.0,168.0
20.87535346963289,107171.0,265831.0,226295.0,168.0
20.880358349390654,107198.0,265837.0,226303.0,168.0
20.885363229148417,107226.0,265820.0,226302.0,168.0
20.890368108906184,107226.0,265831.0,226315.0,168.0
20.895372988663947,107206.0,265813.0,226296.0,168.0
20.90037786842171,107209.0,265822.0,226292.0,168.0
20.905382748179473,107219.0,265838.0,226300.0,168.0
20.910387627937236,107262.0,265858.0,226308.0,168.0
20.915392507695003,107225.0,265858.0,226299.0,168.0
20.920397387452766,107215.0,265808.0,226326.0,168.0
20.92540226721053,107253.0,265836.0,226307.0,168.0
20.930407146968292,107266.0,265849.0,226323.0,168.0
20.935412026726056,107261.0,265827.0,226313.0,168.0
20.940416906483822,107245.0,265818.0,226312.0,168.0
20.945421786241585,107247.0,265842.0,226348.0,168.0
20.95042666599935,107293.0,265847.0,226320.0,168.0
20.95543154575711,107302.0,265824.0,226314.0,168.0
20.960436425514875,107279.0,265847.0,226326.0,168.0
20.96544130527264,107290.0,265837.0,226325.0,168.0
20.970446185030404,107287.0,265827.0,226333.0,168.0
20.975451064788167,107310.0,265823.0,226344.0,168.0
20.98045594454593,107305.0,265852.0,226347.0,168.0
20.985460824303697,107279.0,265841.0,226335.0,168.0
20.99046570406146,107304.0,265851.0,226340.0,168.0
20.995470583819223,107309.0,265851.0,226329.0,168.0
21.000475463576986,107353.0,265836.0,226334.0,168.0
21.00548034333475,107317.0,265828.0,226337.0,168.0
21.010485223092516,107300.0,265855.0,226348.0,168.0
21.01549010285028,107334.0,265857.0,226354.0,168.0
21.020494982608042,107322.0,265832.0,226337.0,168.0
21.025499862365805,107299.0,265828.0,226328.0,168.0
21.03050474212357,107318.0,265843.0,226340.0,168.0
21.035509621881335,107283.0,265825.0,226329.0,168.0
21.040514501639098,107272.0,265838.0,226308.0,168.0
21.04551938139686,107273.0,265811.0,226305.0,168.0
21.050524261154624,107280.0,265799.0,226303.0,168.0
21.055529140912387,107220.0,265810.0,226270.0,168.0
21.060534020670154,107191.0,265805.0,226246.0,168.0
21.065538900427917,107166.0,265786.0,226230.0,168.0
21.07054378018568,107138.0,265756.0,226199.0,168.0
21.075548659943443,107073.0,265743.0,226174.0,168.0
21.080553539701206,107035.0,265763.0,226139.0,168.0
21.085558419458973,106981.0,265755.0,226121.0,168.0
21.090563299216736,106998.0,265729.0,226109.0,168.0
21.0955681789745,106978.0,265725.0,226098.0,168.0
21.100573058732262,106939.0,265686.0,226069.0,168.0
21.105577938490026,106901.0,265702.0,226062.0,168.0
21.110582818247792,106890.0,265701.0,226040.0,168.0
21.115587698005555,106876.0,265671.0,226042.0,168.0
21.12059257776332,106826.0,265669.0,226045.0,168.0
21.12559745752108,106836.0,265683.0,226013.0,168.0
21.130602337278845,106815.0,265672.0,226033.0,168.0
21.13560721703661,106767.0,265674.0,226011.0,168.0
21.140612096794374,106770.0,265653.0,226028.0,168.0
21.145616976552137,106747.0,265674.0,226014.0,168.0
21.1506218563099,106735.0,265684.0,226015.0,168.0
21.155626736067664,106757.0,265695.0,226013.0,168.0
21.16063161582543,106751.0,265681.0,226003.0,168.0
21.165636495583193,106707.0,265660.0,226005.0,168.0
21.170641375340956,106742.0,265682.0,226021.0,168.0
21.17564625509872,106753.0,265678.0,226001.0,168.0
21.180651134856486,106731.0,265651.0,226013.0,168.0
21.18565601461425,106723.0,265690.0,226020.0,168.0
21.190660894372012,106728.0,265684.0,225989.0,168.0
21.195665774129775,106728.0,265686.0,226026.0,168.0
21.20067065388754,106727.0,265676.0,225997.0,168.0
21.205675533645305,106705.0,265703.0,225998.0,168.0
21.210680413403068,106719.0,265689.0,226021.0,168.0
21.21568529316083,106737.0,265658.0,226020.0,168.0
21.220690172918594,106742.0,265669.0,226021.0,168.0
21.225695052676357,106705.0,265696.0,226025.0,168.0
21.230699932434124,106738.0,265655.0,226026.0,168.0
21.235704812191887,106755.0,265675.0,226003.0,168.0
21.24070969194965,106738.0,265673.0,226028.0,168.0
21.245714571707413,106710.0,265677.0,226040.0,168.0
21.250719451465176,106766.0,265676.0,226046.0,168.0
21.255724331222943,106778.0,265668.0,226019.0,168.0
21.260729210980706,106773.0,265678.0,226062.0,168.0
21.26573409073847,106769.0,265675.0,226051.0,168.0
21.270738970496232,106786.0,265687.0,226052.0,168.0
21.275743850253996,106795.0,265671.0,226041.0,168.0
21.280748730011762,106789.0,265692.0,226080.0,168.0
21.285753609769525,106829.0,265702.0,226077.0,168.0
21.29075848952729,106824.0,265699.0,226077.0,168.0
21.29576336928505,106856.0,265702.0,226085.0,168.0
21.300768249042815,106836.0,265693.0,226067.0,168.0
21.30577312880058,106830.0,265659.0,226078.0,168.0
21.310778008558344,106837.0,265716.0,226065.0,168.0
21.315782888316107,106876.0,265712.0,226051.0,168.0
21.32078776807387,106873.0,265705.0,226055.0,168.0
21.325792647831634,106846.0,265686.0,226070.0,168.0
21.3307975275894,106854.0,265674.0,226085.0,168.0
21.335802407347163,106872.0,265695.0,226077.0,168.0
21.340807287104926,106885.0,265701.0,226083.0,168.0
21.34581216686269,106855.0,265688.0,226072.0,168.0
21.350817046620453,106843.0,265705.0,226082.0,168.0
21.35582192637822,106866.0,265669.0,226056.0,168.0
21.360826806135982,106843.0,265675.0,226069.0,168.0
21.365831685893745,106825.0,265672.0,226078.0,168.0
21.37083656565151,106832.0,265668.0,226073.0,168.0
21.37584144540927,106823.0,265673.0,226088.0,168.0
21.380846325167038,106813.0,265664.0,226071.0,168.0
21.3858512049248,106845.0,265666.0,226075.0,168.0
21.390856084682564,106844.0,265659.0,226043.0,168.0
21.395860964440327,106853.0,265661.0,226091.0,168.0
21.400865844198094,106849.0,265686.0,226085.0,168.0
21.405870723955857,106798.0,265669.0,226059.0,168.0
21.41087560371362,106873.0,265647.0,226066.0,168.0
21.415880483471383,106864.0,265648.0,226080.0,168.0
21.420885363229146,106844.0,265682.0,226078.0,168.0
21.425890242986913,106854.0,265669.0,226074.0,168.0
21.430895122744676,106871.0,265641.0,226082.0,168.0
21.43590000250244,106871.0,265662.0,226080.0,168.0
21.440904882260202,106892.0,265647.0,226088.0,168.0
21.445909762017966,106879.0,265681.0,226092.0,168.0
21.450914641775732,106872.0,265678.0,226080.0,168.0
21.455919521533495,106883.0,265676.0,226091.0,168.0
21.46092440129126,106903.0,265642.0,226073.0,168.0
21.46592928104902,106904.0,265678.0,226083.0,168.0
21.470934160806785,106855.0,265663.0,226090.0,168.0
21.47593904056455,106880.0,265652.0,226092.0,168.0
21.480943920322314,106893.0,265669.0,226105.0,168.0
21.485948800080077,106892.0,265665.0,226108.0,168.0
21.49095367983784,106906.0,265700.0,226110.0,168.0
21.495958559595604,106887.0,265686.0,226106.0,168.0
21.50096343935337,106942.0,265664.0,226105.0,168.0
21.505968319111133,106925.0,265663.0,226115.0,168.0
21.510973198868896,106923.0,265666.0,226114.0,168.0
21.51597807862666,106959.0,265665.0,226137.0,168.0
21.520982958384423,106949.0,265667.0,226118.0,168.0
21.52598783814219,106937.0,265646.0,226121.0,168.0
21.530992717899952,106934.0,265691.0,226116.0,168.0
21.535997597657715,106955.0,265665.0,226134.0,168.0
21.54100247741548,106941.0,265665.0,226115.0,168.0
21.54600735717324,106955.0,265646.0,226131.0,168.0
21.551012236931008,106961.0,265640.0,226138.0,168.0
21.55601711668877,106963.0,265666.0,226135.0,168.0
21.561021996446534,106987.0,265670.0,226136.0,168.0
21.566026876204297,106972.0,265667.0,226145.0,168.0
21.57103175596206,106973.0,265663.0,226151.0,168.0
21.576036635719827,106998.0,265672.0,226146.0,168.0
21.58104151547759,106996.0,265679.0,226161.0,168.0
21.586046395235353,107001.0,265698.0,226160.0,168.0
21.591051274993116,106997.0,265681.0,226151.0,168.0
21.596056154750883,106971.0,265666.0,226183.0,168.0
21.601061034508646,107024.0,265672.0,226158.0,168.0
21.60606591426641,106985.0,265647.0,226175.0,168.0
21.611070794024172,106985.0,265662.0,226181.0,168.0
21.616075673781936,107018.0,265691.0,226165.0,168.0
21.621080553539702,107013.0,265663.0,226156.0,168.0
21.626085433297465,107009.0,265667.0,226172.0,168.0
21.63109031305523,107011.0,265672.0,226163.0,168.0
21.63609519281299,107034.0,265678.0,226156.0,168.0
21.641100072570755,107037.0,265658.0,226171.0,168.0
21.64610495232852,107011.0,265683.0,226183.0,168.0
21.651109832086284,107032.0,265683.0,226187.0,168.0
21.656114711844047,107019.0,265673.0,226189.0,168.0
21.66111959160181,107047.0,265671.0,226175.0,168.0
21.666124471359574,107024.0,265689.0,226187.0,168.0
21.67112935111734,107063.0,265674.0,226181.0,168.0
21.676134230875103,107052.0,265674.0,226193.0,168.0
21.681139110632866,107087.0,265655.0,226191.0,168.0
21.68614399039063,107052.0,265679.0,226167.0,168.0
21.691148870148393,107056.0,265676.0,226182.0,168.0
21.69615374990616,107106.0,265691.0,226184.0,168.0
21.701158629663922,107064.0,265656.0,226191.0,168.0
21.706163509421685,107070.0,265676.0,226191.0,168.0
21.71116838917945,107088.0,265681.0,226191.0,168.0
21.71617326893721,107079.0,265674.0,226208.0,168.0
21.721178148694978,107103.0,265666.0,226209.0,168.0
21.72618302845274,107076.0,265672.0,226229.0,168.0
21.731187908210504,107104.0,265674.0,226210.0,168.0
21.736192787968267,107125.0,265661.0,226226.0,168.0
21.74119766772603,107096.0,265673.0,226206.0,168.0
21.746202547483797,107092.0,265661.0,226219.0,168.0
21.75120742724156,107104.0,265693.0,226199.0,168.0
21.756212306999323,107122.0,265657.0,226233.0,168.0
21.761217186757086,107140.0,265655.0,226208.0,168.0
21.76622206651485,107126.0,265660.0,226220.0,168.0
21.771226946272616,107128.0,265660.0,226213.0,168.0
21.77623182603038,107149.0,265655.0,226219.0,168.0
21.781236705788142,107127.0,265654.0,226216.0,168.0
21.786241585545906,107161.0,265655.0,226213.0,168.0
21.79124646530367,107116.0,265648.0,226215.0,168.0
21.796251345061435,107141.0,265676.0,226201.0,168.0
21.8012562248192,107097.0,265646.0,226200.0,168.0
21.80626110457696,107081.0,265634.0,226172.0,168.0
21.811265984334725,107080.0,265666.0,226182.0,168.0
21.81627086409249,107054.0,265654.0,226157.0,168.0
21.821275743850254,107037.0,265638.0,226148.0,168.0
21.826280623608017,107019.0,265641.0,226125.0,168.0
21.83128550336578,106988.0,265630.0,226110.0,168.0
21.836290383123544,106951.0,265609.0,226101.0,168.0
21.84129526288131,106904.0,265637.0,226072.0,168.0
21.846300142639073,106915.0,265596.0,226059.0,168.0
21.851305022396836,106873.0,265582.0,226048.0,168.0
21.8563099021546,106834.0,265593.0,226011.0,168.0
21.861314781912363,106789.0,265575.0,225986.0,168.0
21.86631966167013,106787.0,265571.0,226006.0,168.0
21.871324541427892,106725.0,265571.0,225973.0,168.0
21.876329421185655,106727.0,265541.0,225947.0,168.0
21.88133430094342,106684.0,265569.0,225946.0,168.0
21.88633918070118,106666.0,265535.0,225934.0,168.0
21.891344060458948,106674.0,265543.0,225940.0,168.0
21.89634894021671,106667.0,265504.0,225939.0,168.0
21.901353819974474,106627.0,265529.0,225914.0,168.0
21.906358699732237,106643.0,265521.0,225924.0,168.0
21.91136357949,106642.0,265539.0,225944.0,168.0
21.916368459247767,106610.0,265502.0,225940.0,168.0
21.92137333900553,106625.0,265537.0,225938.0,168.0
21.926378218763293,106641.0,265538.0,225946.0,168.0
21.931383098521056,106607.0,265540.0,225933.0,168.0
21.93638797827882,106627.0,265530.0,225919.0,168.0
21.941392858036586,106596.0,265538.0,225952.0,168.0
21.94639773779435,106604.0,265535.0,225936.0,168.0
21.951402617552112,106615.0,265532.0,225965.0,168.0
21.956407497309876,106605.0,265524.0,225942.0,168.0
21.96141237706764,106632.0,265524.0,225949.0,168.0
21.966417256825405,106630.0,265547.0,225952.0,168.0
21.97142213658317,106607.0,265534.0,225951.0,168.0
21.97642701634093,106628.0,265547.0,225945.0,168.0
21.981431896098695,106642.0,265540.0,225942.0,168.0
21.986436775856458,106615.0,265548.0,225952.0,168.0
21.991441655614224,106652.0,265545.0,225926.0,168.0
21.996446535371987,106629.0,265547.0,225964.0,168.0
22.00145141512975,106645.0,265536.0,225960.0,168.0
22.006456294887514,106649.0,265553.0,225952.0,168.0
22.011461174645277,106681.0,265544.0,225969.0,168.0
22.016466054403043,106654.0,265559.0,225948.0,168.0
22.021470934160806,106703.0,265546.0,225972.0,168.0
22.02647581391857,106664.0,265541.0,225987.0,168.0
22.031480693676333,106692.0,265578.0,226015.0,168.0
22.0364855734341,106670.0,265566.0,225997.0,168.0
22.041490453191862,106705.0,265564.0,226022.0,168.0
22.046495332949625,106711.0,265587.0,226010.0,168.0
22.05150021270739,106684.0,265577.0,225999.0,168.0
22.05650509246515,106720.0,265566.0,226027.0,168.0
22.061509972222918,106732.0,265555.0,226027.0,168.0
22.06651485198068,106732.0,265568.0,226040.0,168.0
22.071519731738444,106738.0,265579.0,226053.0,168.0
22.076524611496207,106775.0,265574.0,226031.0,168.0
22.08152949125397,106763.0,265568.0,226040.0,168.0
22.086534371011737,106762.0,265589.0,226020.0,168.0
22.0915392507695,106749.0,265560.0,226031.0,168.0
22.096544130527263,106768.0,265572.0,226026.0,168.0
22.101549010285026,106754.0,265567.0,226041.0,168.0
22.10655389004279,106774.0,265557.0,226024.0,168.0
22.111558769800556,106751.0,265550.0,226035.0,168.0
22.11656364955832,106759.0,265567.0,226033.0,168.0
22.121568529316082,106758.0,265559.0,226024.0,168.0
22.126573409073846,106735.0,265518.0,226026.0,168.0
22.13157828883161,106748.0,265540.0,226030.0,168.0
22.136583168589375,106748.0,265571.0,226041.0,168.0
22.14158804834714,106740.0,265569.0,226010.0,168.0
22.1465929281049,106713.0,265574.0,226019.0,168.0
22.151597807862665,106726.0,265540.0,226021.0,168.0
22.156602687620428,106760.0,265581.0,226016.0,168.0
22.161607567378194,106746.0,265544.0,226032.0,168.0
22.166612447135957,106769.0,265545.0,226019.0,168.0
22.17161732689372,106740.0,265558.0,226026.0,168.0
22.176622206651484,106739.0,265524.0,226025.0,168.0
22.181627086409247,106754.0,265532.0,226027.0,168.0
22.186631966167013,106767.0,265540.0,226046.0,168.0
22.191636845924776,106757.0,265561.0,226031.0,168.0
22.19664172568254,106792.0,265543.0,226043.0,168.0
22.201646605440303,106774.0,265556.0,226038.0,168.0
22.206651485198066,106765.0,265554.0,226064.0,168.0
22.211656364955832,106775.0,265548.0,226051.0,168.0
22.216661244713595,106769.0,265561.0,226060.0,168.0
22.22166612447136,106811.0,265565.0,226068.0,168.0
22.22667100422912,106812.0,265567.0,226055.0,168.0
22.231675883986888,106797.0,265566.0,226049.0,168.0
22.23668076374465,106816.0,265556.0,226056.0,168.0
22.241685643502414,106799.0,265571.0,226069.0,168.0
22.246690523260177,106816.0,265560.0,226072.0,168.0
22.25169540301794,106800.0,265550.0,226058.0,168.0
22.256700282775707,106791.0,265560.0,226064.0,168.0
22.26170516253347,106791.0,265534.0,226066.0,168.0
22.266710042291233,106840.0,265552.0,226080.0,168.0
22.271714922048996,106855.0,265541.0,226074.0,168.0
22.27671980180676,106848.0,265550.0,226073.0,168.0
22.281724681564526,106855.0,265549.0,226077.0,168.0
22.28672956132229,106845.0,265556.0,226067.0,168.0
22.291734441080052,106867.0,265567.0,226057.0,168.0
22.296739320837816,106858.0,265534.0,226081.0,168.0
22.30174420059558,106873.0,265557.0,226075.0,168.0
22.306749080353345,106895.0,265549.0,226091.0,168.0
22.31175396011111,106895.0,265553.0,226079.0,168.0
22.31675883986887,106888.0,265523.0,226114.0,168.0
22.321763719626635,106893.0,265554.0,226101.0,168.0
22.326768599384398,106876.0,265553.0,226101.0,168.0
22.331773479142164,106880.0,265561.0,226081.0,168.0
22.336778358899927,106881.0,265566.0,226119.0,168.0
22.34178323865769,106876.0,265555.0,226111.0,168.0
22.346788118415454,106892.0,265550.0,226115.0,168.0
22.351792998173217,106918.0,265557.0,226116.0,168.0
22.356797877930983,106877.0,265554.0,226100.0,168.0
22.361802757688746,106919.0,265562.0,226126.0,168.0
22.36680763744651,106919.0,265541.0,226104.0,168.0
22.371812517204273,106874.0,265587.0,226105.0,168.0
22.376817396962036,106894.0,265595.0,226112.0,168.0
22.381822276719802,106911.0,265563.0,226150.0,168.0
22.386827156477565,106939.0,265559.0,226089.0,168.0
22.39183203623533,106947.0,265564.0,226112.0,168.0
22.39683691599309,106956.0,265549.0,226118.0,168.0
22.401841795750855,106939.0,265580.0,226119.0,168.0
22.40684667550862,106968.0,265549.0,226143.0,168.0
22.411851555266384,106947.0,265559.0,226141.0,168.0
22.416856435024147,106955.0,265557.0,226135.0,168.0
22.42186131478191,106947.0,265542.0,226141.0,168.0
22.426866194539674,106946.0,265566.0,226140.0,168.0
22.43187107429744,106946.0,265570.0,226155.0,168.0
22.436875954055203,106979.0,265579.0,226147.0,168.0
22.441880833812967,106987.0,265587.0,226179.0,168.0
22.44688571357073,106979.0,265558.0,226150.0,168.0
22.451890593328496,107007.0,265555.0,226159.0,168.0
22.45689547308626,107007.0,265579.0,226148.0,168.0
22.461900352844022,106992.0,265570.0,226177.0,168.0
22.466905232601786,107012.0,265563.0,226167.0,168.0
22.47191011235955,106973.0,265558.0,226173.0,168.0
22.476914992117315,107011.0,265565.0,226179.0,168.0
22.48191987187508,107011.0,265589.0,226167.0,168.0
22.48692475163284,107032.0,265564.0,226185.0,168.0
22.491929631390605,106997.0,265586.0,226190.0,168.0
22.496934511148368,107000.0,265570.0,226176.0,168.0
22.501939390906134,107013.0,265565.0,226169.0,168.0
22.506944270663897,107040.0,265594.0,226173.0,168.0
22.51194915042166,107016.0,265580.0,226190.0,168.0
22.516954030179424,107011.0,265582.0,226190.0,168.0
22.521958909937187,107072.0,265587.0,226197.0,168.0
22.526963789694953,107043.0,265588.0,226177.0,168.0
22.531968669452716,107035.0,265588.0,226177.0,168.0
22.53697354921048,107024.0,265581.0,226183.0,168.0
22.541978428968243,107009.0,265582.0,226159.0,168.0
22.546983308726006,107021.0,265585.0,226180.0,168.0
22.551988188483772,106999.0,265595.0,226166.0,168.0
22.556993068241535,106989.0,265596.0,226151.0,168.0
22.5619979479993,106971.0,265569.0,226140.0,168.0
22.56700282775706,106968.0,265582.0,226120.0,168.0
22.572007707514825,106909.0,265549.0,226106.0,168.0
22.57701258727259,106896.0,265559.0,226083.0,168.0
22.582017467030354,106870.0,265536.0,226060.0,168.0
22.587022346788117,106819.0,265550.0,226021.0,168.0
22.59202722654588,106804.0,265535.0,226022.0,168.0
22.597032106303644,106792.0,265539.0,226007.0,168.0
22.60203698606141,106733.0,265543.0,226006.0,168.0
22.607041865819173,106727.0,265556.0,225975.0,168.0
22.612046745576937,106674.0,265538.0,225942.0,168.0
22.6170516253347,106694.0,265527.0,225956.0,168.0
22.622056505092463,106653.0,265550.0,225962.0,168.0
22.62706138485023,106648.0,265531.0,225941.0,168.0
22.632066264607992,106591.0,265519.0,225928.0,168.0
22.637071144365756,106614.0,265521.0,225920.0,168.0
22.64207602412352,106566.0,265538.0,225925.0,168.0
22.647080903881285,106593.0,265510.0,225916.0,168.0
22.65208578363905,106587.0,265521.0,225928.0,168.0
22.65709066339681,106567.0,265524.0,225899.0,168.0
22.662095543154575,106567.0,265509.0,225926.0,168.0
22.667100422912338,106587.0,265542.0,225915.0,168.0
22.672105302670104,106565.0,265528.0,225929.0,168.0
22.677110182427867,106587.0,265526.0,225921.0,168.0
22.68211506218563,106584.0,265534.0,225920.0,168.0
22.687119941943394,106597.0,265536.0,225911.0,168.0
22.692124821701157,106586.0,265523.0,225927.0,168.0
22.697129701458923,106586.0,265537.0,225928.0,168.0
22.702134581216686,106560.0,265565.0,225931.0,168.0
22.70713946097445,106603.0,265538.0,225940.0,168.0
22.712144340732213,106580.0,265538.0,225927.0,168.0
22.717149220489976,106570.0,265535.0,225918.0,168.0
22.722154100247742,106584.0,265542.0,225955.0,168.0
22.727158980005505,106576.0,265519.0,225946.0,168.0
22.73216385976327,106585.0,265522.0,225926.0,168.0
22.73716873952103,106590.0,265554.0,225961.0,168.0
22.742173619278795,106597.0,265521.0,225947.0,168.0
22.74717849903656,106609.0,265547.0,225960.0,168.0
22.752183378794324,106573.0,265559.0,225959.0,168.0
22.757188258552087,106613.0,265553.0,225974.0,168.0
22.76219313830985,106615.0,265547.0,225965.0,168.0
22.767198018067614,106638.0,265527.0,225994.0,168.0
22.77220289782538,106627.0,265544.0,225982.0,168.0
22.777207777583143,106621.0,265552.0,225991.0,168.0
22.782212657340907,106671.0,265554.0,225995.0,168.0
22.78721753709867,106675.0,265562.0,225987.0,168.0
22.792222416856433,106682.0,265560.0,225989.0,168.0
22.7972272966142,106678.0,265571.0,226015.0,168.0
22.802232176371962,106677.0,265562.0,225998.0,168.0
22.807237056129726,106695.0,265559.0,226012.0,168.0
22.81224193588749,106687.0,265537.0,226013.0,168.0
22.81724681564525,106748.0,265568.0,226017.0,168.0
22.82225169540302,106716.0,265554.0,226021.0,168.0
22.82725657516078,106702.0,265575.0,226018.0,168.0
22.832261454918545,106710.0,265563.0,226025.0,168.0
22.837266334676308,106722.0,265577.0,225997.0,168.0
22.84227121443407,106727.0,265572.0,225990.0,168.0
22.847276094191837,106698.0,265569.0,226005.0,168.0
22.8522809739496,106699.0,265551.0,226017.0,168.0
22.857285853707364,106712.0,265581.0,226027.0,168.0
22.862290733465127,106734.0,265579.0,226008.0,168.0
22.867295613222893,106717.0,265539.0,226023.0,168.0
22.872300492980656,106708.0,265533.0,226031.0,168.0
22.87730537273842,106728.0,265552.0,226026.0,168.0
22.882310252496183,106718.0,265575.0,226006.0,168.0
22.887315132253946,106703.0,265566.0,226024.0,168.0
22.892320012011712,106706.0,265547.0,226028.0,168.0
22.897324891769475,106702.0,265576.0,226013.0,168.0
22.90232977152724,106707.0,265568.0,226012.0,168.0
22.907334651285,106702.0,265559.0,226035.0,168.0
22.912339531042765,106725.0,265580.0,226032.0,168.0
22.91734441080053,106739.0,265581.0,226030.0,168.0
22.922349290558294,106754.0,265582.0,226033.0,168.0
22.927354170316057,106739.0,265587.0,226026.0,168.0
22.93235905007382,106730.0,265549.0,226030.0,168.0
22.937363929831584,106722.0,265566.0,226031.0,168.0
22.94236880958935,106770.0,265586.0,226044.0,168.0
22.947373689347113,106730.0,265575.0,226040.0,168.0
22.952378569104877,106734.0,265580.0,226050.0,168.0
22.95738344886264,106755.0,265589.0,226030.0,168.0
22.962388328620403,106732.0,265577.0,226041.0,168.0
22.96739320837817,106753.0,265559.0,226045.0,168.0
22.972398088135932,106750.0,265597.0,226069.0,168.0
22.977402967893696,106763.0,265605.0,226049.0,168.0
22.98240784765146,106777.0,265593.0,226057.0,168.0
22.98741272740922,106783.0,265591.0,226059.0,168.0
22.99241760716699,106782.0,265634.0,226056.0,168.0
22.99742248692475,106795.0,265609.0,226066.0,168.0
23.002427366682515,106809.0,265605.0,226063.0,168.0
23.007432246440278,106760.0,265609.0,226080.0,168.0
23.01243712619804,106815.0,265615.0,226077.0,168.0
23.017442005955807,106809.0,265628.0,226074.0,168.0
23.02244688571357,106816.0,265618.0,226089.0,168.0
23.027451765471334,106831.0,265601.0,226085.0,168.0
23.032456645229097,106829.0,265611.0,226092.0,168.0
23.03746152498686,106830.0,265599.0,226101.0,168.0
23.042466404744626,106823.0,265639.0,226101.0,168.0
23.04747128450239,106864.0,265599.0,226091.0,168.0
23.052476164260153,106813.0,265589.0,226082.0,168.0
23.057481044017916,106832.0,265608.0,226071.0,168.0
23.06248592377568,106815.0,265600.0,226098.0,168.0
23.067490803533445,106861.0,265609.0,226085.0,168.0
23.07249568329121,106839.0,265610.0,226104.0,168.0
23.07750056304897,106823.0,265606.0,226084.0,168.0
23.082505442806735,106868.0,265593.0,226090.0,168.0
23.0875103225645,106874.0,265616.0,226081.0,168.0
23.092515202322264,106886.0,265599.0,226094.0,168.0
23.097520082080027,106883.0,265616.0,226093.0,168.0
23.10252496183779,106884.0,265609.0,226112.0,168.0
23.107529841595554,106865.0,265634.0,226108.0,168.0
23.11253472135332,106887.0,265594.0,226104.0,168.0
23.117539601111083,106848.0,265630.0,226098.0,168.0
23.122544480868847,106901.0,265623.0,226093.0,168.0
23.12754936062661,106925.0,265645.0,226086.0,168.0
23.132554240384373,106885.0,265629.0,226118.0,168.0
23.13755912014214,106909.0,265630.0,226096.0,168.0
23.142563999899902,106928.0,265626.0,226118.0,168.0
23.147568879657666,106922.0,265647.0,226120.0,168.0
23.15257375941543,106907.0,265652.0,226112.0,168.0
23.15757863917319,106911.0,265624.0,226132.0,168.0
23.16258351893096,106926.0,265624.0,226147.0,168.0
23.16758839868872,106944.0,265636.0,226137.0,168.0
23.172593278446485,106953.0,265626.0,226139.0,168.0
23.177598158204248,106936.0,265610.0,226146.0,168.0
23.18260303796201,106908.0,265626.0,226138.0,168.0
23.187607917719777,106939.0,265623.0,226121.0,168.0
23.19261279747754,106913.0,265599.0,226146.0,168.0
23.197617677235304,106941.0,265613.0,226144.0,168.0
23.202622556993067,106970.0,265625.0,226146.0,168.0
23.20762743675083,106934.0,265652.0,226152.0,168.0
23.212632316508596,106983.0,265645.0,226159.0,168.0
23.21763719626636,106974.0,265638.0,226168.0,168.0
23.222642076024123,106958.0,265631.0,226174.0,168.0
23.227646955781886,106982.0,265635.0,226165.0,168.0
23.23265183553965,107001.0,265636.0,226160.0,168.0
23.237656715297415,106971.0,265659.0,226170.0,168.0
23.24266159505518,107025.0,265673.0,226191.0,168.0
23.24766647481294,107004.0,265675.0,226156.0,168.0
23.252671354570705,107000.0,265656.0,226178.0,168.0
23.257676234328468,106998.0,265665.0,226172.0,168.0
23.262681114086234,107027.0,265657.0,226164.0,168.0
23.267685993843997,107027.0,265646.0,226173.0,168.0
23.27269087360176,107001.0,265644.0,226181.0,168.0
23.277695753359524,106990.0,265649.0,226176.0,168.0
23.28270063311729,106972.0,265639.0,226164.0,168.0
23.287705512875053,106956.0,265650.0,226169.0,168.0
23.292710392632817,106938.0,265643.0,226143.0,168.0
23.29771527239058,106917.0,265631.0,226110.0,168.0
23.302720152148343,106894.0,265631.0,226107.0,168.0
23.30772503190611,106881.0,265640.0,226090.0,168.0
23.312729911663872,106842.0,265629.0,226067.0,168.0
23.317734791421636,106804.0,265614.0,226031.0,168.0
23.3227396711794,106764.0,265584.0,226034.0,168.0
23.32774455093716,106772.0,265608.0,226009.0,168.0
23.33274943069493,106746.0,265529.0,225996.0,168.0
23.33775431045269,106708.0,265566.0,225979.0,168.0
23.342759190210455,106688.0,265566.0,225973.0,168.0
23.347764069968218,106653.0,265537.0,225943.0,168.0
23.35276894972598,106636.0,265541.0,225949.0,168.0
23.357773829483747,106624.0,265537.0,225927.0,168.0
23.36277870924151,106579.0,265551.0,225931.0,168.0
23.367783588999274,106586.0,265520.0,225921.0,168.0
23.372788468757037,106572.0,265521.0,225904.0,168.0
23.3777933485148,106566.0,265542.0,225933.0,168.0
23.382798228272566,106560.0,265542.0,225903.0,168.0
23.38780310803033,106561.0,265546.0,225922.0,168.0
23.392807987788093,106511.0,265546.0,225913.0,168.0
23.397812867545856,106528.0,265571.0,225923.0,168.0
23.40281774730362,106499.0,265530.0,225902.0,168.0
23.407822627061385,106547.0,265539.0,225925.0,168.0
23.41282750681915,106530.0,265573.0,225938.0,168.0
23.41783238657691,106517.0,265543.0,225917.0,168.0
23.422837266334675,106515.0,265551.0,225922.0,168.0
23.427842146092438,106549.0,265567.0,225915.0,168.0
23.432847025850204,106511.0,265553.0,225925.0,168.0
23.437851905607967,106549.0,265580.0,225908.0,168.0
23.44285678536573,106529.0,265584.0,225919.0,168.0
23.447861665123494,106541.0,265558.0,225925.0,168.0
23.452866544881257,106536.0,265566.0,225937.0,168.0
23.457871424639023,106552.0,265573.0,225940.0,168.0
23.462876304396787,106512.0,265585.0,225946.0,168.0
23.46788118415455,106550.0,265552.0,225930.0,168.0
23.472886063912313,106563.0,265562.0,225952.0,168.0
23.477890943670076,106545.0,265567.0,225955.0,168.0
23.482895823427842,106564.0,265547.0,225951.0,168.0
23.487900703185606,106610.0,265552.0,225950.0,168.0
23.49290558294337,106584.0,265581.0,225974.0,168.0
23.49791046270113,106597.0,265573.0,225967.0,168.0
23.5029153424589,106586.0,265581.0,225964.0,168.0
23.50792022221666,106588.0,265568.0,225985.0,168.0
23.512925101974425,106602.0,265556.0,225983.0,168.0
23.517929981732188,106606.0,265562.0,225970.0,168.0
23.52293486148995,106634.0,265571.0,225984.0,168.0
23.527939741247717,106646.0,265572.0,225991.0,168.0
23.53294462100548,106630.0,265599.0,225996.0,168.0
23.537949500763244,106620.0,265605.0,226016.0,168.0
23.542954380521007,106647.0,265557.0,226002.0,168.0
23.54795926027877,106662.0,265605.0,226004.0,168.0
23.552964140036536,106642.0,265594.0,226023.0,168.0
23.5579690197943,106674.0,265603.0,226024.0,168.0
23.562973899552063,106678.0,265571.0,226024.0,168.0
23.567978779309826,106668.0,265581.0,226026.0,168.0
23.57298365906759,106701.0,265591.0,226006.0,168.0
23.577988538825355,106681.0,265567.0,226027.0,168.0
23.58299341858312,106666.0,265581.0,226003.0,168.0
23.58799829834088,106682.0,265597.0,226013.0,168.0
23.593003178098645,106693.0,265579.0,226021.0,168.0
23.598008057856408,106663.0,265587.0,226015.0,168.0
23.603012937614174,106645.0,265579.0,226022.0,168.0
23.608017817371937,106691.0,265582.0,226010.0,168.0
23.6130226971297,106669.0,265583.0,226021.0,168.0
23.618027576887464,106681.0,265572.0,226017.0,168.0
23.623032456645227,106690.0,265600.0,226008.0,168.0
23.628037336402993,106683.0,265614.0,226016.0,168.0
23.633042216160757,106687.0,265578.0,225997.0,168.0
23.63804709591852,106704.0,265618.0,226015.0,168.0
23.643051975676283,106689.0,265591.0,226039.0,168.0
23.648056855434046,106721.0,265578.0,226011.0,168.0
23.653061735191812,106664.0,265578.0,226025.0,168.0
23.658066614949576,106681.0,265570.0,226032.0,168.0
23.66307149470734,106684.0,265576.0,226030.0,168.0
23.6680763744651,106669.0,265570.0,226015.0,168.0
23.673081254222865,106681.0,265588.0,226028.0,168.0
23.67808613398063,106685.0,265576.0,226040.0,168.0
23.683091013738395,106688.0,265577.0,226041.0,168.0
23.688095893496158,106706.0,265569.0,226033.0,168.0
23.69310077325392,106705.0,265590.0,226033.0,168.0
23.698105653011684,106697.0,265569.0,226052.0,168.0
23.70311053276945,106711.0,265573.0,226042.0,168.0
23.708115412527214,106700.0,265601.0,226043.0,168.0
23.713120292284977,106720.0,265591.0,226042.0,168.0
23.71812517204274,106665.0,265596.0,226044.0,168.0
23.723130051800506,106719.0,265576.0,226045.0,168.0
23.72813493155827,106753.0,265600.0,226048.0,168.0
23.733139811316033,106709.0,265592.0,226047.0,168.0
23.738144691073796,106711.0,265604.0,226038.0,168.0
23.74314957083156,106748.0,265605.0,226072.0,168.0
23.748154450589325,106739.0,265600.0,226078.0,168.0
23.75315933034709,106747.0,265585.0,226055.0,168.0
23.75816421010485,106762.0,265604.0,226047.0,168.0
23.763169089862615,106767.0,265602.0,226074.0,168.0
23.768173969620378,106796.0,265573.0,226067.0,168.0
23.773178849378144,106784.0,265602.0,226075.0,168.0
23.778183729135907,106786.0,265564.0,226093.0,168.0
23.78318860889367,106772.0,265593.0,226071.0,168.0
23.788193488651434,106789.0,265602.0,226086.0,168.0
23.793198368409197,106795.0,265590.0,226069.0,168.0
23.798203248166963,106769.0,265598.0,226088.0,168.0
23.803208127924727,106779.0,265589.0,226071.0,168.0
23.80821300768249,106808.0,265598.0,226100.0,168.0
23.813217887440253,106810.0,265588.0,226111.0,168.0
23.818222767198016,106823.0,265594.0,226073.0,168.0
23.823227646955782,106800.0,265596.0,226108.0,168.0
23.828232526713546,106825.0,265590.0,226095.0,168.0
23.83323740647131,106845.0,265606.0,226130.0,168.0
23.83824228622907,106820.0,265589.0,226097.0,168.0
23.843247165986835,106834.0,265597.0,226077.0,168.0
23.8482520457446,106835.0,265612.0,226110.0,168.0
23.853256925502365,106831.0,265587.0,226106.0,168.0
23.858261805260128,106816.0,265611.0,226110.0,168.0
23.86326668501789,106852.0,265589.0,226113.0,168.0
23.868271564775654,106853.0,265587.0,226110.0,168.0
23.87327644453342,106832.0,265601.0,226117.0,168.0
23.878281324291184,106828.0,265587.0,226133.0,168.0
23.883286204048947,106861.0,265602.0,226135.0,168.0
23.88829108380671,106850.0,265596.0,226118.0,168.0
23.893295963564473,106850.0,265592.0,226132.0,168.0
23.89830084332224,106862.0,265618.0,226140.0,168.0
23.903305723080003,106867.0,265598.0,226137.0,168.0
23.908310602837766,106848.0,265599.0,226134.0,168.0
23.91331548259553,106862.0,265606.0,226149.0,168.0
23.918320362353295,106878.0,265622.0,226138.0,168.0
23.92332524211106,106883.0,265612.0,226153.0,168.0
23.92833012186882,106905.0,265613.0,226159.0,168.0
23.933335001626585,106900.0,265625.0,226138.0,168.0
23.938339881384348,106899.0,265610.0,226159.0,168.0
23.943344761142114,106915.0,265617.0,226136.0,168.0
23.948349640899877,106932.0,265633.0,226153.0,168.0
23.95335452065764,106930.0,265620.0,226164.0,168.0
23.958359400415404,106906.0,265628.0,226172.0,168.0
23.963364280173167,106936.0,265615.0,226169.0,168.0
23.968369159930933,106939.0,265628.0,226181.0,168.0
23.973374039688697,106952.0,265618.0,226159.0,168.0
23.97837891944646,106926.0,265616.0,226167.0,168.0
23.983383799204223,106934.0,265636.0,226172.0,168.0
23.988388678961986,106935.0,265640.0,226177.0,168.0
23.993393558719752,106955.0,265626.0,226178.0,168.0
23.998398438477516,106947.0,265615.0,226167.0,168.0
24.00340331823528,106943.0,265656.0,226165.0,168.0
24.00840819799304,106977.0,265612.0,226170.0,168.0
24.013413077750805,106962.0,265631.0,226177.0,168.0
24.01841795750857,106948.0,265613.0,226161.0,168.0
24.023422837266335,106924.0,265611.0,226170.0,168.0
24.028427717024098,106965.0,265604.0,226159.0,168.0
24.03343259678186,106919.0,265631.0,226156.0,168.0
24.038437476539624,106911.0,265616.0,226166.0,168.0
24.04344235629739,106898.0,265641.0,226135.0,168.0
24.048447236055154,106861.0,265597.0,226114.0,168.0
24.053452115812917,106852.0,265608.0,226102.0,168.0
24.05845699557068,106809.0,265597.0,226071.0,168.0
24.063461875328443,106799.0,265592.0,226057.0,168.0
24.06846675508621,106777.0,265564.0,226047.0,168.0
24.073471634843973,106760.0,265561.0,226014.0,168.0
24.078476514601736,106688.0,265552.0,226004.0,168.0
24.0834813943595,106678.0,265551.0,225983.0,168.0
24.088486274117262,106672.0,265552.0,225955.0,168.0
24.09349115387503,106646.0,265522.0,225948.0,168.0
24.09849603363279,106613.0,265518.0,225942.0,168.0
24.103500913390555,106568.0,265541.0,225929.0,168.0
24.108505793148318,106551.0,265540.0,225919.0,168.0
24.11351067290608,106538.0,265519.0,225933.0,168.0
24.118515552663848,106531.0,265535.0,225926.0,168.0
24.12352043242161,106508.0,265528.0,225921.0,168.0
24.128525312179374,106516.0,265519.0,225905.0,168.0
24.133530191937137,106526.0,265542.0,225919.0,168.0
24.138535071694903,106541.0,265514.0,225893.0,168.0
24.143539951452667,106485.0,265534.0,225914.0,168.0
24.14854483121043,106467.0,265538.0,225914.0,168.0
24.153549710968193,106505.0,265506.0,225932.0,168.0
24.158554590725956,106478.0,265518.0,225898.0,168.0
24.163559470483722,106463.0,265499.0,225898.0,168.0
24.168564350241486,106515.0,265495.0,225938.0,168.0
24.17356922999925,106463.0,265495.0,225892.0,168.0
24.17857410975701,106475.0,265501.0,225922.0,168.0
24.183578989514775,106468.0,265491.0,225908.0,168.0
24.18858386927254,106477.0,265510.0,225909.0,168.0
24.193588749030305,106498.0,265518.0,225918.0,168.0
24.198593628788068,106491.0,265483.0,225940.0,168.0
24.20359850854583,106486.0,265504.0,225929.0,168.0
24.208603388303594,106445.0,265495.0,225929.0,168.0
24.21360826806136,106461.0,265541.0,225922.0,168.0
24.218613147819124,106463.0,265526.0,225936.0,168.0
24.223618027576887,106483.0,265530.0,225919.0,168.0
24.22862290733465,106486.0,265497.0,225931.0,168.0
24.233627787092413,106485.0,265499.0,225932.0,168.0
24.23863266685018,106498.0,265496.0,225930.0,168.0
24.243637546607943,106504.0,265519.0,225925.0,168.0
24.248642426365706,106533.0,265549.0,225950.0,168.0
24.25364730612347,106505.0,265546.0,225934.0,168.0
24.258652185881232,106508.0,265544.0,225949.0,168.0
24.263657065639,106533.0,265521.0,225970.0,168.0
24.26866194539676,106528.0,265530.0,225994.0,168.0
24.273666825154525,106564.0,265521.0,225974.0,168.0
24.278671704912288,106566.0,265527.0,225988.0,168.0
24.28367658467005,106565.0,265546.0,225985.0,168.0
24.288681464427818,106597.0,265525.0,225984.0,168.0
24.29368634418558,106608.0,265546.0,225983.0,168.0
24.298691223943344,106580.0,265551.0,225976.0,168.0
24.303696103701107,106607.0,265533.0,225971.0,168.0
24.30870098345887,106600.0,265546.0,226016.0,168.0
24.313705863216637,106613.0,265541.0,225991.0,168.0
24.3187107429744,106605.0,265547.0,225997.0,168.0
24.323715622732163,106606.0,265560.0,225998.0,168.0
24.328720502489926,106635.0,265545.0,225990.0,168.0
24.333725382247692,106646.0,265542.0,226001.0,168.0
24.338730262005456,106611.0,265530.0,225981.0,168.0
24.34373514176322,106597.0,265548.0,226005.0,168.0
24.34874002152098,106610.0,265536.0,226018.0,168.0
24.353744901278745,106609.0,265539.0,225997.0,168.0
24.35874978103651,106635.0,265530.0,226004.0,168.0
24.363754660794275,106605.0,265522.0,225992.0,168.0
24.368759540552038,106613.0,265540.0,226014.0,168.0
24.3737644203098,106628.0,265536.0,226011.0,168.0
24.378769300067564,106585.0,265537.0,226012.0,168.0
24.38377417982533,106629.0,265583.0,226013.0,168.0
24.388779059583094,106627.0,265522.0,225994.0,168.0
24.393783939340857,106617.0,265526.0,226018.0,168.0
24.39878881909862,106626.0,265525.0,226021.0,168.0
24.403793698856383,106625.0,265522.0,226007.0,168.0
24.40879857861415,106608.0,265529.0,226007.0,168.0
24.413803458371913,106639.0,265561.0,226009.0,168.0
24.418808338129676,106651.0,265536.0,226017.0,168.0
24.42381321788744,106646.0,265523.0,226028.0,168.0
24.428818097645202,106658.0,265564.0,226040.0,168.0
24.43382297740297,106658.0,265581.0,226005.0,168.0
24.43882785716073,106644.0,265552.0,226000.0,168.0
24.443832736918495,106660.0,265544.0,226002.0,168.0
24.448837616676258,106604.0,265509.0,226021.0,168.0
24.45384249643402,106665.0,265510.0,226039.0,168.0
24.458847376191788,106644.0,265513.0,226028.0,168.0
24.46385225594955,106639.0,265523.0,226043.0,168.0
24.468857135707314,106683.0,265515.0,226009.0,168.0
24.473862015465077,106670.0,265523.0,226029.0,168.0
24.47886689522284,106660.0,265495.0,226026.0,168.0
24.483871774980607,106654.0,265498.0,226024.0,168.0
24.48887665473837,106655.0,265510.0,226033.0,168.0
24.493881534496133,106669.0,265484.0,226018.0,168.0
24.498886414253896,106683.0,265507.0,226038.0,168.0
24.50389129401166,106688.0,265513.0,226035.0,168.0
24.508896173769426,106711.0,265522.0,226028.0,168.0
24.51390105352719,106692.0,265501.0,226039.0,168.0
24.51890593328495,106698.0,265492.0,226030.0,168.0
24.523910813042715,106721.0,265500.0,226029.0,168.0
24.528915692800478,106694.0,265499.0,226035.0,168.0
24.533920572558245,106694.0,265522.0,226067.0,168.0
24.538925452316008,106712.0,265527.0,226041.0,168.0
24.54393033207377,106692.0,265501.0,226043.0,168.0
24.548935211831534,106695.0,265527.0,226059.0,168.0
24.5539400915893,106725.0,265513.0,226062.0,168.0
24.558944971347064,106706.0,265510.0,226058.0,168.0
24.563949851104827,106745.0,265542.0,226070.0,168.0
24.56895473086259,106720.0,265518.0,226054.0,168.0
24.573959610620353,106740.0,265527.0,226063.0,168.0
24.57896449037812,106752.0,265512.0,226070.0,168.0
24.583969370135883,106754.0,265531.0,226051.0,168.0
24.588974249893646,106730.0,265516.0,226078.0,168.0
24.59397912965141,106763.0,265519.0,226074.0,168.0
24.598984009409172,106772.0,265521.0,226065.0,168.0
24.60398888916694,106782.0,265524.0,226077.0,168.0
24.6089937689247,106773.0,265535.0,226074.0,168.0
24.613998648682465,106767.0,265521.0,226082.0,168.0
24.619003528440228,106782.0,265526.0,226099.0,168.0
24.62400840819799,106783.0,265523.0,226081.0,168.0
24.629013287955758,106807.0,265524.0,226092.0,168.0
24.63401816771352,106787.0,265520.0,226091.0,168.0
24.639023047471284,106770.0,265522.0,226069.0,168.0
24.644027927229047,106829.0,265530.0,226094.0,168.0
24.64903280698681,106820.0,265553.0,226101.0,168.0
24.654037686744577,106796.0,265549.0,226100.0,168.0
24.65904256650234,106815.0,265512.0,226094.0,168.0
24.664047446260103,106828.0,265551.0,226097.0,168.0
24.669052326017866,106827.0,265535.0,226100.0,168.0
24.67405720577563,106806.0,265558.0,226112.0,168.0
24.679062085533396,106828.0,265546.0,226113.0,168.0
24.68406696529116,106831.0,265557.0,226103.0,168.0
24.68907184504892,106836.0,265535.0,226100.0,168.0
24.694076724806685,106863.0,265529.0,226121.0,168.0
24.699081604564448,106877.0,265548.0,226126.0,168.0
24.704086484322215,106845.0,265535.0,226126.0,168.0
24.709091364079978,106842.0,265522.0,226120.0,168.0
24.71409624383774,106844.0,265531.0,226131.0,168.0
24.719101123595504,106860.0,265531.0,226114.0,168.0
24.724106003353267,106835.0,265532.0,226113.0,168.0
24.729110883111034,106867.0,265532.0,226139.0,168.0
24.734115762868797,106866.0,265562.0,226121.0,168.0
24.73912064262656,106901.0,265567.0,226123.0,168.0
24.744125522384323,106874.0,265519.0,226130.0,168.0
24.749130402142086,106890.0,265521.0,226139.0,168.0
24.754135281899853,106852.0,265537.0,226152.0,168.0
24.759140161657616,106889.0,265534.0,226129.0,168.0
24.76414504141538,106881.0,265538.0,226133.0,168.0
24.769149921173142,106888.0,265558.0,226148.0,168.0
24.77415480093091,106851.0,265537.0,226128.0,168.0
24.77915968068867,106881.0,265557.0,226115.0,168.0
24.784164560446435,106835.0,265539.0,226102.0,168.0
24.789169440204198,106818.0,265520.0,226096.0,168.0
24.79417431996196,106792.0,265528.0,226068.0,168.0
24.799179199719728,106766.0,265506.0,226064.0,168.0
24.80418407947749,106719.0,265513.0,226041.0,168.0
24.809188959235254,106702.0,265513.0,226012.0,168.0
24.814193838993017,106702.0,265507.0,226007.0,168.0
24.81919871875078,106674.0,265491.0,225983.0,168.0
24.824203598508547,106654.0,265468.0,225951.0,168.0
24.82920847826631,106636.0,265473.0,225958.0,168.0
24.834213358024073,106600.0,265448.0,225951.0,168.0
24.839218237781836,106548.0,265465.0,225920.0,168.0
24.8442231175396,106518.0,265436.0,225922.0,168.0
24.849227997297366,106516.0,265454.0,225898.0,168.0
24.85423287705513,106485.0,265456.0,225899.0,168.0
24.85923775681289,106488.0,265444.0,225894.0,168.0
24.864242636570655,106469.0,265429.0,225899.0,168.0
24.869247516328418,106447.0,265435.0,225891.0,168.0
24.874252396086185,106443.0,265419.0,225866.0,168.0
24.879257275843948,106439.0,265430.0,225871.0,168.0
24.88426215560171,106420.0,265451.0,225873.0,168.0
24.889267035359474,106435.0,265468.0,225890.0,168.0
24.894271915117237,106433.0,265437.0,225891.0,168.0
24.899276794875004,106416.0,265475.0,225875.0,168.0
24.904281674632767,106429.0,265456.0,225885.0,168.0
24.90928655439053,106448.0,265472.0,225889.0,168.0
24.914291434148293,106443.0,265440.0,225891.0,168.0
24.919296313906056,106421.0,265445.0,225892.0,168.0
24.924301193663823,106417.0,265451.0,225891.0,168.0
24.929306073421586,106425.0,265454.0,225902.0,168.0
24.93431095317935,106431.0,265457.0,225905.0,168.0
24.939315832937112,106449.0,265435.0,225908.0,168.0
24.944320712694875,106439.0,265442.0,225892.0,168.0
24.94932559245264,106438.0,265448.0,225910.0,168.0
24.954330472210405,106466.0,265475.0,225909.0,168.0
24.959335351968168,106426.0,265461.0,225908.0,168.0
24.96434023172593,106421.0,265436.0,225884.0,168.0
24.969345111483698,106451.0,265445.0,225901.0,168.0
24.97434999124146,106431.0,265445.0,225921.0,168.0
24.979354870999224,106454.0,265442.0,225920.0,168.0
24.984359750756987,106449.0,265436.0,225928.0,168.0
24.98936463051475,106469.0,265466.0,225926.0,168.0
24.994369510272517,106477.0,265458.0,225931.0,168.0
24.99937439003028,106499.0,265461.0,225949.0,168.0
25.004379269788043,106505.0,265492.0,225951.0,168.0
25.009384149545806,106521.0,265478.0,225941.0,168.0
25.01438902930357,106537.0,265488.0,225983.0,168.0
25.019393909061336,106550.0,265465.0,225970.0,168.0
25.0243987888191,106518.0,265487.0,225972.0,168.0
25.02940366857686,106532.0,265483.0,225976.0,168.0
25.034408548334625,106561.0,265486.0,225984.0,168.0
25.039413428092388,106545.0,265505.0,225980.0,168.0
25.044418307850155,106539.0,265471.0,225984.0,168.0
25.049423187607918,106565.0,265488.0,225985.0,168.0
25.05442806736568,106581.0,265487.0,225976.0,168.0
25.059432947123444,106557.0,265497.0,225989.0,168.0
25.064437826881207,106572.0,265476.0,225980.0,168.0
25.069442706638974,106534.0,265483.0,225968.0,168.0
25.074447586396737,106577.0,265490.0,225992.0,168.0
25.0794524661545,106569.0,265473.0,225980.0,168.0
25.084457345912263,106560.0,265494.0,226000.0,168.0
25.089462225670026,106573.0,265465.0,225989.0,168.0
25.094467105427793,106561.0,265472.0,225989.0,168.0
25.099471985185556,106588.0,265463.0,225964.0,168.0
25.10447686494332,106565.0,265457.0,225966.0,168.0
25.109481744701082,106554.0,265463.0,225984.0,168.0
25.114486624458845,106604.0,265456.0,225977.0,168.0
25.11949150421661,106573.0,265476.0,225979.0,168.0
25.124496383974375,106583.0,265460.0,225960.0,168.0
25.129501263732138,106596.0,265464.0,225962.0,168.0
25.1345061434899,106575.0,265462.0,225969.0,168.0
25.139511023247664,106572.0,265474.0,225967.0,168.0
25.14451590300543,106569.0,265436.0,225973.0,168.0
25.149520782763194,106563.0,265461.0,225971.0,168.0
25.154525662520957,106553.0,265477.0,225981.0,168.0
25.15953054227872,106596.0,265472.0,225985.0,168.0
25.164535422036483,106595.0,265454.0,225975.0,168.0
25.16954030179425,106571.0,265493.0,225991.0,168.0
25.174545181552013,106591.0,265492.0,225970.0,168.0
25.179550061309776,106594.0,265489.0,225979.0,168.0
25.18455494106754,106594.0,265492.0,225978.0,168.0
25.189559820825306,106593.0,265486.0,225983.0,168.0
25.19456470058307,106575.0,265458.0,225978.0,168.0
25.19956958034083,106611.0,265472.0,225991.0,168.0
25.204574460098595,106640.0,265515.0,226010.0,168.0
25.209579339856358,106603.0,265489.0,225998.0,168.0
25.214584219614125,106628.0,265449.0,226001.0,168.0
25.219589099371888,106640.0,265483.0,226000.0,168.0
25.22459397912965,106628.0,265485.0,226005.0,168.0
25.229598858887414,106636.0,265504.0,226017.0,168.0
25.234603738645177,106655.0,265492.0,226026.0,168.0
25.239608618402944,106656.0,265448.0,226005.0,168.0
25.244613498160707,106652.0,265458.0,226006.0,168.0
25.24961837791847,106636.0,265467.0,226001.0,168.0
25.254623257676233,106651.0,265476.0,226030.0,168.0
25.259628137433996,106659.0,265463.0,226001.0,168.0
25.264633017191763,106663.0,265481.0,226026.0,168.0
25.269637896949526,106657.0,265473.0,226023.0,168.0
25.27464277670729,106657.0,265471.0,226024.0,168.0
25.279647656465052,106657.0,265467.0,226033.0,168.0
25.284652536222815,106695.0,265489.0,226027.0,168.0
25.28965741598058,106689.0,265491.0,226041.0,168.0
25.294662295738345,106693.0,265480.0,226029.0,168.0
25.299667175496108,106699.0,265516.0,226049.0,168.0
25.30467205525387,106716.0,265503.0,226053.0,168.0
25.309676935011634,106696.0,265492.0,226072.0,168.0
25.3146818147694,106685.0,265506.0,226047.0,168.0
25.319686694527164,106712.0,265487.0,226053.0,168.0
25.324691574284927,106699.0,265507.0,226059.0,168.0
25.32969645404269,106713.0,265479.0,226056.0,168.0
25.334701333800453,106714.0,265492.0,226042.0,168.0
25.33970621355822,106736.0,265494.0,226052.0,168.0
25.344711093315983,106714.0,265479.0,226046.0,168.0
25.349715973073746,106726.0,265468.0,226057.0,168.0
25.35472085283151,106726.0,265498.0,226055.0,168.0
25.359725732589272,106744.0,265486.0,226044.0,168.0
25.36473061234704,106734.0,265515.0,226056.0,168.0
25.3697354921048,106726.0,265467.0,226049.0,168.0
25.374740371862565,106756.0,265512.0,226041.0,168.0
25.379745251620328,106743.0,265492.0,226058.0,168.0
25.384750131378095,106747.0,265492.0,226030.0,168.0
25.389755011135858,106742.0,265491.0,226040.0,168.0
25.39475989089362,106759.0,265487.0,226036.0,168.0
25.399764770651384,106750.0,265487.0,226039.0,168.0
25.404769650409147,106753.0,265489.0,226046.0,168.0
25.409774530166914,106767.0,265511.0,226046.0,168.0
25.414779409924677,106780.0,265470.0,226051.0,168.0
25.41978428968244,106763.0,265491.0,226063.0,168.0
25.424789169440203,106784.0,265493.0,226083.0,168.0
25.429794049197966,106784.0,265477.0,226052.0,168.0
25.434798928955733,106776.0,265498.0,226056.0,168.0
25.439803808713496,106807.0,265506.0,226103.0,168.0
25.44480868847126,106776.0,265507.0,226097.0,168.0
25.449813568229022,106784.0,265493.0,226063.0,168.0
25.454818447986785,106783.0,265516.0,226088.0,168.0
25.45982332774455,106780.0,265477.0,226094.0,168.0
25.464828207502315,106813.0,265510.0,226090.0,168.0
25.469833087260078,106835.0,265508.0,226105.0,168.0
25.47483796701784,106803.0,265506.0,226112.0,168.0
25.479842846775604,106837.0,265483.0,226099.0,168.0
25.48484772653337,106823.0,265501.0,226101.0,168.0
25.489852606291134,106816.0,265487.0,226105.0,168.0
25.494857486048897,106810.0,265478.0,226120.0,168.0
25.49986236580666,106817.0,265466.0,226079.0,168.0
25.504867245564423,106816.0,265485.0,226108.0,168.0
25.50987212532219,106808.0,265503.0,226107.0,168.0
25.514877005079953,106805.0,265476.0,226112.0,168.0
25.519881884837716,106818.0,265475.0,226121.0,168.0
25.52488676459548,106815.0,265470.0,226122.0,168.0
25.529891644353242,106829.0,265473.0,226115.0,168.0
25.53489652411101,106782.0,265481.0,226096.0,168.0
25.53990140386877,106767.0,265478.0,226095.0,168.0
25.544906283626535,106773.0,265467.0,226074.0,168.0
25.549911163384298,106742.0,265453.0,226038.0,168.0
25.55491604314206,106706.0,265457.0,226032.0,168.0
25.559920922899828,106671.0,265449.0,226020.0,168.0
25.56492580265759,106672.0,265435.0,226006.0,168.0
25.569930682415354,106632.0,265433.0,225985.0,168.0
25.574935562173117,106623.0,265436.0,225946.0,168.0
25.57994044193088,106559.0,265444.0,225946.0,168.0
25.584945321688647,106559.0,265393.0,225917.0,168.0
25.58995020144641,106537.0,265391.0,225932.0,168.0
25.594955081204173,106512.0,265399.0,225910.0,168.0
25.599959960961936,106436.0,265410.0,225892.0,168.0
25.604964840719703,106468.0,265388.0,225866.0,168.0
25.609969720477466,106431.0,265412.0,225875.0,168.0
25.61497460023523,106416.0,265387.0,225882.0,168.0
25.619979479992992,106423.0,265359.0,225866.0,168.0
25.624984359750755,106389.0,265379.0,225864.0,168.0
25.62998923950852,106410.0,265362.0,225844.0,168.0
25.634994119266285,106359.0,265363.0,225860.0,168.0
25.639998999024048,106369.0,265376.0,225845.0,168.0
25.64500387878181,106380.0,265355.0,225850.0,168.0
25.650008758539574,106380.0,265354.0,225852.0,168.0
25.65501363829734,106356.0,265358.0,225852.0,168.0
25.660018518055104,106350.0,265354.0,225866.0,168.0
25.665023397812867,106344.0,265368.0,225847.0,168.0
25.67002827757063,106343.0,265372.0,225853.0,168.0
25.675033157328393,106360.0,265365.0,225860.0,168.0
25.68003803708616,106326.0,265339.0,225854.0,168.0
25.685042916843923,106347.0,265356.0,225870.0,168.0
25.690047796601686,106346.0,265366.0,225867.0,168.0
25.69505267635945,106360.0,265358.0,225871.0,168.0
25.700057556117212,106343.0,265362.0,225868.0,168.0
25.70506243587498,106326.0,265341.0,225888.0,168.0
25.71006731563274,106342.0,265349.0,225873.0,168.0
25.715072195390505,106361.0,265333.0,225884.0,168.0
25.720077075148268,106382.0,265332.0,225867.0,168.0
25.72508195490603,106350.0,265333.0,225890.0,168.0
25.730086834663798,106352.0,265344.0,225881.0,168.0
25.73509171442156,106371.0,265333.0,225874.0,168.0
25.740096594179324,106351.0,265343.0,225881.0,168.0
25.745101473937087,106403.0,265365.0,225898.0,168.0
25.75010635369485,106398.0,265335.0,225883.0,168.0
25.755111233452617,106459.0,265357.0,225902.0,168.0
25.76011611321038,106432.0,265370.0,225925.0,168.0
25.765120992968143,106506.0,265357.0,225915.0,168.0
25.770125872725906,106473.0,265346.0,225915.0,168.0
25.77513075248367,106494.0,265338.0,225929.0,168.0
25.780135632241436,106462.0,265339.0,225923.0,168.0
25.7851405119992,106526.0,265370.0,225917.0,168.0
25.790145391756962,106540.0,265329.0,225952.0,168.0
25.795150271514725,106564.0,265382.0,225934.0,168.0
25.800155151272488,106577.0,265355.0,225953.0,168.0
25.805160031030255,106573.0,265378.0,225911.0,168.0
25.810164910788018,106549.0,265404.0,225936.0,168.0
25.81516979054578,106569.0,265391.0,225962.0,168.0
25.820174670303544,106595.0,265348.0,225928.0,168.0
25.82517955006131,106562.0,265369.0,225954.0,168.0
25.830184429819074,106546.0,265353.0,225941.0,168.0
25.835189309576837,106549.0,265345.0,225928.0,168.0
25.8401941893346,106534.0,265369.0,225943.0,168.0
25.845199069092363,106546.0,265352.0,225951.0,168.0
25.85020394885013,106544.0,265340.0,225926.0,168.0
25.855208828607893,106504.0,265361.0,225936.0,168.0
25.860213708365656,106493.0,265352.0,225933.0,168.0
25.86521858812342,106479.0,265340.0,225942.0,168.0
25.870223467881182,106473.0,265331.0,225933.0,168.0
25.87522834763895,106434.0,265345.0,225922.0,168.0
25.88023322739671,106431.0,265345.0,225932.0,168.0
25.885238107154475,106444.0,265356.0,225927.0,168.0
25.890242986912238,106436.0,265358.0,225933.0,168.0
25.89524786667,106407.0,265352.0,225940.0,168.0
25.900252746427768,106314.0,265340.0,225938.0,168.0
25.90525762618553,106344.0,265347.0,225913.0,168.0
25.910262505943294,106317.0,265335.0,225929.0,168.0
25.915267385701057,106350.0,265336.0,225943.0,168.0
25.92027226545882,106322.0,265353.0,225927.0,168.0
25.925277145216587,106401.0,265313.0,225939.0,168.0
25.93028202497435,106393.0,265366.0,225959.0,168.0
25.935286904732113,106413.0,265339.0,225920.0,168.0
25.940291784489876,106383.0,265329.0,225946.0,168.0
25.94529666424764,106321.0,265314.0,225948.0,168.0
25.950301544005406,106274.0,265331.0,225944.0,168.0
25.95530642376317,106318.0,265347.0,225942.0,168.0
25.960311303520932,106269.0,265336.0,225955.0,168.0
25.965316183278695,106243.0,265355.0,225972.0,168.0
25.970321063036458,106209.0,265347.0,225940.0,168.0
25.975325942794225,106141.0,265325.0,225952.0,168.0
25.980330822551988,106163.0,265352.0,225960.0,168.0
25.98533570230975,106200.0,265329.0,225963.0,168.0
25.990340582067514,106211.0,265323.0,225974.0,168.0
25.995345461825277,106219.0,265340.0,225954.0,168.0
26.000350341583044,106270.0,265323.0,225980.0,168.0
26.005355221340807,106262.0,265338.0,225970.0,168.0
26.01036010109857,106261.0,265336.0,225992.0,168.0
26.015364980856333,106254.0,265321.0,225975.0,168.0
26.0203698606141,106268.0,265324.0,225979.0,168.0
26.025374740371863,106189.0,265341.0,225985.0,168.0
26.030379620129626,106142.0,265328.0,225974.0,168.0
26.03538449988739,106142.0,265354.0,225982.0,168.0
26.040389379645152,106143.0,265317.0,225980.0,168.0
26.04539425940292,106130.0,265356.0,225998.0,168.0
26.05039913916068,106062.0,265335.0,225991.0,168.0
26.055404018918445,106066.0,265349.0,226001.0,168.0
26.060408898676208,106060.0,265318.0,226002.0,168.0
26.06541377843397,105989.0,265357.0,225998.0,168.0
26.070418658191738,105993.0,265344.0,225995.0,168.0
26.0754235379495,106016.0,265349.0,226013.0,168.0
26.080428417707264,106013.0,265346.0,226010.0,168.0
26.085433297465027,105962.0,265322.0,226006.0,168.0
26.09043817722279,105937.0,265327.0,226010.0,168.0
26.095443056980557,105965.0,265320.0,226020.0,168.0
26.10044793673832,106009.0,265321.0,226012.0,168.0
26.105452816496083,106015.0,265330.0,226018.0,168.0
26.110457696253846,106037.0,265322.0,226018.0,168.0
26.11546257601161,106051.0,265331.0,226010.0,168.0
26.120467455769376,106064.0,265323.0,226018.0,168.0
26.12547233552714,106126.0,265288.0,226027.0,168.0
26.130477215284902,106086.0,265340.0,226007.0,168.0
26.135482095042665,106104.0,265336.0,226025.0,168.0
26.140486974800428,106106.0,265344.0,226039.0,168.0
26.145491854558195,106095.0,265355.0,226055.0,168.0
26.150496734315958,106032.0,265312.0,226028.0,168.0
26.15550161407372,106078.0,265342.0,226029.0,168.0
26.160506493831484,106064.0,265327.0,226041.0,168.0
26.165511373589247,106070.0,265349.0,226041.0,168.0
26.170516253347014,106059.0,265349.0,226029.0,168.0
26.175521133104777,106067.0,265346.0,226053.0,168.0
26.18052601286254,106122.0,265343.0,226051.0,168.0
26.185530892620303,106106.0,265333.0,226044.0,168.0
26.190535772378066,106135.0,265312.0,226039.0,168.0
26.195540652135833,106154.0,265326.0,226053.0,168.0
26.200545531893596,106131.0,265357.0,226064.0,168.0
26.20555041165136,106147.0,265304.0,226054.0,168.0
26.210555291409122,106135.0,265336.0,226041.0,168.0
26.215560171166885,106135.0,265353.0,226046.0,168.0
26.22056505092465,106176.0,265308.0,226063.0,168.0
26.225569930682415,106149.0,265340.0,226055.0,168.0
26.230574810440178,106161.0,265322.0,226060.0,168.0
26.23557969019794,106160.0,265342.0,226066.0,168.0
26.240584569955708,106130.0,265348.0,226050.0,168.0
26.24558944971347,106163.0,265347.0,226059.0,168.0
26.250594329471234,106218.0,265344.0,226054.0,168.0
26.255599209228997,106202.0,265319.0,226021.0,168.0
26.26060408898676,106233.0,265326.0,226055.0,168.0
26.265608968744527,106188.0,265328.0,226063.0,168.0
26.27061384850229,106182.0,265342.0,226031.0,168.0
26.275618728260053,106149.0,265305.0,226037.0,168.0
26.280623608017816,106188.0,265305.0,226016.0,168.0
26.28562848777558,106146.0,265328.0,226001.0,168.0
26.290633367533346,106127.0,265283.0,225996.0,168.0
26.29563824729111,106079.0,265285.0,225972.0,168.0
26.300643127048872,106022.0,265288.0,225934.0,168.0
26.305648006806635,105997.0,265268.0,225949.0,168.0
26.310652886564398,105937.0,265253.0,225917.0,168.0
26.315657766322165,105859.0,265265.0,225908.0,168.0
26.320662646079928,105853.0,265247.0,225902.0,168.0
26.32566752583769,105790.0,265284.0,225871.0,168.0
26.330672405595454,105764.0,265255.0,225871.0,168.0
26.335677285353217,105761.0,265263.0,225861.0,168.0
26.340682165110984,105744.0,265255.0,225837.0,168.0
26.345687044868747,105717.0,265243.0,225853.0,168.0
26.35069192462651,105698.0,265240.0,225843.0,168.0
26.355696804384273,105668.0,265252.0,225843.0,168.0
26.360701684142036,105663.0,265268.0,225838.0,168.0
26.365706563899803,105671.0,265236.0,225843.0,168.0
26.370711443657566,105668.0,265214.0,225821.0,168.0
26.37571632341533,105606.0,265220.0,225826.0,168.0
26.380721203173092,105658.0,265238.0,225853.0,168.0
26.385726082930855,105644.0,265239.0,225830.0,168.0
26.39073096268862,105619.0,265231.0,225845.0,168.0
26.395735842446385,105655.0,265240.0,225812.0,168.0
26.400740722204148,105637.0,265224.0,225829.0,168.0
26.40574560196191,105631.0,265246.0,225828.0,168.0
26.410750481719674,105662.0,265243.0,225853.0,168.0
26.41575536147744,105631.0,265194.0,225863.0,168.0
26.420760241235204,105660.0,265244.0,225840.0,168.0
26.425765120992967,105656.0,265258.0,225868.0,168.0
26.43077000075073,105674.0,265254.0,225845.0,168.0
26.435774880508493,105691.0,265235.0,225856.0,168.0
26.44077976026626,105665.0,265253.0,225852.0,168.0
26.445784640024023,105666.0,265244.0,225882.0,168.0
26.450789519781786,105669.0,265241.0,225858.0,168.0
26.45579439953955,105684.0,265234.0,225866.0,168.0
26.460799279297316,105682.0,265205.0,225869.0,168.0
26.46580415905508,105727.0,265246.0,225875.0,168.0
26.470809038812842,105711.0,265259.0,225867.0,168.0
26.475813918570605,105737.0,265254.0,225880.0,168.0
26.480818798328368,105737.0,265242.0,225885.0,168.0
26.485823678086135,105749.0,265238.0,225883.0,168.0
26.490828557843898,105746.0,265260.0,225890.0,168.0
26.49583343760166,105750.0,265242.0,225873.0,168.0
26.500838317359424,105798.0,265252.0,225899.0,168.0
26.505843197117187,105793.0,265259.0,225897.0,168.0
26.510848076874954,105782.0,265280.0,225919.0,168.0
26.515852956632717,105806.0,265247.0,225920.0,168.0
26.52085783639048,105789.0,265259.0,225899.0,168.0
26.525862716148243,105798.0,265262.0,225908.0,168.0
26.530867595906006,105801.0,265265.0,225915.0,168.0
26.535872475663773,105787.0,265263.0,225919.0,168.0
26.540877355421536,105806.0,265241.0,225917.0,168.0
26.5458822351793,105823.0,265267.0,225918.0,168.0
26.550887114937062,105804.0,265259.0,225906.0,168.0
26.555891994694825,105817.0,265247.0,225914.0,168.0
26.56089687445259,105817.0,265252.0,225923.0,168.0
26.565901754210355,105822.0,265271.0,225912.0,168.0
26.570906633968118,105824.0,265259.0,225922.0,168.0
26.57591151372588,105813.0,265226.0,225931.0,168.0
26.580916393483644,105818.0,265240.0,225921.0,168.0
26.58592127324141,105785.0,265261.0,225931.0,168.0
26.590926152999174,105798.0,265245.0,225913.0,168.0
26.595931032756937,105794.0,265233.0,225945.0,168.0
26.6009359125147,105812.0,265236.0,225920.0,168.0
26.605940792272463,105813.0,265236.0,225906.0,168.0
26.61094567203023,105821.0,265223.0,225923.0,168.0
26.615950551787993,105801.0,265241.0,225917.0,168.0
26.620955431545756,105799.0,265227.0,225919.0,168.0
26.62596031130352,105809.0,265212.0,225901.0,168.0
26.630965191061282,105837.0,265233.0,225913.0,168.0
26.63597007081905,105819.0,265234.0,225906.0,168.0
26.640974950576812,105827.0,265233.0,225915.0,168.0
26.645979830334575,105817.0,265256.0,225924.0,168.0
26.650984710092338,105825.0,265217.0,225911.0,168.0
26.655989589850105,105873.0,265216.0,225908.0,168.0
26.660994469607868,105818.0,265235.0,225938.0,168.0
26.66599934936563,105846.0,265240.0,225930.0,168.0
26.671004229123394,105886.0,265259.0,225938.0,168.0
26.676009108881157,105842.0,265249.0,225924.0,168.0
26.681013988638924,105875.0,265256.0,225939.0,168.0
26.686018868396687,105857.0,265253.0,225936.0,168.0
26.69102374815445,105884.0,265252.0,225942.0,168.0
26.696028627912213,105918.0,265251.0,225944.0,168.0
26.701033507669976,105879.0,265218.0,225952.0,168.0
26.706038387427743,105896.0,265267.0,225951.0,168.0
26.711043267185506,105922.0,265232.0,225945.0,168.0
26.71604814694327,105905.0,265222.0,225962.0,168.0
26.721053026701032,105905.0,265226.0,225954.0,168.0
26.726057906458795,105933.0,265217.0,225950.0,168.0
26.73106278621656,105914.0,265232.0,225961.0,168.0
26.736067665974325,105942.0,265233.0,225956.0,168.0
26.741072545732088,105923.0,265230.0,225968.0,168.0
26.74607742548985,105950.0,265249.0,225954.0,168.0
26.751082305247614,105939.0,265249.0,225965.0,168.0
26.75608718500538,105942.0,265220.0,225968.0,168.0
26.761092064763144,105982.0,265242.0,225960.0,168.0
26.766096944520907,105929.0,265234.0,225973.0,168.0
26.77110182427867,105953.0,265240.0,225982.0,168.0
26.776106704036433,105984.0,265210.0,225953.0,168.0
26.7811115837942,105969.0,265259.0,225993.0,168.0
26.786116463551963,105976.0,265241.0,226009.0,168.0
26.791121343309726,105956.0,265256.0,225972.0,168.0
26.79612622306749,105980.0,265266.0,225978.0,168.0
26.801131102825252,105967.0,265264.0,225991.0,168.0
26.80613598258302,105982.0,265246.0,225985.0,168.0
26.811140862340782,105974.0,265252.0,225989.0,168.0
26.816145742098545,105993.0,265254.0,226008.0,168.0
26.821150621856308,105992.0,265260.0,226011.0,168.0
26.82615550161407,106005.0,265254.0,225992.0,168.0
26.831160381371838,105993.0,265263.0,226015.0,168.0
26.8361652611296,105976.0,265287.0,225999.0,168.0
26.841170140887364,106015.0,265259.0,226017.0,168.0
26.846175020645127,106011.0,265254.0,225981.0,168.0
26.85117990040289,106020.0,265275.0,226021.0,168.0
26.856184780160657,105993.0,265294.0,226026.0,168.0
26.86118965991842,106022.0,265285.0,226011.0,168.0
26.866194539676183,106043.0,265278.0,226038.0,168.0
26.871199419433946,106047.0,265270.0,226023.0,168.0
26.876204299191713,106028.0,265282.0,226038.0,168.0
26.881209178949476,106040.0,265275.0,226037.0,168.0
26.88621405870724,106056.0,265291.0,226032.0,168.0
26.891218938465002,106033.0,265287.0,226043.0,168.0
26.896223818222765,106053.0,265244.0,226035.0,168.0
26.90122869798053,106106.0,265272.0,226026.0,168.0
26.906233577738295,106050.0,265272.0,226059.0,168.0
26.911238457496058,106086.0,265261.0,226039.0,168.0
26.91624333725382,106047.0,265291.0,226036.0,168.0
26.921248217011584,106054.0,265298.0,226035.0,168.0
26.92625309676935,106059.0,265290.0,226057.0,168.0
26.931257976527114,106066.0,265289.0,226052.0,168.0
26.936262856284877,106079.0,265299.0,226025.0,168.0
26.94126773604264,106075.0,265320.0,226044.0,168.0
26.946272615800403,106091.0,265306.0,226034.0,168.0
26.95127749555817,106093.0,265290.0,226054.0,168.0
26.956282375315933,106085.0,265321.0,226058.0,168.0
26.961287255073696,106088.0,265303.0,226053.0,168.0
26.96629213483146,106075.0,265296.0,226055.0,168.0
26.971297014589222,106071.0,265276.0,226050.0,168.0
26.97630189434699,106071.0,265293.0,226042.0,168.0
26.981306774104752,106034.0,265277.0,226036.0,168.0
26.986311653862515,106074.0,265287.0,226027.0,168.0
26.991316533620278,106065.0,265269.0,225994.0,168.0
26.99632141337804,105989.0,265269.0,226011.0,168.0
27.001326293135808,105985.0,265290.0,225992.0,168.0
27.00633117289357,105964.0,265262.0,225936.0,168.0
27.011336052651334,105968.0,265251.0,225949.0,168.0
27.016340932409097,105911.0,265226.0,225917.0,168.0
27.02134581216686,105882.0,265220.0,225907.0,168.0
27.026350691924627,105879.0,265234.0,225908.0,168.0
27.03135557168239,105818.0,265239.0,225875.0,168.0
27.036360451440153,105816.0,265235.0,225862.0,168.0
27.041365331197916,105782.0,265193.0,225829.0,168.0
27.04637021095568,105740.0,265184.0,225857.0,168.0
27.051375090713446,105721.0,265231.0,225849.0,168.0
27.05637997047121,105689.0,265192.0,225843.0,168.0
27.061384850228972,105697.0,265159.0,225830.0,168.0
27.066389729986735,105668.0,265173.0,225831.0,168.0
27.0713946097445,105629.0,265195.0,225815.0,168.0
27.076399489502265,105621.0,265167.0,225832.0,168.0
27.081404369260028,105634.0,265198.0,225846.0,168.0
27.08640924901779,105627.0,265197.0,225828.0,168.0
27.091414128775554,105602.0,265178.0,225829.0,168.0
27.09641900853332,105592.0,265207.0,225812.0,168.0
27.101423888291084,105589.0,265186.0,225839.0,168.0
27.106428768048847,105580.0,265191.0,225839.0,168.0
27.11143364780661,105578.0,265196.0,225843.0,168.0
27.116438527564373,105596.0,265214.0,225825.0,168.0
27.12144340732214,105587.0,265184.0,225838.0,168.0
27.126448287079903,105570.0,265200.0,225841.0,168.0
27.131453166837666,105597.0,265203.0,225837.0,168.0
27.13645804659543,105569.0,265222.0,225826.0,168.0
27.141462926353192,105589.0,265215.0,225846.0,168.0
27.14646780611096,105613.0,265207.0,225832.0,168.0
27.151472685868722,105605.0,265193.0,225840.0,168.0
27.156477565626485,105617.0,265170.0,225842.0,168.0
27.161482445384248,105606.0,265188.0,225837.0,168.0
27.16648732514201,105606.0,265212.0,225855.0,168.0
27.171492204899778,105615.0,265199.0,225847.0,168.0
27.17649708465754,105616.0,265206.0,225861.0,168.0
27.181501964415304,105620.0,265194.0,225843.0,168.0
27.186506844173067,105619.0,265224.0,225868.0,168.0
27.19151172393083,105659.0,265219.0,225883.0,168.0
27.196516603688597,105629.0,265205.0,225879.0,168.0
27.20152148344636,105650.0,265214.0,225876.0,168.0
27.206526363204123,105667.0,265214.0,225890.0,168.0
27.211531242961886,105663.0,265227.0,225889.0,168.0
27.21653612271965,105670.0,265230.0,225891.0,168.0
27.221541002477416,105690.0,265233.0,225912.0,168.0
27.22654588223518,105681.0,265261.0,225914.0,168.0
27.231550761992942,105695.0,265220.0,225918.0,168.0
27.236555641750705,105669.0,265271.0,225931.0,168.0
27.241560521508468,105693.0,265238.0,225914.0,168.0
27.246565401266235,105696.0,265224.0,225909.0,168.0
27.251570281023998,105721.0,265227.0,225930.0,168.0
27.25657516078176,105713.0,265244.0,225914.0,168.0
27.261580040539524,105675.0,265231.0,225904.0,168.0
27.266584920297287,105715.0,265236.0,225928.0,168.0
27.271589800055054,105721.0,265215.0,225908.0,168.0
27.276594679812817,105699.0,265237.0,225905.0,168.0
27.28159955957058,105705.0,265261.0,225904.0,168.0
27.286604439328343,105707.0,265228.0,225900.0,168.0
27.29160931908611,105744.0,265242.0,225899.0,168.0
27.296614198843873,105719.0,265242.0,225912.0,168.0
27.301619078601636,105711.0,265262.0,225924.0,168.0
27.3066239583594,105707.0,265238.0,225898.0,168.0
27.311628838117162,105735.0,265237.0,225894.0,168.0
27.31663371787493,105716.0,265225.0,225921.0,168.0
27.321638597632692,105732.0,265239.0,225915.0,168.0
27.326643477390455,105724.0,265214.0,225895.0,168.0
27.331648357148218,105722.0,265240.0,225913.0,168.0
27.33665323690598,105691.0,265236.0,225927.0,168.0
27.341658116663748,105713.0,265238.0,225922.0,168.0
27.34666299642151,105707.0,265241.0,225907.0,168.0
27.351667876179274,105701.0,265241.0,225905.0,168.0
27.356672755937037,105714.0,265234.0,225930.0,168.0
27.3616776356948,105735.0,265218.0,225923.0,168.0
27.366682515452567,105721.0,265211.0,225928.0,168.0
27.37168739521033,105761.0,265236.0,225926.0,168.0
27.376692274968093,105753.0,265236.0,225907.0,168.0
27.381697154725856,105710.0,265227.0,225925.0,168.0
27.38670203448362,105710.0,265240.0,225935.0,168.0
27.391706914241386,105715.0,265206.0,225923.0,168.0
27.39671179399915,105725.0,265232.0,225925.0,168.0
27.401716673756912,105756.0,265240.0,225954.0,168.0
27.406721553514675,105750.0,265269.0,225942.0,168.0
27.411726433272438,105785.0,265241.0,225935.0,168.0
27.416731313030205,105760.0,265236.0,225934.0,168.0
27.421736192787968,105748.0,265225.0,225916.0,168.0
27.42674107254573,105785.0,265221.0,225936.0,168.0
27.431745952303494,105780.0,265240.0,225940.0,168.0
27.436750832061257,105796.0,265236.0,225928.0,168.0
27.441755711819024,105780.0,265247.0,225920.0,168.0
27.446760591576787,105783.0,265236.0,225934.0,168.0
27.45176547133455,105800.0,265232.0,225931.0,168.0
27.456770351092313,105828.0,265252.0,225930.0,168.0
27.461775230850076,105788.0,265236.0,225938.0,168.0
27.466780110607843,105797.0,265262.0,225947.0,168.0
27.471784990365606,105768.0,265234.0,225936.0,168.0
27.47678987012337,105765.0,265272.0,225941.0,168.0
27.481794749881132,105734.0,265257.0,225930.0,168.0
27.486799629638895,105710.0,265271.0,225957.0,168.0
27.491804509396662,105723.0,265240.0,225938.0,168.0
27.496809389154425,105726.0,265262.0,225957.0,168.0
27.501814268912188,105908.0,265249.0,225959.0,168.0
27.50681914866995,106044.0,265286.0,225955.0,168.0
27.511824028427718,106034.0,265265.0,225952.0,168.0
27.51682890818548,106033.0,265271.0,225953.0,168.0
27.521833787943244,106090.0,265250.0,225972.0,168.0
27.526838667701007,106036.0,265284.0,225955.0,168.0
27.53184354745877,106039.0,265249.0,225963.0,168.0
27.536848427216537,106048.0,265298.0,225970.0,168.0
27.5418533069743,106041.0,265268.0,225975.0,168.0
27.546858186732063,105943.0,265264.0,225989.0,168.0
27.551863066489826,105930.0,265284.0,225992.0,168.0
27.55686794624759,105919.0,265258.0,225990.0,168.0
27.561872826005356,105928.0,265259.0,225990.0,168.0
27.56687770576312,105848.0,265233.0,225973.0,168.0
27.571882585520882,105815.0,265257.0,226004.0,168.0
27.576887465278645,105829.0,265263.0,225996.0,168.0
27.581892345036408,105796.0,265254.0,225993.0,168.0
27.586897224794175,105757.0,265257.0,225990.0,168.0
27.591902104551938,105740.0,265262.0,225988.0,168.0
27.5969069843097,105740.0,265254.0,226004.0,168.0
27.601911864067464,105722.0,265248.0,226028.0,168.0
27.606916743825227,105750.0,265247.0,226011.0,168.0
27.611921623582994,105726.0,265257.0,226022.0,168.0
27.616926503340757,105724.0,265288.0,226023.0,168.0
27.62193138309852,105731.0,265289.0,226019.0,168.0
27.626936262856283,105744.0,265259.0,226012.0,168.0
27.631941142614046,105724.0,265274.0,226013.0,168.0
27.636946022371813,105729.0,265279.0,226041.0,168.0
27.641950902129576,105750.0,265289.0,226029.0,168.0
27.64695578188734,105717.0,265268.0,226021.0,168.0
27.651960661645102,105721.0,265273.0,226004.0,168.0
27.656965541402865,105722.0,265268.0,226014.0,168.0
27.661970421160632,105716.0,265251.0,225996.0,168.0
27.666975300918395,105734.0,265250.0,226002.0,168.0
27.671980180676158,105701.0,265255.0,225982.0,168.0
27.67698506043392,105694.0,265273.0,225956.0,168.0
27.681989940191684,105676.0,265256.0,225953.0,168.0
27.68699481994945,105652.0,265263.0,225947.0,168.0
27.691999699707214,105594.0,265216.0,225915.0,168.0
27.697004579464977,105573.0,265205.0,225886.0,168.0
27.70200945922274,105543.0,265200.0,225888.0,168.0
27.707014338980507,105534.0,265200.0,225871.0,168.0
27.71201921873827,105494.0,265219.0,225857.0,168.0
27.717024098496033,105440.0,265196.0,225833.0,168.0
27.722028978253796,105408.0,265189.0,225823.0,168.0
27.72703385801156,105404.0,265210.0,225833.0,168.0
27.732038737769326,105369.0,265184.0,225801.0,168.0
27.73704361752709,105293.0,265175.0,225803.0,168.0
27.742048497284852,105318.0,265183.0,225797.0,168.0
27.747053377042615,105313.0,265179.0,225778.0,168.0
27.752058256800378,105300.0,265218.0,225794.0,168.0
27.757063136558145,105322.0,265193.0,225780.0,168.0
27.762068016315908,105282.0,265194.0,225770.0,168.0
27.76707289607367,105249.0,265203.0,225793.0,168.0
27.772077775831434,105265.0,265198.0,225785.0,168.0
27.777082655589197,105256.0,265193.0,225794.0,168.0
27.782087535346964,105244.0,265199.0,225782.0,168.0
27.787092415104727,105259.0,265193.0,225801.0,168.0
27.79209729486249,105232.0,265181.0,225776.0,168.0
27.797102174620253,105270.0,265188.0,225779.0,168.0
27.802107054378016,105251.0,265184.0,225802.0,168.0
27.807111934135783,105237.0,265223.0,225802.0,168.0
27.812116813893546,105258.0,265194.0,225785.0,168.0
27.81712169365131,105260.0,265188.0,225811.0,168.0
27.822126573409072,105253.0,265203.0,225793.0,168.0
27.827131453166835,105244.0,265184.0,225808.0,168.0
27.832136332924602,105262.0,265187.0,225810.0,168.0
27.837141212682365,105223.0,265191.0,225819.0,168.0
27.842146092440128,105236.0,265174.0,225810.0,168.0
27.84715097219789,105251.0,265186.0,225782.0,168.0
27.852155851955654,105251.0,265163.0,225795.0,168.0
27.85716073171342,105294.0,265172.0,225811.0,168.0
27.862165611471184,105285.0,265188.0,225811.0,168.0
27.867170491228947,105270.0,265216.0,225820.0,168.0
27.87217537098671,105285.0,265212.0,225811.0,168.0
27.877180250744473,105301.0,265186.0,225794.0,168.0
27.88218513050224,105289.0,265187.0,225808.0,168.0
27.887190010260003,105293.0,265226.0,225821.0,168.0
27.892194890017766,105320.0,265212.0,225826.0,168.0
27.89719976977553,105311.0,265205.0,225840.0,168.0
27.902204649533292,105309.0,265226.0,225850.0,168.0
27.90720952929106,105339.0,265194.0,225851.0,168.0
27.912214409048822,105329.0,265214.0,225852.0,168.0
27.917219288806585,105346.0,265224.0,225850.0,168.0
27.922224168564348,105329.0,265223.0,225859.0,168.0
27.927229048322115,105347.0,265210.0,225866.0,168.0
27.932233928079878,105331.0,265210.0,225882.0,168.0
27.93723880783764,105242.0,265198.0,225858.0,168.0
27.942243687595404,105289.0,265234.0,225872.0,168.0
27.947248567353167,105282.0,265195.0,225849.0,168.0
27.952253447110934,105288.0,265222.0,225861.0,168.0
27.957258326868697,105214.0,265182.0,225867.0,168.0
27.96226320662646,105135.0,265216.0,225884.0,168.0
27.967268086384223,105087.0,265201.0,225851.0,168.0
27.972272966141986,105115.0,265205.0,225869.0,168.0
27.977277845899753,105049.0,265215.0,225891.0,168.0
27.982282725657516,105017.0,265213.0,225854.0,168.0
27.98728760541528,105051.0,265214.0,225873.0,168.0
27.992292485173042,105039.0,265228.0,225862.0,168.0
27.997297364930805,105073.0,265211.0,225867.0,168.0
28.002302244688572,105062.0,265193.0,225858.0,168.0
28.007307124446335,105098.0,265229.0,225878.0,168.0
28.012312004204098,105101.0,265236.0,225863.0,168.0
28.01731688396186,105145.0,265195.0,225874.0,168.0
28.022321763719624,105120.0,265203.0,225864.0,168.0
28.02732664347739,105186.0,265196.0,225875.0,168.0
28.032331523235154,105294.0,265234.0,225872.0,168.0
28.037336402992917,105363.0,265224.0,225866.0,168.0
28.04234128275068,105273.0,265233.0,225872.0,168.0
28.047346162508443,105645.0,265224.0,225888.0,168.0
28.05235104226621,105705.0,265213.0,225899.0,168.0
28.057355922023973,105797.0,265247.0,225862.0,168.0
28.062360801781736,105853.0,265239.0,225878.0,168.0
28.0673656815395,105862.0,265235.0,225866.0,168.0
28.072370561297262,105884.0,265223.0,225875.0,168.0
28.07737544105503,105900.0,265236.0,225903.0,168.0
28.082380320812792,105874.0,265228.0,225876.0,168.0
28.087385200570555,105870.0,265266.0,225900.0,168.0
28.092390080328318,105874.0,265249.0,225923.0,168.0
28.09739496008608,105914.0,265268.0,225915.0,168.0
28.102399839843848,105897.0,265260.0,225904.0,168.0
28.10740471960161,105917.0,265273.0,225929.0,168.0
28.112409599359374,105943.0,265293.0,225928.0,168.0
28.117414479117137,105911.0,265309.0,225945.0,168.0
28.1224193588749,105939.0,265264.0,225932.0,168.0
28.127424238632667,105952.0,265287.0,225933.0,168.0
28.13242911839043,105970.0,265289.0,225946.0,168.0
28.137433998148193,105977.0,265286.0,225950.0,168.0
28.142438877905956,105961.0,265308.0,225949.0,168.0
28.147443757663723,106014.0,265267.0,225957.0,168.0
28.152448637421486,106010.0,265274.0,225941.0,168.0
28.15745351717925,105951.0,265287.0,225930.0,168.0
28.162458396937012,105993.0,265281.0,225980.0,168.0
28.167463276694775,106031.0,265295.0,225964.0,168.0
28.172468156452542,106035.0,265303.0,225976.0,168.0
28.177473036210305,106037.0,265329.0,225975.0,168.0
28.182477915968068,106022.0,265309.0,225975.0,168.0
28.18748279572583,106036.0,265311.0,225980.0,168.0
28.192487675483594,106056.0,265314.0,225991.0,168.0
28.19749255524136,106055.0,265312.0,225989.0,168.0
28.202497434999124,106047.0,265308.0,225973.0,168.0
28.207502314756887,106051.0,265324.0,226022.0,168.0
28.21250719451465,106114.0,265348.0,225990.0,168.0
28.217512074272413,106086.0,265338.0,226012.0,168.0
28.22251695403018,106014.0,265317.0,226010.0,168.0
28.227521833787943,106021.0,265348.0,226009.0,168.0
28.232526713545706,105966.0,265362.0,226015.0,168.0
28.23753159330347,106011.0,265329.0,226016.0,168.0
28.242536473061232,105979.0,265361.0,226014.0,168.0
28.247541352819,105942.0,265356.0,226032.0,168.0
28.252546232576762,105989.0,265369.0,226017.0,168.0
28.257551112334525,105994.0,265390.0,226028.0,168.0
28.262555992092288,106007.0,265372.0,226035.0,168.0
28.26756087185005,106014.0,265377.0,226057.0,168.0
28.272565751607818,106015.0,265400.0,226062.0,168.0
28.27757063136558,106006.0,265405.0,226047.0,168.0
28.282575511123344,106040.0,265394.0,226051.0,168.0
28.287580390881107,106039.0,265386.0,226070.0,168.0
28.29258527063887,106076.0,265419.0,226076.0,168.0
28.297590150396637,106052.0,265426.0,226063.0,168.0
28.3025950301544,106025.0,265424.0,226078.0,168.0
28.307599909912163,106070.0,265416.0,226065.0,168.0
28.312604789669926,106079.0,265413.0,226067.0,168.0
28.31760966942769,106068.0,265426.0,226070.0,168.0
28.322614549185456,106090.0,265444.0,226085.0,168.0
28.32761942894322,106090.0,265445.0,226086.0,168.0
28.332624308700982,106085.0,265447.0,226088.0,168.0
28.337629188458745,106107.0,265438.0,226099.0,168.0
28.342634068216512,106103.0,265427.0,226114.0,168.0
28.347638947974275,106131.0,265452.0,226069.0,168.0
28.352643827732038,106091.0,265475.0,226079.0,168.0
28.3576487074898,106110.0,265457.0,226084.0,168.0
28.362653587247564,106118.0,265471.0,226083.0,168.0
28.36765846700533,106078.0,265445.0,226062.0,168.0
28.372663346763094,106088.0,265463.0,226075.0,168.0
28.377668226520857,106034.0,265439.0,226040.0,168.0
28.38267310627862,106039.0,265451.0,226014.0,168.0
28.387677986036383,105999.0,265439.0,226028.0,168.0
28.39268286579415,105945.0,265435.0,225998.0,168.0
28.397687745551913,105971.0,265464.0,225986.0,168.0
28.402692625309676,105938.0,265436.0,225961.0,168.0
28.40769750506744,105922.0,265441.0,225943.0,168.0
28.412702384825202,105881.0,265438.0,225944.0,168.0
28.41770726458297,105858.0,265432.0,225931.0,168.0
28.422712144340732,105855.0,265439.0,225923.0,168.0
28.427717024098495,105852.0,265432.0,225925.0,168.0
28.432721903856258,105811.0,265449.0,225900.0,168.0
28.43772678361402,105818.0,265443.0,225905.0,168.0
28.442731663371788,105805.0,265444.0,225913.0,168.0
28.44773654312955,105784.0,265438.0,225905.0,168.0
28.452741422887314,105783.0,265441.0,225911.0,168.0
28.457746302645077,105791.0,265450.0,225927.0,168.0
28.46275118240284,105769.0,265463.0,225916.0,168.0
28.467756062160607,105797.0,265474.0,225940.0,168.0
28.47276094191837,105805.0,265481.0,225916.0,168.0
28.477765821676133,105837.0,265479.0,225946.0,168.0
28.482770701433896,105807.0,265490.0,225929.0,168.0
28.48777558119166,105799.0,265487.0,225932.0,168.0
28.492780460949426,105838.0,265461.0,225919.0,168.0
28.49778534070719,105844.0,265495.0,225954.0,168.0
28.502790220464952,105823.0,265488.0,225952.0,168.0
28.507795100222715,105843.0,265499.0,225941.0,168.0
28.51279997998048,105860.0,265497.0,225966.0,168.0
28.517804859738245,105863.0,265500.0,225968.0,168.0
28.522809739496008,105874.0,265507.0,225960.0,168.0
28.52781461925377,105839.0,265536.0,225995.0,168.0
28.532819499011534,105895.0,265520.0,225998.0,168.0
28.537824378769297,105924.0,265518.0,225980.0,168.0
28.542829258527064,105919.0,265543.0,225997.0,168.0
28.547834138284827,105918.0,265547.0,226000.0,168.0
28.55283901804259,105873.0,265531.0,226022.0,168.0
28.557843897800353,105788.0,265549.0,226020.0,168.0
28.56284877755812,105794.0,265540.0,226026.0,168.0
28.567853657315883,105739.0,265556.0,226042.0,168.0
28.572858537073646,105779.0,265552.0,226034.0,168.0
28.57786341683141,105788.0,265549.0,226023.0,168.0
28.582868296589172,105739.0,265544.0,226042.0,168.0
28.58787317634694,105779.0,265577.0,226052.0,168.0
28.592878056104702,105756.0,265572.0,226070.0,168.0
28.597882935862465,105769.0,265571.0,226074.0,168.0
28.602887815620228,105776.0,265606.0,226084.0,168.0
28.60789269537799,105796.0,265596.0,226098.0,168.0
28.612897575135758,105827.0,265597.0,226111.0,168.0
28.61790245489352,105809.0,265619.0,226126.0,168.0
28.622907334651284,105812.0,265589.0,226123.0,168.0
28.627912214409047,105869.0,265600.0,226135.0,168.0
28.63291709416681,105904.0,265622.0,226125.0,168.0
28.637921973924577,105893.0,265613.0,226141.0,168.0
28.64292685368234,105871.0,265635.0,226170.0,168.0
28.647931733440103,105883.0,265653.0,226170.0,168.0
28.652936613197866,105918.0,265642.0,226153.0,168.0
28.65794149295563,105909.0,265629.0,226190.0,168.0
28.662946372713396,105914.0,265643.0,226176.0,168.0
28.66795125247116,105951.0,265640.0,226176.0,168.0
28.672956132228922,105927.0,265660.0,226170.0,168.0
28.677961011986685,105986.0,265675.0,226175.0,168.0
28.68296589174445,105947.0,265661.0,226161.0,168.0
28.687970771502215,105980.0,265663.0,226172.0,168.0
28.692975651259978,105934.0,265655.0,226197.0,168.0
28.69798053101774,105979.0,265647.0,226200.0,168.0
28.702985410775504,105972.0,265631.0,226205.0,168.0
28.707990290533267,105989.0,265687.0,226220.0,168.0
28.712995170291034,106023.0,265692.0,226196.0,168.0
28.718000050048797,106033.0,265695.0,226233.0,168.0
28.72300492980656,106058.0,265677.0,226222.0,168.0
28.728009809564323,106042.0,265712.0,226223.0,168.0
28.733014689322086,106043.0,265736.0,226229.0,168.0
28.738019569079853,106062.0,265696.0,226246.0,168.0
28.743024448837616,106105.0,265690.0,226226.0,168.0
28.74802932859538,106071.0,265703.0,226267.0,168.0
28.753034208353142,106127.0,265744.0,226261.0,168.0
28.75803908811091,106139.0,265724.0,226255.0,168.0
28.763043967868672,106170.0,265753.0,226281.0,168.0
28.768048847626435,106164.0,265742.0,226280.0,168.0
28.773053727384198,106177.0,265723.0,226292.0,168.0
28.77805860714196,106199.0,265740.0,226297.0,168.0
28.783063486899728,106251.0,265756.0,226311.0,168.0
28.78806836665749,106231.0,265765.0,226311.0,168.0
28.793073246415254,106257.0,265770.0,226305.0,168.0
28.798078126173017,106277.0,265781.0,226321.0,168.0
28.80308300593078,106307.0,265768.0,226357.0,168.0
28.808087885688547,106353.0,265784.0,226361.0,168.0
28.81309276544631,106340.0,265771.0,226371.0,168.0
28.818097645204073,106379.0,265808.0,226373.0,168.0
28.823102524961836,106393.0,265815.0,226370.0,168.0
28.8281074047196,106410.0,265819.0,226390.0,168.0
28.833112284477366,106404.0,265809.0,226376.0,168.0
28.83811716423513,106445.0,265812.0,226388.0,168.0
28.843122043992892,106419.0,265815.0,226372.0,168.0
28.848126923750655,106439.0,265802.0,226416.0,168.0
28.85313180350842,106466.0,265833.0,226394.0,168.0
28.858136683266185,106442.0,265824.0,226428.0,168.0
28.863141563023948,106483.0,265824.0,226438.0,168.0
28.86814644278171,106463.0,265827.0,226448.0,168.0
28.873151322539474,106491.0,265850.0,226460.0,168.0
28.878156202297237,106511.0,265865.0,226451.0,168.0
28.883161082055004,106516.0,265857.0,226469.0,168.0
28.888165961812767,106539.0,265873.0,226504.0,168.0
28.89317084157053,106553.0,265866.0,226496.0,168.0
28.898175721328293,106571.0,265868.0,226498.0,168.0
28.903180601086056,106565.0,265883.0,226505.0,168.0
28.908185480843823,106590.0,265891.0,226514.0,168.0
28.913190360601586,106595.0,265898.0,226521.0,168.0
28.91819524035935,106688.0,265877.0,226539.0,168.0
28.923200120117112,106684.0,265895.0,226554.0,168.0
28.928204999874875,106668.0,265897.0,226561.0,168.0
28.933209879632642,106712.0,265945.0,226599.0,168.0
28.938214759390405,106718.0,265938.0,226581.0,168.0
28.943219639148168,106727.0,265943.0,226616.0,168.0
28.94822451890593,106740.0,265936.0,226615.0,168.0
28.953229398663694,106763.0,265970.0,226602.0,168.0
28.95823427842146,106807.0,265938.0,226622.0,168.0
28.963239158179224,106826.0,265984.0,226647.0,168.0
28.968244037936987,106846.0,265981.0,226651.0,168.0
28.97324891769475,106851.0,265980.0,226654.0,168.0
28.978253797452517,106899.0,265990.0,226652.0,168.0
28.98325867721028,106944.0,265997.0,226649.0,168.0
28.988263556968043,107020.0,265987.0,226646.0,168.0
28.993268436725806,107056.0,266007.0,226670.0,168.0
28.99827331648357,107066.0,266022.0,226706.0,168.0
29.003278196241336,107059.0,266010.0,226715.0,168.0
29.0082830759991,107029.0,265999.0,226711.0,168.0
29.013287955756862,106989.0,266021.0,226733.0,168.0
29.018292835514625,106973.0,266006.0,226725.0,168.0
29.02329771527239,106954.0,266032.0,226710.0,168.0
29.028302595030155,106964.0,266026.0,226729.0,168.0
29.033307474787918,106991.0,266046.0,226740.0,168.0
29.03831235454568,107010.0,266034.0,226729.0,168.0
29.043317234303444,106982.0,266026.0,226736.0,168.0
29.048322114061207,106969.0,266026.0,226722.0,168.0
29.053326993818974,106979.0,266028.0,226719.0,168.0
29.058331873576737,106970.0,266079.0,226733.0,168.0
29.0633367533345,106943.0,266041.0,226684.0,168.0
29.068341633092263,106868.0,266001.0,226655.0,168.0
29.073346512850026,106828.0,265984.0,226621.0,168.0
29.078351392607793,106807.0,265960.0,226577.0,168.0
29.083356272365556,106763.0,265986.0,226555.0,168.0
29.08836115212332,106692.0,265943.0,226516.0,168.0
29.093366031881082,106654.0,265944.0,226499.0,168.0
29.098370911638845,106591.0,265947.0,226450.0,168.0
29.103375791396612,106568.0,265950.0,226432.0,168.0
29.108380671154375,106541.0,265917.0,226398.0,168.0
29.113385550912138,106510.0,265958.0,226380.0,168.0
29.1183904306699,106462.0,265927.0,226374.0,168.0
29.123395310427664,106465.0,265911.0,226387.0,168.0
29.12840019018543,106428.0,265926.0,226353.0,168.0
29.133405069943194,106449.0,265884.0,226351.0,168.0
29.138409949700957,106438.0,265884.0,226336.0,168.0
29.14341482945872,106391.0,265904.0,226333.0,168.0
29.148419709216483,106387.0,265898.0,226320.0,168.0
29.15342458897425,106373.0,265922.0,226309.0,168.0
29.158429468732013,106378.0,265915.0,226303.0,168.0
29.163434348489776,106368.0,265910.0,226305.0,168.0
29.16843922824754,106377.0,265904.0,226309.0,168.0
29.173444108005302,106338.0,265915.0,226308.0,168.0
29.17844898776307,106383.0,265900.0,226298.0,168.0
29.183453867520832,106373.0,265924.0,226312.0,168.0
29.188458747278595,106391.0,265928.0,226308.0,168.0
29.19346362703636,106396.0,265935.0,226308.0,168.0
29.198468506794125,106428.0,265905.0,226329.0,168.0
29.203473386551888,106488.0,265909.0,226344.0,168.0
29.20847826630965,106507.0,265934.0,226330.0,168.0
29.213483146067414,106518.0,265950.0,226340.0,168.0
29.218488025825177,106521.0,265938.0,226341.0,168.0
29.223492905582944,106575.0,265973.0,226370.0,168.0
29.228497785340707,106510.0,265941.0,226342.0,168.0
29.23350266509847,106550.0,265945.0,226374.0,168.0
29.238507544856233,106552.0,265943.0,226371.0,168.0
29.243512424613996,106586.0,265938.0,226365.0,168.0
29.248517304371763,106565.0,265945.0,226388.0,168.0
29.253522184129526,106569.0,265947.0,226374.0,168.0
29.25852706388729,106610.0,265968.0,226384.0,168.0
29.263531943645052,106622.0,265949.0,226406.0,168.0
29.268536823402815,106600.0,265946.0,226392.0,168.0
29.273541703160582,106634.0,265973.0,226402.0,168.0
29.278546582918345,106649.0,265966.0,226402.0,168.0
29.283551462676108,106676.0,265966.0,226405.0,168.0
29.28855634243387,106683.0,265988.0,226429.0,168.0
29.293561222191634,106720.0,265948.0,226437.0,168.0
29.2985661019494,106745.0,266000.0,226451.0,168.0
29.303570981707164,106720.0,266020.0,226461.0,168.0
29.308575861464927,106740.0,265994.0,226449.0,168.0
29.31358074122269,106762.0,266005.0,226451.0,168.0
29.318585620980453,106799.0,266002.0,226450.0,168.0
29.32359050073822,106791.0,266010.0,226468.0,168.0
29.328595380495983,106787.0,265971.0,226477.0,168.0
29.333600260253746,106835.0,265990.0,226466.0,168.0
29.33860514001151,106827.0,265995.0,226482.0,168.0
29.343610019769272,106808.0,266001.0,226461.0,168.0
29.34861489952704,106823.0,265995.0,226460.0,168.0
29.353619779284802,106803.0,265999.0,226480.0,168.0
29.358624659042565,106812.0,265999.0,226467.0,168.0
29.36362953880033,106828.0,265974.0,226480.0,168.0
29.36863441855809,106825.0,266016.0,226505.0,168.0
29.373639298315858,106853.0,266012.0,226490.0,168.0
29.37864417807362,106837.0,266005.0,226469.0,168.0
29.383649057831384,106865.0,266005.0,226513.0,168.0
29.388653937589147,106865.0,265999.0,226468.0,168.0
29.393658817346914,106878.0,266005.0,226515.0,168.0
29.398663697104677,106864.0,266028.0,226499.0,168.0
29.40366857686244,106884.0,266016.0,226507.0,168.0
29.408673456620203,106874.0,266026.0,226517.0,168.0
29.413678336377966,106861.0,266017.0,226520.0,168.0
29.418683216135733,106936.0,266029.0,226537.0,168.0
29.423688095893496,106907.0,266015.0,226518.0,168.0
29.42869297565126,106922.0,266039.0,226512.0,168.0
29.433697855409022,106906.0,266028.0,226532.0,168.0
29.438702735166785,106892.0,266026.0,226524.0,168.0
29.443707614924552,106881.0,266051.0,226500.0,168.0
29.448712494682315,106887.0,266050.0,226541.0,168.0
29.453717374440078,106906.0,266049.0,226511.0,168.0
29.45872225419784,106915.0,266047.0,226548.0,168.0
29.463727133955604,106930.0,266039.0,226550.0,168.0
29.46873201371337,106924.0,266048.0,226536.0,168.0
29.473736893471134,106929.0,266026.0,226541.0,168.0
29.478741773228897,106941.0,266032.0,226521.0,168.0
29.48374665298666,106998.0,266080.0,226557.0,168.0
29.488751532744423,106984.0,266034.0,226557.0,168.0
29.49375641250219,106978.0,266023.0,226577.0,168.0
29.498761292259953,106993.0,266059.0,226576.0,168.0
29.503766172017716,106962.0,266043.0,226573.0,168.0
29.50877105177548,106991.0,266052.0,226565.0,168.0
29.513775931533242,107000.0,266045.0,226596.0,168.0
29.51878081129101,106994.0,266060.0,226601.0,168.0
29.523785691048772,107023.0,266071.0,226578.0,168.0
29.528790570806535,107006.0,266063.0,226611.0,168.0
29.5337954505643,107035.0,266072.0,226616.0,168.0
29.53880033032206,107065.0,266064.0,226621.0,168.0
29.543805210079828,107069.0,266106.0,226614.0,168.0
29.54881008983759,107083.0,266084.0,226650.0,168.0
29.553814969595354,107092.0,266069.0,226632.0,168.0
29.558819849353117,107105.0,266074.0,226633.0,168.0
29.56382472911088,107120.0,266101.0,226652.0,168.0
29.568829608868647,107098.0,266084.0,226642.0,168.0
29.57383448862641,107151.0,266074.0,226651.0,168.0
29.578839368384173,107147.0,266086.0,226675.0,168.0
29.583844248141936,107178.0,266075.0,226665.0,168.0
29.5888491278997,107175.0,266082.0,226667.0,168.0
29.593854007657466,107196.0,266087.0,226673.0,168.0
29.59885888741523,107177.0,266097.0,226673.0,168.0
29.603863767172992,107211.0,266076.0,226701.0,168.0
29.608868646930755,107231.0,266082.0,226685.0,168.0
29.613873526688522,107224.0,266080.0,226697.0,168.0
29.618878406446285,107256.0,266087.0,226707.0,168.0
29.623883286204048,107238.0,266107.0,226698.0,168.0
29.62888816596181,107278.0,266072.0,226699.0,168.0
29.633893045719574,107283.0,266090.0,226699.0,168.0
29.63889792547734,107275.0,266082.0,226699.0,168.0
29.643902805235104,107256.0,266086.0,226718.0,168.0
29.648907684992867,107232.0,266099.0,226710.0,168.0
29.65391256475063,107215.0,266111.0,226719.0,168.0
29.658917444508393,107237.0,266077.0,226715.0,168.0
29.66392232426616,107228.0,266077.0,226716.0,168.0
29.668927204023923,107250.0,266103.0,226739.0,168.0
29.673932083781686,107198.0,266095.0,226741.0,168.0
29.67893696353945,107249.0,266101.0,226752.0,168.0
29.683941843297212,107246.0,266117.0,226758.0,168.0
29.68894672305498,107257.0,266105.0,226748.0,168.0
29.693951602812742,107263.0,266097.0,226763.0,168.0
29.698956482570505,107254.0,266132.0,226760.0,168.0
29.70396136232827,107302.0,266107.0,226774.0,168.0
29.70896624208603,107269.0,266102.0,226787.0,168.0
29.713971121843798,107269.0,266138.0,226771.0,168.0
29.71897600160156,107268.0,266104.0,226807.0,168.0
29.723980881359324,107290.0,266092.0,226790.0,168.0
29.728985761117087,107272.0,266124.0,226779.0,168.0
29.73399064087485,107281.0,266109.0,226783.0,168.0
29.738995520632617,107291.0,266121.0,226793.0,168.0
29.74400040039038,107283.0,266086.0,226795.0,168.0
29.749005280148143,107267.0,266118.0,226788.0,168.0
29.754010159905906,107248.0,266087.0,226778.0,168.0
29.75901503966367,107241.0,266101.0,226775.0,168.0
29.764019919421436,107254.0,266115.0,226786.0,168.0
29.7690247991792,107207.0,266090.0,226758.0,168.0
29.774029678936962,107187.0,266102.0,226728.0,168.0
29.779034558694725,107102.0,266088.0,226712.0,168.0
29.78403943845249,107073.0,266095.0,226675.0,168.0
29.789044318210255,106978.0,266091.0,226644.0,168.0
29.794049197968018,106965.0,266086.0,226623.0,168.0
29.79905407772578,106854.0,266051.0,226571.0,168.0
29.804058957483544,106807.0,266048.0,226530.0,168.0
29.80906383724131,106749.0,266026.0,226507.0,168.0
29.814068716999074,106708.0,265998.0,226504.0,168.0
29.819073596756837,106689.0,266031.0,226460.0,168.0
29.8240784765146,106635.0,266040.0,226444.0,168.0
29.829083356272363,106608.0,265981.0,226415.0,168.0
29.83408823603013,106560.0,265960.0,226389.0,168.0
29.839093115787893,106509.0,265987.0,226363.0,168.0
29.844097995545656,106506.0,265968.0,226348.0,168.0
29.84910287530342,106473.0,265963.0,226378.0,168.0
29.854107755061182,106451.0,265974.0,226363.0,168.0
29.85911263481895,106409.0,265954.0,226334.0,168.0
29.864117514576712,106416.0,265965.0,226336.0,168.0
29.869122394334475,106384.0,265959.0,226327.0,168.0
29.87412727409224,106396.0,265950.0,226334.0,168.0
29.87913215385,106426.0,265960.0,226343.0,168.0
29.884137033607768,106404.0,265963.0,226344.0,168.0
29.88914191336553,106378.0,265977.0,226348.0,168.0
29.894146793123294,106395.0,265956.0,226343.0,168.0
29.899151672881057,106392.0,265977.0,226328.0,168.0
29.90415655263882,106440.0,265958.0,226347.0,168.0
29.909161432396587,106455.0,265977.0,226350.0,168.0
29.91416631215435,106440.0,265984.0,226368.0,168.0
29.919171191912113,106402.0,265982.0,226378.0,168.0
29.924176071669876,106440.0,265982.0,226363.0,168.0
29.92918095142764,106408.0,265965.0,226382.0,168.0
29.934185831185406,106405.0,265977.0,226372.0,168.0
29.93919071094317,106454.0,265985.0,226374.0,168.0
29.944195590700932,106437.0,265957.0,226371.0,168.0
29.949200470458695,106410.0,265977.0,226361.0,168.0
29.95420535021646,106452.0,265962.0,226386.0,168.0
29.959210229974225,106461.0,266021.0,226395.0,168.0
29.964215109731988,106505.0,265972.0,226408.0,168.0
29.96921998948975,106526.0,265999.0,226400.0,168.0
29.974224869247514,106481.0,265989.0,226411.0,168.0
29.979229749005277,106516.0,266017.0,226431.0,168.0
29.984234628763044,106526.0,266028.0,226439.0,168.0
29.989239508520807,106524.0,266020.0,226446.0,168.0
29.99424438827857,106565.0,266023.0,226452.0,168.0
29.999249268036333,106579.0,266025.0,226491.0,168.0
30.004254147794096,106621.0,266025.0,226488.0,168.0
30.009259027551863,106634.0,266018.0,226505.0,168.0
30.014263907309626,106618.0,266048.0,226523.0,168.0
30.01926878706739,106655.0,266044.0,226511.0,168.0
30.024273666825152,106659.0,266051.0,226524.0,168.0
30.02927854658292,106699.0,266067.0,226531.0,168.0
30.034283426340682,106679.0,266039.0,226547.0,168.0
30.039288306098445,106719.0,266052.0,226541.0,168.0
30.04429318585621,106724.0,266061.0,226541.0,168.0
30.04929806561397,106742.0,266064.0,226533.0,168.0
30.054302945371738,106749.0,266076.0,226567.0,168.0
30.0593078251295,106757.0,266079.0,226557.0,168.0
30.064312704887264,106739.0,266084.0,226568.0,168.0
30.069317584645027,106772.0,266086.0,226582.0,168.0
30.07432246440279,106778.0,266078.0,226575.0,168.0
30.079327344160557,106791.0,266096.0,226586.0,168.0
30.08433222391832,106781.0,266085.0,226608.0,168.0
30.089337103676083,106800.0,266111.0,226576.0,168.0
30.094341983433846,106795.0,266091.0,226593.0,168.0
30.09934686319161,106816.0,266089.0,226588.0,168.0
30.104351742949376,106785.0,266119.0,226592.0,168.0
30.10935662270714,106799.0,266114.0,226611.0,168.0
30.114361502464902,106799.0,266096.0,226593.0,168.0
30.119366382222665,106819.0,266094.0,226591.0,168.0
30.12437126198043,106839.0,266094.0,226606.0,168.0
30.129376141738195,106830.0,266121.0,226614.0,168.0
30.134381021495958,106811.0,266054.0,226607.0,168.0
30.13938590125372,106848.0,266110.0,226633.0,168.0
30.144390781011484,106860.0,266097.0,226613.0,168.0
30.149395660769247,106878.0,266091.0,226629.0,168.0
30.154400540527014,106854.0,266081.0,226626.0,168.0
30.159405420284777,106877.0,266110.0,226636.0,168.0
30.16441030004254,106910.0,266115.0,226633.0,168.0
30.169415179800303,106933.0,266097.0,226620.0,168.0
30.174420059558066,106921.0,266118.0,226650.0,168.0
30.179424939315833,106925.0,266101.0,226645.0,168.0
30.184429819073596,106924.0,266109.0,226659.0,168.0
30.18943469883136,106950.0,266125.0,226670.0,168.0
30.194439578589122,106949.0,266109.0,226670.0,168.0
30.199444458346886,106990.0,266130.0,226683.0,168.0
30.204449338104652,107000.0,266112.0,226693.0,168.0
30.209454217862415,107000.0,266116.0,226713.0,168.0
30.21445909762018,107000.0,266126.0,226703.0,168.0
30.21946397737794,107044.0,266126.0,226707.0,168.0
30.224468857135705,107044.0,266133.0,226717.0,168.0
30.22947373689347,107063.0,266124.0,226722.0,168.0
30.234478616651234,107066.0,266115.0,226741.0,168.0
30.239483496408997,107120.0,266123.0,226719.0,168.0
30.24448837616676,107114.0,266125.0,226729.0,168.0
30.249493255924527,107113.0,266154.0,226740.0,168.0
30.25449813568229,107117.0,266114.0,226730.0,168.0
30.259503015440053,107168.0,266141.0,226731.0,168.0
30.264507895197816,107128.0,266117.0,226757.0,168.0
30.26951277495558,107167.0,266114.0,226752.0,168.0
30.274517654713346,107159.0,266124.0,226755.0,168.0
30.27952253447111,107186.0,266148.0,226774.0,168.0
30.284527414228872,107214.0,266152.0,226779.0,168.0
30.289532293986635,107237.0,266156.0,226774.0,168.0
30.2945371737444,107226.0,266143.0,226795.0,168.0
30.299542053502165,107236.0,266158.0,226779.0,168.0
30.304546933259928,107236.0,266150.0,226804.0,168.0
30.30955181301769,107272.0,266161.0,226805.0,168.0
30.314556692775454,107249.0,266143.0,226823.0,168.0
30.319561572533217,107309.0,266170.0,226819.0,168.0
30.324566452290984,107305.0,266145.0,226816.0,168.0
30.329571332048747,107306.0,266164.0,226814.0,168.0
30.33457621180651,107285.0,266149.0,226829.0,168.0
30.339581091564273,107336.0,266149.0,226814.0,168.0
30.344585971322036,107346.0,266158.0,226808.0,168.0
30.349590851079803,107315.0,266145.0,226815.0,168.0
30.354595730837566,107347.0,266133.0,226816.0,168.0
30.35960061059533,107335.0,266133.0,226820.0,168.0
30.364605490353092,107361.0,266128.0,226821.0,168.0
30.369610370110856,107321.0,266117.0,226832.0,168.0
30.374615249868622,107355.0,266117.0,226827.0,168.0
30.379620129626385,107335.0,266134.0,226822.0,168.0
30.38462500938415,107357.0,266162.0,226856.0,168.0
30.38962988914191,107367.0,266140.0,226831.0,168.0
30.394634768899675,107408.0,266122.0,226845.0,168.0
30.39963964865744,107391.0,266114.0,226845.0,168.0
30.404644528415204,107386.0,266141.0,226842.0,168.0
30.409649408172967,107396.0,266135.0,226847.0,168.0
30.41465428793073,107408.0,266128.0,226861.0,168.0
30.419659167688494,107430.0,266131.0,226849.0,168.0
30.42466404744626,107478.0,266128.0,226870.0,168.0
30.429668927204023,107440.0,266140.0,226857.0,168.0
30.434673806961786,107397.0,266139.0,226880.0,168.0
30.43967868671955,107399.0,266151.0,226889.0,168.0
30.444683566477316,107462.0,266152.0,226868.0,168.0
30.44968844623508,107505.0,266129.0,226876.0,168.0
30.454693325992842,107514.0,266140.0,226879.0,168.0
30.459698205750605,107449.0,266149.0,226894.0,168.0
30.46470308550837,107518.0,266153.0,226876.0,168.0
30.469707965266135,107601.0,266141.0,226883.0,168.0
30.474712845023898,107600.0,266144.0,226886.0,168.0
30.47971772478166,107631.0,266136.0,226881.0,168.0
30.484722604539424,107685.0,266134.0,226888.0,168.0
30.489727484297187,107689.0,266127.0,226887.0,168.0
30.494732364054954,107713.0,266139.0,226903.0,168.0
30.499737243812717,107700.0,266109.0,226875.0,168.0
30.50474212357048,107683.0,266140.0,226907.0,168.0
30.509747003328243,107690.0,266137.0,226917.0,168.0
30.514751883086007,107717.0,266139.0,226889.0,168.0
30.519756762843773,107691.0,266106.0,226878.0,168.0
30.524761642601536,107666.0,266115.0,226904.0,168.0
30.5297665223593,107671.0,266124.0,226859.0,168.0
30.534771402117062,107663.0,266114.0,226866.0,168.0
30.539776281874826,107633.0,266111.0,226829.0,168.0
30.544781161632592,107559.0,266082.0,226803.0,168.0
30.549786041390355,107515.0,266069.0,226759.0,168.0
30.55479092114812,107434.0,266079.0,226724.0,168.0
30.55979580090588,107335.0,266071.0,226691.0,168.0
30.564800680663645,107309.0,266022.0,226657.0,168.0
30.56980556042141,107227.0,266035.0,226618.0,168.0
30.574810440179174,107170.0,266020.0,226574.0,168.0
30.579815319936937,107070.0,266005.0,226530.0,168.0
30.5848201996947,107043.0,265971.0,226522.0,168.0
30.589825079452464,106998.0,265971.0,226500.0,168.0
30.59482995921023,106946.0,265959.0,226456.0,168.0
30.599834838967993,106900.0,265970.0,226451.0,168.0
30.604839718725756,106868.0,265939.0,226401.0,168.0
30.60984459848352,106863.0,265922.0,226402.0,168.0
30.614849478241283,106823.0,265948.0,226386.0,168.0
30.61985435799905,106812.0,265924.0,226384.0,168.0
30.624859237756812,106773.0,265900.0,226372.0,168.0
30.629864117514575,106768.0,265919.0,226383.0,168.0
30.63486899727234,106764.0,265907.0,226360.0,168.0
30.6398738770301,106735.0,265915.0,226375.0,168.0
30.644878756787868,106733.0,265890.0,226356.0,168.0
30.64988363654563,106743.0,265883.0,226349.0,168.0
30.654888516303394,106707.0,265907.0,226347.0,168.0
30.659893396061157,106737.0,265929.0,226361.0,168.0
30.664898275818924,106732.0,265908.0,226346.0,168.0
30.669903155576687,106729.0,265917.0,226365.0,168.0
30.67490803533445,106703.0,265944.0,226373.0,168.0
30.679912915092213,106733.0,265907.0,226379.0,168.0
30.684917794849977,106722.0,265938.0,226351.0,168.0
30.689922674607743,106725.0,265900.0,226377.0,168.0
30.694927554365506,106726.0,265932.0,226375.0,168.0
30.69993243412327,106773.0,265897.0,226357.0,168.0
30.704937313881032,106733.0,265919.0,226379.0,168.0
30.709942193638796,106782.0,265918.0,226390.0,168.0
30.714947073396562,106768.0,265927.0,226374.0,168.0
30.719951953154325,106762.0,265932.0,226387.0,168.0
30.72495683291209,106741.0,265936.0,226421.0,168.0
30.72996171266985,106786.0,265910.0,226414.0,168.0
30.734966592427615,106784.0,265952.0,226399.0,168.0
30.73997147218538,106798.0,265934.0,226421.0,168.0
30.744976351943144,106821.0,265941.0,226432.0,168.0
30.749981231700907,106827.0,265932.0,226440.0,168.0
30.75498611145867,106820.0,265951.0,226421.0,168.0
30.759990991216434,106854.0,265928.0,226454.0,168.0
30.7649958709742,106895.0,265935.0,226446.0,168.0
30.770000750731963,106896.0,265945.0,226474.0,168.0
30.775005630489726,106914.0,265931.0,226464.0,168.0
30.78001051024749,106900.0,265967.0,226471.0,168.0
30.785015390005253,106942.0,265956.0,226458.0,168.0
30.79002026976302,106940.0,265941.0,226471.0,168.0
30.795025149520782,106972.0,265951.0,226485.0,168.0
30.800030029278545,106970.0,265942.0,226476.0,168.0
30.80503490903631,106984.0,265936.0,226486.0,168.0
30.81003978879407,106961.0,265961.0,226478.0,168.0
30.815044668551838,106970.0,265951.0,226490.0,168.0
30.8200495483096,106962.0,265959.0,226491.0,168.0
30.825054428067364,106981.0,265945.0,226507.0,168.0
30.830059307825127,106983.0,265952.0,226504.0,168.0
30.83506418758289,106995.0,265929.0,226498.0,168.0
30.840069067340657,106998.0,265963.0,226492.0,168.0
30.84507394709842,107000.0,265955.0,226491.0,168.0
30.850078826856183,106990.0,265941.0,226498.0,168.0
30.855083706613947,106959.0,265928.0,226467.0,168.0
30.86008858637171,106970.0,265898.0,226500.0,168.0
30.865093466129476,106993.0,265917.0,226497.0,168.0
30.87009834588724,106988.0,265899.0,226473.0,168.0
30.875103225645002,106969.0,265887.0,226489.0,168.0
30.880108105402766,107007.0,265903.0,226481.0,168.0
30.885112985160532,106990.0,265903.0,226481.0,168.0
30.890117864918295,107020.0,265898.0,226483.0,168.0
30.89512274467606,106961.0,265894.0,226469.0,168.0
30.90012762443382,106997.0,265898.0,226467.0,168.0
30.905132504191585,106952.0,265850.0,226442.0,168.0
30.91013738394935,106961.0,265900.0,226461.0,168.0
30.915142263707114,106958.0,265857.0,226453.0,168.0
30.920147143464877,106971.0,265900.0,226466.0,168.0
30.92515202322264,106993.0,265887.0,226471.0,168.0
30.930156902980404,106995.0,265878.0,226454.0,168.0
30.93516178273817,107005.0,265890.0,226436.0,168.0
30.940166662495933,106979.0,265882.0,226461.0,168.0
30.945171542253696,107013.0,265872.0,226459.0,168.0
30.95017642201146,107010.0,265858.0,226459.0,168.0
30.955181301769223,106993.0,265829.0,226452.0,168.0
30.96018618152699,106977.0,265873.0,226459.0,168.0
30.965191061284752,106993.0,265870.0,226476.0,168.0
30.970195941042515,107010.0,265862.0,226474.0,168.0
30.97520082080028,107011.0,265838.0,226469.0,168.0
30.98020570055804,106998.0,265825.0,226478.0,168.0
30.985210580315808,107063.0,265846.0,226448.0,168.0
30.99021546007357,107056.0,265866.0,226490.0,168.0
30.995220339831334,107065.0,265850.0,226468.0,168.0
31.000225219589097,107039.0,265864.0,226473.0,168.0
31.00523009934686,107052.0,265870.0,226478.0,168.0
31.010234979104627,107058.0,265857.0,226470.0,168.0
31.01523985886239,107077.0,265888.0,226468.0,168.0
31.020244738620153,107110.0,265878.0,226487.0,168.0
31.025249618377917,107093.0,265868.0,226494.0,168.0
31.03025449813568,107101.0,265842.0,226500.0,168.0
31.035259377893446,107096.0,265873.0,226504.0,168.0
31.04026425765121,107086.0,265870.0,226490.0,168.0
31.045269137408972,107081.0,265850.0,226488.0,168.0
31.050274017166736,107103.0,265860.0,226506.0,168.0
31.0552788969245,107100.0,265851.0,226499.0,168.0
31.060283776682265,107102.0,265853.0,226498.0,168.0
31.06528865644003,107118.0,265863.0,226505.0,168.0
31.07029353619779,107113.0,265863.0,226520.0,168.0
31.075298415955555,107108.0,265853.0,226511.0,168.0
31.08030329571332,107127.0,265828.0,226509.0,168.0
31.085308175471084,107172.0,265869.0,226520.0,168.0
31.090313055228847,107179.0,265871.0,226521.0,168.0
31.09531793498661,107144.0,265857.0,226529.0,168.0
31.100322814744374,107165.0,265882.0,226533.0,168.0
31.10532769450214,107172.0,265880.0,226510.0,168.0
31.110332574259903,107174.0,265863.0,226547.0,168.0
31.115337454017666,107208.0,265878.0,226529.0,168.0
31.12034233377543,107206.0,265859.0,226531.0,168.0
31.125347213533193,107201.0,265870.0,226541.0,168.0
31.13035209329096,107220.0,265874.0,226551.0,168.0
31.135356973048722,107199.0,265874.0,226539.0,168.0
31.140361852806485,107232.0,265886.0,226551.0,168.0
31.14536673256425,107232.0,265865.0,226553.0,168.0
31.15037161232201,107252.0,265855.0,226547.0,168.0
31.155376492079778,107243.0,265844.0,226542.0,168.0
31.16038137183754,107225.0,265901.0,226534.0,168.0
31.165386251595304,107252.0,265891.0,226558.0,168.0
31.170391131353067,107300.0,265887.0,226567.0,168.0
31.17539601111083,107286.0,265898.0,226589.0,168.0
31.180400890868597,107328.0,265889.0,226594.0,168.0
31.18540577062636,107353.0,265879.0,226572.0,168.0
31.190410650384123,107372.0,265903.0,226584.0,168.0
31.195415530141887,107412.0,265906.0,226591.0,168.0
31.20042040989965,107437.0,265886.0,226578.0,168.0
31.205425289657416,107443.0,265934.0,226606.0,168.0
31.21043016941518,107423.0,265943.0,226641.0,168.0
31.215435049172942,107420.0,265944.0,226625.0,168.0
31.220439928930706,107468.0,265929.0,226622.0,168.0
31.22544480868847,107507.0,265944.0,226633.0,168.0
31.230449688446235,107545.0,265956.0,226642.0,168.0
31.235454568204,107581.0,265952.0,226648.0,168.0
31.24045944796176,107512.0,265939.0,226653.0,168.0
31.245464327719525,107398.0,265974.0,226659.0,168.0
31.250469207477288,107343.0,265944.0,226667.0,168.0
31.255474087235054,107271.0,265952.0,226660.0,168.0
31.260478966992817,107192.0,265939.0,226644.0,168.0
31.26548384675058,107183.0,265933.0,226636.0,168.0
31.270488726508344,107166.0,265920.0,226589.0,168.0
31.275493606266107,107171.0,265925.0,226575.0,168.0
31.280498486023873,107129.0,265897.0,226552.0,168.0
31.285503365781636,107101.0,265875.0,226528.0,168.0
31.2905082455394,107093.0,265876.0,226494.0,168.0
31.295513125297163,107032.0,265881.0,226453.0,168.0
31.30051800505493,106971.0,265834.0,226426.0,168.0
31.305522884812692,106937.0,265855.0,226414.0,168.0
31.310527764570455,106931.0,265835.0,226395.0,168.0
31.31553264432822,106912.0,265848.0,226361.0,168.0
31.32053752408598,106847.0,265826.0,226369.0,168.0
31.325542403843748,106860.0,265852.0,226351.0,168.0
31.33054728360151,106831.0,265838.0,226356.0,168.0
31.335552163359274,106804.0,265817.0,226339.0,168.0
31.340557043117037,106774.0,265821.0,226318.0,168.0
31.3455619228748,106787.0,265810.0,226323.0,168.0
31.350566802632567,106782.0,265810.0,226318.0,168.0
31.35557168239033,106766.0,265793.0,226286.0,168.0
31.360576562148093,106737.0,265810.0,226292.0,168.0
31.365581441905857,106741.0,265813.0,226312.0,168.0
31.37058632166362,106743.0,265794.0,226306.0,168.0
31.375591201421386,106737.0,265821.0,226338.0,168.0
31.38059608117915,106722.0,265810.0,226299.0,168.0
31.385600960936912,106732.0,265817.0,226320.0,168.0
31.390605840694676,106752.0,265833.0,226326.0,168.0
31.39561072045244,106733.0,265811.0,226326.0,168.0
31.400615600210205,106748.0,265814.0,226316.0,168.0
31.40562047996797,106753.0,265825.0,226314.0,168.0
31.41062535972573,106761.0,265821.0,226334.0,168.0
31.415630239483495,106775.0,265845.0,226331.0,168.0
31.420635119241258,106778.0,265839.0,226371.0,168.0
31.425639998999024,106796.0,265837.0,226348.0,168.0
31.430644878756787,106788.0,265869.0,226351.0,168.0
31.43564975851455,106810.0,265875.0,226387.0,168.0
31.440654638272314,106796.0,265875.0,226370.0,168.0
31.445659518030077,106814.0,265863.0,226359.0,168.0
31.450664397787843,106823.0,265863.0,226390.0,168.0
31.455669277545606,106858.0,265874.0,226390.0,168.0
31.46067415730337,106833.0,265900.0,226384.0,168.0
31.465679037061133,106901.0,265892.0,226430.0,168.0
31.470683916818896,106896.0,265904.0,226406.0,168.0
31.475688796576662,106925.0,265916.0,226456.0,168.0
31.480693676334425,106941.0,265928.0,226446.0,168.0
31.48569855609219,106954.0,265926.0,226475.0,168.0
31.49070343584995,106983.0,265956.0,226492.0,168.0
31.495708315607718,107027.0,265951.0,226508.0,168.0
31.50071319536548,107069.0,265970.0,226512.0,168.0
31.505718075123244,107140.0,265989.0,226541.0,168.0
31.510722954881007,107170.0,265985.0,226552.0,168.0
31.51572783463877,107237.0,265990.0,226568.0,168.0
31.520732714396537,107334.0,266020.0,226589.0,168.0
31.5257375941543,107374.0,266024.0,226608.0,168.0
31.530742473912063,107407.0,266051.0,226617.0,168.0
31.535747353669827,107471.0,266066.0,226621.0,168.0
31.54075223342759,107474.0,266078.0,226648.0,168.0
31.545757113185356,107498.0,266088.0,226637.0,168.0
31.55076199294312,107543.0,266099.0,226648.0,168.0
31.555766872700882,107564.0,266070.0,226650.0,168.0
31.560771752458646,107593.0,266118.0,226686.0,168.0
31.56577663221641,107640.0,266086.0,226673.0,168.0
31.570781511974175,107655.0,266097.0,226696.0,168.0
31.57578639173194,107690.0,266110.0,226702.0,168.0
31.5807912714897,107691.0,266105.0,226690.0,168.0
31.585796151247465,107722.0,266085.0,226735.0,168.0
31.590801031005228,107741.0,266118.0,226723.0,168.0
31.595805910762994,107743.0,266139.0,226723.0,168.0
31.600810790520757,107777.0,266143.0,226756.0,168.0
31.60581567027852,107776.0,266160.0,226769.0,168.0
31.610820550036284,107835.0,266131.0,226790.0,168.0
31.615825429794047,107871.0,266187.0,226798.0,168.0
31.620830309551813,107840.0,266180.0,226807.0,168.0
31.625835189309576,107863.0,266187.0,226815.0,168.0
31.63084006906734,107935.0,266213.0,226830.0,168.0
31.635844948825103,107950.0,266204.0,226855.0,168.0
31.640849828582866,107970.0,266194.0,226857.0,168.0
31.645854708340632,108008.0,266231.0,226877.0,168.0
31.650859588098395,108033.0,266258.0,226891.0,168.0
31.65586446785616,108044.0,266251.0,226899.0,168.0
31.66086934761392,108093.0,266254.0,226911.0,168.0
31.665874227371685,108088.0,266270.0,226916.0,168.0
31.67087910712945,108142.0,266232.0,226916.0,168.0
31.675883986887214,108142.0,266258.0,226945.0,168.0
31.680888866644977,108175.0,266265.0,226942.0,168.0
31.68589374640274,108210.0,266264.0,226946.0,168.0
31.690898626160504,108285.0,266292.0,226979.0,168.0
31.69590350591827,108292.0,266289.0,226987.0,168.0
31.700908385676033,108306.0,266300.0,227029.0,168.0
31.705913265433797,108357.0,266328.0,227024.0,168.0
31.71091814519156,108387.0,266341.0,227064.0,168.0
31.715923024949326,108454.0,266362.0,227064.0,168.0
31.72092790470709,108469.0,266349.0,227064.0,168.0
31.725932784464852,108487.0,266371.0,227088.0,168.0
31.730937664222616,108510.0,266374.0,227145.0,168.0
31.73594254398038,108554.0,266364.0,227126.0,168.0
31.740947423738145,108588.0,266349.0,227158.0,168.0
31.74595230349591,108641.0,266394.0,227166.0,168.0
31.75095718325367,108644.0,266413.0,227179.0,168.0
31.755962063011435,108712.0,266406.0,227172.0,168.0
31.760966942769198,108723.0,266406.0,227212.0,168.0
31.765971822526964,108766.0,266422.0,227218.0,168.0
31.770976702284727,108799.0,266436.0,227236.0,168.0
31.77598158204249,108848.0,266434.0,227246.0,168.0
31.780986461800254,108890.0,266449.0,227261.0,168.0
31.785991341558017,108910.0,266424.0,227279.0,168.0
31.790996221315783,108925.0,266433.0,227265.0,168.0
31.796001101073546,108944.0,266452.0,227290.0,168.0
31.80100598083131,108984.0,266448.0,227316.0,168.0
31.806010860589073,109005.0,266483.0,227278.0,168.0
31.811015740346836,109055.0,266468.0,227297.0,168.0
31.816020620104602,109044.0,266506.0,227340.0,168.0
31.821025499862365,109094.0,266484.0,227315.0,168.0
31.82603037962013,109086.0,266497.0,227368.0,168.0
31.83103525937789,109134.0,266499.0,227375.0,168.0
31.836040139135655,109163.0,266515.0,227359.0,168.0
31.84104501889342,109197.0,266495.0,227384.0,168.0
31.846049898651184,109218.0,266509.0,227369.0,168.0
31.851054778408947,109281.0,266484.0,227401.0,168.0
31.85605965816671,109279.0,266517.0,227373.0,168.0
31.861064537924474,109335.0,266533.0,227413.0,168.0
31.86606941768224,109339.0,266516.0,227426.0,168.0
31.871074297440003,109325.0,266499.0,227396.0,168.0
31.876079177197767,109379.0,266524.0,227410.0,168.0
31.88108405695553,109407.0,266508.0,227426.0,168.0
31.886088936713293,109424.0,266558.0,227447.0,168.0
31.89109381647106,109428.0,266547.0,227441.0,168.0
31.896098696228822,109485.0,266563.0,227457.0,168.0
31.901103575986586,109478.0,266546.0,227469.0,168.0
31.90610845574435,109504.0,266546.0,227477.0,168.0
31.91111333550211,109538.0,266549.0,227444.0,168.0
31.91611821525988,109553.0,266549.0,227467.0,168.0
31.92112309501764,109579.0,266555.0,227458.0,168.0
31.926127974775405,109563.0,266554.0,227463.0,168.0
31.931132854533168,109593.0,266595.0,227482.0,168.0
31.936137734290934,109597.0,266595.0,227472.0,168.0
31.941142614048697,109570.0,266569.0,227476.0,168.0
31.94614749380646,109594.0,266573.0,227470.0,168.0
31.951152373564224,109565.0,266574.0,227478.0,168.0
31.956157253321987,109581.0,266562.0,227434.0,168.0
31.961162133079753,109519.0,266568.0,227428.0,168.0
31.966167012837516,109475.0,266546.0,227408.0,168.0
31.97117189259528,109367.0,266519.0,227376.0,168.0
31.976176772353043,109302.0,266488.0,227341.0,168.0
31.981181652110806,109191.0,266500.0,227295.0,168.0
31.986186531868572,109083.0,266473.0,227258.0,168.0
31.991191411626335,108936.0,266435.0,227202.0,168.0
31.9961962913841,108800.0,266429.0,227145.0,168.0
32.001201171141865,108658.0,266412.0,227097.0,168.0
32.00620605089963,108509.0,266403.0,227043.0,168.0
32.01121093065739,108382.0,266366.0,226987.0,168.0
32.016215810415154,108308.0,266346.0,226937.0,168.0
32.02122069017292,108173.0,266319.0,226918.0,168.0
32.02622556993068,108131.0,266306.0,226870.0,168.0
32.031230449688444,108065.0,266325.0,226851.0,168.0
32.03623532944621,108025.0,266294.0,226825.0,168.0
32.04124020920397,108002.0,266275.0,226805.0,168.0
32.04624508896174,107970.0,266266.0,226812.0,168.0
32.0512499687195,107947.0,266241.0,226774.0,168.0
32.056254848477266,107914.0,266274.0,226772.0,168.0
32.06125972823503,107915.0,266216.0,226764.0,168.0
32.06626460799279,107878.0,266259.0,226759.0,168.0
32.071269487750556,107875.0,266262.0,226767.0,168.0
32.07627436750832,107893.0,266260.0,226749.0,168.0
32.08127924726608,107898.0,266221.0,226736.0,168.0
32.086284127023845,107888.0,266243.0,226743.0,168.0
32.09128900678161,107868.0,266244.0,226745.0,168.0
32.09629388653938,107877.0,266226.0,226760.0,168.0
32.10129876629714,107894.0,266230.0,226757.0,168.0
32.106303646054904,107891.0,266212.0,226710.0,168.0
32.11130852581267,107875.0,266220.0,226760.0,168.0
32.11631340557043,107863.0,266231.0,226743.0,168.0
32.121318285328194,107862.0,266220.0,226744.0,168.0
32.12632316508596,107890.0,266234.0,226764.0,168.0
32.13132804484372,107902.0,266227.0,226747.0,168.0
32.13633292460148,107902.0,266236.0,226753.0,168.0
32.141337804359246,107898.0,266187.0,226767.0,168.0
32.146342684117016,107925.0,266213.0,226767.0,168.0
32.15134756387478,107911.0,266239.0,226785.0,168.0
32.15635244363254,107948.0,266265.0,226788.0,168.0
32.161357323390305,107951.0,266220.0,226788.0,168.0
32.16636220314807,107951.0,266234.0,226801.0,168.0
32.17136708290583,108000.0,266246.0,226829.0,168.0
32.176371962663595,108028.0,266236.0,226817.0,168.0
32.18137684242136,108037.0,266242.0,226842.0,168.0
32.18638172217912,108065.0,266276.0,226844.0,168.0
32.191386601936884,108081.0,266240.0,226855.0,168.0
32.196391481694654,108147.0,266242.0,226859.0,168.0
32.20139636145242,108157.0,266276.0,226867.0,168.0
32.20640124121018,108187.0,266254.0,226878.0,168.0
32.21140612096794,108192.0,266262.0,226870.0,168.0
32.21641100072571,108236.0,266238.0,226898.0,168.0
32.22141588048347,108232.0,266251.0,226918.0,168.0
32.22642076024123,108220.0,266253.0,226915.0,168.0
32.231425639998996,108271.0,266277.0,226927.0,168.0
32.23643051975676,108283.0,266282.0,226934.0,168.0
32.24143539951453,108268.0,266276.0,226942.0,168.0
32.24644027927229,108255.0,266293.0,226954.0,168.0
32.251445159030055,108251.0,266301.0,226953.0,168.0
32.25645003878782,108234.0,266280.0,226949.0,168.0
32.26145491854558,108189.0,266272.0,226952.0,168.0
32.266459798303345,108142.0,266267.0,226971.0,168.0
32.27146467806111,108133.0,266274.0,226971.0,168.0
32.27646955781887,108155.0,266307.0,226957.0,168.0
32.281474437576634,108122.0,266282.0,226980.0,168.0
32.2864793173344,108088.0,266270.0,226965.0,168.0
32.29148419709217,108091.0,266283.0,226972.0,168.0
32.29648907684993,108131.0,266281.0,226951.0,168.0
32.30149395660769,108081.0,266278.0,226954.0,168.0
32.306498836365456,108035.0,266253.0,226979.0,168.0
32.31150371612322,108059.0,266273.0,226970.0,168.0
32.31650859588098,108019.0,266272.0,226971.0,168.0
32.321513475638746,108035.0,266286.0,226986.0,168.0
32.32651835539651,108003.0,266283.0,226970.0,168.0
32.33152323515427,108037.0,266272.0,226986.0,168.0
32.336528114912035,108023.0,266261.0,226984.0,168.0
32.341532994669805,108055.0,266288.0,227005.0,168.0
32.34653787442757,108075.0,266274.0,226997.0,168.0
32.35154275418533,108124.0,266296.0,227034.0,168.0
32.356547633943094,108123.0,266289.0,227036.0,168.0
32.36155251370086,108110.0,266299.0,227020.0,168.0
32.36655739345862,108145.0,266273.0,227031.0,168.0
32.371562273216384,108146.0,266280.0,227056.0,168.0
32.37656715297415,108172.0,266296.0,227044.0,168.0
32.38157203273191,108184.0,266299.0,227072.0,168.0
32.38657691248967,108218.0,266285.0,227060.0,168.0
32.39158179224744,108245.0,266298.0,227080.0,168.0
32.396586672005206,108263.0,266309.0,227078.0,168.0
32.40159155176297,108266.0,266311.0,227105.0,168.0
32.40659643152073,108298.0,266281.0,227086.0,168.0
32.411601311278496,108302.0,266300.0,227118.0,168.0
32.41660619103626,108333.0,266316.0,227123.0,168.0
32.42161107079402,108353.0,266311.0,227121.0,168.0
32.426615950551785,108382.0,266285.0,227108.0,168.0
32.43162083030955,108401.0,266298.0,227114.0,168.0
32.43662571006731,108408.0,266297.0,227138.0,168.0
32.44163058982508,108467.0,266276.0,227128.0,168.0
32.446635469582844,108419.0,266307.0,227119.0,168.0
32.45164034934061,108454.0,266315.0,227150.0,168.0
32.45664522909837,108458.0,266316.0,227152.0,168.0
32.461650108856134,108482.0,266307.0,227146.0,168.0
32.4666549886139,108476.0,266295.0,227154.0,168.0
32.47165986837166,108498.0,266276.0,227147.0,168.0
32.47666474812942,108541.0,266294.0,227155.0,168.0
32.481669627887186,108533.0,266278.0,227160.0,168.0
32.486674507644956,108549.0,266304.0,227172.0,168.0
32.49167938740272,108583.0,266321.0,227190.0,168.0
32.49668426716048,108615.0,266305.0,227192.0,168.0
32.501689146918245,108619.0,266317.0,227182.0,168.0
32.50669402667601,108595.0,266296.0,227169.0,168.0
32.51169890643377,108609.0,266318.0,227174.0,168.0
32.516703786191535,108650.0,266325.0,227175.0,168.0
32.5217086659493,108644.0,266301.0,227186.0,168.0
32.52671354570706,108684.0,266291.0,227188.0,168.0
32.531718425464824,108681.0,266322.0,227201.0,168.0
32.536723305222594,108711.0,266310.0,227163.0,168.0
32.54172818498036,108724.0,266293.0,227193.0,168.0
32.54673306473812,108682.0,266294.0,227183.0,168.0
32.55173794449588,108723.0,266311.0,227195.0,168.0
32.55674282425365,108733.0,266297.0,227181.0,168.0
32.56174770401141,108717.0,266291.0,227179.0,168.0
32.56675258376917,108740.0,266302.0,227187.0,168.0
32.571757463526936,108719.0,266303.0,227179.0,168.0
32.5767623432847,108770.0,266276.0,227201.0,168.0
32.58176722304246,108746.0,266268.0,227190.0,168.0
32.58677210280023,108766.0,266269.0,227198.0,168.0
32.591776982557995,108749.0,266259.0,227194.0,168.0
32.59678186231576,108770.0,266273.0,227191.0,168.0
32.60178674207352,108774.0,266272.0,227192.0,168.0
32.606791621831285,108777.0,266297.0,227209.0,168.0
32.61179650158905,108788.0,266284.0,227209.0,168.0
32.61680138134681,108781.0,266288.0,227183.0,168.0
32.621806261104574,108788.0,266266.0,227219.0,168.0
32.62681114086234,108784.0,266281.0,227198.0,168.0
32.6318160206201,108775.0,266265.0,227207.0,168.0
32.63682090037787,108774.0,266268.0,227189.0,168.0
32.64182578013563,108771.0,266277.0,227177.0,168.0
32.646830659893396,108750.0,266268.0,227150.0,168.0
32.65183553965116,108720.0,266259.0,227150.0,168.0
32.65684041940892,108661.0,266257.0,227121.0,168.0
32.661845299166686,108600.0,266215.0,227077.0,168.0
32.66685017892445,108495.0,266216.0,227034.0,168.0
32.67185505868221,108393.0,266186.0,226998.0,168.0
32.676859938439975,108287.0,266147.0,226962.0,168.0
32.681864818197745,108208.0,266140.0,226908.0,168.0
32.68686969795551,108083.0,266116.0,226873.0,168.0
32.69187457771327,107959.0,266097.0,226818.0,168.0
32.696879457471034,107905.0,266084.0,226746.0,168.0
32.7018843372288,107809.0,266059.0,226726.0,168.0
32.70688921698656,107738.0,266064.0,226675.0,168.0
32.711894096744324,107638.0,266036.0,226664.0,168.0
32.71689897650209,107634.0,266033.0,226620.0,168.0
32.72190385625985,107579.0,266033.0,226589.0,168.0
32.72690873601761,107536.0,266017.0,226590.0,168.0
32.73191361577538,107505.0,266006.0,226576.0,168.0
32.736918495533146,107514.0,266006.0,226546.0,168.0
32.74192337529091,107488.0,266008.0,226583.0,168.0
32.74692825504867,107471.0,265981.0,226539.0,168.0
32.751933134806436,107454.0,265991.0,226546.0,168.0
32.7569380145642,107453.0,265999.0,226520.0,168.0
32.76194289432196,107441.0,265993.0,226524.0,168.0
32.766947774079725,107405.0,265985.0,226524.0,168.0
32.77195265383749,107409.0,265959.0,226512.0,168.0
32.77695753359525,107397.0,265951.0,226501.0,168.0
32.78196241335302,107402.0,265963.0,226496.0,168.0
32.786967293110784,107387.0,265977.0,226523.0,168.0
32.79197217286855,107372.0,265948.0,226504.0,168.0
32.79697705262631,107395.0,265965.0,226505.0,168.0
32.801981932384074,107375.0,265931.0,226504.0,168.0
32.80698681214184,107384.0,265958.0,226492.0,168.0
32.8119916918996,107346.0,265958.0,226516.0,168.0
32.81699657165736,107403.0,265945.0,226526.0,168.0
32.822001451415126,107419.0,265963.0,226537.0,168.0
32.82700633117289,107383.0,265951.0,226523.0,168.0
32.83201121093066,107401.0,265927.0,226517.0,168.0
32.83701609068842,107413.0,265966.0,226529.0,168.0
32.842020970446185,107423.0,265965.0,226525.0,168.0
32.84702585020395,107410.0,265954.0,226525.0,168.0
32.85203072996171,107443.0,265951.0,226525.0,168.0
32.857035609719475,107434.0,265978.0,226570.0,168.0
32.86204048947724,107455.0,265989.0,226570.0,168.0
32.867045369235,107466.0,265988.0,226585.0,168.0
32.872050248992764,107449.0,265992.0,226569.0,168.0
32.877055128750534,107477.0,265992.0,226585.0,168.0
32.8820600085083,107492.0,265974.0,226589.0,168.0
32.88706488826606,107544.0,266002.0,226596.0,168.0
32.89206976802382,107540.0,266029.0,226600.0,168.0
32.89707464778159,107544.0,266015.0,226622.0,168.0
32.90207952753935,107586.0,266031.0,226629.0,168.0
32.90708440729711,107601.0,266020.0,226634.0,168.0
32.912089287054876,107618.0,266024.0,226640.0,168.0
32.91709416681264,107633.0,266010.0,226630.0,168.0
32.9220990465704,107661.0,266036.0,226635.0,168.0
32.92710392632817,107656.0,266037.0,226650.0,168.0
32.932108806085935,107644.0,266031.0,226652.0,168.0
32.9371136858437,107678.0,266040.0,226637.0,168.0
32.94211856560146,107660.0,266031.0,226631.0,168.0
32.947123445359225,107664.0,266030.0,226615.0,168.0
32.95212832511699,107671.0,266034.0,226627.0,168.0
32.95713320487475,107671.0,266005.0,226619.0,168.0
32.962138084632514,107654.0,265996.0,226635.0,168.0
32.96714296439028,107672.0,266026.0,226638.0,168.0
32.97214784414804,107685.0,266019.0,226637.0,168.0
32.97715272390581,107691.0,266012.0,226652.0,168.0
32.98215760366357,107679.0,265991.0,226629.0,168.0
32.987162483421336,107676.0,266016.0,226636.0,168.0
32.9921673631791,107669.0,266010.0,226623.0,168.0
32.99717224293686,107653.0,265997.0,226637.0,168.0
33.002177122694626,107697.0,266012.0,226630.0,168.0
33.00718200245239,107689.0,265982.0,226624.0,168.0
33.01218688221015,107700.0,265985.0,226628.0,168.0
33.017191761967915,107655.0,265992.0,226614.0,168.0
33.02219664172568,107693.0,265978.0,226617.0,168.0
33.02720152148345,107714.0,265987.0,226644.0,168.0
33.03220640124121,107674.0,265988.0,226608.0,168.0
33.037211280998974,107697.0,265994.0,226620.0,168.0
33.04221616075674,107691.0,265992.0,226620.0,168.0
33.0472210405145,107701.0,265997.0,226618.0,168.0
33.052225920272264,107734.0,265982.0,226616.0,168.0
33.05723080003003,107724.0,265984.0,226604.0,168.0
33.06223567978779,107713.0,265980.0,226610.0,168.0
33.06724055954555,107729.0,266008.0,226630.0,168.0
33.072245439303316,107747.0,265976.0,226623.0,168.0
33.077250319061086,107749.0,265991.0,226633.0,168.0
33.08225519881885,107768.0,265958.0,226616.0,168.0
33.08726007857661,107767.0,265982.0,226615.0,168.0
33.092264958334376,107759.0,265984.0,226618.0,168.0
33.09726983809214,107782.0,265977.0,226605.0,168.0
33.1022747178499,107765.0,265987.0,226604.0,168.0
33.107279597607665,107806.0,265976.0,226602.0,168.0
33.11228447736543,107805.0,265990.0,226627.0,168.0
33.11728935712319,107839.0,265985.0,226620.0,168.0
33.12229423688096,107822.0,265995.0,226647.0,168.0
33.127299116638724,107824.0,265995.0,226648.0,168.0
33.13230399639649,107822.0,265957.0,226622.0,168.0
33.13730887615425,107853.0,265958.0,226613.0,168.0
33.142313755912014,107832.0,265951.0,226626.0,168.0
33.14731863566978,107846.0,265956.0,226604.0,168.0
33.15232351542754,107854.0,265936.0,226606.0,168.0
33.1573283951853,107852.0,265939.0,226601.0,168.0
33.162333274943066,107861.0,265938.0,226606.0,168.0
33.16733815470083,107878.0,265908.0,226617.0,168.0
33.1723430344586,107854.0,265952.0,226614.0,168.0
33.17734791421636,107862.0,265925.0,226621.0,168.0
33.182352793974125,107860.0,265933.0,226614.0,168.0
33.18735767373189,107916.0,265910.0,226604.0,168.0
33.19236255348965,107861.0,265929.0,226617.0,168.0
33.197367433247415,107906.0,265927.0,226609.0,168.0
33.20237231300518,107902.0,265924.0,226602.0,168.0
33.20737719276294,107874.0,265934.0,226605.0,168.0
33.212382072520704,107880.0,265893.0,226600.0,168.0
33.21738695227847,107904.0,265898.0,226593.0,168.0
33.22239183203624,107917.0,265904.0,226595.0,168.0
33.227396711794,107892.0,265907.0,226577.0,168.0
33.23240159155176,107890.0,265884.0,226599.0,168.0
33.23740647130953,107931.0,265891.0,226581.0,168.0
33.24241135106729,107893.0,265893.0,226574.0,168.0
33.24741623082505,107896.0,265857.0,226551.0,168.0
33.252421110582816,107931.0,265896.0,226557.0,168.0
33.25742599034058,107917.0,265873.0,226569.0,168.0
33.26243087009834,107924.0,265877.0,226573.0,168.0
33.267435749856105,107904.0,265855.0,226558.0,168.0
33.272440629613875,107912.0,265827.0,226556.0,168.0
33.27744550937164,107888.0,265836.0,226580.0,168.0
33.2824503891294,107935.0,265850.0,226546.0,168.0
33.287455268887165,107960.0,265858.0,226537.0,168.0
33.29246014864493,107957.0,265843.0,226571.0,168.0
33.29746502840269,107988.0,265835.0,226556.0,168.0
33.302469908160454,107993.0,265833.0,226565.0,168.0
33.30747478791822,107968.0,265834.0,226559.0,168.0
33.31247966767598,107995.0,265838.0,226550.0,168.0
33.31748454743375,108030.0,265818.0,226565.0,168.0
33.32248942719151,108034.0,265833.0,226545.0,168.0
33.327494306949276,108020.0,265829.0,226554.0,168.0
33.33249918670704,108009.0,265849.0,226553.0,168.0
33.3375040664648,108022.0,265824.0,226551.0,168.0
33.342508946222566,108000.0,265811.0,226543.0,168.0
33.34751382598033,108008.0,265810.0,226554.0,168.0
33.35251870573809,107961.0,265821.0,226517.0,168.0
33.357523585495855,107963.0,265774.0,226517.0,168.0
33.36252846525362,107979.0,265778.0,226507.0,168.0
33.36753334501139,107929.0,265775.0,226481.0,168.0
33.37253822476915,107896.0,265761.0,226445.0,168.0
33.377543104526914,107859.0,265734.0,226434.0,168.0
33.38254798428468,107795.0,265753.0,226401.0,168.0
33.38755286404244,107717.0,265715.0,226361.0,168.0
33.392557743800204,107676.0,265709.0,226334.0,168.0
33.39756262355797,107646.0,265673.0,226299.0,168.0
33.40256750331573,107599.0,265655.0,226287.0,168.0
33.40757238307349,107582.0,265659.0,226257.0,168.0
33.412577262831256,107501.0,265658.0,226218.0,168.0
33.417582142589026,107455.0,265648.0,226198.0,168.0
33.42258702234679,107435.0,265643.0,226186.0,168.0
33.42759190210455,107379.0,265629.0,226172.0,168.0
33.432596781862316,107390.0,265611.0,226156.0,168.0
33.43760166162008,107383.0,265614.0,226153.0,168.0
33.44260654137784,107330.0,265616.0,226145.0,168.0
33.447611421135605,107322.0,265603.0,226129.0,168.0
33.45261630089337,107309.0,265618.0,226138.0,168.0
33.45762118065113,107286.0,265605.0,226124.0,168.0
33.462626060408894,107255.0,265621.0,226130.0,168.0
33.467630940166664,107226.0,265598.0,226113.0,168.0
33.47263581992443,107246.0,265600.0,226115.0,168.0
33.47764069968219,107274.0,265595.0,226127.0,168.0
33.482645579439954,107258.0,265592.0,226114.0,168.0
33.48765045919772,107259.0,265574.0,226118.0,168.0
33.49265533895548,107235.0,265618.0,226137.0,168.0
33.49766021871324,107261.0,265601.0,226138.0,168.0
33.502665098471006,107232.0,265610.0,226123.0,168.0
33.50766997822877,107245.0,265588.0,226120.0,168.0
33.51267485798654,107245.0,265599.0,226133.0,168.0
33.5176797377443,107264.0,265605.0,226132.0,168.0
33.522684617502065,107248.0,265595.0,226132.0,168.0
33.52768949725983,107241.0,265602.0,226121.0,168.0
33.53269437701759,107255.0,265616.0,226117.0,168.0
33.537699256775355,107249.0,265617.0,226124.0,168.0
33.54270413653312,107252.0,265608.0,226116.0,168.0
33.54770901629088,107273.0,265608.0,226131.0,168.0
33.552713896048644,107276.0,265615.0,226136.0,168.0
33.55771877580641,107267.0,265614.0,226152.0,168.0
33.56272365556418,107251.0,265635.0,226142.0,168.0
33.56772853532194,107288.0,265621.0,226154.0,168.0
33.5727334150797,107275.0,265643.0,226155.0,168.0
33.57773829483747,107319.0,265641.0,226183.0,168.0
33.58274317459523,107308.0,265652.0,226170.0,168.0
33.58774805435299,107341.0,265628.0,226188.0,168.0
33.592752934110756,107355.0,265637.0,226209.0,168.0
33.59775781386852,107310.0,265635.0,226194.0,168.0
33.60276269362628,107356.0,265648.0,226228.0,168.0
33.607767573384045,107333.0,265654.0,226227.0,168.0
33.612772453141815,107364.0,265642.0,226204.0,168.0
33.61777733289958,107349.0,265643.0,226222.0,168.0
33.62278221265734,107364.0,265650.0,226225.0,168.0
33.627787092415105,107353.0,265642.0,226232.0,168.0
33.63279197217287,107376.0,265655.0,226225.0,168.0
33.63779685193063,107365.0,265672.0,226229.0,168.0
33.642801731688394,107410.0,265654.0,226230.0,168.0
33.64780661144616,107404.0,265658.0,226256.0,168.0
33.65281149120392,107392.0,265652.0,226233.0,168.0
33.65781637096168,107380.0,265692.0,226236.0,168.0
33.66282125071945,107401.0,265651.0,226228.0,168.0
33.667826130477216,107388.0,265661.0,226224.0,168.0
33.67283101023498,107390.0,265653.0,226194.0,168.0
33.67783588999274,107360.0,265653.0,226215.0,168.0
33.682840769750506,107386.0,265653.0,226214.0,168.0
33.68784564950827,107373.0,265651.0,226197.0,168.0
33.69285052926603,107383.0,265632.0,226212.0,168.0
33.697855409023795,107371.0,265617.0,226203.0,168.0
33.70286028878156,107392.0,265624.0,226223.0,168.0
33.70786516853933,107391.0,265638.0,226233.0,168.0
33.71287004829709,107369.0,265643.0,226203.0,168.0
33.717874928054854,107368.0,265618.0,226217.0,168.0
33.72287980781262,107369.0,265631.0,226224.0,168.0
33.72788468757038,107370.0,265647.0,226215.0,168.0
33.732889567328144,107390.0,265633.0,226206.0,168.0
33.73789444708591,107386.0,265631.0,226228.0,168.0
33.74289932684367,107393.0,265644.0,226231.0,168.0
33.74790420660143,107372.0,265617.0,226244.0,168.0
33.752909086359196,107410.0,265608.0,226232.0,168.0
33.757913966116966,107368.0,265640.0,226231.0,168.0
33.76291884587473,107380.0,265637.0,226237.0,168.0
33.76792372563249,107397.0,265619.0,226240.0,168.0
33.772928605390256,107417.0,265628.0,226228.0,168.0
33.77793348514802,107413.0,265628.0,226226.0,168.0
33.78293836490578,107436.0,265618.0,226231.0,168.0
33.787943244663545,107430.0,265611.0,226264.0,168.0
33.79294812442131,107401.0,265598.0,226218.0,168.0
33.79795300417907,107415.0,265645.0,226231.0,168.0
33.802957883936834,107424.0,265622.0,226220.0,168.0
33.807962763694604,107442.0,265623.0,226238.0,168.0
33.81296764345237,107438.0,265641.0,226249.0,168.0
33.81797252321013,107443.0,265645.0,226244.0,168.0
33.822977402967894,107432.0,265627.0,226247.0,168.0
33.82798228272566,107452.0,265636.0,226232.0,168.0
33.83298716248342,107469.0,265629.0,226260.0,168.0
33.83799204224118,107494.0,265644.0,226255.0,168.0
33.842996921998946,107456.0,265646.0,226244.0,168.0
33.84800180175671,107480.0,265616.0,226263.0,168.0
33.85300668151447,107466.0,265639.0,226250.0,168.0
33.85801156127224,107482.0,265616.0,226252.0,168.0
33.863016441030005,107501.0,265616.0,226274.0,168.0
33.86802132078777,107491.0,265620.0,226236.0,168.0
33.87302620054553,107461.0,265640.0,226270.0,168.0
33.878031080303295,107468.0,265613.0,226246.0,168.0
33.88303596006106,107470.0,265635.0,226263.0,168.0
33.88804083981882,107487.0,265615.0,226255.0,168.0
33.893045719576584,107490.0,265606.0,226277.0,168.0
33.89805059933435,107492.0,265637.0,226256.0,168.0
33.90305547909211,107506.0,265602.0,226251.0,168.0
33.90806035884988,107500.0,265625.0,226262.0,168.0
33.91306523860764,107528.0,265652.0,226244.0,168.0
33.91807011836541,107504.0,265640.0,226243.0,168.0
33.92307499812317,107520.0,265614.0,226261.0,168.0
33.92807987788093,107540.0,265645.0,226271.0,168.0
33.933084757638696,107527.0,265641.0,226254.0,168.0
33.93808963739646,107552.0,265653.0,226244.0,168.0
33.94309451715422,107557.0,265632.0,226242.0,168.0
33.948099396911985,107564.0,265641.0,226268.0,168.0
33.953104276669755,107558.0,265632.0,226240.0,168.0
33.95810915642752,107564.0,265642.0,226250.0,168.0
33.96311403618528,107589.0,265666.0,226256.0,168.0
33.968118915943045,107579.0,265640.0,226264.0,168.0
33.97312379570081,107583.0,265662.0,226260.0,168.0
33.97812867545857,107568.0,265651.0,226251.0,168.0
33.983133555216334,107600.0,265650.0,226278.0,168.0
33.9881384349741,107539.0,265617.0,226289.0,168.0
33.99314331473186,107556.0,265632.0,226272.0,168.0
33.99814819448962,107593.0,265673.0,226275.0,168.0
34.00315307424739,107567.0,265644.0,226262.0,168.0
34.008157954005156,107600.0,265636.0,226275.0,168.0
34.01316283376292,107590.0,265631.0,226282.0,168.0
34.01816771352068,107583.0,265609.0,226277.0,168.0
34.023172593278446,107562.0,265604.0,226263.0,168.0
34.02817747303621,107602.0,265638.0,226291.0,168.0
34.03318235279397,107605.0,265647.0,226287.0,168.0
34.038187232551735,107596.0,265603.0,226272.0,168.0
34.0431921123095,107586.0,265590.0,226269.0,168.0
34.04819699206726,107630.0,265650.0,226265.0,168.0
34.05320187182503,107605.0,265642.0,226291.0,168.0
34.058206751582794,107606.0,265622.0,226273.0,168.0
34.06321163134056,107611.0,265637.0,226273.0,168.0
34.06821651109832,107598.0,265615.0,226288.0,168.0
34.073221390856084,107551.0,265616.0,226289.0,168.0
34.07822627061385,107556.0,265605.0,226245.0,168.0
34.08323115037161,107530.0,265607.0,226237.0,168.0
34.08823603012937,107489.0,265595.0,226242.0,168.0
34.093240909887136,107455.0,265590.0,226205.0,168.0
34.0982457896449,107443.0,265577.0,226166.0,168.0
34.10325066940267,107410.0,265598.0,226158.0,168.0
34.10825554916043,107355.0,265555.0,226109.0,168.0
34.113260428918196,107339.0,265556.0,226075.0,168.0
34.11826530867596,107269.0,265539.0,226075.0,168.0
34.12327018843372,107244.0,265539.0,226065.0,168.0
34.128275068191485,107232.0,265519.0,226026.0,168.0
34.13327994794925,107168.0,265505.0,226024.0,168.0
34.13828482770701,107159.0,265493.0,226016.0,168.0
34.143289707464774,107124.0,265508.0,225987.0,168.0
34.148294587222544,107097.0,265484.0,225980.0,168.0
34.15329946698031,107084.0,265507.0,225979.0,168.0
34.15830434673807,107003.0,265508.0,225982.0,168.0
34.163309226495834,107057.0,265477.0,225966.0,168.0
34.1683141062536,107037.0,265490.0,225959.0,168.0
34.17331898601136,107029.0,265470.0,225973.0,168.0
34.17832386576912,107043.0,265470.0,225935.0,168.0
34.183328745526886,107040.0,265491.0,225958.0,168.0
34.18833362528465,107044.0,265482.0,225955.0,168.0
34.19333850504241,107000.0,265465.0,225960.0,168.0
34.19834338480018,107001.0,265495.0,225985.0,168.0
34.203348264557945,107002.0,265472.0,225956.0,168.0
34.20835314431571,106992.0,265463.0,225965.0,168.0
34.21335802407347,106999.0,265501.0,225961.0,168.0
34.218362903831235,107002.0,265485.0,225963.0,168.0
34.223367783589,106978.0,265467.0,225953.0,168.0
34.22837266334676,107000.0,265483.0,225967.0,168.0
34.233377543104524,107003.0,265471.0,225943.0,168.0
34.23838242286229,106998.0,265490.0,225980.0,168.0
34.24338730262005,106993.0,265459.0,225972.0,168.0
34.24839218237782,106991.0,265468.0,225958.0,168.0
34.25339706213558,107010.0,265476.0,225964.0,168.0
34.25840194189335,106988.0,265448.0,225977.0,168.0
34.26340682165111,107003.0,265478.0,225975.0,168.0
34.26841170140887,107011.0,265459.0,225966.0,168.0
34.273416581166636,107053.0,265476.0,225986.0,168.0
34.2784214609244,107013.0,265480.0,225955.0,168.0
34.28342634068216,107011.0,265484.0,225992.0,168.0
34.288431220439925,107031.0,265487.0,225986.0,168.0
34.29343610019769,107061.0,265495.0,226002.0,168.0
34.29844097995546,107048.0,265519.0,226005.0,168.0
34.30344585971322,107082.0,265511.0,226010.0,168.0
34.308450739470985,107082.0,265499.0,226022.0,168.0
34.31345561922875,107090.0,265489.0,226016.0,168.0
34.31846049898651,107094.0,265447.0,226038.0,168.0
34.323465378744274,107085.0,265513.0,226034.0,168.0
34.32847025850204,107057.0,265481.0,226042.0,168.0
34.3334751382598,107087.0,265466.0,226035.0,168.0
34.33848001801756,107072.0,265486.0,226026.0,168.0
34.34348489777533,107114.0,265477.0,226050.0,168.0
34.348489777533096,107121.0,265469.0,226054.0,168.0
34.35349465729086,107110.0,265482.0,226035.0,168.0
34.35849953704862,107093.0,265473.0,226035.0,168.0
34.363504416806386,107093.0,265474.0,226023.0,168.0
34.36850929656415,107116.0,265517.0,226045.0,168.0
34.37351417632191,107099.0,265467.0,226044.0,168.0
34.378519056079675,107106.0,265459.0,226034.0,168.0
34.38352393583744,107086.0,265477.0,226034.0,168.0
34.3885288155952,107109.0,265463.0,226033.0,168.0
34.39353369535297,107085.0,265448.0,226014.0,168.0
34.398538575110734,107082.0,265464.0,226040.0,168.0
34.4035434548685,107075.0,265453.0,226026.0,168.0
34.40854833462626,107075.0,265465.0,226020.0,168.0
34.413553214384024,107088.0,265458.0,226014.0,168.0
34.41855809414179,107070.0,265451.0,226031.0,168.0
34.42356297389955,107094.0,265460.0,226028.0,168.0
34.42856785365731,107079.0,265469.0,226020.0,168.0
34.433572733415076,107112.0,265445.0,226060.0,168.0
34.43857761317284,107085.0,265450.0,226054.0,168.0
34.44358249293061,107093.0,265427.0,226051.0,168.0
34.44858737268837,107099.0,265450.0,226035.0,168.0
34.453592252446136,107119.0,265437.0,226030.0,168.0
34.4585971322039,107105.0,265473.0,226032.0,168.0
34.46360201196166,107092.0,265442.0,226027.0,168.0
34.468606891719425,107102.0,265464.0,226036.0,168.0
34.47361177147719,107126.0,265429.0,226052.0,168.0
34.47861665123495,107126.0,265429.0,226019.0,168.0
34.483621530992714,107086.0,265450.0,226060.0,168.0
34.48862641075048,107103.0,265444.0,226053.0,168.0
34.49363129050825,107101.0,265432.0,226059.0,168.0
34.49863617026601,107113.0,265407.0,226059.0,168.0
34.503641050023774,107126.0,265438.0,226065.0,168.0
34.50864592978154,107138.0,265426.0,226066.0,168.0
34.5136508095393,107123.0,265425.0,226063.0,168.0
34.51865568929706,107114.0,265437.0,226087.0,168.0
34.523660569054826,107132.0,265437.0,226053.0,168.0
34.52866544881259,107107.0,265439.0,226076.0,168.0
34.53367032857035,107120.0,265447.0,226073.0,168.0
34.538675208328115,107122.0,265446.0,226066.0,168.0
34.543680088085885,107103.0,265456.0,226082.0,168.0
34.54868496784365,107146.0,265415.0,226082.0,168.0
34.55368984760141,107152.0,265439.0,226100.0,168.0
34.558694727359175,107145.0,265446.0,226078.0,168.0
34.56369960711694,107109.0,265424.0,226086.0,168.0
34.5687044868747,107121.0,265458.0,226099.0,168.0
34.573709366632464,107182.0,265443.0,226106.0,168.0
34.57871424639023,107183.0,265451.0,226093.0,168.0
34.58371912614799,107173.0,265472.0,226092.0,168.0
34.58872400590576,107167.0,265453.0,226105.0,168.0
34.59372888566352,107182.0,265440.0,226094.0,168.0
34.59873376542129,107174.0,265449.0,226107.0,168.0
34.60373864517905,107180.0,265463.0,226107.0,168.0
34.60874352493681,107200.0,265452.0,226107.0,168.0
34.613748404694576,107198.0,265446.0,226104.0,168.0
34.61875328445234,107214.0,265452.0,226105.0,168.0
34.6237581642101,107197.0,265472.0,226105.0,168.0
34.628763043967865,107214.0,265437.0,226117.0,168.0
34.63376792372563,107222.0,265468.0,226121.0,168.0
34.6387728034834,107238.0,265463.0,226131.0,168.0
34.64377768324116,107239.0,265467.0,226135.0,168.0
34.648782562998925,107197.0,265454.0,226132.0,168.0
34.65378744275669,107187.0,265466.0,226131.0,168.0
34.65879232251445,107217.0,265439.0,226118.0,168.0
34.663797202272214,107223.0,265429.0,226140.0,168.0
34.66880208202998,107219.0,265450.0,226141.0,168.0
34.67380696178774,107218.0,265471.0,226137.0,168.0
34.6788118415455,107257.0,265455.0,226119.0,168.0
34.683816721303266,107183.0,265455.0,226139.0,168.0
34.688821601061036,107229.0,265447.0,226118.0,168.0
34.6938264808188,107210.0,265444.0,226147.0,168.0
34.69883136057656,107242.0,265457.0,226131.0,168.0
34.703836240334326,107240.0,265452.0,226123.0,168.0
34.70884112009209,107245.0,265445.0,226109.0,168.0
34.71384599984985,107227.0,265449.0,226153.0,168.0
34.718850879607615,107244.0,265468.0,226126.0,168.0
34.72385575936538,107234.0,265454.0,226136.0,168.0
34.72886063912314,107238.0,265433.0,226136.0,168.0
34.733865518880904,107256.0,265474.0,226137.0,168.0
34.738870398638674,107275.0,265440.0,226157.0,168.0
34.74387527839644,107275.0,265479.0,226140.0,168.0
34.7488801581542,107245.0,265454.0,226165.0,168.0
34.753885037911964,107237.0,265455.0,226150.0,168.0
34.75888991766973,107264.0,265438.0,226142.0,168.0
34.76389479742749,107279.0,265442.0,226148.0,168.0
34.76889967718525,107219.0,265427.0,226147.0,168.0
34.773904556943016,107189.0,265425.0,226134.0,168.0
34.77890943670078,107190.0,265452.0,226129.0,168.0
34.78391431645855,107193.0,265421.0,226107.0,168.0
34.78891919621631,107165.0,265401.0,226102.0,168.0
34.793924075974076,107154.0,265405.0,226095.0,168.0
34.79892895573184,107123.0,265403.0,226052.0,168.0
34.8039338354896,107103.0,265381.0,226032.0,168.0
34.808938715247365,107087.0,265369.0,226024.0,168.0
34.81394359500513,107033.0,265371.0,225995.0,168.0
34.81894847476289,106994.0,265347.0,225959.0,168.0
34.823953354520654,106939.0,265354.0,225969.0,168.0
34.82895823427842,106951.0,265346.0,225920.0,168.0
34.83396311403619,106895.0,265359.0,225929.0,168.0
34.83896799379395,106853.0,265341.0,225929.0,168.0
34.843972873551714,106863.0,265331.0,225901.0,168.0
34.84897775330948,106839.0,265314.0,225878.0,168.0
34.85398263306724,106813.0,265335.0,225884.0,168.0
34.858987512825,106775.0,265345.0,225870.0,168.0
34.863992392582766,106790.0,265299.0,225887.0,168.0
34.86899727234053,106764.0,265332.0,225874.0,168.0
34.87400215209829,106765.0,265326.0,225864.0,168.0
34.879007031856055,106748.0,265333.0,225887.0,168.0
34.884011911613825,106750.0,265330.0,225879.0,168.0
34.88901679137159,106769.0,265334.0,225865.0,168.0
34.89402167112935,106738.0,265331.0,225861.0,168.0
34.899026550887115,106750.0,265329.0,225860.0,168.0
34.90403143064488,106749.0,265330.0,225876.0,168.0
34.90903631040264,106728.0,265314.0,225875.0,168.0
34.914041190160404,106732.0,265330.0,225875.0,168.0
34.91904606991817,106721.0,265345.0,225896.0,168.0
34.92405094967593,106742.0,265304.0,225845.0,168.0
34.92905582943369,106718.0,265325.0,225877.0,168.0
34.93406070919146,106699.0,265309.0,225862.0,168.0
34.93906558894923,106706.0,265324.0,225877.0,168.0
34.94407046870699,106718.0,265319.0,225903.0,168.0
34.94907534846475,106738.0,265317.0,225874.0,168.0
34.954080228222516,106725.0,265326.0,225888.0,168.0
34.95908510798028,106728.0,265291.0,225885.0,168.0
34.96408998773804,106728.0,265307.0,225888.0,168.0
34.969094867495805,106744.0,265330.0,225897.0,168.0
34.97409974725357,106733.0,265328.0,225908.0,168.0
34.97910462701134,106717.0,265339.0,225906.0,168.0
34.9841095067691,106751.0,265334.0,225897.0,168.0
34.989114386526865,106739.0,265320.0,225917.0,168.0
34.99411926628463,106774.0,265324.0,225917.0,168.0
34.99912414604239,106761.0,265333.0,225928.0,168.0
35.004129025800154,106786.0,265325.0,225966.0,168.0
35.00913390555792,106832.0,265358.0,225936.0,168.0
35.01413878531568,106811.0,265373.0,225959.0,168.0
35.01914366507344,106824.0,265351.0,225948.0,168.0
35.024148544831206,106794.0,265376.0,225962.0,168.0
35.029153424588976,106863.0,265374.0,225949.0,168.0
35.03415830434674,106817.0,265357.0,225957.0,168.0
35.0391631841045,106829.0,265368.0,225955.0,168.0
35.044168063862266,106836.0,265365.0,225962.0,168.0
35.04917294362003,106831.0,265349.0,225951.0,168.0
35.05417782337779,106819.0,265363.0,225967.0,168.0
35.059182703135555,106821.0,265383.0,225964.0,168.0
35.06418758289332,106817.0,265368.0,225951.0,168.0
35.06919246265108,106857.0,265361.0,225962.0,168.0
35.074197342408844,106834.0,265363.0,225949.0,168.0
35.079202222166614,106850.0,265342.0,225958.0,168.0
35.08420710192438,106843.0,265353.0,225950.0,168.0
35.08921198168214,106809.0,265347.0,225961.0,168.0
35.094216861439904,106824.0,265338.0,225952.0,168.0
35.09922174119767,106822.0,265346.0,225963.0,168.0
35.10422662095543,106816.0,265350.0,225980.0,168.0
35.10923150071319,106818.0,265351.0,225961.0,168.0
35.114236380470956,106822.0,265356.0,225969.0,168.0
35.11924126022872,106834.0,265347.0,225957.0,168.0
35.12424613998648,106826.0,265343.0,225974.0,168.0
35.12925101974425,106844.0,265371.0,225976.0,168.0
35.134255899502016,106879.0,265362.0,225957.0,168.0
35.13926077925978,106842.0,265354.0,225984.0,168.0
35.14426565901754,106839.0,265354.0,225969.0,168.0
35.149270538775305,106839.0,265365.0,225980.0,168.0
35.15427541853307,106856.0,265360.0,225963.0,168.0
35.15928029829083,106854.0,265346.0,225958.0,168.0
35.164285178048594,106849.0,265361.0,225990.0,168.0
35.16929005780636,106822.0,265388.0,225977.0,168.0
35.17429493756412,106867.0,265362.0,225988.0,168.0
35.17929981732189,106885.0,265359.0,225994.0,168.0
35.184304697079654,106871.0,265365.0,225991.0,168.0
35.18930957683742,106852.0,265407.0,225985.0,168.0
35.19431445659518,106874.0,265369.0,225996.0,168.0
35.19931933635294,106863.0,265390.0,225986.0,168.0
35.204324216110706,106865.0,265363.0,225994.0,168.0
35.20932909586847,106877.0,265394.0,226026.0,168.0
35.21433397562623,106899.0,265397.0,226006.0,168.0
35.219338855383995,106901.0,265374.0,225998.0,168.0
35.224343735141765,106903.0,265394.0,226016.0,168.0
35.22934861489953,106910.0,265388.0,226020.0,168.0
35.23435349465729,106915.0,265399.0,226024.0,168.0
35.239358374415055,106929.0,265412.0,226018.0,168.0
35.24436325417282,106910.0,265380.0,226027.0,168.0
35.24936813393058,106940.0,265413.0,226040.0,168.0
35.254373013688344,106943.0,265400.0,226032.0,168.0
35.25937789344611,106949.0,265423.0,226023.0,168.0
35.26438277320387,106939.0,265395.0,226012.0,168.0
35.26938765296163,106964.0,265407.0,226026.0,168.0
35.2743925327194,106962.0,265398.0,226041.0,168.0
35.27939741247717,106944.0,265415.0,226042.0,168.0
35.28440229223493,106933.0,265397.0,226054.0,168.0
35.28940717199269,106936.0,265408.0,226044.0,168.0
35.294412051750456,106947.0,265399.0,226044.0,168.0
35.29941693150822,106953.0,265404.0,226040.0,168.0
35.30442181126598,106938.0,265395.0,226060.0,168.0
35.309426691023745,106973.0,265408.0,226035.0,168.0
35.31443157078151,106934.0,265380.0,226058.0,168.0
35.31943645053927,107006.0,265399.0,226046.0,168.0
35.32444133029704,107000.0,265368.0,226053.0,168.0
35.329446210054805,106943.0,265368.0,226084.0,168.0
35.33445108981257,107010.0,265394.0,226049.0,168.0
35.33945596957033,106977.0,265399.0,226066.0,168.0
35.344460849328094,106990.0,265374.0,226078.0,168.0
35.34946572908586,106972.0,265381.0,226077.0,168.0
35.35447060884362,106978.0,265389.0,226076.0,168.0
35.35947548860138,106968.0,265391.0,226075.0,168.0
35.364480368359146,106985.0,265391.0,226083.0,168.0
35.36948524811691,106978.0,265409.0,226088.0,168.0
35.37449012787468,106984.0,265394.0,226105.0,168.0
35.37949500763244,107003.0,265389.0,226074.0,168.0
35.384499887390206,106996.0,265420.0,226086.0,168.0
35.38950476714797,107030.0,265442.0,226074.0,168.0
35.39450964690573,107023.0,265437.0,226088.0,168.0
35.399514526663495,107055.0,265431.0,226095.0,168.0
35.40451940642126,107054.0,265421.0,226108.0,168.0
35.40952428617902,107058.0,265455.0,226115.0,168.0
35.414529165936784,107079.0,265444.0,226104.0,168.0
35.419534045694554,107047.0,265439.0,226109.0,168.0
35.42453892545232,107057.0,265444.0,226135.0,168.0
35.42954380521008,107074.0,265425.0,226117.0,168.0
35.434548684967844,107048.0,265439.0,226124.0,168.0
35.43955356472561,107067.0,265451.0,226108.0,168.0
35.44455844448337,107057.0,265437.0,226134.0,168.0
35.44956332424113,107027.0,265430.0,226120.0,168.0
35.454568203998896,107066.0,265427.0,226129.0,168.0
35.45957308375666,107057.0,265429.0,226107.0,168.0
35.46457796351442,107022.0,265412.0,226106.0,168.0
35.46958284327219,107013.0,265425.0,226097.0,168.0
35.474587723029956,107001.0,265422.0,226092.0,168.0
35.47959260278772,106986.0,265420.0,226075.0,168.0
35.48459748254548,106957.0,265411.0,226047.0,168.0
35.489602362303245,106937.0,265414.0,226044.0,168.0
35.49460724206101,106906.0,265402.0,226014.0,168.0
35.49961212181877,106857.0,265400.0,225982.0,168.0
35.504617001576534,106846.0,265389.0,225983.0,168.0
35.5096218813343,106819.0,265411.0,225969.0,168.0
35.51462676109206,106801.0,265380.0,225915.0,168.0
35.51963164084983,106752.0,265387.0,225916.0,168.0
35.524636520607594,106743.0,265368.0,225914.0,168.0
35.52964140036536,106737.0,265359.0,225887.0,168.0
35.53464628012312,106723.0,265371.0,225884.0,168.0
35.53965115988088,106681.0,265392.0,225895.0,168.0
35.544656039638646,106672.0,265366.0,225852.0,168.0
35.54966091939641,106630.0,265391.0,225869.0,168.0
35.55466579915417,106648.0,265371.0,225858.0,168.0
35.559670678911935,106630.0,265348.0,225836.0,168.0
35.5646755586697,106610.0,265362.0,225846.0,168.0
35.56968043842747,106571.0,265353.0,225856.0,168.0
35.57468531818523,106646.0,265346.0,225862.0,168.0
35.579690197942995,106573.0,265356.0,225862.0,168.0
35.58469507770076,106581.0,265346.0,225871.0,168.0
35.58969995745852,106573.0,265347.0,225861.0,168.0
35.594704837216284,106550.0,265355.0,225859.0,168.0
35.59970971697405,106538.0,265348.0,225843.0,168.0
35.60471459673181,106592.0,265368.0,225858.0,168.0
35.60971947648957,106578.0,265348.0,225874.0,168.0
35.61472435624734,106568.0,265341.0,225855.0,168.0
35.61972923600511,106575.0,265358.0,225859.0,168.0
35.62473411576287,106563.0,265357.0,225858.0,168.0
35.62973899552063,106592.0,265352.0,225847.0,168.0
35.634743875278396,106583.0,265360.0,225847.0,168.0
35.63974875503616,106585.0,265333.0,225863.0,168.0
35.64475363479392,106594.0,265380.0,225859.0,168.0
35.649758514551685,106583.0,265352.0,225862.0,168.0
35.65476339430945,106569.0,265356.0,225882.0,168.0
35.65976827406721,106562.0,265384.0,225893.0,168.0
35.66477315382498,106590.0,265384.0,225883.0,168.0
35.669778033582745,106607.0,265349.0,225872.0,168.0
35.67478291334051,106608.0,265367.0,225879.0,168.0
35.67978779309827,106594.0,265389.0,225878.0,168.0
35.684792672856034,106630.0,265365.0,225895.0,168.0
35.6897975526138,106617.0,265355.0,225886.0,168.0
35.69480243237156,106628.0,265384.0,225900.0,168.0
35.69980731212932,106669.0,265383.0,225911.0,168.0
35.704812191887086,106637.0,265385.0,225914.0,168.0
35.70981707164485,106673.0,265389.0,225922.0,168.0
35.71482195140262,106685.0,265382.0,225941.0,168.0
35.71982683116038,106648.0,265406.0,225905.0,168.0
35.724831710918146,106672.0,265385.0,225928.0,168.0
35.72983659067591,106680.0,265396.0,225940.0,168.0
35.73484147043367,106687.0,265380.0,225910.0,168.0
35.739846350191435,106676.0,265393.0,225931.0,168.0
35.7448512299492,106675.0,265401.0,225932.0,168.0
35.74985610970696,106675.0,265390.0,225927.0,168.0
35.754860989464724,106698.0,265394.0,225916.0,168.0
35.75986586922249,106721.0,265371.0,225928.0,168.0
35.76487074898026,106708.0,265401.0,225929.0,168.0
35.76987562873802,106686.0,265411.0,225953.0,168.0
35.774880508495784,106714.0,265425.0,225951.0,168.0
35.77988538825355,106740.0,265414.0,225939.0,168.0
35.78489026801131,106697.0,265395.0,225946.0,168.0
35.78989514776907,106679.0,265426.0,225955.0,168.0
35.794900027526836,106712.0,265392.0,225959.0,168.0
35.7999049072846,106686.0,265401.0,225934.0,168.0
35.80490978704236,106701.0,265424.0,225937.0,168.0
35.809914666800125,106708.0,265418.0,225948.0,168.0
35.814919546557896,106717.0,265421.0,225952.0,168.0
35.81992442631566,106681.0,265415.0,225928.0,168.0
35.82492930607342,106734.0,265392.0,225930.0,168.0
35.829934185831185,106678.0,265427.0,225932.0,168.0
35.83493906558895,106700.0,265441.0,225959.0,168.0
35.83994394534671,106700.0,265429.0,225945.0,168.0
35.844948825104474,106737.0,265401.0,225939.0,168.0
35.84995370486224,106709.0,265438.0,225938.0,168.0
35.85495858462,106716.0,265426.0,225949.0,168.0
35.85996346437777,106745.0,265407.0,225938.0,168.0
35.864968344135534,106729.0,265426.0,225947.0,168.0
35.8699732238933,106732.0,265404.0,225948.0,168.0
35.87497810365106,106764.0,265439.0,225971.0,168.0
35.87998298340882,106739.0,265420.0,225967.0,168.0
35.884987863166586,106725.0,265410.0,225956.0,168.0
35.88999274292435,106737.0,265467.0,225975.0,168.0
35.89499762268211,106744.0,265426.0,225965.0,168.0
35.900002502439875,106774.0,265431.0,225964.0,168.0
35.90500738219764,106757.0,265428.0,225970.0,168.0
35.91001226195541,106747.0,265449.0,225982.0,168.0
35.91501714171317,106796.0,265443.0,225993.0,168.0
35.920022021470935,106780.0,265452.0,225966.0,168.0
35.9250269012287,106803.0,265444.0,225986.0,168.0
35.93003178098646,106793.0,265437.0,225985.0,168.0
35.935036660744224,106791.0,265452.0,225993.0,168.0
35.94004154050199,106809.0,265452.0,225968.0,168.0
35.94504642025975,106821.0,265460.0,225991.0,168.0
35.95005130001751,106811.0,265441.0,225998.0,168.0
35.955056179775276,106815.0,265462.0,226011.0,168.0
35.96006105953305,106822.0,265475.0,225995.0,168.0
35.96506593929081,106836.0,265463.0,226014.0,168.0
35.97007081904857,106823.0,265414.0,225985.0,168.0
35.975075698806336,106808.0,265478.0,226007.0,168.0
35.9800805785641,106812.0,265439.0,226010.0,168.0
35.98508545832186,106845.0,265453.0,225996.0,168.0
35.990090338079625,106844.0,265449.0,226007.0,168.0
35.99509521783739,106791.0,265425.0,226006.0,168.0
36.00010009759515,106819.0,265434.0,226016.0,168.0
36.005104977352914,106831.0,265424.0,226010.0,168.0
36.010109857110685,106832.0,265455.0,226017.0,168.0
36.01511473686845,106871.0,265441.0,225999.0,168.0
36.02011961662621,106862.0,265420.0,226023.0,168.0
36.025124496383974,106872.0,265467.0,226029.0,168.0
36.03012937614174,106851.0,265461.0,226022.0,168.0
36.0351342558995,106873.0,265451.0,226020.0,168.0
36.04013913565726,106869.0,265459.0,226028.0,168.0
36.045144015415026,106903.0,265471.0,226051.0,168.0
36.05014889517279,106877.0,265468.0,226037.0,168.0
36.05515377493056,106880.0,265471.0,226044.0,168.0
36.06015865468832,106867.0,265486.0,226049.0,168.0
36.065163534446086,106883.0,265470.0,226040.0,168.0
36.07016841420385,106894.0,265461.0,226040.0,168.0
36.07517329396161,106903.0,265486.0,226054.0,168.0
36.080178173719375,106890.0,265455.0,226051.0,168.0
36.08518305347714,106903.0,265442.0,226047.0,168.0
36.0901879332349,106891.0,265472.0,226056.0,168.0
36.095192812992664,106933.0,265482.0,226077.0,168.0
36.10019769275043,106917.0,265450.0,226071.0,168.0
36.1052025725082,106914.0,265469.0,226069.0,168.0
36.11020745226596,106936.0,265469.0,226073.0,168.0
36.115212332023724,106923.0,265486.0,226085.0,168.0
36.12021721178149,106959.0,265469.0,226068.0,168.0
36.12522209153925,106928.0,265483.0,226061.0,168.0
36.13022697129701,106917.0,265452.0,226083.0,168.0
36.135231851054776,106942.0,265478.0,226078.0,168.0
36.14023673081254,106938.0,265462.0,226103.0,168.0
36.1452416105703,106940.0,265472.0,226092.0,168.0
36.150246490328065,106951.0,265494.0,226082.0,168.0
36.155251370085836,106972.0,265503.0,226081.0,168.0
36.1602562498436,106938.0,265502.0,226094.0,168.0
36.16526112960136,106938.0,265461.0,226067.0,168.0
36.170266009359125,106926.0,265498.0,226062.0,168.0
36.17527088911689,106909.0,265498.0,226043.0,168.0
36.18027576887465,106887.0,265467.0,226040.0,168.0
36.185280648632414,106887.0,265463.0,226003.0,168.0
36.19028552839018,106827.0,265449.0,225993.0,168.0
36.19529040814794,106830.0,265446.0,225971.0,168.0
36.2002952879057,106766.0,265432.0,225956.0,168.0
36.205300167663474,106759.0,265435.0,225930.0,168.0
36.21030504742124,106695.0,265417.0,225907.0,168.0
36.215309927179,106681.0,265400.0,225881.0,168.0
36.22031480693676,106624.0,265409.0,225875.0,168.0
36.225319686694526,106625.0,265416.0,225880.0,168.0
36.23032456645229,106599.0,265424.0,225855.0,168.0
36.23532944621005,106572.0,265412.0,225835.0,168.0
36.240334325967815,106581.0,265382.0,225803.0,168.0
36.24533920572558,106545.0,265396.0,225826.0,168.0
36.25034408548335,106521.0,265406.0,225819.0,168.0
36.25534896524111,106493.0,265394.0,225814.0,168.0
36.260353844998875,106494.0,265397.0,225818.0,168.0
36.26535872475664,106493.0,265382.0,225809.0,168.0
36.2703636045144,106459.0,265373.0,225789.0,168.0
36.275368484272164,106481.0,265371.0,225799.0,168.0
36.28037336402993,106441.0,265368.0,225798.0,168.0
36.28537824378769,106442.0,265374.0,225781.0,168.0
36.29038312354545,106477.0,265379.0,225775.0,168.0
36.295388003303216,106443.0,265379.0,225788.0,168.0
36.30039288306099,106431.0,265384.0,225805.0,168.0
36.30539776281875,106440.0,265367.0,225796.0,168.0
36.31040264257651,106426.0,265385.0,225804.0,168.0
36.315407522334276,106415.0,265372.0,225798.0,168.0
36.32041240209204,106425.0,265388.0,225803.0,168.0
36.3254172818498,106422.0,265394.0,225808.0,168.0
36.330422161607565,106445.0,265364.0,225815.0,168.0
36.33542704136533,106437.0,265339.0,225826.0,168.0
36.34043192112309,106437.0,265386.0,225801.0,168.0
36.345436800880854,106440.0,265362.0,225813.0,168.0
36.350441680638625,106424.0,265364.0,225806.0,168.0
36.35544656039639,106444.0,265359.0,225807.0,168.0
36.36045144015415,106450.0,265388.0,225815.0,168.0
36.365456319911914,106446.0,265366.0,225811.0,168.0
36.37046119966968,106451.0,265376.0,225823.0,168.0
36.37546607942744,106446.0,265371.0,225810.0,168.0
36.3804709591852,106443.0,265385.0,225833.0,168.0
36.385475838942966,106463.0,265383.0,225847.0,168.0
36.39048071870073,106434.0,265397.0,225832.0,168.0
36.39548559845849,106461.0,265387.0,225836.0,168.0
36.40049047821626,106462.0,265393.0,225821.0,168.0
36.405495357974026,106482.0,265392.0,225862.0,168.0
36.41050023773179,106486.0,265392.0,225864.0,168.0
36.41550511748955,106515.0,265384.0,225863.0,168.0
36.420509997247315,106473.0,265409.0,225856.0,168.0
36.42551487700508,106528.0,265386.0,225857.0,168.0
36.43051975676284,106523.0,265400.0,225870.0,168.0
36.435524636520604,106527.0,265429.0,225868.0,168.0
36.44052951627837,106542.0,265401.0,225873.0,168.0
36.44553439603614,106567.0,265406.0,225889.0,168.0
36.4505392757939,106523.0,265391.0,225887.0,168.0
36.455544155551664,106575.0,265425.0,225877.0,168.0
36.46054903530943,106546.0,265389.0,225893.0,168.0
36.46555391506719,106523.0,265417.0,225876.0,168.0
36.47055879482495,106545.0,265429.0,225862.0,168.0
36.475563674582716,106547.0,265416.0,225865.0,168.0
36.48056855434048,106587.0,265424.0,225897.0,168.0
36.48557343409824,106571.0,265430.0,225886.0,168.0
36.490578313856005,106557.0,265428.0,225875.0,168.0
36.495583193613776,106575.0,265407.0,225900.0,168.0
36.50058807337154,106563.0,265407.0,225902.0,168.0
36.5055929531293,106602.0,265416.0,225907.0,168.0
36.510597832887065,106562.0,265431.0,225885.0,168.0
36.51560271264483,106558.0,265405.0,225887.0,168.0
36.52060759240259,106570.0,265428.0,225867.0,168.0
36.525612472160354,106558.0,265411.0,225884.0,168.0
36.53061735191812,106584.0,265395.0,225868.0,168.0
36.53562223167588,106589.0,265437.0,225887.0,168.0
36.54062711143364,106579.0,265382.0,225870.0,168.0
36.545631991191414,106575.0,265407.0,225904.0,168.0
36.55063687094918,106569.0,265408.0,225883.0,168.0
36.55564175070694,106582.0,265404.0,225879.0,168.0
36.5606466304647,106551.0,265385.0,225894.0,168.0
36.565651510222466,106554.0,265400.0,225904.0,168.0
36.57065638998023,106577.0,265370.0,225893.0,168.0
36.57566126973799,106573.0,265342.0,225898.0,168.0
36.580666149495755,106595.0,265395.0,225898.0,168.0
36.58567102925352,106581.0,265408.0,225905.0,168.0
36.59067590901128,106574.0,265373.0,225906.0,168.0
36.59568078876905,106586.0,265389.0,225899.0,168.0
36.600685668526815,106593.0,265391.0,225901.0,168.0
36.60569054828458,106597.0,265378.0,225894.0,168.0
36.61069542804234,106594.0,265416.0,225903.0,168.0
36.615700307800104,106626.0,265403.0,225928.0,168.0
36.62070518755787,106632.0,265399.0,225914.0,168.0
36.62571006731563,106642.0,265417.0,225915.0,168.0
36.63071494707339,106601.0,265407.0,225941.0,168.0
36.635719826831156,106631.0,265404.0,225935.0,168.0
36.64072470658892,106646.0,265383.0,225936.0,168.0
36.64572958634669,106614.0,265390.0,225966.0,168.0
36.65073446610445,106619.0,265401.0,225953.0,168.0
36.655739345862216,106635.0,265413.0,225946.0,168.0
36.66074422561998,106644.0,265392.0,225947.0,168.0
36.66574910537774,106669.0,265375.0,225945.0,168.0
36.670753985135505,106675.0,265421.0,225947.0,168.0
36.67575886489327,106652.0,265398.0,225950.0,168.0
36.68076374465103,106664.0,265363.0,225971.0,168.0
36.685768624408794,106664.0,265411.0,225957.0,168.0
36.690773504166565,106644.0,265394.0,225949.0,168.0
36.69577838392433,106664.0,265403.0,225966.0,168.0
36.70078326368209,106632.0,265385.0,225965.0,168.0
36.705788143439854,106668.0,265389.0,225960.0,168.0
36.71079302319762,106691.0,265408.0,225992.0,168.0
36.71579790295538,106663.0,265371.0,225969.0,168.0
36.72080278271314,106696.0,265381.0,225987.0,168.0
36.725807662470906,106688.0,265387.0,225969.0,168.0
36.73081254222867,106706.0,265379.0,225981.0,168.0
36.73581742198643,106676.0,265388.0,225986.0,168.0
36.7408223017442,106733.0,265394.0,225971.0,168.0
36.745827181501966,106716.0,265399.0,225970.0,168.0
36.75083206125973,106723.0,265381.0,225978.0,168.0
36.75583694101749,106709.0,265414.0,225982.0,168.0
36.760841820775255,106729.0,265398.0,225984.0,168.0
36.76584670053302,106729.0,265419.0,226009.0,168.0
36.77085158029078,106735.0,265380.0,226000.0,168.0
36.775856460048544,106730.0,265420.0,225983.0,168.0
36.78086133980631,106728.0,265416.0,225999.0,168.0
36.78586621956407,106751.0,265390.0,226000.0,168.0
36.79087109932184,106780.0,265417.0,226032.0,168.0
36.795875979079604,106732.0,265401.0,226029.0,168.0
36.80088085883737,106741.0,265414.0,226036.0,168.0
36.80588573859513,106755.0,265395.0,226005.0,168.0
36.81089061835289,106751.0,265403.0,226014.0,168.0
36.815895498110656,106743.0,265414.0,226037.0,168.0
36.82090037786842,106769.0,265377.0,226015.0,168.0
36.82590525762618,106787.0,265404.0,226002.0,168.0
36.830910137383945,106764.0,265401.0,226032.0,168.0
36.83591501714171,106774.0,265399.0,226033.0,168.0
36.84091989689948,106810.0,265416.0,226035.0,168.0
36.84592477665724,106816.0,265367.0,226036.0,168.0
36.850929656415005,106797.0,265389.0,226031.0,168.0
36.85593453617277,106792.0,265349.0,226016.0,168.0
36.86093941593053,106782.0,265395.0,226034.0,168.0
36.865944295688294,106763.0,265391.0,226019.0,168.0
36.87094917544606,106791.0,265401.0,226023.0,168.0
36.87595405520382,106801.0,265403.0,226009.0,168.0
36.88095893496158,106787.0,265417.0,226023.0,168.0
36.885963814719354,106803.0,265392.0,226027.0,168.0
36.89096869447712,106776.0,265402.0,225997.0,168.0
36.89597357423488,106750.0,265384.0,225999.0,168.0
36.90097845399264,106732.0,265390.0,225977.0,168.0
36.905983333750406,106724.0,265375.0,225957.0,168.0
36.91098821350817,106689.0,265384.0,225922.0,168.0
36.91599309326593,106650.0,265365.0,225901.0,168.0
36.920997973023695,106660.0,265385.0,225901.0,168.0
36.92600285278146,106592.0,265353.0,225873.0,168.0
36.93100773253922,106603.0,265365.0,225860.0,168.0
36.93601261229699,106535.0,265359.0,225847.0,168.0
36.941017492054755,106519.0,265355.0,225798.0,168.0
36.94602237181252,106507.0,265341.0,225798.0,168.0
36.95102725157028,106434.0,265344.0,225771.0,168.0
36.956032131328044,106412.0,265328.0,225781.0,168.0
36.96103701108581,106403.0,265347.0,225751.0,168.0
36.96604189084357,106402.0,265310.0,225756.0,168.0
36.97104677060133,106374.0,265301.0,225762.0,168.0
36.976051650359096,106358.0,265334.0,225753.0,168.0
36.98105653011686,106371.0,265325.0,225751.0,168.0
36.98606140987463,106326.0,265274.0,225745.0,168.0
36.99106628963239,106315.0,265294.0,225740.0,168.0
36.996071169390156,106322.0,265339.0,225744.0,168.0
37.00107604914792,106309.0,265314.0,225733.0,168.0
37.00608092890568,106312.0,265320.0,225758.0,168.0
37.011085808663445,106300.0,265338.0,225747.0,168.0
37.01609068842121,106308.0,265328.0,225752.0,168.0
37.02109556817897,106325.0,265345.0,225756.0,168.0
37.026100447936734,106303.0,265318.0,225767.0,168.0
37.0311053276945,106312.0,265330.0,225763.0,168.0
37.03611020745227,106320.0,265354.0,225751.0,168.0
37.04111508721003,106306.0,265338.0,225764.0,168.0
37.046119966967794,106310.0,265326.0,225788.0,168.0
37.05112484672556,106326.0,265337.0,225768.0,168.0
37.05612972648332,106292.0,265337.0,225748.0,168.0
37.06113460624108,106312.0,265324.0,225760.0,168.0
37.066139485998846,106298.0,265341.0,225770.0,168.0
37.07114436575661,106293.0,265319.0,225758.0,168.0
37.07614924551437,106313.0,265315.0,225747.0,168.0
37.08115412527214,106322.0,265346.0,225767.0,168.0
37.086159005029906,106329.0,265336.0,225780.0,168.0
37.09116388478767,106330.0,265334.0,225781.0,168.0
37.09616876454543,106332.0,265325.0,225784.0,168.0
37.101173644303195,106333.0,265322.0,225780.0,168.0
37.10617852406096,106359.0,265292.0,225780.0,168.0
37.11118340381872,106375.0,265308.0,225793.0,168.0
37.116188283576484,106344.0,265339.0,225800.0,168.0
37.12119316333425,106366.0,265328.0,225805.0,168.0
37.12619804309201,106382.0,265337.0,225803.0,168.0
37.13120292284978,106385.0,265348.0,225815.0,168.0
37.136207802607544,106389.0,265365.0,225829.0,168.0
37.14121268236531,106394.0,265336.0,225800.0,168.0
37.14621756212307,106406.0,265323.0,225831.0,168.0
37.15122244188083,106390.0,265343.0,225826.0,168.0
37.156227321638596,106416.0,265338.0,225823.0,168.0
37.16123220139636,106426.0,265349.0,225831.0,168.0
37.16623708115412,106461.0,265375.0,225844.0,168.0
37.171241960911885,106441.0,265362.0,225834.0,168.0
37.17624684066965,106425.0,265368.0,225841.0,168.0
37.18125172042742,106438.0,265389.0,225847.0,168.0
37.18625660018518,106432.0,265367.0,225845.0,168.0
37.191261479942945,106445.0,265360.0,225852.0,168.0
37.19626635970071,106429.0,265369.0,225852.0,168.0
37.20127123945847,106449.0,265368.0,225850.0,168.0
37.206276119216234,106439.0,265384.0,225847.0,168.0
37.211280998974,106460.0,265367.0,225838.0,168.0
37.21628587873176,106427.0,265345.0,225822.0,168.0
37.22129075848952,106406.0,265357.0,225835.0,168.0
37.22629563824729,106420.0,265325.0,225831.0,168.0
37.23130051800506,106425.0,265349.0,225849.0,168.0
37.23630539776282,106433.0,265335.0,225836.0,168.0
37.24131027752058,106428.0,265331.0,225843.0,168.0
37.246315157278346,106447.0,265348.0,225850.0,168.0
37.25132003703611,106436.0,265325.0,225852.0,168.0
37.25632491679387,106442.0,265342.0,225857.0,168.0
37.261329796551635,106454.0,265332.0,225844.0,168.0
37.2663346763094,106398.0,265349.0,225855.0,168.0
37.27133955606716,106233.0,265340.0,225875.0,168.0
37.276344435824925,106118.0,265350.0,225852.0,168.0
37.281349315582695,106090.0,265349.0,225840.0,168.0
37.28635419534046,106095.0,265354.0,225890.0,168.0
37.29135907509822,106082.0,265309.0,225866.0,168.0
37.296363954855984,106081.0,265340.0,225840.0,168.0
37.30136883461375,106122.0,265361.0,225897.0,168.0
37.30637371437151,106109.0,265345.0,225880.0,168.0
37.31137859412927,106016.0,265370.0,225884.0,168.0
37.316383473887036,106067.0,265340.0,225888.0,168.0
37.3213883536448,106049.0,265349.0,225887.0,168.0
37.32639323340257,106066.0,265344.0,225905.0,168.0
37.33139811316033,106101.0,265354.0,225900.0,168.0
37.336402992918096,106127.0,265338.0,225900.0,168.0
37.34140787267586,106101.0,265331.0,225907.0,168.0
37.34641275243362,106137.0,265335.0,225911.0,168.0
37.351417632191385,106130.0,265369.0,225925.0,168.0
37.35642251194915,106108.0,265342.0,225902.0,168.0
37.36142739170691,106181.0,265353.0,225937.0,168.0
37.366432271464674,106128.0,265345.0,225926.0,168.0
37.37143715122244,106146.0,265358.0,225949.0,168.0
37.37644203098021,106159.0,265346.0,225926.0,168.0
37.38144691073797,106197.0,265363.0,225946.0,168.0
37.386451790495734,106173.0,265375.0,225968.0,168.0
37.3914566702535,106204.0,265352.0,225945.0,168.0
37.39646155001126,106155.0,265355.0,225956.0,168.0
37.40146642976902,106199.0,265359.0,225952.0,168.0
37.406471309526786,106184.0,265364.0,225935.0,168.0
37.41147618928455,106187.0,265323.0,225949.0,168.0
37.41648106904231,106199.0,265345.0,225951.0,168.0
37.421485948800076,106216.0,265365.0,225952.0,168.0
37.426490828557846,106232.0,265320.0,225950.0,168.0
37.43149570831561,106234.0,265357.0,225954.0,168.0
37.43650058807337,106220.0,265367.0,225952.0,168.0
37.441505467831135,106220.0,265358.0,225961.0,168.0
37.4465103475889,106259.0,265373.0,225934.0,168.0
37.45151522734666,106277.0,265375.0,225966.0,168.0
37.456520107104424,106238.0,265360.0,225942.0,168.0
37.46152498686219,106250.0,265336.0,225951.0,168.0
37.46652986661995,106272.0,265370.0,225962.0,168.0
37.47153474637771,106284.0,265360.0,225967.0,168.0
37.476539626135484,106277.0,265330.0,225952.0,168.0
37.48154450589325,106272.0,265358.0,225975.0,168.0
37.48654938565101,106283.0,265369.0,225965.0,168.0
37.49155426540877,106273.0,265365.0,225971.0,168.0
37.496559145166536,106252.0,265359.0,225971.0,168.0
37.5015640249243,106283.0,265383.0,225983.0,168.0
37.50656890468206,106276.0,265368.0,225965.0,168.0
37.511573784439825,106308.0,265343.0,225980.0,168.0
37.51657866419759,106308.0,265353.0,225946.0,168.0
37.52158354395536,106310.0,265374.0,225983.0,168.0
37.52658842371312,106317.0,265349.0,225985.0,168.0
37.531593303470885,106332.0,265374.0,225992.0,168.0
37.53659818322865,106331.0,265360.0,225996.0,168.0
37.54160306298641,106375.0,265355.0,225985.0,168.0
37.546607942744174,106341.0,265343.0,225985.0,168.0
37.55161282250194,106370.0,265364.0,226012.0,168.0
37.5566177022597,106342.0,265361.0,225992.0,168.0
37.56162258201746,106351.0,265360.0,226014.0,168.0
37.56662746177523,106368.0,265371.0,225993.0,168.0
37.571632341533,106370.0,265366.0,226003.0,168.0
37.57663722129076,106347.0,265371.0,226012.0,168.0
37.58164210104852,106358.0,265375.0,225986.0,168.0
37.586646980806286,106385.0,265368.0,225991.0,168.0
37.59165186056405,106350.0,265378.0,225992.0,168.0
37.59665674032181,106331.0,265357.0,225974.0,168.0
37.601661620079575,106299.0,265370.0,225968.0,168.0
37.60666649983734,106322.0,265342.0,225942.0,168.0
37.6116713795951,106298.0,265331.0,225919.0,168.0
37.616676259352865,106255.0,265331.0,225887.0,168.0
37.621681139110635,106260.0,265324.0,225872.0,168.0
37.6266860188684,106253.0,265310.0,225866.0,168.0
37.63169089862616,106162.0,265313.0,225849.0,168.0
37.636695778383924,106134.0,265289.0,225831.0,168.0
37.64170065814169,106088.0,265292.0,225807.0,168.0
37.64670553789945,106066.0,265302.0,225798.0,168.0
37.65171041765721,106068.0,265307.0,225769.0,168.0
37.656715297414976,106013.0,265277.0,225757.0,168.0
37.66172017717274,106006.0,265282.0,225721.0,168.0
37.6667250569305,105987.0,265267.0,225740.0,168.0
37.67172993668827,105982.0,265272.0,225741.0,168.0
37.676734816446036,105974.0,265255.0,225733.0,168.0
37.6817396962038,105909.0,265242.0,225712.0,168.0
37.68674457596156,105936.0,265246.0,225736.0,168.0
37.691749455719325,105906.0,265279.0,225725.0,168.0
37.69675433547709,105923.0,265280.0,225712.0,168.0
37.70175921523485,105906.0,265271.0,225718.0,168.0
37.706764094992614,105899.0,265264.0,225710.0,168.0
37.71176897475038,105925.0,265255.0,225706.0,168.0
37.71677385450815,105924.0,265263.0,225707.0,168.0
37.72177873426591,105889.0,265280.0,225730.0,168.0
37.726783614023674,105891.0,265279.0,225721.0,168.0
37.73178849378144,105888.0,265282.0,225737.0,168.0
37.7367933735392,105884.0,265266.0,225736.0,168.0
37.74179825329696,105916.0,265257.0,225731.0,168.0
37.746803133054726,105907.0,265299.0,225725.0,168.0
37.75180801281249,105903.0,265277.0,225718.0,168.0
37.75681289257025,105894.0,265265.0,225734.0,168.0
37.761817772328016,105934.0,265284.0,225760.0,168.0
37.766822652085786,105924.0,265284.0,225744.0,168.0
37.77182753184355,105932.0,265319.0,225757.0,168.0
37.77683241160131,105918.0,265295.0,225736.0,168.0
37.781837291359075,105936.0,265260.0,225754.0,168.0
37.78684217111684,105922.0,265286.0,225755.0,168.0
37.7918470508746,105948.0,265274.0,225755.0,168.0
37.796851930632364,105938.0,265308.0,225759.0,168.0
37.80185681039013,105933.0,265272.0,225775.0,168.0
37.80686169014789,105983.0,265274.0,225772.0,168.0
37.81186656990565,105995.0,265288.0,225779.0,168.0
37.816871449663424,105958.0,265266.0,225785.0,168.0
37.82187632942119,105965.0,265315.0,225797.0,168.0
37.82688120917895,106016.0,265291.0,225789.0,168.0
37.83188608893671,106018.0,265302.0,225804.0,168.0
37.836890968694476,106053.0,265300.0,225798.0,168.0
37.84189584845224,106008.0,265303.0,225820.0,168.0
37.84690072821,106048.0,265314.0,225814.0,168.0
37.851905607967765,106076.0,265305.0,225824.0,168.0
37.85691048772553,106069.0,265298.0,225810.0,168.0
37.86191536748329,106047.0,265332.0,225856.0,168.0
37.86692024724106,106085.0,265298.0,225840.0,168.0
37.871925126998825,106083.0,265295.0,225842.0,168.0
37.87693000675659,106095.0,265316.0,225847.0,168.0
37.88193488651435,106060.0,265319.0,225830.0,168.0
37.886939766272114,106047.0,265331.0,225842.0,168.0
37.89194464602988,106067.0,265337.0,225822.0,168.0
37.89694952578764,106071.0,265312.0,225837.0,168.0
37.9019544055454,106051.0,265298.0,225847.0,168.0
37.90695928530317,106052.0,265318.0,225860.0,168.0
37.91196416506093,106084.0,265306.0,225847.0,168.0
37.9169690448187,106074.0,265316.0,225821.0,168.0
37.92197392457646,106066.0,265294.0,225828.0,168.0
37.926978804334226,106088.0,265294.0,225848.0,168.0
37.93198368409199,106088.0,265282.0,225842.0,168.0
37.93698856384975,106073.0,265291.0,225831.0,168.0
37.941993443607515,106047.0,265295.0,225837.0,168.0
37.94699832336528,106060.0,265309.0,225850.0,168.0
37.95200320312304,106123.0,265281.0,225835.0,168.0
37.957008082880805,106076.0,265300.0,225857.0,168.0
37.962012962638575,106096.0,265282.0,225824.0,168.0
37.96701784239634,106086.0,265311.0,225837.0,168.0
37.9720227221541,106101.0,265278.0,225836.0,168.0
37.977027601911864,106097.0,265285.0,225855.0,168.0
37.98203248166963,106090.0,265293.0,225837.0,168.0
37.98703736142739,106087.0,265292.0,225844.0,168.0
37.99204224118515,106094.0,265275.0,225865.0,168.0
37.997047120942916,106116.0,265282.0,225846.0,168.0
38.00205200070068,106142.0,265274.0,225836.0,168.0
38.00705688045844,106115.0,265322.0,225874.0,168.0
38.01206176021621,106117.0,265307.0,225851.0,168.0
38.017066639973976,106128.0,265292.0,225871.0,168.0
38.02207151973174,106138.0,265327.0,225876.0,168.0
38.0270763994895,106136.0,265296.0,225866.0,168.0
38.032081279247265,106163.0,265315.0,225864.0,168.0
38.03708615900503,106154.0,265291.0,225873.0,168.0
38.04209103876279,106151.0,265312.0,225874.0,168.0
38.047095918520554,106177.0,265282.0,225861.0,168.0
38.05210079827832,106149.0,265309.0,225861.0,168.0
38.05710567803608,106147.0,265294.0,225899.0,168.0
38.06211055779385,106166.0,265277.0,225893.0,168.0
38.067115437551614,106181.0,265279.0,225869.0,168.0
38.07212031730938,106188.0,265285.0,225861.0,168.0
38.07712519706714,106159.0,265281.0,225873.0,168.0
38.0821300768249,106188.0,265285.0,225883.0,168.0
38.087134956582666,106191.0,265287.0,225912.0,168.0
38.09213983634043,106211.0,265281.0,225901.0,168.0
38.09714471609819,106231.0,265294.0,225902.0,168.0
38.102149595855956,106233.0,265300.0,225912.0,168.0
38.10715447561372,106236.0,265307.0,225914.0,168.0
38.11215935537149,106250.0,265297.0,225881.0,168.0
38.11716423512925,106224.0,265291.0,225886.0,168.0
38.122169114887015,106206.0,265315.0,225912.0,168.0
38.12717399464478,106246.0,265298.0,225894.0,168.0
38.13217887440254,106263.0,265309.0,225907.0,168.0
38.137183754160304,106241.0,265288.0,225927.0,168.0
38.14218863391807,106266.0,265317.0,225912.0,168.0
38.14719351367583,106285.0,265299.0,225912.0,168.0
38.15219839343359,106242.0,265354.0,225914.0,168.0
38.157203273191364,106274.0,265322.0,225926.0,168.0
38.16220815294913,106307.0,265328.0,225919.0,168.0
38.16721303270689,106258.0,265297.0,225931.0,168.0
38.17221791246465,106267.0,265306.0,225932.0,168.0
38.177222792222416,106283.0,265322.0,225929.0,168.0
38.18222767198018,106288.0,265317.0,225943.0,168.0
38.18723255173794,106303.0,265324.0,225928.0,168.0
38.192237431495705,106320.0,265325.0,225949.0,168.0
38.19724231125347,106289.0,265332.0,225936.0,168.0
38.20224719101123,106310.0,265337.0,225930.0,168.0
38.207252070769,106328.0,265328.0,225956.0,168.0
38.212256950526765,106335.0,265327.0,225965.0,168.0
38.21726183028453,106313.0,265330.0,225965.0,168.0
38.22226671004229,106303.0,265330.0,225953.0,168.0
38.227271589800054,106335.0,265345.0,225952.0,168.0
38.23227646955782,106329.0,265317.0,225968.0,168.0
38.23728134931558,106329.0,265313.0,225959.0,168.0
38.24228622907334,106344.0,265337.0,225954.0,168.0
38.24729110883111,106355.0,265291.0,225954.0,168.0
38.25229598858887,106332.0,265328.0,225972.0,168.0
38.25730086834664,106342.0,265314.0,225966.0,168.0
38.2623057481044,106334.0,265328.0,225955.0,168.0
38.267310627862166,106359.0,265334.0,225948.0,168.0
38.27231550761993,106358.0,265325.0,225982.0,168.0
38.27732038737769,106378.0,265341.0,225980.0,168.0
38.282325267135455,106378.0,265345.0,225999.0,168.0
38.28733014689322,106387.0,265352.0,225995.0,168.0
38.29233502665098,106376.0,265375.0,225996.0,168.0
38.297339906408745,106389.0,265325.0,225983.0,168.0
38.30234478616651,106354.0,265330.0,225986.0,168.0
38.30734966592428,106369.0,265352.0,225992.0,168.0
38.31235454568204,106294.0,265338.0,225981.0,168.0
38.317359425439804,106359.0,265345.0,225969.0,168.0
38.32236430519757,106349.0,265316.0,225975.0,168.0
38.32736918495533,106388.0,265327.0,225942.0,168.0
38.33237406471309,106387.0,265317.0,225941.0,168.0
38.337378944470856,106381.0,265306.0,225904.0,168.0
38.34238382422862,106354.0,265291.0,225878.0,168.0
38.34738870398638,106353.0,265271.0,225868.0,168.0
38.35239358374415,106351.0,265263.0,225838.0,168.0
38.357398463501916,106296.0,265262.0,225822.0,168.0
38.36240334325968,106291.0,265251.0,225806.0,168.0
38.36740822301744,106271.0,265235.0,225795.0,168.0
38.372413102775205,106239.0,265246.0,225769.0,168.0
38.37741798253297,106207.0,265245.0,225779.0,168.0
38.38242286229073,106179.0,265231.0,225737.0,168.0
38.387427742048494,106155.0,265216.0,225715.0,168.0
38.39243262180626,106158.0,265204.0,225728.0,168.0
38.39743750156402,106141.0,265203.0,225710.0,168.0
38.40244238132179,106152.0,265204.0,225705.0,168.0
38.407447261079554,106114.0,265217.0,225689.0,168.0
38.41245214083732,106121.0,265203.0,225692.0,168.0
38.41745702059508,106114.0,265225.0,225679.0,168.0
38.42246190035284,106106.0,265223.0,225705.0,168.0
38.427466780110606,106101.0,265211.0,225717.0,168.0
38.43247165986837,106108.0,265219.0,225695.0,168.0
38.43747653962613,106120.0,265192.0,225676.0,168.0
38.442481419383896,106126.0,265226.0,225716.0,168.0
38.44748629914166,106145.0,265203.0,225713.0,168.0
38.45249117889943,106145.0,265207.0,225696.0,168.0
38.45749605865719,106112.0,265205.0,225690.0,168.0
38.462500938414955,106121.0,265206.0,225708.0,168.0
38.46750581817272,106126.0,265210.0,225711.0,168.0
38.47251069793048,106104.0,265196.0,225705.0,168.0
38.477515577688244,106142.0,265193.0,225712.0,168.0
38.48252045744601,106122.0,265197.0,225699.0,168.0
38.48752533720377,106124.0,265185.0,225696.0,168.0
38.49253021696153,106106.0,265187.0,225710.0,168.0
38.4975350967193,106137.0,265223.0,225711.0,168.0
38.50253997647707,106107.0,265158.0,225718.0,168.0
38.50754485623483,106115.0,265187.0,225731.0,168.0
38.51254973599259,106166.0,265206.0,225723.0,168.0
38.517554615750356,106127.0,265200.0,225723.0,168.0
38.52255949550812,106126.0,265200.0,225732.0,168.0
38.52756437526588,106142.0,265178.0,225734.0,168.0
38.532569255023645,106170.0,265165.0,225739.0,168.0
38.53757413478141,106178.0,265185.0,225759.0,168.0
38.54257901453917,106153.0,265204.0,225765.0,168.0
38.547583894296935,106188.0,265202.0,225748.0,168.0
38.552588774054705,106185.0,265175.0,225738.0,168.0
38.55759365381247,106228.0,265175.0,225773.0,168.0
38.56259853357023,106193.0,265209.0,225772.0,168.0
38.567603413327994,106194.0,265219.0,225763.0,168.0
38.57260829308576,106214.0,265178.0,225762.0,168.0
38.57761317284352,106222.0,265200.0,225764.0,168.0
38.58261805260128,106245.0,265178.0,225791.0,168.0
38.58762293235905,106239.0,265200.0,225778.0,168.0
38.59262781211681,106216.0,265202.0,225778.0,168.0
38.59763269187458,106261.0,265185.0,225785.0,168.0
38.60263757163234,106231.0,265202.0,225780.0,168.0
38.607642451390106,106239.0,265164.0,225792.0,168.0
38.61264733114787,106246.0,265171.0,225787.0,168.0
38.61765221090563,106266.0,265169.0,225767.0,168.0
38.622657090663395,106247.0,265176.0,225760.0,168.0
38.62766197042116,106213.0,265147.0,225782.0,168.0
38.63266685017892,106229.0,265188.0,225767.0,168.0
38.637671729936685,106265.0,265129.0,225765.0,168.0
38.64267660969445,106226.0,265164.0,225769.0,168.0
38.64768148945222,106251.0,265181.0,225761.0,168.0
38.65268636920998,106219.0,265160.0,225778.0,168.0
38.657691248967744,106239.0,265145.0,225776.0,168.0
38.66269612872551,106228.0,265143.0,225779.0,168.0
38.66770100848327,106206.0,265155.0,225757.0,168.0
38.67270588824103,106253.0,265177.0,225766.0,168.0
38.677710767998796,106238.0,265150.0,225780.0,168.0
38.68271564775656,106224.0,265161.0,225766.0,168.0
38.68772052751432,106243.0,265178.0,225783.0,168.0
38.692725407272086,106250.0,265153.0,225794.0,168.0
38.697730287029856,106235.0,265154.0,225799.0,168.0
38.70273516678762,106238.0,265158.0,225789.0,168.0
38.70774004654538,106253.0,265172.0,225807.0,168.0
38.712744926303145,106264.0,265166.0,225782.0,168.0
38.71774980606091,106257.0,265164.0,225777.0,168.0
38.72275468581867,106241.0,265187.0,225778.0,168.0
38.727759565576434,106267.0,265195.0,225794.0,168.0
38.7327644453342,106264.0,265154.0,225785.0,168.0
38.73776932509196,106278.0,265158.0,225804.0,168.0
38.742774204849724,106277.0,265160.0,225805.0,168.0
38.747779084607494,106258.0,265161.0,225806.0,168.0
38.75278396436526,106271.0,265150.0,225813.0,168.0
38.75778884412302,106282.0,265176.0,225817.0,168.0
38.76279372388078,106287.0,265153.0,225806.0,168.0
38.767798603638546,106294.0,265153.0,225820.0,168.0
38.77280348339631,106279.0,265158.0,225825.0,168.0
38.77780836315407,106335.0,265162.0,225825.0,168.0
38.782813242911836,106313.0,265144.0,225827.0,168.0
38.7878181226696,106303.0,265172.0,225823.0,168.0
38.79282300242737,106295.0,265189.0,225828.0,168.0
38.79782788218513,106319.0,265178.0,225837.0,168.0
38.802832761942895,106323.0,265189.0,225848.0,168.0
38.80783764170066,106318.0,265152.0,225831.0,168.0
38.81284252145842,106325.0,265165.0,225820.0,168.0
38.817847401216184,106317.0,265207.0,225848.0,168.0
38.82285228097395,106351.0,265158.0,225833.0,168.0
38.82785716073171,106334.0,265174.0,225859.0,168.0
38.83286204048947,106341.0,265192.0,225841.0,168.0
38.83786692024724,106336.0,265182.0,225854.0,168.0
38.84287180000501,106354.0,265192.0,225851.0,168.0
38.84787667976277,106343.0,265186.0,225826.0,168.0
38.85288155952053,106351.0,265172.0,225831.0,168.0
38.857886439278296,106306.0,265177.0,225856.0,168.0
38.86289131903606,106378.0,265178.0,225841.0,168.0
38.86789619879382,106363.0,265190.0,225876.0,168.0
38.872901078551585,106338.0,265177.0,225851.0,168.0
38.87790595830935,106366.0,265189.0,225864.0,168.0
38.88291083806711,106389.0,265199.0,225868.0,168.0
38.887915717824875,106373.0,265171.0,225857.0,168.0
38.892920597582645,106382.0,265189.0,225865.0,168.0
38.89792547734041,106393.0,265190.0,225883.0,168.0
38.90293035709817,106397.0,265163.0,225873.0,168.0
38.907935236855934,106376.0,265195.0,225874.0,168.0
38.9129401166137,106395.0,265198.0,225883.0,168.0
38.91794499637146,106375.0,265186.0,225882.0,168.0
38.92294987612922,106404.0,265176.0,225874.0,168.0
38.92795475588699,106404.0,265212.0,225886.0,168.0
38.93295963564475,106395.0,265216.0,225881.0,168.0
38.93796451540251,106410.0,265200.0,225871.0,168.0
38.94296939516028,106418.0,265192.0,225897.0,168.0
38.947974274918046,106396.0,265180.0,225877.0,168.0
38.95297915467581,106413.0,265190.0,225896.0,168.0
38.95798403443357,106397.0,265221.0,225902.0,168.0
38.962988914191335,106432.0,265193.0,225879.0,168.0
38.9679937939491,106421.0,265179.0,225882.0,168.0
38.97299867370686,106427.0,265195.0,225899.0,168.0
38.978003553464625,106426.0,265208.0,225905.0,168.0
38.98300843322239,106414.0,265193.0,225886.0,168.0
38.98801331298016,106423.0,265209.0,225895.0,168.0
38.99301819273792,106409.0,265190.0,225895.0,168.0
38.998023072495684,106422.0,265201.0,225915.0,168.0
39.00302795225345,106424.0,265197.0,225873.0,168.0
39.00803283201121,106402.0,265209.0,225894.0,168.0
39.01303771176897,106389.0,265185.0,225878.0,168.0
39.018042591526736,106374.0,265186.0,225869.0,168.0
39.0230474712845,106357.0,265180.0,225834.0,168.0
39.02805235104226,106318.0,265172.0,225817.0,168.0
39.033057230800026,106292.0,265162.0,225788.0,168.0
39.038062110557796,106285.0,265157.0,225767.0,168.0
39.04306699031556,106257.0,265158.0,225767.0,168.0
39.04807187007332,106244.0,265154.0,225742.0,168.0
39.053076749831085,106196.0,265146.0,225717.0,168.0
39.05808162958885,106166.0,265133.0,225702.0,168.0
39.06308650934661,106146.0,265124.0,225678.0,168.0
39.068091389104374,106100.0,265148.0,225709.0,168.0
39.07309626886214,106118.0,265140.0,225683.0,168.0
39.0781011486199,106061.0,265138.0,225669.0,168.0
39.083106028377664,106044.0,265142.0,225676.0,168.0
39.088110908135434,106059.0,265140.0,225663.0,168.0
39.0931157878932,106035.0,265119.0,225642.0,168.0
39.09812066765096,106015.0,265152.0,225648.0,168.0
39.10312554740872,105993.0,265125.0,225625.0,168.0
39.108130427166486,105978.0,265166.0,225644.0,168.0
39.11313530692425,105987.0,265144.0,225617.0,168.0
39.11814018668201,105934.0,265151.0,225634.0,168.0
39.123145066439776,105922.0,265137.0,225641.0,168.0
39.12814994619754,105935.0,265142.0,225635.0,168.0
39.1331548259553,105950.0,265127.0,225638.0,168.0
39.13815970571307,105934.0,265131.0,225643.0,168.0
39.143164585470835,105910.0,265160.0,225617.0,168.0
39.1481694652286,105908.0,265153.0,225622.0,168.0
39.15317434498636,105933.0,265140.0,225625.0,168.0
39.158179224744124,105935.0,265150.0,225639.0,168.0
39.16318410450189,105922.0,265160.0,225630.0,168.0
39.16818898425965,105935.0,265137.0,225641.0,168.0
39.17319386401741,105898.0,265167.0,225634.0,168.0
39.17819874377518,105896.0,265151.0,225635.0,168.0
39.18320362353295,105910.0,265165.0,225634.0,168.0
39.18820850329071,105905.0,265174.0,225642.0,168.0
39.19321338304847,105919.0,265155.0,225631.0,168.0
39.198218262806236,105889.0,265148.0,225642.0,168.0
39.203223142564,105912.0,265173.0,225661.0,168.0
39.20822802232176,105933.0,265139.0,225675.0,168.0
39.213232902079525,105928.0,265137.0,225645.0,168.0
39.21823778183729,105944.0,265168.0,225669.0,168.0
39.22324266159505,105962.0,265149.0,225683.0,168.0
39.228247541352815,105919.0,265153.0,225684.0,168.0
39.233252421110585,105952.0,265159.0,225694.0,168.0
39.23825730086835,105914.0,265181.0,225711.0,168.0
39.24326218062611,105911.0,265172.0,225702.0,168.0
39.248267060383874,105852.0,265201.0,225700.0,168.0
39.25327194014164,105859.0,265175.0,225734.0,168.0
39.2582768198994,105886.0,265188.0,225712.0,168.0
39.26328169965716,105902.0,265203.0,225712.0,168.0
39.26828657941493,105882.0,265182.0,225712.0,168.0
39.27329145917269,105887.0,265184.0,225715.0,168.0
39.27829633893045,105924.0,265192.0,225747.0,168.0
39.28330121868822,105897.0,265199.0,225739.0,168.0
39.288306098445986,105886.0,265195.0,225719.0,168.0
39.29331097820375,105899.0,265179.0,225722.0,168.0
39.29831585796151,105896.0,265182.0,225732.0,168.0
39.303320737719275,105877.0,265190.0,225723.0,168.0
39.30832561747704,105902.0,265183.0,225740.0,168.0
39.3133304972348,105892.0,265193.0,225731.0,168.0
39.318335376992565,105899.0,265204.0,225716.0,168.0
39.32334025675033,105897.0,265176.0,225724.0,168.0
39.32834513650809,105885.0,265189.0,225743.0,168.0
39.33335001626586,105909.0,265176.0,225725.0,168.0
39.338354896023624,105879.0,265162.0,225703.0,168.0
39.34335977578139,105914.0,265185.0,225721.0,168.0
39.34836465553915,105884.0,265175.0,225731.0,168.0
39.35336953529691,105911.0,265197.0,225724.0,168.0
39.358374415054676,105881.0,265163.0,225726.0,168.0
39.36337929481244,105884.0,265206.0,225728.0,168.0
39.3683841745702,105889.0,265168.0,225728.0,168.0
39.373389054327966,105903.0,265186.0,225729.0,168.0
39.37839393408573,105901.0,265185.0,225719.0,168.0
39.3833988138435,105918.0,265199.0,225731.0,168.0
39.38840369360126,105908.0,265178.0,225732.0,168.0
39.393408573359025,105888.0,265186.0,225730.0,168.0
39.39841345311679,105901.0,265211.0,225748.0,168.0
39.40341833287455,105909.0,265179.0,225728.0,168.0
39.408423212632314,105885.0,265166.0,225736.0,168.0
39.41342809239008,105923.0,265175.0,225758.0,168.0
39.41843297214784,105935.0,265163.0,225737.0,168.0
39.423437851905604,105913.0,265190.0,225747.0,168.0
39.428442731663374,105924.0,265220.0,225737.0,168.0
39.43344761142114,105950.0,265191.0,225754.0,168.0
39.4384524911789,105934.0,265189.0,225748.0,168.0
39.44345737093666,105934.0,265188.0,225734.0,168.0
39.448462250694426,105948.0,265184.0,225754.0,168.0
39.45346713045219,105969.0,265225.0,225773.0,168.0
39.45847201020995,105964.0,265202.0,225744.0,168.0
39.463476889967716,105956.0,265207.0,225770.0,168.0
39.46848176972548,105964.0,265212.0,225779.0,168.0
39.47348664948324,105954.0,265189.0,225774.0,168.0
39.47849152924101,105963.0,265219.0,225783.0,168.0
39.483496408998775,105983.0,265194.0,225783.0,168.0
39.48850128875654,105973.0,265182.0,225799.0,168.0
39.4935061685143,105995.0,265231.0,225790.0,168.0
39.498511048272064,105977.0,265197.0,225783.0,168.0
39.50351592802983,105984.0,265216.0,225799.0,168.0
39.50852080778759,105964.0,265217.0,225793.0,168.0
39.51352568754535,105986.0,265219.0,225821.0,168.0
39.51853056730312,105969.0,265216.0,225809.0,168.0
39.52353544706088,106035.0,265222.0,225824.0,168.0
39.52854032681865,106022.0,265229.0,225822.0,168.0
39.53354520657641,105999.0,265229.0,225803.0,168.0
39.538550086334176,105992.0,265223.0,225826.0,168.0
39.54355496609194,106025.0,265195.0,225827.0,168.0
39.5485598458497,106019.0,265226.0,225824.0,168.0
39.553564725607465,106053.0,265218.0,225839.0,168.0
39.55856960536523,106020.0,265221.0,225801.0,168.0
39.56357448512299,106004.0,265248.0,225823.0,168.0
39.568579364880755,106035.0,265241.0,225850.0,168.0
39.57358424463852,106054.0,265218.0,225815.0,168.0
39.57858912439629,106024.0,265256.0,225837.0,168.0
39.58359400415405,106049.0,265222.0,225833.0,168.0
39.588598883911814,106052.0,265220.0,225850.0,168.0
39.59360376366958,106054.0,265242.0,225854.0,168.0
39.59860864342734,106078.0,265270.0,225869.0,168.0
39.6036135231851,106077.0,265252.0,225848.0,168.0
39.60861840294287,106054.0,265229.0,225868.0,168.0
39.61362328270063,106060.0,265259.0,225869.0,168.0
39.61862816245839,106099.0,265238.0,225846.0,168.0
39.62363304221616,106122.0,265260.0,225842.0,168.0
39.628637921973926,106121.0,265242.0,225863.0,168.0
39.63364280173169,106108.0,265234.0,225878.0,168.0
39.63864768148945,106146.0,265257.0,225862.0,168.0
39.643652561247215,106161.0,265261.0,225857.0,168.0
39.64865744100498,106147.0,265252.0,225873.0,168.0
39.65366232076274,106144.0,265284.0,225868.0,168.0
39.658667200520505,106137.0,265252.0,225870.0,168.0
39.66367208027827,106192.0,265264.0,225881.0,168.0
39.66867696003603,106150.0,265276.0,225870.0,168.0
39.6736818397938,106180.0,265237.0,225879.0,168.0
39.678686719551564,106166.0,265267.0,225878.0,168.0
39.68369159930933,106152.0,265235.0,225880.0,168.0
39.68869647906709,106124.0,265216.0,225884.0,168.0
39.69370135882485,106113.0,265256.0,225848.0,168.0
39.698706238582616,106136.0,265243.0,225837.0,168.0
39.70371111834038,106087.0,265236.0,225842.0,168.0
39.70871599809814,106080.0,265241.0,225834.0,168.0
39.713720877855906,106041.0,265254.0,225787.0,168.0
39.71872575761367,106025.0,265225.0,225791.0,168.0
39.72373063737144,106014.0,265231.0,225782.0,168.0
39.7287355171292,105980.0,265194.0,225749.0,168.0
39.733740396886965,105952.0,265228.0,225733.0,168.0
39.73874527664473,105927.0,265205.0,225701.0,168.0
39.74375015640249,105873.0,265193.0,225691.0,168.0
39.748755036160254,105826.0,265193.0,225689.0,168.0
39.75375991591802,105847.0,265195.0,225695.0,168.0
39.75876479567578,105829.0,265177.0,225662.0,168.0
39.763769675433544,105780.0,265211.0,225657.0,168.0
39.76877455519131,105785.0,265171.0,225657.0,168.0
39.77377943494908,105757.0,265177.0,225631.0,168.0
39.77878431470684,105747.0,265194.0,225643.0,168.0
39.7837891944646,105698.0,265191.0,225644.0,168.0
39.788794074222366,105668.0,265211.0,225643.0,168.0
39.79379895398013,105679.0,265198.0,225617.0,168.0
39.79880383373789,105667.0,265205.0,225633.0,168.0
39.803808713495656,105691.0,265208.0,225640.0,168.0
39.80881359325342,105686.0,265216.0,225644.0,168.0
39.81381847301118,105675.0,265190.0,225636.0,168.0
39.81882335276895,105680.0,265195.0,225658.0,168.0
39.823828232526715,105679.0,265211.0,225654.0,168.0
39.82883311228448,105655.0,265207.0,225641.0,168.0
39.83383799204224,105674.0,265201.0,225652.0,168.0
39.838842871800004,105663.0,265215.0,225635.0,168.0
39.84384775155777,105700.0,265199.0,225649.0,168.0
39.84885263131553,105678.0,265212.0,225647.0,168.0
39.85385751107329,105664.0,265175.0,225655.0,168.0
39.85886239083106,105689.0,265182.0,225649.0,168.0
39.86386727058882,105687.0,265210.0,225671.0,168.0
39.86887215034659,105640.0,265182.0,225653.0,168.0
39.87387703010435,105651.0,265203.0,225652.0,168.0
39.878881909862116,105719.0,265202.0,225658.0,168.0
39.88388678961988,105662.0,265215.0,225659.0,168.0
39.88889166937764,105708.0,265207.0,225662.0,168.0
39.893896549135405,105684.0,265231.0,225674.0,168.0
39.89890142889317,105702.0,265210.0,225668.0,168.0
39.90390630865093,105728.0,265228.0,225674.0,168.0
39.908911188408695,105735.0,265210.0,225664.0,168.0
39.91391606816646,105721.0,265224.0,225712.0,168.0
39.91892094792423,105746.0,265239.0,225684.0,168.0
39.92392582768199,105759.0,265228.0,225703.0,168.0
39.928930707439754,105754.0,265226.0,225702.0,168.0
39.93393558719752,105750.0,265238.0,225712.0,168.0
39.93894046695528,105788.0,265245.0,225709.0,168.0
39.94394534671304,105773.0,265242.0,225726.0,168.0
39.94895022647081,105778.0,265230.0,225717.0,168.0
39.95395510622857,105770.0,265241.0,225747.0,168.0
39.95895998598633,105822.0,265202.0,225729.0,168.0
39.963964865744096,105810.0,265219.0,225746.0,168.0
39.968969745501866,105797.0,265220.0,225724.0,168.0
39.97397462525963,105818.0,265226.0,225742.0,168.0
39.97897950501739,105803.0,265189.0,225717.0,168.0
39.983984384775155,105798.0,265216.0,225757.0,168.0
39.98898926453292,105799.0,265219.0,225757.0,168.0
39.99399414429068,105795.0,265200.0,225712.0,168.0
39.998999024048445,105817.0,265217.0,225736.0,168.0
40.00400390380621,105780.0,265221.0,225760.0,168.0
40.00900878356397,105794.0,265204.0,225737.0,168.0
40.014013663321734,105804.0,265179.0,225732.0,168.0
40.019018543079504,105778.0,265214.0,225734.0,168.0
40.02402342283727,105775.0,265201.0,225742.0,168.0
40.02902830259503,105807.0,265218.0,225739.0,168.0
40.03403318235279,105801.0,265201.0,225756.0,168.0
40.039038062110556,105794.0,265210.0,225749.0,168.0
40.04404294186832,105795.0,265222.0,225764.0,168.0
40.04904782162608,105825.0,265239.0,225734.0,168.0
40.054052701383846,105805.0,265217.0,225744.0,168.0
40.05905758114161,105846.0,265240.0,225759.0,168.0
40.06406246089938,105838.0,265188.0,225756.0,168.0
40.06906734065714,105829.0,265232.0,225761.0,168.0
40.074072220414905,105852.0,265208.0,225759.0,168.0
40.07907710017267,105831.0,265254.0,225749.0,168.0
40.08408197993043,105837.0,265236.0,225775.0,168.0
40.089086859688194,105854.0,265232.0,225764.0,168.0
40.09409173944596,105850.0,265226.0,225765.0,168.0
40.09909661920372,105875.0,265252.0,225761.0,168.0
40.104101498961484,105875.0,265235.0,225782.0,168.0
40.10910637871925,105873.0,265229.0,225774.0,168.0
40.11411125847702,105845.0,265234.0,225776.0,168.0
40.11911613823478,105888.0,265217.0,225781.0,168.0
40.12412101799254,105889.0,265238.0,225773.0,168.0
40.129125897750306,105882.0,265238.0,225770.0,168.0
40.13413077750807,105896.0,265218.0,225804.0,168.0
40.13913565726583,105891.0,265219.0,225769.0,168.0
40.144140537023596,105919.0,265223.0,225791.0,168.0
40.14914541678136,105889.0,265237.0,225787.0,168.0
40.15415029653912,105931.0,265245.0,225796.0,168.0
40.159155176296885,105936.0,265233.0,225786.0,168.0
40.164160056054655,105944.0,265237.0,225798.0,168.0
40.16916493581242,105921.0,265226.0,225811.0,168.0
40.17416981557018,105943.0,265236.0,225823.0,168.0
40.179174695327944,105905.0,265248.0,225802.0,168.0
40.18417957508571,105951.0,265247.0,225830.0,168.0
40.18918445484347,105945.0,265259.0,225811.0,168.0
40.194189334601234,105979.0,265243.0,225822.0,168.0
40.199194214359,105964.0,265233.0,225820.0,168.0
40.20419909411676,105943.0,265254.0,225817.0,168.0
40.20920397387452,105957.0,265238.0,225833.0,168.0
40.21420885363229,105929.0,265250.0,225828.0,168.0
40.219213733390056,106004.0,265282.0,225830.0,168.0
40.22421861314782,105985.0,265259.0,225834.0,168.0
40.22922349290558,105962.0,265253.0,225837.0,168.0
40.234228372663345,105967.0,265223.0,225847.0,168.0
40.23923325242111,105959.0,265247.0,225840.0,168.0
40.24423813217887,106006.0,265214.0,225845.0,168.0
40.249243011936635,106037.0,265253.0,225820.0,168.0
40.2542478916944,105987.0,265255.0,225835.0,168.0
40.25925277145217,105996.0,265265.0,225835.0,168.0
40.26425765120993,106027.0,265247.0,225848.0,168.0
40.269262530967694,106003.0,265262.0,225852.0,168.0
40.27426741072546,105994.0,265260.0,225854.0,168.0
40.27927229048322,106035.0,265294.0,225855.0,168.0
40.28427717024098,106001.0,265283.0,225853.0,168.0
40.28928204999875,106031.0,265285.0,225862.0,168.0
40.29428692975651,106049.0,265266.0,225864.0,168.0
40.29929180951427,106045.0,265269.0,225859.0,168.0
40.304296689272036,106038.0,265267.0,225871.0,168.0
40.309301569029806,106045.0,265287.0,225864.0,168.0
40.31430644878757,106058.0,265265.0,225901.0,168.0
40.31931132854533,106031.0,265283.0,225886.0,168.0
40.324316208303095,106054.0,265304.0,225880.0,168.0
40.32932108806086,106067.0,265291.0,225889.0,168.0
40.33432596781862,106061.0,265292.0,225893.0,168.0
40.339330847576385,106063.0,265303.0,225891.0,168.0
40.34433572733415,106067.0,265263.0,225878.0,168.0
40.34934060709191,106093.0,265305.0,225876.0,168.0
40.354345486849674,106074.0,265280.0,225872.0,168.0
40.359350366607444,106080.0,265298.0,225873.0,168.0
40.36435524636521,106065.0,265285.0,225910.0,168.0
40.36936012612297,106107.0,265278.0,225917.0,168.0
40.37436500588073,106065.0,265270.0,225892.0,168.0
40.379369885638496,106072.0,265280.0,225888.0,168.0
40.38437476539626,106072.0,265299.0,225884.0,168.0
40.38937964515402,106093.0,265278.0,225888.0,168.0
40.394384524911786,106065.0,265276.0,225873.0,168.0
40.39938940466955,106042.0,265291.0,225863.0,168.0
40.40439428442731,106000.0,265283.0,225845.0,168.0
40.40939916418508,106000.0,265242.0,225829.0,168.0
40.414404043942845,105975.0,265284.0,225835.0,168.0
40.41940892370061,105950.0,265244.0,225794.0,168.0
40.42441380345837,105945.0,265257.0,225777.0,168.0
40.429418683216134,105894.0,265264.0,225768.0,168.0
40.4344235629739,105860.0,265277.0,225739.0,168.0
40.43942844273166,105847.0,265246.0,225689.0,168.0
40.444433322489424,105815.0,265227.0,225691.0,168.0
40.44943820224719,105748.0,265225.0,225676.0,168.0
40.45444308200496,105739.0,265191.0,225662.0,168.0
40.45944796176272,105732.0,265206.0,225649.0,168.0
40.46445284152048,105704.0,265216.0,225638.0,168.0
40.469457721278246,105665.0,265192.0,225634.0,168.0
40.47446260103601,105627.0,265210.0,225630.0,168.0
40.47946748079377,105610.0,265201.0,225627.0,168.0
40.484472360551536,105613.0,265182.0,225623.0,168.0
40.4894772403093,105630.0,265176.0,225633.0,168.0
40.49448212006706,105601.0,265185.0,225634.0,168.0
40.499486999824825,105634.0,265190.0,225627.0,168.0
40.504491879582595,105597.0,265220.0,225621.0,168.0
40.50949675934036,105554.0,265241.0,225620.0,168.0
40.51450163909812,105544.0,265191.0,225606.0,168.0
40.519506518855884,105607.0,265202.0,225631.0,168.0
40.52451139861365,105555.0,265213.0,225621.0,168.0
40.52951627837141,105572.0,265214.0,225605.0,168.0
40.534521158129174,105583.0,265226.0,225609.0,168.0
40.53952603788694,105595.0,265252.0,225662.0,168.0
40.5445309176447,105584.0,265221.0,225640.0,168.0
40.54953579740246,105596.0,265191.0,225635.0,168.0
40.55454067716023,105567.0,265216.0,225645.0,168.0
40.559545556917996,105563.0,265222.0,225659.0,168.0
40.56455043667576,105599.0,265219.0,225630.0,168.0
40.56955531643352,105560.0,265245.0,225626.0,168.0
40.574560196191285,105580.0,265240.0,225635.0,168.0
40.57956507594905,105575.0,265237.0,225629.0,168.0
40.58456995570681,105581.0,265232.0,225630.0,168.0
40.589574835464575,105631.0,265261.0,225633.0,168.0
40.59457971522234,105580.0,265254.0,225645.0,168.0
40.5995845949801,105598.0,265216.0,225649.0,168.0
40.60458947473787,105643.0,265264.0,225653.0,168.0
40.609594354495634,105646.0,265237.0,225673.0,168.0
40.6145992342534,105636.0,265242.0,225645.0,168.0
40.61960411401116,105621.0,265250.0,225673.0,168.0
40.62460899376892,105676.0,265248.0,225665.0,168.0
40.62961387352669,105638.0,265220.0,225650.0,168.0
40.63461875328445,105657.0,265231.0,225669.0,168.0
40.63962363304221,105685.0,265233.0,225698.0,168.0
40.644628512799976,105714.0,265246.0,225728.0,168.0
40.64963339255774,105658.0,265247.0,225696.0,168.0
40.65463827231551,105662.0,265246.0,225714.0,168.0
40.65964315207327,105676.0,265264.0,225702.0,168.0
40.664648031831035,105713.0,265241.0,225708.0,168.0
40.6696529115888,105706.0,265248.0,225710.0,168.0
40.67465779134656,105743.0,265258.0,225705.0,168.0
40.679662671104325,105733.0,265271.0,225724.0,168.0
40.68466755086209,105716.0,265249.0,225706.0,168.0
40.68967243061985,105716.0,265253.0,225749.0,168.0
40.694677310377614,105702.0,265246.0,225724.0,168.0
40.699682190135384,105711.0,265243.0,225712.0,168.0
40.70468706989315,105738.0,265242.0,225709.0,168.0
40.70969194965091,105728.0,265260.0,225717.0,168.0
40.71469682940867,105721.0,265269.0,225706.0,168.0
40.719701709166436,105691.0,265240.0,225721.0,168.0
40.7247065889242,105731.0,265255.0,225723.0,168.0
40.72971146868196,105723.0,265260.0,225725.0,168.0
40.734716348439726,105704.0,265234.0,225713.0,168.0
40.73972122819749,105737.0,265254.0,225716.0,168.0
40.74472610795525,105720.0,265240.0,225709.0,168.0
40.74973098771302,105718.0,265257.0,225715.0,168.0
40.754735867470785,105716.0,265241.0,225710.0,168.0
40.75974074722855,105710.0,265263.0,225716.0,168.0
40.76474562698631,105767.0,265235.0,225742.0,168.0
40.769750506744074,105737.0,265248.0,225720.0,168.0
40.77475538650184,105704.0,265271.0,225756.0,168.0
40.7797602662596,105737.0,265264.0,225734.0,168.0
40.784765146017364,105703.0,265257.0,225745.0,168.0
40.78977002577513,105735.0,265263.0,225743.0,168.0
40.79477490553289,105732.0,265257.0,225721.0,168.0
40.79977978529066,105756.0,265266.0,225735.0,168.0
40.80478466504842,105760.0,265269.0,225755.0,168.0
40.809789544806186,105780.0,265284.0,225746.0,168.0
40.81479442456395,105742.0,265245.0,225748.0,168.0
40.81979930432171,105785.0,265298.0,225745.0,168.0
40.824804184079476,105803.0,265255.0,225762.0,168.0
40.82980906383724,105804.0,265287.0,225753.0,168.0
40.834813943595,105786.0,265249.0,225770.0,168.0
40.839818823352765,105823.0,265265.0,225755.0,168.0
40.84482370311053,105808.0,265279.0,225775.0,168.0
40.8498285828683,105809.0,265271.0,225769.0,168.0
40.85483346262606,105815.0,265285.0,225771.0,168.0
40.859838342383824,105805.0,265298.0,225791.0,168.0
40.86484322214159,105875.0,265281.0,225789.0,168.0
40.86984810189935,105835.0,265278.0,225781.0,168.0
40.874852981657114,105823.0,265289.0,225775.0,168.0
40.87985786141488,105862.0,265276.0,225786.0,168.0
40.88486274117264,105848.0,265293.0,225780.0,168.0
40.8898676209304,105847.0,265274.0,225796.0,168.0
40.89487250068817,105868.0,265281.0,225773.0,168.0
40.899877380445936,105843.0,265283.0,225781.0,168.0
40.9048822602037,105852.0,265330.0,225807.0,168.0
40.90988713996146,105877.0,265308.0,225801.0,168.0
40.914892019719225,105870.0,265283.0,225800.0,168.0
40.91989689947699,105878.0,265305.0,225807.0,168.0
40.92490177923475,105903.0,265283.0,225805.0,168.0
40.929906658992515,105883.0,265268.0,225796.0,168.0
40.93491153875028,105901.0,265294.0,225815.0,168.0
40.93991641850804,105883.0,265272.0,225815.0,168.0
40.94492129826581,105904.0,265300.0,225810.0,168.0
40.949926178023574,105897.0,265280.0,225821.0,168.0
40.95493105778134,105917.0,265302.0,225828.0,168.0
40.9599359375391,105904.0,265294.0,225817.0,168.0
40.96494081729686,105899.0,265302.0,225815.0,168.0
40.96994569705463,105864.0,265297.0,225830.0,168.0
40.97495057681239,105935.0,265297.0,225835.0,168.0
40.97995545657015,105905.0,265298.0,225841.0,168.0
40.984960336327916,105946.0,265288.0,225810.0,168.0
40.98996521608568,105930.0,265293.0,225835.0,168.0
40.99497009584345,105966.0,265291.0,225841.0,168.0
40.99997497560121,105936.0,265275.0,225840.0,168.0
41.004979855358975,105959.0,265300.0,225868.0,168.0
41.00998473511674,105940.0,265303.0,225851.0,168.0
41.0149896148745,105943.0,265296.0,225828.0,168.0
41.019994494632265,105942.0,265296.0,225852.0,168.0
41.02499937439003,105953.0,265309.0,225864.0,168.0
41.03000425414779,105981.0,265290.0,225856.0,168.0
41.035009133905554,105951.0,265260.0,225860.0,168.0
41.04001401366332,105986.0,265289.0,225865.0,168.0
41.04501889342109,105973.0,265285.0,225880.0,168.0
41.05002377317885,105978.0,265259.0,225890.0,168.0
41.05502865293661,105969.0,265291.0,225875.0,168.0
41.060033532694376,105977.0,265288.0,225912.0,168.0
41.06503841245214,105977.0,265276.0,225892.0,168.0
41.0700432922099,105992.0,265247.0,225883.0,168.0
41.075048171967666,105979.0,265297.0,225886.0,168.0
41.08005305172543,105971.0,265283.0,225892.0,168.0
41.08505793148319,105963.0,265271.0,225871.0,168.0
41.09006281124096,105969.0,265273.0,225873.0,168.0
41.095067690998725,105992.0,265284.0,225888.0,168.0
41.10007257075649,106014.0,265274.0,225863.0,168.0
41.10507745051425,105957.0,265279.0,225878.0,168.0
41.110082330272014,105966.0,265300.0,225875.0,168.0
41.11508721002978,105967.0,265275.0,225853.0,168.0
41.12009208978754,105958.0,265256.0,225819.0,168.0
41.125096969545304,105953.0,265293.0,225821.0,168.0
41.13010184930307,105941.0,265270.0,225820.0,168.0
41.13510672906083,105909.0,265278.0,225766.0,168.0
41.1401116088186,105863.0,265253.0,225774.0,168.0
41.14511648857636,105859.0,265265.0,225754.0,168.0
41.150121368334126,105786.0,265254.0,225727.0,168.0
41.15512624809189,105774.0,265256.0,225731.0,168.0
41.16013112784965,105757.0,265227.0,225683.0,168.0
41.165136007607416,105725.0,265224.0,225686.0,168.0
41.17014088736518,105695.0,265237.0,225671.0,168.0
41.17514576712294,105670.0,265221.0,225655.0,168.0
41.180150646880705,105638.0,265207.0,225653.0,168.0
41.18515552663847,105608.0,265210.0,225631.0,168.0
41.19016040639624,105577.0,265207.0,225614.0,168.0
41.195165286154,105541.0,265210.0,225621.0,168.0
41.200170165911764,105576.0,265177.0,225620.0,168.0
41.20517504566953,105563.0,265201.0,225589.0,168.0
41.21017992542729,105550.0,265188.0,225618.0,168.0
41.215184805185054,105526.0,265199.0,225587.0,168.0
41.22018968494282,105531.0,265203.0,225596.0,168.0
41.22519456470058,105507.0,265162.0,225610.0,168.0
41.23019944445834,105520.0,265179.0,225582.0,168.0
41.235204324216106,105526.0,265216.0,225598.0,168.0
41.240209203973876,105485.0,265207.0,225597.0,168.0
41.24521408373164,105483.0,265223.0,225616.0,168.0
41.2502189634894,105487.0,265204.0,225598.0,168.0
41.255223843247165,105506.0,265203.0,225604.0,168.0
41.26022872300493,105485.0,265214.0,225603.0,168.0
41.26523360276269,105504.0,265246.0,225577.0,168.0
41.270238482520455,105510.0,265212.0,225599.0,168.0
41.27524336227822,105534.0,265204.0,225611.0,168.0
41.28024824203598,105498.0,265210.0,225602.0,168.0
41.285253121793744,105512.0,265212.0,225611.0,168.0
41.290258001551514,105509.0,265225.0,225615.0,168.0
41.29526288130928,105498.0,265210.0,225613.0,168.0
41.30026776106704,105487.0,265234.0,225631.0,168.0
41.3052726408248,105523.0,265234.0,225638.0,168.0
41.31027752058257,105532.0,265229.0,225620.0,168.0
41.31528240034033,105522.0,265237.0,225641.0,168.0
41.32028728009809,105519.0,265260.0,225621.0,168.0
41.325292159855856,105553.0,265244.0,225644.0,168.0
41.33029703961362,105570.0,265233.0,225661.0,168.0
41.33530191937139,105562.0,265230.0,225662.0,168.0
41.34030679912915,105555.0,265253.0,225654.0,168.0
41.345311678886915,105580.0,265249.0,225660.0,168.0
41.35031655864468,105585.0,265229.0,225684.0,168.0
41.35532143840244,105630.0,265227.0,225654.0,168.0
41.360326318160205,105599.0,265235.0,225678.0,168.0
41.36533119791797,105616.0,265252.0,225683.0,168.0
41.37033607767573,105612.0,265252.0,225684.0,168.0
41.375340957433494,105600.0,265242.0,225700.0,168.0
41.38034583719126,105644.0,265257.0,225713.0,168.0
41.38535071694903,105646.0,265214.0,225687.0,168.0
41.39035559670679,105641.0,265227.0,225697.0,168.0
41.39536047646455,105660.0,265262.0,225719.0,168.0
41.400365356222316,105635.0,265237.0,225681.0,168.0
41.40537023598008,105635.0,265248.0,225693.0,168.0
41.41037511573784,105651.0,265230.0,225709.0,168.0
41.415379995495606,105656.0,265226.0,225714.0,168.0
41.42038487525337,105656.0,265201.0,225705.0,168.0
41.42538975501113,105654.0,265216.0,225711.0,168.0
41.430394634768895,105690.0,265229.0,225715.0,168.0
41.435399514526665,105673.0,265211.0,225702.0,168.0
41.44040439428443,105650.0,265229.0,225716.0,168.0
41.44540927404219,105614.0,265221.0,225718.0,168.0
41.450414153799954,105651.0,265183.0,225703.0,168.0
41.45541903355772,105658.0,265187.0,225728.0,168.0
41.46042391331548,105639.0,265218.0,225737.0,168.0
41.465428793073244,105662.0,265195.0,225742.0,168.0
41.47043367283101,105667.0,265171.0,225722.0,168.0
41.47543855258877,105636.0,265166.0,225731.0,168.0
41.48044343234653,105624.0,265174.0,225738.0,168.0
41.4854483121043,105647.0,265173.0,225731.0,168.0
41.490453191862066,105655.0,265174.0,225727.0,168.0
41.49545807161983,105669.0,265177.0,225715.0,168.0
41.50046295137759,105644.0,265183.0,225730.0,168.0
41.505467831135356,105665.0,265185.0,225744.0,168.0
41.51047271089312,105667.0,265169.0,225718.0,168.0
41.51547759065088,105689.0,265196.0,225751.0,168.0
41.520482470408645,105659.0,265167.0,225748.0,168.0
41.52548735016641,105662.0,265175.0,225743.0,168.0
41.53049222992418,105687.0,265195.0,225740.0,168.0
41.53549710968194,105686.0,265174.0,225744.0,168.0
41.540501989439704,105686.0,265186.0,225754.0,168.0
41.54550686919747,105701.0,265176.0,225763.0,168.0
41.55051174895523,105686.0,265180.0,225762.0,168.0
41.555516628712994,105698.0,265200.0,225775.0,168.0
41.56052150847076,105687.0,265208.0,225764.0,168.0
41.56552638822852,105736.0,265192.0,225768.0,168.0
41.57053126798628,105712.0,265175.0,225763.0,168.0
41.575536147744046,105722.0,265173.0,225773.0,168.0
41.580541027501816,105736.0,265173.0,225785.0,168.0
41.58554590725958,105751.0,265171.0,225792.0,168.0
41.59055078701734,105703.0,265177.0,225801.0,168.0
41.595555666775105,105733.0,265163.0,225808.0,168.0
41.60056054653287,105727.0,265174.0,225813.0,168.0
41.60556542629063,105763.0,265187.0,225808.0,168.0
41.610570306048395,105766.0,265152.0,225817.0,168.0
41.61557518580616,105767.0,265195.0,225822.0,168.0
41.62058006556392,105756.0,265168.0,225810.0,168.0
41.625584945321684,105757.0,265149.0,225798.0,168.0
41.630589825079454,105755.0,265199.0,225816.0,168.0
41.63559470483722,105765.0,265207.0,225809.0,168.0
41.64059958459498,105765.0,265171.0,225830.0,168.0
41.64560446435274,105801.0,265193.0,225830.0,168.0
41.65060934411051,105801.0,265205.0,225823.0,168.0
41.65561422386827,105789.0,265185.0,225818.0,168.0
41.66061910362603,105785.0,265213.0,225809.0,168.0
41.665623983383796,105790.0,265210.0,225806.0,168.0
41.67062886314156,105803.0,265207.0,225837.0,168.0
41.67563374289932,105809.0,265191.0,225822.0,168.0
41.68063862265709,105813.0,265177.0,225831.0,168.0
41.685643502414855,105804.0,265184.0,225809.0,168.0
41.69064838217262,105827.0,265186.0,225837.0,168.0
41.69565326193038,105821.0,265165.0,225804.0,168.0
41.700658141688145,105822.0,265198.0,225826.0,168.0
41.70566302144591,105839.0,265213.0,225825.0,168.0
41.71066790120367,105824.0,265205.0,225840.0,168.0
41.715672780961434,105839.0,265207.0,225834.0,168.0
41.7206776607192,105822.0,265183.0,225832.0,168.0
41.72568254047697,105839.0,265205.0,225829.0,168.0
41.73068742023473,105825.0,265223.0,225845.0,168.0
41.73569229999249,105857.0,265200.0,225847.0,168.0
41.740697179750256,105832.0,265179.0,225830.0,168.0
41.74570205950802,105855.0,265212.0,225849.0,168.0
41.75070693926578,105862.0,265201.0,225854.0,168.0
41.755711819023546,105880.0,265188.0,225848.0,168.0
41.76071669878131,105847.0,265188.0,225854.0,168.0
41.76572157853907,105860.0,265198.0,225835.0,168.0
41.770726458296835,105874.0,265201.0,225876.0,168.0
41.775731338054605,105886.0,265185.0,225862.0,168.0
41.78073621781237,105861.0,265214.0,225852.0,168.0
41.78574109757013,105878.0,265177.0,225847.0,168.0
41.790745977327894,105901.0,265208.0,225865.0,168.0
41.79575085708566,105882.0,265214.0,225852.0,168.0
41.80075573684342,105899.0,265194.0,225872.0,168.0
41.805760616601184,105889.0,265211.0,225867.0,168.0
41.81076549635895,105877.0,265235.0,225860.0,168.0
41.81577037611671,105899.0,265226.0,225873.0,168.0
41.82077525587447,105920.0,265191.0,225852.0,168.0
41.82578013563224,105891.0,265232.0,225862.0,168.0
41.830785015390006,105877.0,265203.0,225863.0,168.0
41.83578989514777,105844.0,265198.0,225863.0,168.0
41.84079477490553,105878.0,265195.0,225853.0,168.0
41.845799654663296,105860.0,265218.0,225804.0,168.0
41.85080453442106,105863.0,265184.0,225792.0,168.0
41.85580941417882,105818.0,265191.0,225774.0,168.0
41.860814293936585,105772.0,265187.0,225769.0,168.0
41.86581917369435,105782.0,265193.0,225739.0,168.0
41.87082405345211,105739.0,265198.0,225700.0,168.0
41.87582893320988,105684.0,265165.0,225712.0,168.0
41.880833812967644,105670.0,265159.0,225696.0,168.0
41.88583869272541,105625.0,265158.0,225682.0,168.0
41.89084357248317,105609.0,265162.0,225654.0,168.0
41.895848452240934,105584.0,265171.0,225653.0,168.0
41.9008533319987,105571.0,265132.0,225644.0,168.0
41.90585821175646,105536.0,265122.0,225627.0,168.0
41.91086309151422,105511.0,265124.0,225623.0,168.0
41.915867971271986,105512.0,265110.0,225627.0,168.0
41.92087285102975,105463.0,265104.0,225607.0,168.0
41.92587773078752,105449.0,265122.0,225605.0,168.0
41.93088261054528,105481.0,265100.0,225599.0,168.0
41.935887490303045,105473.0,265116.0,225591.0,168.0
41.94089237006081,105407.0,265120.0,225589.0,168.0
41.94589724981857,105415.0,265138.0,225611.0,168.0
41.950902129576335,105419.0,265100.0,225603.0,168.0
41.9559070093341,105419.0,265142.0,225607.0,168.0
41.96091188909186,105434.0,265141.0,225607.0,168.0
41.965916768849624,105438.0,265157.0,225614.0,168.0
41.970921648607394,105436.0,265151.0,225618.0,168.0
41.97592652836516,105438.0,265139.0,225619.0,168.0
41.98093140812292,105437.0,265140.0,225618.0,168.0
41.98593628788068,105417.0,265141.0,225641.0,168.0
41.99094116763845,105428.0,265135.0,225609.0,168.0
41.99594604739621,105435.0,265116.0,225609.0,168.0
42.00095092715397,105465.0,265125.0,225623.0,168.0
42.005955806911736,105411.0,265091.0,225611.0,168.0
42.0109606866695,105434.0,265098.0,225640.0,168.0
42.01596556642726,105442.0,265111.0,225645.0,168.0
42.02097044618503,105411.0,265119.0,225646.0,168.0
42.025975325942795,105418.0,265110.0,225636.0,168.0
42.03098020570056,105438.0,265095.0,225648.0,168.0
42.03598508545832,105451.0,265121.0,225650.0,168.0
42.040989965216085,105474.0,265132.0,225671.0,168.0
42.04599484497385,105433.0,265120.0,225668.0,168.0
42.05099972473161,105470.0,265120.0,225697.0,168.0
42.056004604489374,105474.0,265159.0,225665.0,168.0
42.06100948424714,105452.0,265129.0,225686.0,168.0
42.0660143640049,105511.0,265139.0,225700.0,168.0
42.07101924376267,105493.0,265168.0,225677.0,168.0
42.07602412352043,105524.0,265140.0,225708.0,168.0
42.081029003278196,105496.0,265165.0,225704.0,168.0
42.08603388303596,105522.0,265160.0,225702.0,168.0
42.09103876279372,105539.0,265148.0,225697.0,168.0
42.096043642551486,105561.0,265132.0,225724.0,168.0
42.10104852230925,105570.0,265176.0,225733.0,168.0
42.10605340206701,105579.0,265145.0,225708.0,168.0
42.111058281824775,105563.0,265155.0,225739.0,168.0
42.11606316158254,105557.0,265152.0,225719.0,168.0
42.12106804134031,105595.0,265168.0,225706.0,168.0
42.12607292109807,105570.0,265141.0,225715.0,168.0
42.131077800855834,105562.0,265167.0,225741.0,168.0
42.1360826806136,105577.0,265169.0,225725.0,168.0
42.14108756037136,105572.0,265154.0,225725.0,168.0
42.146092440129124,105564.0,265160.0,225729.0,168.0
42.15109731988689,105602.0,265158.0,225729.0,168.0
42.15610219964465,105581.0,265138.0,225717.0,168.0
42.16110707940241,105605.0,265155.0,225713.0,168.0
42.16611195916018,105593.0,265132.0,225707.0,168.0
42.171116838917946,105607.0,265167.0,225706.0,168.0
42.17612171867571,105593.0,265153.0,225716.0,168.0
42.18112659843347,105601.0,265164.0,225717.0,168.0
42.186131478191236,105576.0,265148.0,225698.0,168.0
42.191136357949,105588.0,265161.0,225715.0,168.0
42.19614123770676,105598.0,265137.0,225725.0,168.0
42.201146117464525,105586.0,265155.0,225742.0,168.0
42.20615099722229,105604.0,265179.0,225737.0,168.0
42.21115587698005,105610.0,265146.0,225734.0,168.0
42.21616075673782,105604.0,265147.0,225733.0,168.0
42.221165636495584,105609.0,265148.0,225709.0,168.0
42.22617051625335,105588.0,265173.0,225727.0,168.0
42.23117539601111,105602.0,265125.0,225712.0,168.0
42.236180275768874,105604.0,265128.0,225735.0,168.0
42.24118515552664,105588.0,265153.0,225731.0,168.0
42.2461900352844,105629.0,265180.0,225744.0,168.0
42.25119491504216,105619.0,265143.0,225735.0,168.0
42.256199794799926,105643.0,265150.0,225752.0,168.0
42.26120467455769,105640.0,265159.0,225753.0,168.0
42.26620955431546,105623.0,265175.0,225781.0,168.0
42.27121443407322,105639.0,265161.0,225747.0,168.0
42.276219313830985,105655.0,265177.0,225755.0,168.0
42.28122419358875,105619.0,265175.0,225764.0,168.0
42.28622907334651,105652.0,265159.0,225758.0,168.0
42.291233953104275,105662.0,265198.0,225784.0,168.0
42.29623883286204,105689.0,265192.0,225784.0,168.0
42.3012437126198,105673.0,265183.0,225760.0,168.0
42.306248592377564,105675.0,265185.0,225761.0,168.0
42.31125347213533,105683.0,265192.0,225754.0,168.0
42.3162583518931,105683.0,265208.0,225755.0,168.0
42.32126323165086,105688.0,265180.0,225766.0,168.0
42.32626811140862,105671.0,265175.0,225780.0,168.0
42.33127299116639,105675.0,265158.0,225769.0,168.0
42.33627787092415,105673.0,265157.0,225788.0,168.0
42.34128275068191,105683.0,265146.0,225776.0,168.0
42.346287630439676,105692.0,265145.0,225766.0,168.0
42.35129251019744,105709.0,265156.0,225785.0,168.0
42.3562973899552,105697.0,265151.0,225786.0,168.0
42.36130226971297,105699.0,265146.0,225784.0,168.0
42.366307149470735,105696.0,265175.0,225779.0,168.0
42.3713120292285,105683.0,265165.0,225800.0,168.0
42.37631690898626,105722.0,265171.0,225772.0,168.0
42.381321788744025,105731.0,265159.0,225781.0,168.0
42.38632666850179,105695.0,265160.0,225794.0,168.0
42.39133154825955,105734.0,265161.0,225799.0,168.0
42.396336428017314,105744.0,265160.0,225808.0,168.0
42.40134130777508,105733.0,265152.0,225781.0,168.0
42.40634618753284,105734.0,265171.0,225813.0,168.0
42.41135106729061,105753.0,265154.0,225809.0,168.0
42.41635594704837,105756.0,265160.0,225801.0,168.0
42.421360826806136,105740.0,265144.0,225807.0,168.0
42.4263657065639,105750.0,265170.0,225801.0,168.0
42.43137058632166,105722.0,265166.0,225805.0,168.0
42.436375466079426,105764.0,265184.0,225802.0,168.0
42.44138034583719,105778.0,265134.0,225819.0,168.0
42.44638522559495,105771.0,265137.0,225839.0,168.0
42.451390105352715,105755.0,265149.0,225815.0,168.0
42.45639498511048,105768.0,265121.0,225824.0,168.0
42.46139986486825,105771.0,265152.0,225830.0,168.0
42.46640474462601,105749.0,265145.0,225827.0,168.0
42.471409624383774,105757.0,265140.0,225821.0,168.0
42.47641450414154,105780.0,265129.0,225827.0,168.0
42.4814193838993,105763.0,265144.0,225839.0,168.0
42.486424263657064,105761.0,265146.0,225822.0,168.0
42.49142914341483,105769.0,265129.0,225842.0,168.0
42.49643402317259,105805.0,265155.0,225834.0,168.0
42.50143890293035,105790.0,265151.0,225849.0,168.0
42.506443782688116,105809.0,265147.0,225843.0,168.0
42.511448662445886,105795.0,265142.0,225859.0,168.0
42.51645354220365,105799.0,265140.0,225850.0,168.0
42.52145842196141,105774.0,265157.0,225864.0,168.0
42.526463301719176,105805.0,265144.0,225854.0,168.0
42.53146818147694,105787.0,265158.0,225861.0,168.0
42.5364730612347,105822.0,265159.0,225849.0,168.0
42.541477940992465,105829.0,265145.0,225861.0,168.0
42.54648282075023,105812.0,265152.0,225846.0,168.0
42.55148770050799,105825.0,265150.0,225858.0,168.0
42.55649258026576,105812.0,265145.0,225866.0,168.0
42.561497460023524,105807.0,265136.0,225854.0,168.0
42.56650233978129,105828.0,265135.0,225855.0,168.0
42.57150721953905,105814.0,265159.0,225841.0,168.0
42.576512099296814,105817.0,265153.0,225833.0,168.0
42.58151697905458,105807.0,265171.0,225832.0,168.0
42.58652185881234,105773.0,265146.0,225810.0,168.0
42.5915267385701,105748.0,265128.0,225793.0,168.0
42.596531618327866,105746.0,265145.0,225772.0,168.0
42.60153649808563,105718.0,265115.0,225746.0,168.0
42.6065413778434,105684.0,265120.0,225726.0,168.0
42.61154625760116,105663.0,265142.0,225705.0,168.0
42.616551137358925,105645.0,265107.0,225685.0,168.0
42.62155601711669,105625.0,265107.0,225688.0,168.0
42.62656089687445,105581.0,265108.0,225650.0,168.0
42.631565776632215,105520.0,265114.0,225649.0,168.0
42.63657065638998,105503.0,265103.0,225639.0,168.0
42.64157553614774,105500.0,265112.0,225625.0,168.0
42.646580415905504,105483.0,265128.0,225592.0,168.0
42.65158529566327,105475.0,265120.0,225596.0,168.0
42.65659017542104,105442.0,265099.0,225596.0,168.0
42.6615950551788,105435.0,265090.0,225592.0,168.0
42.66659993493656,105403.0,265081.0,225578.0,168.0
42.67160481469433,105429.0,265094.0,225579.0,168.0
42.67660969445209,105417.0,265091.0,225582.0,168.0
42.68161457420985,105400.0,265072.0,225572.0,168.0
42.686619453967616,105389.0,265075.0,225561.0,168.0
42.69162433372538,105382.0,265106.0,225568.0,168.0
42.69662921348314,105361.0,265083.0,225589.0,168.0
42.701634093240905,105397.0,265093.0,225583.0,168.0
42.706638972998675,105352.0,265087.0,225574.0,168.0
42.71164385275644,105361.0,265070.0,225592.0,168.0
42.7166487325142,105378.0,265084.0,225578.0,168.0
42.721653612271965,105387.0,265087.0,225599.0,168.0
42.72665849202973,105361.0,265072.0,225569.0,168.0
42.73166337178749,105384.0,265067.0,225581.0,168.0
42.736668251545254,105385.0,265062.0,225596.0,168.0
42.74167313130302,105392.0,265052.0,225585.0,168.0
42.74667801106078,105381.0,265048.0,225595.0,168.0
42.75168289081854,105382.0,265065.0,225598.0,168.0
42.75668777057631,105388.0,265058.0,225588.0,168.0
42.761692650334076,105405.0,265078.0,225590.0,168.0
42.76669753009184,105336.0,265063.0,225599.0,168.0
42.7717024098496,105373.0,265040.0,225601.0,168.0
42.776707289607366,105421.0,265066.0,225612.0,168.0
42.78171216936513,105375.0,265027.0,225630.0,168.0
42.78671704912289,105414.0,265062.0,225625.0,168.0
42.791721928880655,105430.0,265060.0,225626.0,168.0
42.79672680863842,105413.0,265071.0,225631.0,168.0
42.80173168839619,105410.0,265061.0,225630.0,168.0
42.80673656815395,105425.0,265042.0,225632.0,168.0
42.811741447911714,105432.0,265060.0,225659.0,168.0
42.81674632766948,105447.0,265050.0,225630.0,168.0
42.82175120742724,105463.0,265056.0,225663.0,168.0
42.826756087185004,105461.0,265058.0,225649.0,168.0
42.83176096694277,105458.0,265058.0,225656.0,168.0
42.83676584670053,105488.0,265042.0,225684.0,168.0
42.84177072645829,105494.0,265065.0,225671.0,168.0
42.846775606216056,105494.0,265053.0,225655.0,168.0
42.851780485973826,105497.0,265050.0,225681.0,168.0
42.85678536573159,105478.0,265058.0,225645.0,168.0
42.86179024548935,105503.0,265042.0,225665.0,168.0
42.866795125247116,105499.0,265043.0,225655.0,168.0
42.87180000500488,105490.0,265018.0,225682.0,168.0
42.87680488476264,105490.0,265052.0,225663.0,168.0
42.881809764520405,105485.0,265031.0,225680.0,168.0
42.88681464427817,105475.0,265035.0,225664.0,168.0
42.89181952403593,105456.0,265026.0,225665.0,168.0
42.896824403793694,105468.0,265030.0,225668.0,168.0
42.901829283551464,105488.0,264994.0,225669.0,168.0
42.90683416330923,105525.0,265008.0,225677.0,168.0
42.91183904306699,105477.0,265020.0,225688.0,168.0
42.916843922824754,105441.0,265030.0,225662.0,168.0
42.92184880258252,105480.0,265019.0,225669.0,168.0
42.92685368234028,105479.0,264999.0,225666.0,168.0
42.93185856209804,105469.0,264992.0,225685.0,168.0
42.936863441855806,105493.0,265010.0,225684.0,168.0
42.94186832161357,105478.0,265008.0,225677.0,168.0
42.94687320137133,105445.0,265003.0,225680.0,168.0
42.9518780811291,105512.0,264992.0,225691.0,168.0
42.956882960886865,105488.0,264995.0,225673.0,168.0
42.96188784064463,105473.0,264998.0,225695.0,168.0
42.96689272040239,105487.0,264992.0,225671.0,168.0
42.971897600160155,105483.0,264981.0,225668.0,168.0
42.97690247991792,105499.0,264999.0,225683.0,168.0
42.98190735967568,105491.0,264995.0,225669.0,168.0
42.986912239433444,105506.0,264980.0,225693.0,168.0
42.99191711919121,105490.0,264986.0,225695.0,168.0
42.99692199894898,105486.0,264979.0,225693.0,168.0
43.00192687870674,105511.0,264968.0,225718.0,168.0
43.0069317584645,105512.0,265001.0,225707.0,168.0
43.01193663822227,105541.0,265003.0,225698.0,168.0
43.01694151798003,105527.0,264999.0,225705.0,168.0
43.02194639773779,105526.0,264997.0,225721.0,168.0
43.026951277495556,105544.0,264986.0,225727.0,168.0
43.03195615725332,105484.0,264973.0,225699.0,168.0
43.03696103701108,105517.0,264988.0,225718.0,168.0
43.041965916768845,105536.0,264987.0,225706.0,168.0
43.046970796526615,105512.0,264987.0,225726.0,168.0
43.05197567628438,105527.0,264991.0,225722.0,168.0
43.05698055604214,105554.0,264966.0,225736.0,168.0
43.061985435799905,105562.0,264996.0,225740.0,168.0
43.06699031555767,105556.0,265011.0,225742.0,168.0
43.07199519531543,105567.0,265002.0,225718.0,168.0
43.077000075073194,105533.0,264971.0,225717.0,168.0
43.08200495483096,105555.0,264965.0,225727.0,168.0
43.08700983458872,105545.0,264964.0,225740.0,168.0
43.09201471434648,105571.0,264984.0,225739.0,168.0
43.09701959410425,105557.0,264979.0,225729.0,168.0
43.102024473862016,105597.0,264979.0,225751.0,168.0
43.10702935361978,105585.0,264987.0,225752.0,168.0
43.11203423337754,105558.0,264971.0,225732.0,168.0
43.117039113135306,105577.0,265003.0,225750.0,168.0
43.12204399289307,105584.0,264962.0,225767.0,168.0
43.12704887265083,105573.0,264987.0,225750.0,168.0
43.132053752408595,105597.0,264979.0,225751.0,168.0
43.13705863216636,105585.0,264973.0,225759.0,168.0
43.14206351192412,105603.0,264987.0,225760.0,168.0
43.14706839168189,105600.0,264992.0,225751.0,168.0
43.152073271439654,105613.0,264965.0,225764.0,168.0
43.15707815119742,105588.0,264986.0,225760.0,168.0
43.16208303095518,105619.0,264974.0,225788.0,168.0
43.167087910712944,105601.0,264953.0,225774.0,168.0
43.17209279047071,105584.0,265009.0,225758.0,168.0
43.17709767022847,105641.0,264980.0,225769.0,168.0
43.18210254998623,105617.0,264979.0,225786.0,168.0
43.187107429743996,105632.0,264988.0,225792.0,168.0
43.192112309501766,105633.0,264996.0,225771.0,168.0
43.19711718925953,105621.0,264996.0,225799.0,168.0
43.20212206901729,105683.0,264999.0,225796.0,168.0
43.207126948775056,105633.0,265009.0,225808.0,168.0
43.21213182853282,105620.0,264988.0,225805.0,168.0
43.21713670829058,105642.0,264995.0,225822.0,168.0
43.222141588048345,105635.0,265015.0,225818.0,168.0
43.22714646780611,105632.0,265012.0,225807.0,168.0
43.23215134756387,105633.0,265006.0,225795.0,168.0
43.237156227321634,105653.0,264988.0,225814.0,168.0
43.242161107079404,105660.0,264992.0,225809.0,168.0
43.24716598683717,105663.0,265013.0,225808.0,168.0
43.25217086659493,105677.0,264990.0,225802.0,168.0
43.257175746352694,105675.0,265009.0,225815.0,168.0
43.26218062611046,105704.0,264992.0,225790.0,168.0
43.26718550586822,105666.0,264965.0,225824.0,168.0
43.27219038562598,105675.0,264994.0,225823.0,168.0
43.277195265383746,105705.0,264995.0,225791.0,168.0
43.28220014514151,105678.0,264987.0,225794.0,168.0
43.28720502489927,105678.0,264970.0,225800.0,168.0
43.29220990465704,105668.0,264983.0,225829.0,168.0
43.297214784414805,105707.0,265008.0,225800.0,168.0
43.30221966417257,105672.0,264981.0,225799.0,168.0
43.30722454393033,105629.0,264994.0,225799.0,168.0
43.312229423688095,105628.0,264970.0,225795.0,168.0
43.31723430344586,105664.0,264992.0,225769.0,168.0
43.32223918320362,105620.0,264967.0,225762.0,168.0
43.327244062961384,105610.0,264963.0,225726.0,168.0
43.33224894271915,105550.0,264967.0,225713.0,168.0
43.33725382247691,105548.0,264975.0,225706.0,168.0
43.34225870223468,105527.0,264991.0,225696.0,168.0
43.34726358199244,105515.0,264945.0,225681.0,168.0
43.35226846175021,105457.0,264930.0,225656.0,168.0
43.35727334150797,105425.0,264944.0,225649.0,168.0
43.36227822126573,105412.0,264904.0,225640.0,168.0
43.367283101023496,105391.0,264925.0,225616.0,168.0
43.37228798078126,105351.0,264925.0,225582.0,168.0
43.37729286053902,105315.0,264911.0,225590.0,168.0
43.382297740296785,105311.0,264904.0,225575.0,168.0
43.38730262005455,105267.0,264902.0,225571.0,168.0
43.39230749981232,105267.0,264895.0,225573.0,168.0
43.39731237957008,105247.0,264901.0,225588.0,168.0
43.402317259327845,105234.0,264898.0,225566.0,168.0
43.40732213908561,105252.0,264900.0,225560.0,168.0
43.41232701884337,105253.0,264897.0,225569.0,168.0
43.417331898601134,105257.0,264906.0,225572.0,168.0
43.4223367783589,105238.0,264904.0,225577.0,168.0
43.42734165811666,105243.0,264904.0,225577.0,168.0
43.43234653787442,105228.0,264929.0,225555.0,168.0
43.43735141763219,105253.0,264916.0,225573.0,168.0
43.442356297389956,105229.0,264918.0,225598.0,168.0
43.44736117714772,105266.0,264910.0,225551.0,168.0
43.45236605690548,105264.0,264901.0,225578.0,168.0
43.457370936663246,105220.0,264930.0,225570.0,168.0
43.46237581642101,105244.0,264927.0,225589.0,168.0
43.46738069617877,105266.0,264912.0,225569.0,168.0
43.472385575936535,105238.0,264929.0,225579.0,168.0
43.4773904556943,105265.0,264923.0,225582.0,168.0
43.48239533545206,105279.0,264908.0,225595.0,168.0
43.48740021520983,105276.0,264912.0,225581.0,168.0
43.492405094967594,105247.0,264937.0,225590.0,168.0
43.49740997472536,105272.0,264941.0,225601.0,168.0
43.50241485448312,105275.0,264941.0,225584.0,168.0
43.507419734240884,105268.0,264945.0,225615.0,168.0
43.51242461399865,105289.0,264935.0,225615.0,168.0
43.51742949375641,105326.0,264932.0,225617.0,168.0
43.52243437351417,105290.0,264924.0,225629.0,168.0
43.527439253271936,105315.0,264937.0,225622.0,168.0
43.5324441330297,105292.0,264903.0,225634.0,168.0
43.53744901278747,105331.0,264921.0,225651.0,168.0
43.54245389254523,105338.0,264951.0,225656.0,168.0
43.547458772302996,105346.0,264940.0,225636.0,168.0
43.55246365206076,105304.0,264912.0,225660.0,168.0
43.55746853181852,105364.0,264953.0,225658.0,168.0
43.562473411576285,105365.0,264961.0,225643.0,168.0
43.56747829133405,105360.0,264943.0,225673.0,168.0
43.57248317109181,105360.0,264947.0,225653.0,168.0
43.577488050849574,105378.0,264965.0,225661.0,168.0
43.58249293060734,105383.0,264983.0,225650.0,168.0
43.58749781036511,105388.0,264959.0,225668.0,168.0
43.59250269012287,105378.0,264955.0,225654.0,168.0
43.597507569880634,105372.0,264956.0,225659.0,168.0
43.6025124496384,105390.0,264952.0,225682.0,168.0
43.60751732939616,105394.0,264981.0,225672.0,168.0
43.61252220915392,105407.0,264961.0,225653.0,168.0
43.617527088911686,105384.0,264984.0,225662.0,168.0
43.62253196866945,105393.0,264975.0,225661.0,168.0
43.62753684842721,105380.0,264979.0,225671.0,168.0
43.63254172818498,105361.0,264956.0,225669.0,168.0
43.637546607942745,105382.0,264978.0,225670.0,168.0
43.64255148770051,105379.0,264972.0,225654.0,168.0
43.64755636745827,105402.0,264956.0,225636.0,168.0
43.652561247216035,105389.0,264971.0,225675.0,168.0
43.6575661269738,105408.0,264961.0,225667.0,168.0
43.66257100673156,105396.0,264990.0,225657.0,168.0
43.667575886489324,105330.0,264936.0,225679.0,168.0
43.67258076624709,105406.0,264964.0,225668.0,168.0
43.67758564600485,105397.0,264941.0,225668.0,168.0
43.68259052576262,105373.0,264959.0,225670.0,168.0
43.68759540552038,105388.0,264941.0,225646.0,168.0
43.69260028527815,105387.0,264941.0,225673.0,168.0
43.69760516503591,105385.0,264952.0,225678.0,168.0
43.70261004479367,105398.0,264937.0,225668.0,168.0
43.707614924551436,105391.0,264946.0,225680.0,168.0
43.7126198043092,105362.0,264932.0,225677.0,168.0
43.71762468406696,105404.0,264921.0,225679.0,168.0
43.722629563824725,105385.0,264953.0,225688.0,168.0
43.72763444358249,105393.0,264928.0,225686.0,168.0
43.73263932334026,105390.0,264918.0,225680.0,168.0
43.73764420309802,105415.0,264953.0,225676.0,168.0
43.742649082855785,105401.0,264931.0,225691.0,168.0
43.74765396261355,105397.0,264942.0,225685.0,168.0
43.75265884237131,105392.0,264943.0,225700.0,168.0
43.757663722129074,105416.0,264962.0,225690.0,168.0
43.76266860188684,105429.0,264928.0,225699.0,168.0
43.7676734816446,105460.0,264971.0,225699.0,168.0
43.77267836140236,105433.0,264947.0,225705.0,168.0
43.777683241160126,105433.0,264961.0,225714.0,168.0
43.782688120917896,105452.0,264952.0,225709.0,168.0
43.78769300067566,105448.0,264949.0,225736.0,168.0
43.79269788043342,105468.0,264960.0,225718.0,168.0
43.797702760191186,105432.0,264955.0,225723.0,168.0
43.80270763994895,105458.0,264938.0,225723.0,168.0
43.80771251970671,105466.0,264943.0,225729.0,168.0
43.812717399464475,105460.0,264932.0,225705.0,168.0
43.81772227922224,105453.0,264957.0,225719.0,168.0
43.82272715898,105469.0,264961.0,225726.0,168.0
43.82773203873777,105499.0,264970.0,225757.0,168.0
43.832736918495534,105478.0,264954.0,225739.0,168.0
43.8377417982533,105482.0,264952.0,225734.0,168.0
43.84274667801106,105467.0,264946.0,225737.0,168.0
43.847751557768824,105493.0,264952.0,225748.0,168.0
43.85275643752659,105510.0,264933.0,225727.0,168.0
43.85776131728435,105517.0,264960.0,225753.0,168.0
43.86276619704211,105521.0,264995.0,225753.0,168.0
43.867771076799876,105516.0,264976.0,225765.0,168.0
43.87277595655764,105539.0,264996.0,225750.0,168.0
43.87778083631541,105527.0,264998.0,225762.0,168.0
43.88278571607317,105562.0,265000.0,225764.0,168.0
43.887790595830936,105539.0,264978.0,225775.0,168.0
43.8927954755887,105534.0,264951.0,225773.0,168.0
43.89780035534646,105545.0,264974.0,225799.0,168.0
43.902805235104225,105559.0,264975.0,225796.0,168.0
43.90781011486199,105565.0,264990.0,225783.0,168.0
43.91281499461975,105551.0,264979.0,225790.0,168.0
43.917819874377514,105546.0,264963.0,225793.0,168.0
43.92282475413528,105577.0,264977.0,225802.0,168.0
43.92782963389305,105573.0,264982.0,225790.0,168.0
43.93283451365081,105584.0,264958.0,225794.0,168.0
43.937839393408574,105557.0,264978.0,225792.0,168.0
43.94284427316634,105578.0,264987.0,225793.0,168.0
43.9478491529241,105569.0,264987.0,225804.0,168.0
43.95285403268186,105588.0,264980.0,225808.0,168.0
43.957858912439626,105606.0,265012.0,225813.0,168.0
43.96286379219739,105625.0,265000.0,225776.0,168.0
43.96786867195515,105626.0,264984.0,225796.0,168.0
43.972873551712915,105626.0,264965.0,225790.0,168.0
43.977878431470685,105598.0,265027.0,225799.0,168.0
43.98288331122845,105613.0,265026.0,225815.0,168.0
43.98788819098621,105608.0,264993.0,225799.0,168.0
43.992893070743975,105595.0,265018.0,225832.0,168.0
43.99789795050174,105615.0,265015.0,225795.0,168.0
44.0029028302595,105600.0,264984.0,225807.0,168.0
44.007907710017264,105606.0,265015.0,225781.0,168.0
44.01291258977503,105586.0,265016.0,225772.0,168.0
44.01791746953279,105537.0,264975.0,225769.0,168.0
44.02292234929055,105551.0,264970.0,225742.0,168.0
44.02792722904832,105496.0,264994.0,225722.0,168.0
44.03293210880609,105450.0,264952.0,225703.0,168.0
44.03793698856385,105478.0,264967.0,225680.0,168.0
44.04294186832161,105437.0,264962.0,225674.0,168.0
44.047946748079376,105409.0,264977.0,225653.0,168.0
44.05295162783714,105388.0,264932.0,225621.0,168.0
44.0579565075949,105350.0,264947.0,225620.0,168.0
44.062961387352665,105326.0,264971.0,225630.0,168.0
44.06796626711043,105283.0,264934.0,225595.0,168.0
44.0729711468682,105251.0,264945.0,225586.0,168.0
44.07797602662596,105245.0,264952.0,225580.0,168.0
44.082980906383725,105232.0,264933.0,225588.0,168.0
44.08798578614149,105238.0,264922.0,225567.0,168.0
44.09299066589925,105186.0,264920.0,225579.0,168.0
44.097995545657014,105189.0,264890.0,225577.0,168.0
44.10300042541478,105174.0,264915.0,225551.0,168.0
44.10800530517254,105138.0,264913.0,225577.0,168.0
44.1130101849303,105159.0,264919.0,225544.0,168.0
44.118015064688066,105152.0,264899.0,225576.0,168.0
44.123019944445836,105152.0,264935.0,225566.0,168.0
44.1280248242036,105125.0,264941.0,225586.0,168.0
44.13302970396136,105162.0,264915.0,225554.0,168.0
44.138034583719126,105145.0,264950.0,225571.0,168.0
44.14303946347689,105152.0,264950.0,225563.0,168.0
44.14804434323465,105153.0,264948.0,225573.0,168.0
44.153049222992415,105168.0,264946.0,225575.0,168.0
44.15805410275018,105126.0,264949.0,225561.0,168.0
44.16305898250794,105157.0,264937.0,225585.0,168.0
44.168063862265704,105162.0,264940.0,225577.0,168.0
44.173068742023474,105154.0,264934.0,225578.0,168.0
44.17807362178124,105149.0,264945.0,225575.0,168.0
44.183078501539,105198.0,264940.0,225579.0,168.0
44.188083381296764,105141.0,264919.0,225582.0,168.0
44.19308826105453,105137.0,264924.0,225556.0,168.0
44.19809314081229,105168.0,264915.0,225592.0,168.0
44.20309802057005,105174.0,264909.0,225592.0,168.0
44.208102900327816,105160.0,264932.0,225592.0,168.0
44.21310778008558,105164.0,264887.0,225590.0,168.0
44.21811265984334,105177.0,264917.0,225609.0,168.0
44.22311753960111,105164.0,264923.0,225616.0,168.0
44.228122419358876,105187.0,264915.0,225613.0,168.0
44.23312729911664,105213.0,264911.0,225624.0,168.0
44.2381321788744,105212.0,264928.0,225596.0,168.0
44.243137058632165,105192.0,264948.0,225642.0,168.0
44.24814193838993,105236.0,264942.0,225638.0,168.0
44.25314681814769,105241.0,264939.0,225628.0,168.0
44.258151697905454,105247.0,264939.0,225647.0,168.0
44.26315657766322,105257.0,264950.0,225661.0,168.0
44.26816145742099,105250.0,264941.0,225658.0,168.0
44.27316633717875,105270.0,264944.0,225647.0,168.0
44.278171216936514,105236.0,264932.0,225664.0,168.0
44.28317609669428,105291.0,264949.0,225671.0,168.0
44.28818097645204,105283.0,264949.0,225659.0,168.0
44.2931858562098,105273.0,264924.0,225667.0,168.0
44.298190735967566,105281.0,264953.0,225661.0,168.0
44.30319561572533,105293.0,264950.0,225663.0,168.0
44.30820049548309,105276.0,264943.0,225663.0,168.0
44.313205375240855,105272.0,264976.0,225653.0,168.0
44.318210254998625,105261.0,264956.0,225658.0,168.0
44.32321513475639,105237.0,264941.0,225658.0,168.0
44.32822001451415,105266.0,264943.0,225693.0,168.0
44.333224894271915,105263.0,264959.0,225663.0,168.0
44.33822977402968,105262.0,264959.0,225672.0,168.0
44.34323465378744,105268.0,264959.0,225669.0,168.0
44.348239533545204,105296.0,264963.0,225674.0,168.0
44.35324441330297,105241.0,264962.0,225673.0,168.0
44.35824929306073,105267.0,264922.0,225663.0,168.0
44.36325417281849,105246.0,264947.0,225678.0,168.0
44.36825905257626,105295.0,264951.0,225665.0,168.0
44.37326393233403,105279.0,264956.0,225675.0,168.0
44.37826881209179,105285.0,265000.0,225662.0,168.0
44.38327369184955,105313.0,264958.0,225676.0,168.0
44.388278571607316,105265.0,264958.0,225673.0,168.0
44.39328345136508,105282.0,264954.0,225682.0,168.0
44.39828833112284,105310.0,264981.0,225684.0,168.0
44.403293210880605,105280.0,264953.0,225679.0,168.0
44.40829809063837,105315.0,264972.0,225678.0,168.0
44.41330297039613,105304.0,264964.0,225695.0,168.0
44.4183078501539,105277.0,264941.0,225692.0,168.0
44.423312729911665,105308.0,264966.0,225703.0,168.0
44.42831760966943,105329.0,264955.0,225700.0,168.0
44.43332248942719,105329.0,264943.0,225684.0,168.0
44.438327369184954,105335.0,264962.0,225697.0,168.0
44.44333224894272,105332.0,264950.0,225696.0,168.0
44.44833712870048,105307.0,264940.0,225702.0,168.0
44.45334200845824,105320.0,264976.0,225684.0,168.0
44.458346888216006,105307.0,264947.0,225684.0,168.0
44.463351767973776,105350.0,264937.0,225703.0,168.0
44.46835664773154,105348.0,264955.0,225715.0,168.0
44.4733615274893,105349.0,264944.0,225700.0,168.0
44.478366407247066,105321.0,264951.0,225701.0,168.0
44.48337128700483,105308.0,264951.0,225705.0,168.0
44.48837616676259,105350.0,264954.0,225704.0,168.0
44.493381046520355,105341.0,264977.0,225719.0,168.0
44.49838592627812,105350.0,264960.0,225707.0,168.0
44.50339080603588,105366.0,264978.0,225743.0,168.0
44.508395685793644,105358.0,264942.0,225724.0,168.0
44.513400565551414,105342.0,264942.0,225747.0,168.0
44.51840544530918,105374.0,264951.0,225742.0,168.0
44.52341032506694,105362.0,264944.0,225741.0,168.0
44.528415204824704,105395.0,264943.0,225743.0,168.0
44.53342008458247,105370.0,264923.0,225745.0,168.0
44.53842496434023,105364.0,264946.0,225747.0,168.0
44.54342984409799,105364.0,264920.0,225752.0,168.0
44.548434723855756,105382.0,264950.0,225770.0,168.0
44.55343960361352,105412.0,264935.0,225753.0,168.0
44.55844448337128,105373.0,264912.0,225771.0,168.0
44.56344936312905,105381.0,264929.0,225766.0,168.0
44.568454242886816,105392.0,264890.0,225760.0,168.0
44.57345912264458,105397.0,264918.0,225760.0,168.0
44.57846400240234,105381.0,264917.0,225760.0,168.0
44.583468882160105,105429.0,264925.0,225760.0,168.0
44.58847376191787,105431.0,264927.0,225758.0,168.0
44.59347864167563,105380.0,264937.0,225770.0,168.0
44.598483521433394,105412.0,264931.0,225783.0,168.0
44.60348840119116,105436.0,264918.0,225782.0,168.0
44.60849328094892,105440.0,264914.0,225779.0,168.0
44.61349816070669,105435.0,264918.0,225787.0,168.0
44.618503040464454,105400.0,264934.0,225787.0,168.0
44.62350792022222,105455.0,264925.0,225759.0,168.0
44.62851279997998,105436.0,264923.0,225786.0,168.0
44.63351767973774,105443.0,264916.0,225794.0,168.0
44.638522559495506,105431.0,264936.0,225765.0,168.0
44.64352743925327,105420.0,264929.0,225809.0,168.0
44.64853231901103,105482.0,264950.0,225792.0,168.0
44.653537198768795,105435.0,264960.0,225811.0,168.0
44.65854207852656,105454.0,264938.0,225787.0,168.0
44.66354695828433,105462.0,264950.0,225807.0,168.0
44.66855183804209,105497.0,264944.0,225821.0,168.0
44.673556717799855,105464.0,264958.0,225815.0,168.0
44.67856159755762,105461.0,264956.0,225814.0,168.0
44.68356647731538,105481.0,264961.0,225810.0,168.0
44.688571357073144,105492.0,264945.0,225820.0,168.0
44.69357623683091,105477.0,264961.0,225813.0,168.0
44.69858111658867,105498.0,264958.0,225813.0,168.0
44.70358599634643,105471.0,264987.0,225827.0,168.0
44.7085908761042,105467.0,264981.0,225808.0,168.0
44.71359575586197,105474.0,264955.0,225785.0,168.0
44.71860063561973,105478.0,264977.0,225783.0,168.0
44.72360551537749,105481.0,264976.0,225795.0,168.0
44.728610395135256,105485.0,264971.0,225786.0,168.0
44.73361527489302,105479.0,264948.0,225786.0,168.0
44.73862015465078,105415.0,264950.0,225778.0,168.0
44.743625034408545,105400.0,264926.0,225734.0,168.0
44.74862991416631,105382.0,264949.0,225716.0,168.0
44.75363479392407,105363.0,264919.0,225714.0,168.0
44.75863967368184,105331.0,264897.0,225688.0,168.0
44.763644553439605,105295.0,264908.0,225669.0,168.0
44.76864943319737,105277.0,264899.0,225663.0,168.0
44.77365431295513,105261.0,264887.0,225653.0,168.0
44.778659192712894,105189.0,264900.0,225633.0,168.0
44.78366407247066,105178.0,264885.0,225604.0,168.0
44.78866895222842,105192.0,264894.0,225602.0,168.0
44.79367383198618,105139.0,264911.0,225593.0,168.0
44.798678711743946,105095.0,264885.0,225575.0,168.0
44.80368359150171,105077.0,264858.0,225588.0,168.0
44.80868847125948,105057.0,264889.0,225552.0,168.0
44.81369335101724,105064.0,264864.0,225559.0,168.0
44.818698230775006,105034.0,264879.0,225570.0,168.0
44.82370311053277,105041.0,264874.0,225545.0,168.0
44.82870799029053,105028.0,264891.0,225558.0,168.0
44.833712870048295,104979.0,264851.0,225564.0,168.0
44.83871774980606,104986.0,264875.0,225534.0,168.0
44.84372262956382,104961.0,264859.0,225566.0,168.0
44.848727509321584,104996.0,264877.0,225570.0,168.0
44.85373238907935,104992.0,264868.0,225557.0,168.0
44.85873726883712,104997.0,264865.0,225549.0,168.0
44.86374214859488,104947.0,264870.0,225569.0,168.0
44.868747028352644,104974.0,264845.0,225568.0,168.0
44.87375190811041,104980.0,264903.0,225549.0,168.0
44.87875678786817,104992.0,264887.0,225571.0,168.0
44.88376166762593,104985.0,264893.0,225560.0,168.0
44.888766547383696,104969.0,264885.0,225573.0,168.0
44.89377142714146,104976.0,264893.0,225579.0,168.0
44.89877630689922,104972.0,264894.0,225583.0,168.0
44.90378118665699,104981.0,264897.0,225587.0,168.0
44.908786066414756,104966.0,264917.0,225566.0,168.0
44.91379094617252,104975.0,264911.0,225583.0,168.0
44.91879582593028,104974.0,264906.0,225603.0,168.0
44.923800705688045,104990.0,264914.0,225609.0,168.0
44.92880558544581,105010.0,264908.0,225595.0,168.0
44.93381046520357,104968.0,264905.0,225583.0,168.0
44.938815344961334,105046.0,264906.0,225606.0,168.0
44.9438202247191,105036.0,264913.0,225613.0,168.0
44.94882510447686,105027.0,264928.0,225607.0,168.0
44.95382998423463,105040.0,264927.0,225613.0,168.0
44.958834863992394,105081.0,264904.0,225620.0,168.0
44.96383974375016,105053.0,264937.0,225629.0,168.0
44.96884462350792,105056.0,264922.0,225606.0,168.0
44.97384950326568,105038.0,264885.0,225647.0,168.0
44.978854383023446,105108.0,264917.0,225623.0,168.0
44.98385926278121,105097.0,264940.0,225654.0,168.0
44.98886414253897,105103.0,264939.0,225645.0,168.0
44.993869022296735,105116.0,264927.0,225645.0,168.0
44.9988739020545,105138.0,264949.0,225662.0,168.0
45.00387878181227,105113.0,264927.0,225663.0,168.0
45.00888366157003,105146.0,264955.0,225648.0,168.0
45.013888541327795,105144.0,264964.0,225643.0,168.0
45.01889342108556,105153.0,264960.0,225656.0,168.0
45.02389830084332,105150.0,264936.0,225634.0,168.0
45.028903180601084,105138.0,264951.0,225651.0,168.0
45.03390806035885,105120.0,264934.0,225657.0,168.0
45.03891294011661,105154.0,264977.0,225662.0,168.0
45.04391781987437,105146.0,264940.0,225676.0,168.0
45.048922699632136,105172.0,264969.0,225663.0,168.0
45.05392757938991,105149.0,264943.0,225690.0,168.0
45.05893245914767,105119.0,264953.0,225657.0,168.0
45.06393733890543,105159.0,264934.0,225659.0,168.0
45.068942218663196,105132.0,264923.0,225668.0,168.0
45.07394709842096,105131.0,264958.0,225680.0,168.0
45.07895197817872,105157.0,264939.0,225668.0,168.0
45.083956857936485,105136.0,264928.0,225680.0,168.0
45.08896173769425,105166.0,264945.0,225690.0,168.0
45.09396661745201,105185.0,264933.0,225668.0,168.0
45.09897149720978,105157.0,264916.0,225673.0,168.0
45.103976376967545,105171.0,264926.0,225672.0,168.0
45.10898125672531,105143.0,264945.0,225677.0,168.0
45.11398613648307,105169.0,264938.0,225676.0,168.0
45.118991016240834,105171.0,264951.0,225687.0,168.0
45.1239958959986,105192.0,264944.0,225674.0,168.0
45.12900077575636,105164.0,264920.0,225671.0,168.0
45.13400565551412,105195.0,264940.0,225692.0,168.0
45.139010535271886,105169.0,264945.0,225672.0,168.0
45.14401541502965,105195.0,264922.0,225683.0,168.0
45.14902029478742,105202.0,264930.0,225689.0,168.0
45.15402517454518,105222.0,264971.0,225693.0,168.0
45.159030054302946,105202.0,264978.0,225696.0,168.0
45.16403493406071,105204.0,264929.0,225695.0,168.0
45.16903981381847,105189.0,264942.0,225701.0,168.0
45.174044693576235,105228.0,264946.0,225693.0,168.0
45.179049573334,105226.0,264952.0,225696.0,168.0
45.18405445309176,105228.0,264954.0,225724.0,168.0
45.189059332849524,105249.0,264940.0,225718.0,168.0
45.19406421260729,105253.0,264964.0,225707.0,168.0
45.19906909236506,105257.0,264957.0,225719.0,168.0
45.20407397212282,105264.0,264944.0,225728.0,168.0
45.209078851880584,105261.0,264963.0,225727.0,168.0
45.21408373163835,105274.0,264944.0,225734.0,168.0
45.21908861139611,105285.0,264962.0,225729.0,168.0
45.22409349115387,105267.0,264950.0,225739.0,168.0
45.229098370911636,105296.0,264935.0,225733.0,168.0
45.2341032506694,105250.0,264963.0,225743.0,168.0
45.23910813042716,105256.0,264951.0,225743.0,168.0
45.244113010184925,105281.0,264947.0,225731.0,168.0
45.249117889942696,105280.0,264968.0,225758.0,168.0
45.25412276970046,105278.0,264940.0,225755.0,168.0
45.25912764945822,105287.0,264929.0,225758.0,168.0
45.264132529215985,105257.0,264952.0,225763.0,168.0
45.26913740897375,105282.0,264928.0,225762.0,168.0
45.27414228873151,105269.0,264930.0,225766.0,168.0
45.279147168489274,105296.0,264946.0,225759.0,168.0
45.28415204824704,105257.0,264940.0,225759.0,168.0
45.2891569280048,105323.0,264956.0,225775.0,168.0
45.29416180776257,105325.0,264956.0,225769.0,168.0
45.299166687520334,105332.0,264951.0,225760.0,168.0
45.3041715672781,105345.0,264968.0,225786.0,168.0
45.30917644703586,105323.0,264950.0,225794.0,168.0
45.31418132679362,105354.0,264961.0,225775.0,168.0
45.319186206551386,105338.0,264961.0,225776.0,168.0
45.32419108630915,105338.0,264944.0,225759.0,168.0
45.32919596606691,105335.0,264959.0,225791.0,168.0
45.334200845824675,105345.0,264953.0,225792.0,168.0
45.33920572558244,105352.0,264963.0,225791.0,168.0
45.34421060534021,105355.0,264960.0,225794.0,168.0
45.34921548509797,105348.0,264956.0,225803.0,168.0
45.354220364855735,105375.0,264954.0,225828.0,168.0
45.3592252446135,105373.0,264935.0,225785.0,168.0
45.36423012437126,105357.0,264958.0,225803.0,168.0
45.369235004129024,105385.0,264974.0,225814.0,168.0
45.37423988388679,105383.0,264955.0,225816.0,168.0
45.37924476364455,105396.0,264952.0,225799.0,168.0
45.38424964340231,105392.0,264965.0,225811.0,168.0
45.389254523160076,105403.0,264966.0,225818.0,168.0
45.39425940291785,105419.0,264946.0,225827.0,168.0
45.39926428267561,105404.0,264976.0,225834.0,168.0
45.40426916243337,105380.0,264943.0,225808.0,168.0
45.409274042191136,105382.0,264958.0,225827.0,168.0
45.4142789219489,105417.0,264965.0,225812.0,168.0
45.41928380170666,105415.0,264959.0,225829.0,168.0
45.424288681464425,105430.0,264953.0,225818.0,168.0
45.42929356122219,105422.0,264974.0,225839.0,168.0
45.43429844097995,105427.0,264953.0,225832.0,168.0
45.439303320737714,105440.0,264936.0,225828.0,168.0
45.444308200495485,105434.0,264968.0,225839.0,168.0
45.44931308025325,105414.0,264938.0,225848.0,168.0
45.45431796001101,105452.0,264949.0,225830.0,168.0
45.459322839768774,105425.0,264949.0,225831.0,168.0
45.46432771952654,105441.0,264969.0,225822.0,168.0
45.4693325992843,105434.0,264977.0,225837.0,168.0
45.47433747904206,105425.0,264977.0,225848.0,168.0
45.479342358799826,105398.0,264957.0,225822.0,168.0
45.48434723855759,105366.0,264963.0,225816.0,168.0
45.48935211831535,105376.0,264952.0,225778.0,168.0
45.49435699807312,105327.0,264916.0,225762.0,168.0
45.499361877830886,105317.0,264944.0,225739.0,168.0
45.50436675758865,105265.0,264919.0,225699.0,168.0
45.50937163734641,105272.0,264916.0,225687.0,168.0
45.514376517104175,105214.0,264916.0,225673.0,168.0
45.51938139686194,105193.0,264926.0,225652.0,168.0
45.5243862766197,105167.0,264917.0,225641.0,168.0
45.529391156377464,105141.0,264899.0,225616.0,168.0
45.53439603613523,105099.0,264891.0,225596.0,168.0
45.539400915893,105059.0,264915.0,225588.0,168.0
45.54440579565076,105031.0,264879.0,225606.0,168.0
45.549410675408524,105014.0,264883.0,225587.0,168.0
45.55441555516629,105005.0,264903.0,225586.0,168.0
45.55942043492405,104998.0,264910.0,225590.0,168.0
45.56442531468181,104955.0,264891.0,225586.0,168.0
45.569430194439576,104977.0,264882.0,225602.0,168.0
45.57443507419734,104945.0,264868.0,225596.0,168.0
45.5794399539551,104948.0,264895.0,225573.0,168.0
45.584444833712865,104937.0,264883.0,225572.0,168.0
45.589449713470636,104936.0,264907.0,225573.0,168.0
45.5944545932284,104928.0,264889.0,225595.0,168.0
45.59945947298616,104922.0,264874.0,225564.0,168.0
45.604464352743925,104945.0,264883.0,225574.0,168.0
45.60946923250169,104954.0,264889.0,225584.0,168.0
45.61447411225945,104935.0,264895.0,225554.0,168.0
45.619478992017214,104909.0,264908.0,225594.0,168.0
45.62448387177498,104919.0,264902.0,225595.0,168.0
45.62948875153274,104934.0,264886.0,225577.0,168.0
45.6344936312905,104926.0,264902.0,225586.0,168.0
45.639498511048274,104927.0,264898.0,225602.0,168.0
45.64450339080604,104928.0,264897.0,225593.0,168.0
45.6495082705638,104952.0,264894.0,225607.0,168.0
45.65451315032156,104947.0,264909.0,225595.0,168.0
45.659518030079326,104949.0,264909.0,225619.0,168.0
45.66452290983709,104953.0,264911.0,225609.0,168.0
45.66952778959485,104973.0,264928.0,225612.0,168.0
45.674532669352615,104980.0,264919.0,225620.0,168.0
45.67953754911038,104974.0,264902.0,225623.0,168.0
45.68454242886814,104973.0,264917.0,225634.0,168.0
45.68954730862591,104987.0,264935.0,225627.0,168.0
45.694552188383675,104985.0,264922.0,225643.0,168.0
45.69955706814144,105010.0,264925.0,225649.0,168.0
45.7045619478992,105006.0,264902.0,225648.0,168.0
45.709566827656964,105013.0,264913.0,225642.0,168.0
45.71457170741473,105013.0,264925.0,225646.0,168.0
45.71957658717249,105046.0,264929.0,225663.0,168.0
45.72458146693025,105065.0,264903.0,225668.0,168.0
45.729586346688016,105081.0,264923.0,225669.0,168.0
45.73459122644579,105065.0,264932.0,225680.0,168.0
45.73959610620355,105079.0,264936.0,225683.0,168.0
45.74460098596131,105100.0,264944.0,225669.0,168.0
45.749605865719076,105081.0,264925.0,225677.0,168.0
45.75461074547684,105104.0,264911.0,225679.0,168.0
45.7596156252346,105099.0,264917.0,225688.0,168.0
45.764620504992365,105098.0,264918.0,225678.0,168.0
45.76962538475013,105094.0,264922.0,225675.0,168.0
45.77463026450789,105084.0,264907.0,225660.0,168.0
45.779635144265654,105096.0,264924.0,225660.0,168.0
45.784640024023425,105061.0,264901.0,225656.0,168.0
45.78964490378119,105097.0,264928.0,225690.0,168.0
45.79464978353895,105086.0,264925.0,225677.0,168.0
45.799654663296714,105096.0,264912.0,225663.0,168.0
45.80465954305448,105099.0,264921.0,225686.0,168.0
45.80966442281224,105106.0,264938.0,225668.0,168.0
45.81466930257,105119.0,264923.0,225687.0,168.0
45.819674182327766,105099.0,264930.0,225676.0,168.0
45.82467906208553,105105.0,264936.0,225685.0,168.0
45.82968394184329,105082.0,264935.0,225685.0,168.0
45.83468882160106,105119.0,264937.0,225684.0,168.0
45.839693701358826,105115.0,264916.0,225671.0,168.0
45.84469858111659,105139.0,264935.0,225692.0,168.0
45.84970346087435,105109.0,264931.0,225676.0,168.0
45.854708340632115,105126.0,264940.0,225702.0,168.0
45.85971322038988,105117.0,264947.0,225682.0,168.0
45.86471810014764,105144.0,264911.0,225691.0,168.0
45.869722979905404,105160.0,264941.0,225699.0,168.0
45.87472785966317,105123.0,264928.0,225718.0,168.0
45.87973273942093,105149.0,264933.0,225705.0,168.0
45.8847376191787,105134.0,264941.0,225722.0,168.0
45.889742498936464,105162.0,264932.0,225709.0,168.0
45.89474737869423,105185.0,264919.0,225710.0,168.0
45.89975225845199,105150.0,264947.0,225686.0,168.0
45.90475713820975,105183.0,264918.0,225717.0,168.0
45.909762017967516,105187.0,264964.0,225710.0,168.0
45.91476689772528,105206.0,264960.0,225721.0,168.0
45.91977177748304,105214.0,264965.0,225726.0,168.0
45.924776657240805,105215.0,264950.0,225736.0,168.0
45.929781536998576,105194.0,264963.0,225757.0,168.0
45.93478641675634,105209.0,264941.0,225731.0,168.0
45.9397912965141,105205.0,264975.0,225741.0,168.0
45.944796176271865,105222.0,264970.0,225758.0,168.0
45.94980105602963,105231.0,264950.0,225739.0,168.0
45.95480593578739,105256.0,264987.0,225762.0,168.0
45.959810815545154,105233.0,264986.0,225770.0,168.0
45.96481569530292,105226.0,264963.0,225769.0,168.0
45.96982057506068,105239.0,264951.0,225752.0,168.0
45.97482545481844,105265.0,265001.0,225754.0,168.0
45.979830334576214,105283.0,264928.0,225769.0,168.0
45.98483521433398,105255.0,264959.0,225758.0,168.0
45.98984009409174,105264.0,264969.0,225786.0,168.0
45.9948449738495,105269.0,264955.0,225765.0,168.0
45.999849853607266,105263.0,264948.0,225758.0,168.0
46.00485473336503,105253.0,264967.0,225777.0,168.0
46.00985961312279,105265.0,264968.0,225769.0,168.0
46.014864492880555,105275.0,264982.0,225794.0,168.0
46.01986937263832,105325.0,264962.0,225805.0,168.0
46.02487425239608,105302.0,264950.0,225812.0,168.0
46.02987913215385,105281.0,264946.0,225780.0,168.0
46.034884011911615,105273.0,264958.0,225781.0,168.0
46.03988889166938,105297.0,264980.0,225801.0,168.0
46.04489377142714,105309.0,264979.0,225802.0,168.0
46.049898651184904,105341.0,264978.0,225807.0,168.0
46.05490353094267,105325.0,264973.0,225790.0,168.0
46.05990841070043,105347.0,264985.0,225804.0,168.0
46.06491329045819,105338.0,264966.0,225830.0,168.0
46.069918170215956,105327.0,264961.0,225803.0,168.0
46.07492304997372,105348.0,264990.0,225809.0,168.0
46.07992792973149,105326.0,264986.0,225814.0,168.0
46.08493280948925,105343.0,264960.0,225826.0,168.0
46.089937689247016,105368.0,264978.0,225817.0,168.0
46.09494256900478,105363.0,264970.0,225834.0,168.0
46.09994744876254,105374.0,264948.0,225813.0,168.0
46.104952328520305,105360.0,264974.0,225825.0,168.0
46.10995720827807,105366.0,264973.0,225827.0,168.0
46.11496208803583,105404.0,264974.0,225827.0,168.0
46.119966967793594,105422.0,264981.0,225849.0,168.0
46.12497184755136,105426.0,264972.0,225857.0,168.0
46.12997672730913,105427.0,265004.0,225844.0,168.0
46.13498160706689,105384.0,265000.0,225835.0,168.0
46.139986486824654,105410.0,264977.0,225841.0,168.0
46.14499136658242,105393.0,265003.0,225846.0,168.0
46.14999624634018,105402.0,264999.0,225848.0,168.0
46.15500112609794,105410.0,264982.0,225869.0,168.0
46.160006005855706,105417.0,265017.0,225848.0,168.0
46.16501088561347,105446.0,265002.0,225865.0,168.0
46.17001576537123,105422.0,265002.0,225853.0,168.0
46.175020645129,105407.0,265005.0,225864.0,168.0
46.180025524886766,105435.0,265005.0,225873.0,168.0
46.18503040464453,105451.0,264992.0,225866.0,168.0
46.19003528440229,105432.0,264977.0,225872.0,168.0
46.195040164160055,105469.0,264996.0,225895.0,168.0
46.20004504391782,105458.0,264975.0,225861.0,168.0
46.20504992367558,105441.0,264997.0,225860.0,168.0
46.210054803433344,105411.0,264968.0,225893.0,168.0
46.21505968319111,105398.0,265008.0,225861.0,168.0
46.22006456294887,105436.0,264971.0,225853.0,168.0
46.22506944270664,105404.0,264996.0,225843.0,168.0
46.230074322464404,105339.0,264967.0,225801.0,168.0
46.23507920222217,105355.0,264970.0,225796.0,168.0
46.24008408197993,105344.0,264974.0,225791.0,168.0
46.24508896173769,105345.0,264969.0,225763.0,168.0
46.250093841495456,105288.0,264968.0,225741.0,168.0
46.25509872125322,105288.0,264970.0,225729.0,168.0
46.26010360101098,105251.0,264954.0,225706.0,168.0
46.265108480768745,105185.0,264949.0,225686.0,168.0
46.27011336052651,105176.0,264934.0,225691.0,168.0
46.27511824028428,105144.0,264956.0,225679.0,168.0
46.28012312004204,105136.0,264921.0,225674.0,168.0
46.285127999799805,105108.0,264933.0,225648.0,168.0
46.29013287955757,105079.0,264925.0,225634.0,168.0
46.29513775931533,105057.0,264935.0,225635.0,168.0
46.300142639073094,105029.0,264946.0,225634.0,168.0
46.30514751883086,105048.0,264924.0,225664.0,168.0
46.31015239858862,105002.0,264937.0,225638.0,168.0
46.31515727834638,104987.0,264914.0,225629.0,168.0
46.32016215810415,104988.0,264945.0,225646.0,168.0
46.32516703786192,104988.0,264909.0,225627.0,168.0
46.33017191761968,104988.0,264933.0,225642.0,168.0
46.33517679737744,105035.0,264923.0,225657.0,168.0
46.340181677135206,105007.0,264924.0,225662.0,168.0
46.34518655689297,104996.0,264937.0,225662.0,168.0
46.35019143665073,104985.0,264941.0,225640.0,168.0
46.355196316408495,104994.0,264941.0,225657.0,168.0
46.36020119616626,104999.0,264942.0,225657.0,168.0
46.36520607592402,105017.0,264940.0,225662.0,168.0
46.37021095568179,104994.0,264917.0,225615.0,168.0
46.375215835439555,105036.0,264933.0,225652.0,168.0
46.38022071519732,105026.0,264950.0,225656.0,168.0
46.38522559495508,105017.0,264945.0,225652.0,168.0
46.390230474712844,105010.0,264930.0,225656.0,168.0
46.39523535447061,105018.0,264942.0,225686.0,168.0
46.40024023422837,105004.0,264940.0,225662.0,168.0
46.40524511398613,105010.0,264941.0,225658.0,168.0
46.410249993743896,105038.0,264961.0,225666.0,168.0
46.41525487350166,105019.0,264938.0,225648.0,168.0
46.42025975325943,105056.0,264965.0,225670.0,168.0
46.42526463301719,105057.0,264954.0,225684.0,168.0
46.430269512774956,105057.0,264962.0,225680.0,168.0
46.43527439253272,105034.0,264949.0,225672.0,168.0
46.44027927229048,105083.0,264975.0,225706.0,168.0
46.445284152048245,105109.0,264952.0,225702.0,168.0
46.45028903180601,105089.0,264950.0,225678.0,168.0
46.45529391156377,105103.0,264946.0,225678.0,168.0
46.460298791321534,105120.0,264977.0,225710.0,168.0
46.4653036710793,105131.0,264952.0,225703.0,168.0
46.47030855083707,105114.0,264961.0,225717.0,168.0
46.47531343059483,105118.0,264963.0,225713.0,168.0
46.480318310352594,105140.0,264977.0,225727.0,168.0
46.48532319011036,105155.0,264949.0,225725.0,168.0
46.49032806986812,105159.0,264951.0,225723.0,168.0
46.49533294962588,105171.0,264987.0,225732.0,168.0
46.500337829383646,105170.0,264984.0,225721.0,168.0
46.50534270914141,105176.0,264962.0,225741.0,168.0
46.51034758889917,105143.0,264963.0,225735.0,168.0
46.515352468656936,105181.0,264945.0,225723.0,168.0
46.520357348414706,105170.0,264964.0,225720.0,168.0
46.52536222817247,105176.0,264957.0,225739.0,168.0
46.53036710793023,105156.0,264951.0,225747.0,168.0
46.535371987687995,105186.0,264980.0,225745.0,168.0
46.54037686744576,105193.0,264973.0,225730.0,168.0
46.54538174720352,105183.0,264981.0,225758.0,168.0
46.550386626961284,105185.0,264964.0,225743.0,168.0
46.55539150671905,105181.0,264965.0,225755.0,168.0
46.56039638647681,105170.0,264982.0,225748.0,168.0
46.56540126623458,105148.0,264966.0,225725.0,168.0
46.570406145992344,105178.0,264946.0,225737.0,168.0
46.57541102575011,105155.0,264971.0,225747.0,168.0
46.58041590550787,105171.0,264977.0,225748.0,168.0
46.58542078526563,105183.0,264958.0,225733.0,168.0
46.590425665023396,105182.0,264949.0,225748.0,168.0
46.59543054478116,105186.0,264968.0,225739.0,168.0
46.60043542453892,105187.0,264982.0,225734.0,168.0
46.605440304296685,105203.0,264980.0,225735.0,168.0
46.61044518405445,105191.0,264955.0,225746.0,168.0
46.61545006381222,105239.0,264969.0,225765.0,168.0
46.62045494356998,105233.0,264980.0,225761.0,168.0
46.625459823327745,105235.0,264981.0,225752.0,168.0
46.63046470308551,105212.0,264958.0,225763.0,168.0
46.63546958284327,105231.0,264966.0,225763.0,168.0
46.640474462601034,105241.0,264959.0,225763.0,168.0
46.6454793423588,105248.0,264988.0,225779.0,168.0
46.65048422211656,105223.0,264981.0,225777.0,168.0
46.65548910187432,105261.0,264989.0,225763.0,168.0
46.66049398163209,105279.0,264970.0,225789.0,168.0
46.66549886138986,105256.0,264983.0,225800.0,168.0
46.67050374114762,105248.0,264983.0,225779.0,168.0
46.67550862090538,105292.0,264971.0,225784.0,168.0
46.680513500663146,105248.0,264971.0,225800.0,168.0
46.68551838042091,105259.0,264986.0,225808.0,168.0
46.69052326017867,105295.0,264967.0,225806.0,168.0
46.695528139936435,105295.0,264964.0,225810.0,168.0
46.7005330196942,105298.0,264963.0,225818.0,168.0
46.70553789945196,105326.0,264984.0,225808.0,168.0
46.710542779209725,105294.0,264985.0,225837.0,168.0
46.715547658967495,105313.0,264970.0,225825.0,168.0
46.72055253872526,105333.0,264974.0,225810.0,168.0
46.72555741848302,105310.0,264984.0,225826.0,168.0
46.730562298240784,105314.0,264981.0,225822.0,168.0
46.73556717799855,105337.0,264979.0,225836.0,168.0
46.74057205775631,105320.0,264972.0,225810.0,168.0
46.74557693751407,105329.0,264979.0,225815.0,168.0
46.750581817271836,105339.0,264985.0,225801.0,168.0
46.7555866970296,105357.0,264977.0,225813.0,168.0
46.76059157678736,105341.0,264974.0,225815.0,168.0
46.76559645654513,105354.0,264986.0,225832.0,168.0
46.770601336302896,105349.0,264944.0,225802.0,168.0
46.77560621606066,105328.0,264979.0,225834.0,168.0
46.78061109581842,105371.0,264992.0,225835.0,168.0
46.785615975576185,105377.0,264981.0,225829.0,168.0
46.79062085533395,105365.0,264959.0,225807.0,168.0
46.79562573509171,105365.0,264968.0,225837.0,168.0
46.800630614849474,105369.0,264973.0,225841.0,168.0
46.80563549460724,105393.0,265000.0,225834.0,168.0
46.81064037436501,105356.0,264978.0,225856.0,168.0
46.81564525412277,105390.0,264967.0,225857.0,168.0
46.820650133880534,105382.0,264965.0,225846.0,168.0
46.8256550136383,105422.0,264966.0,225863.0,168.0
46.83065989339606,105393.0,264993.0,225852.0,168.0
46.83566477315382,105364.0,264985.0,225837.0,168.0
46.840669652911586,105426.0,264955.0,225884.0,168.0
46.84567453266935,105415.0,264981.0,225876.0,168.0
46.85067941242711,105435.0,264981.0,225854.0,168.0
46.855684292184876,105408.0,264990.0,225873.0,168.0
46.860689171942646,105442.0,264989.0,225871.0,168.0
46.86569405170041,105417.0,264983.0,225870.0,168.0
46.87069893145817,105455.0,264999.0,225854.0,168.0
46.875703811215935,105438.0,264991.0,225866.0,168.0
46.8807086909737,105456.0,265013.0,225881.0,168.0
46.88571357073146,105422.0,264971.0,225883.0,168.0
46.890718450489224,105465.0,264969.0,225857.0,168.0
46.89572333024699,105440.0,264981.0,225861.0,168.0
46.90072821000475,105412.0,264993.0,225885.0,168.0
46.90573308976251,105441.0,264996.0,225864.0,168.0
46.910737969520284,105474.0,265003.0,225873.0,168.0
46.91574284927805,105475.0,264974.0,225895.0,168.0
46.92074772903581,105489.0,264995.0,225871.0,168.0
46.92575260879357,105477.0,264968.0,225889.0,168.0
46.930757488551336,105487.0,264996.0,225900.0,168.0
46.9357623683091,105464.0,265013.0,225900.0,168.0
46.94076724806686,105467.0,264982.0,225904.0,168.0
46.945772127824625,105476.0,265006.0,225890.0,168.0
46.95077700758239,105476.0,265009.0,225909.0,168.0
46.95578188734015,105454.0,264975.0,225880.0,168.0
46.96078676709792,105441.0,264984.0,225881.0,168.0
46.965791646855685,105434.0,264974.0,225878.0,168.0
46.97079652661345,105390.0,264972.0,225842.0,168.0
46.97580140637121,105380.0,264955.0,225850.0,168.0
46.980806286128974,105353.0,264962.0,225788.0,168.0
46.98581116588674,105354.0,264925.0,225792.0,168.0
46.9908160456445,105272.0,264940.0,225788.0,168.0
46.99582092540226,105306.0,264940.0,225777.0,168.0
47.00082580516003,105281.0,264912.0,225760.0,168.0
47.0058306849178,105216.0,264899.0,225736.0,168.0
47.01083556467556,105188.0,264894.0,225711.0,168.0
47.01584044443332,105182.0,264915.0,225703.0,168.0
47.020845324191086,105165.0,264898.0,225698.0,168.0
47.02585020394885,105116.0,264907.0,225673.0,168.0
47.03085508370661,105082.0,264916.0,225658.0,168.0
47.035859963464375,105082.0,264861.0,225650.0,168.0
47.04086484322214,105063.0,264873.0,225652.0,168.0
47.0458697229799,105062.0,264878.0,225663.0,168.0
47.050874602737665,105050.0,264875.0,225658.0,168.0
47.055879482495435,105011.0,264883.0,225659.0,168.0
47.0608843622532,105043.0,264892.0,225673.0,168.0
47.06588924201096,105030.0,264909.0,225673.0,168.0
47.070894121768724,105030.0,264885.0,225666.0,168.0
47.07589900152649,105033.0,264848.0,225668.0,168.0
47.08090388128425,105027.0,264886.0,225658.0,168.0
47.08590876104201,105046.0,264912.0,225672.0,168.0
47.090913640799776,105048.0,264887.0,225654.0,168.0
47.09591852055754,105040.0,264893.0,225662.0,168.0
47.1009234003153,105019.0,264887.0,225664.0,168.0
47.10592828007307,105016.0,264881.0,225683.0,168.0
47.110933159830836,105051.0,264903.0,225670.0,168.0
47.1159380395886,105035.0,264922.0,225673.0,168.0
47.12094291934636,105030.0,264907.0,225678.0,168.0
47.125947799104125,105035.0,264876.0,225698.0,168.0
47.13095267886189,105022.0,264907.0,225695.0,168.0
47.13595755861965,105011.0,264876.0,225699.0,168.0
47.140962438377414,105042.0,264896.0,225685.0,168.0
47.14596731813518,105034.0,264855.0,225675.0,168.0
47.15097219789294,105054.0,264876.0,225720.0,168.0
47.15597707765071,105065.0,264877.0,225685.0,168.0
47.160981957408474,105039.0,264899.0,225693.0,168.0
47.16598683716624,105081.0,264893.0,225705.0,168.0
47.170991716924,105105.0,264869.0,225696.0,168.0
47.17599659668176,105095.0,264874.0,225705.0,168.0
47.181001476439526,105118.0,264906.0,225698.0,168.0
47.18600635619729,105079.0,264883.0,225691.0,168.0
47.19101123595505,105121.0,264874.0,225722.0,168.0
47.196016115712816,105107.0,264908.0,225737.0,168.0
47.201020995470586,105153.0,264901.0,225747.0,168.0
47.20602587522835,105154.0,264921.0,225743.0,168.0
47.21103075498611,105142.0,264916.0,225735.0,168.0
47.216035634743875,105157.0,264932.0,225750.0,168.0
47.22104051450164,105167.0,264906.0,225751.0,168.0
47.2260453942594,105172.0,264931.0,225753.0,168.0
47.231050274017164,105176.0,264916.0,225759.0,168.0
47.23605515377493,105185.0,264931.0,225744.0,168.0
47.24106003353269,105171.0,264933.0,225787.0,168.0
47.24606491329045,105194.0,264911.0,225750.0,168.0
47.251069793048224,105161.0,264927.0,225746.0,168.0
47.25607467280599,105172.0,264902.0,225750.0,168.0
47.26107955256375,105175.0,264907.0,225752.0,168.0
47.26608443232151,105195.0,264888.0,225766.0,168.0
47.271089312079276,105178.0,264913.0,225737.0,168.0
47.27609419183704,105171.0,264910.0,225751.0,168.0
47.2810990715948,105184.0,264910.0,225754.0,168.0
47.286103951352565,105165.0,264902.0,225757.0,168.0
47.29110883111033,105169.0,264906.0,225767.0,168.0
47.29611371086809,105186.0,264883.0,225751.0,168.0
47.30111859062586,105163.0,264891.0,225753.0,168.0
47.306123470383625,105198.0,264904.0,225752.0,168.0
47.31112835014139,105181.0,264918.0,225749.0,168.0
47.31613322989915,105195.0,264892.0,225751.0,168.0
47.321138109656914,105186.0,264875.0,225760.0,168.0
47.32614298941468,105213.0,264894.0,225768.0,168.0
47.33114786917244,105215.0,264886.0,225772.0,168.0
47.3361527489302,105216.0,264892.0,225765.0,168.0
47.34115762868797,105191.0,264904.0,225780.0,168.0
47.34616250844573,105226.0,264880.0,225778.0,168.0
47.3511673882035,105230.0,264907.0,225782.0,168.0
47.35617226796126,105199.0,264891.0,225771.0,168.0
47.361177147719026,105220.0,264876.0,225767.0,168.0
47.36618202747679,105216.0,264887.0,225787.0,168.0
47.37118690723455,105215.0,264895.0,225761.0,168.0
47.376191786992315,105243.0,264877.0,225762.0,168.0
47.38119666675008,105226.0,264900.0,225786.0,168.0
47.38620154650784,105250.0,264900.0,225786.0,168.0
47.391206426265605,105213.0,264890.0,225793.0,168.0
47.39621130602337,105272.0,264918.0,225773.0,168.0
47.40121618578114,105274.0,264906.0,225796.0,168.0
47.4062210655389,105268.0,264872.0,225781.0,168.0
47.411225945296664,105270.0,264889.0,225796.0,168.0
47.41623082505443,105281.0,264867.0,225803.0,168.0
47.42123570481219,105257.0,264921.0,225811.0,168.0
47.42624058456995,105286.0,264875.0,225802.0,168.0
47.431245464327716,105299.0,264897.0,225817.0,168.0
47.43625034408548,105274.0,264904.0,225813.0,168.0
47.44125522384324,105298.0,264915.0,225820.0,168.0
47.44626010360101,105288.0,264896.0,225820.0,168.0
47.451264983358776,105287.0,264896.0,225836.0,168.0
47.45626986311654,105293.0,264917.0,225826.0,168.0
47.4612747428743,105299.0,264899.0,225835.0,168.0
47.466279622632065,105303.0,264883.0,225809.0,168.0
47.47128450238983,105295.0,264891.0,225828.0,168.0
47.47628938214759,105273.0,264885.0,225851.0,168.0
47.481294261905354,105346.0,264882.0,225825.0,168.0
47.48629914166312,105322.0,264897.0,225828.0,168.0
47.49130402142088,105315.0,264861.0,225842.0,168.0
47.49630890117865,105352.0,264886.0,225850.0,168.0
47.501313780936414,105351.0,264906.0,225843.0,168.0
47.50631866069418,105342.0,264923.0,225835.0,168.0
47.51132354045194,105339.0,264895.0,225835.0,168.0
47.5163284202097,105350.0,264915.0,225856.0,168.0
47.521333299967466,105357.0,264917.0,225853.0,168.0
47.52633817972523,105386.0,264915.0,225863.0,168.0
47.53134305948299,105365.0,264905.0,225877.0,168.0
47.536347939240756,105364.0,264920.0,225842.0,168.0
47.54135281899852,105379.0,264899.0,225856.0,168.0
47.54635769875629,105362.0,264907.0,225851.0,168.0
47.55136257851405,105383.0,264934.0,225870.0,168.0
47.556367458271815,105363.0,264899.0,225868.0,168.0
47.56137233802958,105391.0,264919.0,225888.0,168.0
47.56637721778734,105394.0,264908.0,225874.0,168.0
47.571382097545104,105400.0,264918.0,225867.0,168.0
47.57638697730287,105393.0,264892.0,225880.0,168.0
47.58139185706063,105396.0,264937.0,225879.0,168.0
47.58639673681839,105434.0,264908.0,225893.0,168.0
47.59140161657616,105429.0,264908.0,225876.0,168.0
47.59640649633393,105420.0,264908.0,225876.0,168.0
47.60141137609169,105443.0,264903.0,225884.0,168.0
47.60641625584945,105437.0,264919.0,225890.0,168.0
47.611421135607216,105414.0,264883.0,225899.0,168.0
47.61642601536498,105430.0,264924.0,225880.0,168.0
47.62143089512274,105431.0,264898.0,225896.0,168.0
47.626435774880505,105455.0,264900.0,225880.0,168.0
47.63144065463827,105454.0,264929.0,225901.0,168.0
47.63644553439603,105409.0,264928.0,225920.0,168.0
47.6414504141538,105456.0,264910.0,225897.0,168.0
47.646455293911565,105442.0,264911.0,225895.0,168.0
47.65146017366933,105450.0,264893.0,225912.0,168.0
47.65646505342709,105455.0,264915.0,225917.0,168.0
47.661469933184854,105471.0,264917.0,225891.0,168.0
47.66647481294262,105463.0,264941.0,225926.0,168.0
47.67147969270038,105432.0,264911.0,225908.0,168.0
47.67648457245814,105436.0,264907.0,225893.0,168.0
47.68148945221591,105408.0,264918.0,225899.0,168.0
47.68649433197367,105400.0,264878.0,225882.0,168.0
47.69149921173144,105423.0,264895.0,225872.0,168.0
47.6965040914892,105345.0,264905.0,225837.0,168.0
47.701508971246966,105375.0,264915.0,225846.0,168.0
47.70651385100473,105347.0,264893.0,225805.0,168.0
47.71151873076249,105323.0,264888.0,225790.0,168.0
47.716523610520255,105295.0,264885.0,225777.0,168.0
47.72152849027802,105288.0,264889.0,225784.0,168.0
47.72653337003578,105257.0,264891.0,225740.0,168.0
47.731538249793545,105239.0,264903.0,225741.0,168.0
47.73654312955131,105204.0,264872.0,225746.0,168.0
47.74154800930908,105184.0,264868.0,225720.0,168.0
47.74655288906684,105167.0,264868.0,225714.0,168.0
47.751557768824604,105158.0,264851.0,225693.0,168.0
47.75656264858237,105108.0,264864.0,225715.0,168.0
47.76156752834013,105134.0,264868.0,225700.0,168.0
47.76657240809789,105102.0,264867.0,225702.0,168.0
47.771577287855656,105097.0,264865.0,225693.0,168.0
47.77658216761342,105092.0,264872.0,225695.0,168.0
47.78158704737118,105106.0,264854.0,225708.0,168.0
47.786591927128946,105080.0,264874.0,225706.0,168.0
47.791596806886716,105077.0,264891.0,225702.0,168.0
47.79660168664448,105087.0,264872.0,225699.0,168.0
47.80160656640224,105087.0,264876.0,225720.0,168.0
47.806611446160005,105100.0,264880.0,225701.0,168.0
47.81161632591777,105096.0,264895.0,225713.0,168.0
47.81662120567553,105070.0,264904.0,225711.0,168.0
47.821626085433294,105088.0,264903.0,225709.0,168.0
47.82663096519106,105076.0,264885.0,225690.0,168.0
47.83163584494882,105119.0,264871.0,225727.0,168.0
47.83664072470659,105110.0,264888.0,225730.0,168.0
47.841645604464354,105103.0,264887.0,225731.0,168.0
47.84665048422212,105115.0,264887.0,225724.0,168.0
47.85165536397988,105103.0,264899.0,225718.0,168.0
47.85666024373764,105131.0,264865.0,225742.0,168.0
47.861665123495406,105126.0,264906.0,225744.0,168.0
47.86667000325317,105131.0,264900.0,225755.0,168.0
47.87167488301093,105135.0,264892.0,225733.0,168.0
47.876679762768696,105168.0,264898.0,225741.0,168.0
47.88168464252646,105168.0,264908.0,225756.0,168.0
47.88668952228423,105164.0,264914.0,225763.0,168.0
47.89169440204199,105207.0,264906.0,225778.0,168.0
47.896699281799755,105192.0,264903.0,225777.0,168.0
47.90170416155752,105226.0,264937.0,225793.0,168.0
47.90670904131528,105212.0,264950.0,225788.0,168.0
47.911713921073044,105237.0,264920.0,225797.0,168.0
47.91671880083081,105248.0,264952.0,225809.0,168.0
47.92172368058857,105258.0,264943.0,225810.0,168.0
47.92672856034633,105270.0,264927.0,225789.0,168.0
47.9317334401041,105278.0,264953.0,225812.0,168.0
47.93673831986187,105287.0,264955.0,225826.0,168.0
47.94174319961963,105283.0,264951.0,225805.0,168.0
47.94674807937739,105304.0,264964.0,225823.0,168.0
47.951752959135156,105309.0,264969.0,225824.0,168.0
47.95675783889292,105318.0,264960.0,225822.0,168.0
47.96176271865068,105311.0,264954.0,225805.0,168.0
47.966767598408445,105292.0,264955.0,225820.0,168.0
47.97177247816621,105310.0,264935.0,225839.0,168.0
47.97677735792397,105324.0,264948.0,225803.0,168.0
47.981782237681735,105295.0,264956.0,225810.0,168.0
47.986787117439505,105307.0,264944.0,225825.0,168.0
47.99179199719727,105317.0,264940.0,225818.0,168.0
47.99679687695503,105353.0,264954.0,225818.0,168.0
48.001801756712794,105348.0,264930.0,225821.0,168.0
48.00680663647056,105354.0,264929.0,225821.0,168.0
48.01181151622832,105338.0,264962.0,225812.0,168.0
48.01681639598608,105327.0,264963.0,225820.0,168.0
48.02182127574385,105328.0,264966.0,225816.0,168.0
48.02682615550161,105321.0,264958.0,225810.0,168.0
48.03183103525938,105318.0,264929.0,225815.0,168.0
48.03683591501714,105342.0,264965.0,225840.0,168.0
48.041840794774906,105330.0,264967.0,225852.0,168.0
48.04684567453267,105332.0,264968.0,225844.0,168.0
48.05185055429043,105330.0,264969.0,225836.0,168.0
48.056855434048195,105322.0,264960.0,225815.0,168.0
48.06186031380596,105337.0,264960.0,225841.0,168.0
48.06686519356372,105364.0,264940.0,225830.0,168.0
48.071870073321485,105374.0,264968.0,225818.0,168.0
48.07687495307925,105325.0,264939.0,225839.0,168.0
48.08187983283702,105375.0,264960.0,225847.0,168.0
48.08688471259478,105368.0,264986.0,225855.0,168.0
48.091889592352544,105373.0,264962.0,225841.0,168.0
48.09689447211031,105370.0,264994.0,225835.0,168.0
48.10189935186807,105400.0,264974.0,225844.0,168.0
48.10690423162583,105378.0,264984.0,225849.0,168.0
48.111909111383596,105420.0,264978.0,225861.0,168.0
48.11691399114136,105412.0,264997.0,225861.0,168.0
48.12191887089912,105418.0,265006.0,225860.0,168.0
48.126923750656886,105412.0,264996.0,225868.0,168.0
48.131928630414656,105436.0,264997.0,225879.0,168.0
48.13693351017242,105446.0,264993.0,225859.0,168.0
48.14193838993018,105452.0,264980.0,225880.0,168.0
48.146943269687945,105437.0,265006.0,225862.0,168.0
48.15194814944571,105429.0,264972.0,225886.0,168.0
48.15695302920347,105441.0,265007.0,225880.0,168.0
48.161957908961234,105457.0,264995.0,225878.0,168.0
48.166962788719,105497.0,264996.0,225890.0,168.0
48.17196766847676,105482.0,265004.0,225903.0,168.0
48.176972548234524,105487.0,265008.0,225906.0,168.0
48.181977427992294,105496.0,264999.0,225928.0,168.0
48.18698230775006,105459.0,264984.0,225914.0,168.0
48.19198718750782,105471.0,264974.0,225917.0,168.0
48.19699206726558,105494.0,264988.0,225913.0,168.0
48.201996947023346,105488.0,264991.0,225890.0,168.0
48.20700182678111,105508.0,264984.0,225928.0,168.0
48.21200670653887,105494.0,264995.0,225914.0,168.0
48.217011586296636,105522.0,264979.0,225919.0,168.0
48.2220164660544,105541.0,265005.0,225925.0,168.0
48.22702134581216,105538.0,265011.0,225917.0,168.0
48.23202622556993,105536.0,264995.0,225926.0,168.0
48.237031105327695,105549.0,264996.0,225949.0,168.0
48.24203598508546,105553.0,265009.0,225927.0,168.0
48.24704086484322,105552.0,265003.0,225943.0,168.0
48.252045744600984,105523.0,264997.0,225946.0,168.0
48.25705062435875,105559.0,265016.0,225949.0,168.0
48.26205550411651,105553.0,265002.0,225927.0,168.0
48.267060383874274,105561.0,265029.0,225929.0,168.0
48.27206526363204,105566.0,265024.0,225943.0,168.0
48.27707014338981,105568.0,264995.0,225934.0,168.0
48.28207502314757,105554.0,265012.0,225954.0,168.0
48.28707990290533,105580.0,265018.0,225944.0,168.0
48.292084782663096,105569.0,265005.0,225959.0,168.0
48.29708966242086,105559.0,264997.0,225949.0,168.0
48.30209454217862,105579.0,265045.0,225951.0,168.0
48.307099421936385,105593.0,265029.0,225966.0,168.0
48.31210430169415,105579.0,265010.0,225966.0,168.0
48.31710918145191,105587.0,264991.0,225941.0,168.0
48.322114061209675,105570.0,265037.0,225991.0,168.0
48.327118940967445,105584.0,264972.0,225971.0,168.0
48.33212382072521,105626.0,265023.0,225969.0,168.0
48.33712870048297,105630.0,265005.0,225979.0,168.0
48.342133580240734,105606.0,265031.0,225968.0,168.0
48.3471384599985,105601.0,265027.0,225971.0,168.0
48.35214333975626,105629.0,265032.0,225978.0,168.0
48.35714821951402,105598.0,264993.0,225974.0,168.0
48.36215309927179,105603.0,265028.0,225968.0,168.0
48.36715797902955,105592.0,264996.0,225990.0,168.0
48.37216285878731,105578.0,265006.0,225952.0,168.0
48.37716773854508,105580.0,265026.0,225955.0,168.0
48.382172618302846,105554.0,264971.0,225914.0,168.0
48.38717749806061,105550.0,265006.0,225917.0,168.0
48.39218237781837,105519.0,265031.0,225889.0,168.0
48.397187257576135,105507.0,264981.0,225873.0,168.0
48.4021921373339,105451.0,265019.0,225859.0,168.0
48.40719701709166,105416.0,264999.0,225858.0,168.0
48.412201896849425,105441.0,265004.0,225827.0,168.0
48.41720677660719,105423.0,264978.0,225805.0,168.0
48.42221165636495,105364.0,264991.0,225830.0,168.0
48.42721653612272,105372.0,264986.0,225798.0,168.0
48.432221415880484,105336.0,264979.0,225774.0,168.0
48.43722629563825,105291.0,264998.0,225767.0,168.0
48.44223117539601,105288.0,264977.0,225765.0,168.0
48.44723605515377,105260.0,264964.0,225764.0,168.0
48.452240934911536,105246.0,264953.0,225754.0,168.0
48.4572458146693,105217.0,264956.0,225756.0,168.0
48.46225069442706,105199.0,264969.0,225758.0,168.0
48.467255574184826,105200.0,264964.0,225776.0,168.0
48.472260453942596,105182.0,264976.0,225775.0,168.0
48.47726533370036,105211.0,264960.0,225760.0,168.0
48.48227021345812,105179.0,264971.0,225773.0,168.0
48.487275093215885,105197.0,264961.0,225766.0,168.0
48.49227997297365,105191.0,264965.0,225736.0,168.0
48.49728485273141,105174.0,264968.0,225771.0,168.0
48.502289732489174,105181.0,264966.0,225790.0,168.0
48.50729461224694,105203.0,264987.0,225784.0,168.0
48.5122994920047,105185.0,264956.0,225763.0,168.0
48.517304371762464,105186.0,264970.0,225770.0,168.0
48.522309251520234,105183.0,264996.0,225768.0,168.0
48.527314131278,105205.0,264955.0,225786.0,168.0
48.53231901103576,105195.0,264989.0,225778.0,168.0
48.53732389079352,105219.0,265015.0,225762.0,168.0
48.542328770551286,105208.0,264968.0,225766.0,168.0
48.54733365030905,105210.0,264974.0,225784.0,168.0
48.55233853006681,105203.0,264989.0,225781.0,168.0
48.557343409824576,105242.0,265009.0,225754.0,168.0
48.56234828958234,105225.0,264975.0,225776.0,168.0
48.5673531693401,105216.0,264997.0,225801.0,168.0
48.57235804909787,105251.0,265007.0,225785.0,168.0
48.577362928855635,105271.0,264996.0,225790.0,168.0
48.5823678086134,105262.0,265007.0,225815.0,168.0
48.58737268837116,105272.0,265026.0,225801.0,168.0
48.592377568128924,105256.0,264994.0,225834.0,168.0
48.59738244788669,105291.0,264991.0,225831.0,168.0
48.60238732764445,105282.0,265025.0,225833.0,168.0
48.607392207402214,105316.0,265028.0,225830.0,168.0
48.61239708715998,105329.0,265011.0,225866.0,168.0
48.61740196691774,105364.0,265039.0,225843.0,168.0
48.62240684667551,105342.0,265028.0,225878.0,168.0
48.62741172643327,105374.0,265027.0,225864.0,168.0
48.632416606191036,105362.0,265024.0,225870.0,168.0
48.6374214859488,105397.0,265040.0,225881.0,168.0
48.64242636570656,105373.0,265018.0,225879.0,168.0
48.647431245464325,105377.0,265007.0,225858.0,168.0
48.65243612522209,105375.0,265005.0,225858.0,168.0
48.65744100497985,105383.0,265001.0,225886.0,168.0
48.662445884737615,105376.0,265039.0,225872.0,168.0
48.667450764495385,105380.0,265016.0,225890.0,168.0
48.67245564425315,105356.0,265010.0,225879.0,168.0
48.67746052401091,105404.0,265031.0,225870.0,168.0
48.682465403768674,105388.0,265019.0,225867.0,168.0
48.68747028352644,105371.0,265017.0,225885.0,168.0
48.6924751632842,105363.0,264995.0,225888.0,168.0
48.69748004304196,105375.0,265000.0,225866.0,168.0
48.70248492279973,105358.0,264992.0,225871.0,168.0
48.70748980255749,105375.0,265006.0,225872.0,168.0
48.71249468231525,105376.0,265000.0,225869.0,168.0
48.71749956207302,105386.0,264996.0,225872.0,168.0
48.722504441830786,105386.0,265003.0,225864.0,168.0
48.72750932158855,105388.0,264981.0,225884.0,168.0
48.73251420134631,105373.0,265003.0,225866.0,168.0
48.737519081104075,105392.0,264991.0,225874.0,168.0
48.74252396086184,105406.0,264997.0,225888.0,168.0
48.7475288406196,105406.0,264990.0,225906.0,168.0
48.752533720377365,105370.0,264998.0,225874.0,168.0
48.75753860013513,105400.0,264991.0,225890.0,168.0
48.76254347989289,105408.0,265000.0,225893.0,168.0
48.76754835965066,105431.0,264992.0,225897.0,168.0
48.772553239408424,105407.0,265000.0,225900.0,168.0
48.77755811916619,105418.0,264995.0,225891.0,168.0
48.78256299892395,105410.0,264971.0,225902.0,168.0
48.78756787868171,105424.0,264976.0,225907.0,168.0
48.792572758439476,105397.0,264991.0,225909.0,168.0
48.79757763819724,105405.0,264994.0,225887.0,168.0
48.802582517955,105427.0,265001.0,225880.0,168.0
48.807587397712766,105405.0,264979.0,225916.0,168.0
48.81259227747053,105423.0,264969.0,225896.0,168.0
48.8175971572283,105434.0,265011.0,225908.0,168.0
48.82260203698606,105423.0,265005.0,225904.0,168.0
48.827606916743825,105434.0,264992.0,225915.0,168.0
48.83261179650159,105464.0,265001.0,225910.0,168.0
48.83761667625935,105449.0,265001.0,225917.0,168.0
48.842621556017114,105454.0,264987.0,225923.0,168.0
48.84762643577488,105463.0,264986.0,225899.0,168.0
48.85263131553264,105476.0,264998.0,225923.0,168.0
48.857636195290404,105474.0,264995.0,225937.0,168.0
48.86264107504817,105483.0,264994.0,225921.0,168.0
48.86764595480594,105493.0,265019.0,225949.0,168.0
48.8726508345637,105504.0,265014.0,225951.0,168.0
48.87765571432146,105478.0,264994.0,225931.0,168.0
48.882660594079226,105485.0,265025.0,225959.0,168.0
48.88766547383699,105474.0,264996.0,225937.0,168.0
48.89267035359475,105455.0,265024.0,225962.0,168.0
48.897675233352516,105460.0,264998.0,225951.0,168.0
48.90268011311028,105475.0,265020.0,225968.0,168.0
48.90768499286804,105453.0,265027.0,225974.0,168.0
48.91268987262581,105451.0,265011.0,225969.0,168.0
48.917694752383575,105434.0,265011.0,225939.0,168.0
48.92269963214134,105437.0,265003.0,225958.0,168.0
48.9277045118991,105456.0,265016.0,225955.0,168.0
48.932709391656864,105437.0,265006.0,225983.0,168.0
48.93771427141463,105456.0,265016.0,225960.0,168.0
48.94271915117239,105452.0,265004.0,225981.0,168.0
48.947724030930154,105451.0,264976.0,225966.0,168.0
48.95272891068792,105442.0,265000.0,225987.0,168.0
48.95773379044568,105470.0,265016.0,225993.0,168.0
48.96273867020345,105453.0,264989.0,225983.0,168.0
48.96774354996121,105479.0,264997.0,225967.0,168.0
48.972748429718976,105459.0,265024.0,225979.0,168.0
48.97775330947674,105464.0,265025.0,225987.0,168.0
48.9827581892345,105478.0,265040.0,226006.0,168.0
48.987763068992265,105452.0,265014.0,225995.0,168.0
48.99276794875003,105491.0,265015.0,225993.0,168.0
48.99777282850779,105473.0,265024.0,225998.0,168.0
49.002777708265555,105505.0,265008.0,225983.0,168.0
49.00778258802332,105476.0,265012.0,226000.0,168.0
49.01278746778109,105481.0,265005.0,226003.0,168.0
49.01779234753885,105536.0,265004.0,225980.0,168.0
49.022797227296614,105489.0,265021.0,226011.0,168.0
49.02780210705438,105485.0,265017.0,226022.0,168.0
49.03280698681214,105483.0,265018.0,226010.0,168.0
49.0378118665699,105523.0,265019.0,226016.0,168.0
49.04281674632767,105493.0,265026.0,226009.0,168.0
49.04782162608543,105504.0,265041.0,226018.0,168.0
49.05282650584319,105492.0,265031.0,226010.0,168.0
49.057831385600956,105507.0,265037.0,225992.0,168.0
49.062836265358726,105505.0,265005.0,226012.0,168.0
49.06784114511649,105471.0,265012.0,225988.0,168.0
49.07284602487425,105471.0,265040.0,225976.0,168.0
49.077850904632015,105464.0,265008.0,225957.0,168.0
49.08285578438978,105416.0,265026.0,225942.0,168.0
49.08786066414754,105405.0,264985.0,225949.0,168.0
49.092865543905305,105399.0,265001.0,225909.0,168.0
49.09787042366307,105347.0,265012.0,225915.0,168.0
49.10287530342083,105328.0,264974.0,225882.0,168.0
49.1078801831786,105293.0,264996.0,225877.0,168.0
49.112885062936364,105278.0,264982.0,225874.0,168.0
49.11788994269413,105253.0,264971.0,225823.0,168.0
49.12289482245189,105208.0,264965.0,225820.0,168.0
49.12789970220965,105210.0,264949.0,225824.0,168.0
49.132904581967416,105180.0,264965.0,225800.0,168.0
49.13790946172518,105163.0,264946.0,225797.0,168.0
49.14291434148294,105074.0,264978.0,225810.0,168.0
49.147919221240706,105068.0,264933.0,225808.0,168.0
49.15292410099847,105083.0,264943.0,225799.0,168.0
49.15792898075624,105064.0,264953.0,225794.0,168.0
49.162933860514,105043.0,264942.0,225778.0,168.0
49.167938740271765,105058.0,264939.0,225768.0,168.0
49.17294362002953,105020.0,264951.0,225774.0,168.0
49.17794849978729,105046.0,264953.0,225778.0,168.0
49.182953379545054,105027.0,264958.0,225778.0,168.0
49.18795825930282,105019.0,264958.0,225766.0,168.0
49.19296313906058,105052.0,264925.0,225786.0,168.0
49.197968018818344,105023.0,264974.0,225772.0,168.0
49.20297289857611,105037.0,264977.0,225778.0,168.0
49.20797777833388,104938.0,264950.0,225800.0,168.0
49.21298265809164,104891.0,264980.0,225787.0,168.0
49.2179875378494,104882.0,264960.0,225787.0,168.0
49.222992417607166,104891.0,264960.0,225776.0,168.0
49.22799729736493,104917.0,264980.0,225780.0,168.0
49.23300217712269,104884.0,264965.0,225788.0,168.0
49.238007056880456,104895.0,264948.0,225773.0,168.0
49.24301193663822,104889.0,264998.0,225799.0,168.0
49.24801681639598,104914.0,264978.0,225770.0,168.0
49.253021696153745,104928.0,264967.0,225776.0,168.0
49.258026575911515,104940.0,264982.0,225791.0,168.0
49.26303145566928,104905.0,264982.0,225802.0,168.0
49.26803633542704,104896.0,264981.0,225787.0,168.0
49.273041215184804,104902.0,265006.0,225806.0,168.0
49.27804609494257,104931.0,264974.0,225795.0,168.0
49.28305097470033,104930.0,264982.0,225821.0,168.0
49.288055854458094,104956.0,264987.0,225795.0,168.0
49.29306073421586,104971.0,265007.0,225841.0,168.0
49.29806561397362,104978.0,265006.0,225824.0,168.0
49.30307049373139,104989.0,264998.0,225837.0,168.0
49.30807537348915,105011.0,265006.0,225840.0,168.0
49.313080253246916,104993.0,264998.0,225844.0,168.0
49.31808513300468,104989.0,264994.0,225847.0,168.0
49.32309001276244,105014.0,264999.0,225839.0,168.0
49.328094892520205,105033.0,264963.0,225853.0,168.0
49.33309977227797,105017.0,264997.0,225863.0,168.0
49.33810465203573,105020.0,264979.0,225861.0,168.0
49.343109531793495,105048.0,265005.0,225860.0,168.0
49.34811441155126,105017.0,264998.0,225853.0,168.0
49.35311929130903,105023.0,264988.0,225838.0,168.0
49.35812417106679,105059.0,265000.0,225841.0,168.0
49.363129050824554,105051.0,265018.0,225862.0,168.0
49.36813393058232,105054.0,264998.0,225863.0,168.0
49.37313881034008,105074.0,264996.0,225876.0,168.0
49.37814369009784,105038.0,265009.0,225856.0,168.0
49.38314856985561,105052.0,265009.0,225848.0,168.0
49.38815344961337,105052.0,265038.0,225875.0,168.0
49.39315832937113,105058.0,264971.0,225855.0,168.0
49.398163209128896,105099.0,264984.0,225869.0,168.0
49.403168088886666,105073.0,265004.0,225829.0,168.0
49.40817296864443,105054.0,264980.0,225865.0,168.0
49.41317784840219,105054.0,264983.0,225858.0,168.0
49.418182728159955,105095.0,264994.0,225870.0,168.0
49.42318760791772,105055.0,264997.0,225846.0,168.0
49.42819248767548,105066.0,265009.0,225877.0,168.0
49.433197367433245,105076.0,264986.0,225863.0,168.0
49.43820224719101,105113.0,264990.0,225863.0,168.0
49.44320712694877,105080.0,265003.0,225843.0,168.0
49.448212006706534,105059.0,264985.0,225847.0,168.0
49.453216886464304,105086.0,264990.0,225878.0,168.0
49.45822176622207,105096.0,264991.0,225869.0,168.0
49.46322664597983,105099.0,264994.0,225867.0,168.0
49.46823152573759,105101.0,264973.0,225894.0,168.0
49.473236405495356,105120.0,265018.0,225873.0,168.0
49.47824128525312,105101.0,265006.0,225898.0,168.0
49.48324616501088,105118.0,265021.0,225878.0,168.0
49.488251044768646,105112.0,264998.0,225869.0,168.0
49.49325592452641,105115.0,265031.0,225909.0,168.0
49.49826080428417,105127.0,265008.0,225909.0,168.0
49.50326568404194,105149.0,265040.0,225907.0,168.0
49.508270563799705,105120.0,265037.0,225891.0,168.0
49.51327544355747,105175.0,265024.0,225926.0,168.0
49.51828032331523,105137.0,265016.0,225935.0,168.0
49.523285203072994,105164.0,265025.0,225916.0,168.0
49.52829008283076,105180.0,265009.0,225923.0,168.0
49.53329496258852,105181.0,265014.0,225930.0,168.0
49.538299842346284,105178.0,265014.0,225915.0,168.0
49.54330472210405,105192.0,265014.0,225925.0,168.0
49.54830960186182,105158.0,265041.0,225915.0,168.0
49.55331448161958,105163.0,265003.0,225934.0,168.0
49.55831936137734,105213.0,265023.0,225939.0,168.0
49.563324241135106,105201.0,265033.0,225930.0,168.0
49.56832912089287,105156.0,265035.0,225937.0,168.0
49.57333400065063,105171.0,265014.0,225919.0,168.0
49.578338880408396,105181.0,265023.0,225946.0,168.0
49.58334376016616,105210.0,265036.0,225926.0,168.0
49.58834863992392,105183.0,265021.0,225923.0,168.0
49.593353519681685,105234.0,265032.0,225926.0,168.0
49.598358399439455,105224.0,265028.0,225935.0,168.0
49.60336327919722,105202.0,265038.0,225932.0,168.0
49.60836815895498,105242.0,265040.0,225941.0,168.0
49.613373038712744,105248.0,265033.0,225952.0,168.0
49.61837791847051,105263.0,265041.0,225947.0,168.0
49.62338279822827,105256.0,265035.0,225950.0,168.0
49.628387677986034,105243.0,265016.0,225944.0,168.0
49.6333925577438,105237.0,265067.0,225964.0,168.0
49.63839743750156,105275.0,265055.0,225942.0,168.0
49.64340231725932,105276.0,265042.0,225964.0,168.0
49.64840719701709,105229.0,265036.0,225966.0,168.0
49.653412076774856,105255.0,265043.0,225946.0,168.0
49.65841695653262,105262.0,265038.0,225961.0,168.0
49.66342183629038,105264.0,265043.0,225967.0,168.0
49.668426716048145,105282.0,265035.0,225962.0,168.0
49.67343159580591,105317.0,265039.0,225978.0,168.0
49.67843647556367,105268.0,265067.0,225949.0,168.0
49.683441355321435,105297.0,265036.0,225945.0,168.0
49.6884462350792,105251.0,265028.0,225977.0,168.0
49.69345111483696,105330.0,265051.0,225971.0,168.0
49.69845599459473,105319.0,265031.0,225981.0,168.0
49.703460874352494,105308.0,265041.0,225990.0,168.0
49.70846575411026,105308.0,265049.0,225978.0,168.0
49.71347063386802,105318.0,265064.0,225979.0,168.0
49.71847551362578,105313.0,265060.0,225969.0,168.0
49.72348039338355,105292.0,265072.0,225983.0,168.0
49.72848527314131,105305.0,265044.0,225984.0,168.0
49.73349015289907,105311.0,265023.0,225993.0,168.0
49.738495032656836,105325.0,265068.0,225982.0,168.0
49.743499912414606,105317.0,265053.0,226009.0,168.0
49.74850479217237,105304.0,265078.0,226011.0,168.0
49.75350967193013,105311.0,265063.0,225992.0,168.0
49.758514551687895,105336.0,265064.0,226004.0,168.0
49.76351943144566,105347.0,265066.0,225995.0,168.0
49.76852431120342,105280.0,265051.0,225982.0,168.0
49.773529190961185,105318.0,265044.0,225975.0,168.0
49.77853407071895,105307.0,265048.0,225975.0,168.0
49.78353895047671,105278.0,265050.0,225967.0,168.0
49.788543830234474,105244.0,265051.0,225939.0,168.0
49.793548709992244,105266.0,265046.0,225931.0,168.0
49.79855358975001,105239.0,265065.0,225928.0,168.0
49.80355846950777,105208.0,265034.0,225908.0,168.0
49.80856334926553,105179.0,265020.0,225876.0,168.0
49.813568229023296,105149.0,265024.0,225871.0,168.0
49.81857310878106,105106.0,265006.0,225852.0,168.0
49.82357798853882,105078.0,264998.0,225819.0,168.0
49.828582868296586,105050.0,265005.0,225840.0,168.0
49.83358774805435,105030.0,264969.0,225823.0,168.0
49.83859262781211,104966.0,264979.0,225811.0,168.0
49.84359750756988,104954.0,264987.0,225802.0,168.0
49.848602387327645,104945.0,264979.0,225780.0,168.0
49.85360726708541,104891.0,264976.0,225797.0,168.0
49.85861214684317,104890.0,264965.0,225784.0,168.0
49.863617026600934,104859.0,264986.0,225772.0,168.0
49.8686219063587,104848.0,264981.0,225773.0,168.0
49.87362678611646,104849.0,264958.0,225779.0,168.0
49.878631665874224,104859.0,264971.0,225767.0,168.0
49.88363654563199,104855.0,264968.0,225766.0,168.0
49.88864142538975,104835.0,264970.0,225772.0,168.0
49.89364630514752,104831.0,264987.0,225762.0,168.0
49.89865118490528,104817.0,264988.0,225779.0,168.0
49.903656064663046,104848.0,264975.0,225769.0,168.0
49.90866094442081,104820.0,264979.0,225769.0,168.0
49.91366582417857,104804.0,264973.0,225781.0,168.0
49.918670703936336,104825.0,264975.0,225780.0,168.0
49.9236755836941,104831.0,265001.0,225781.0,168.0
49.92868046345186,104858.0,264979.0,225779.0,168.0
49.933685343209625,104821.0,264993.0,225763.0,168.0
49.938690222967395,104853.0,265021.0,225774.0,168.0
49.94369510272516,104846.0,264975.0,225758.0,168.0
49.94869998248292,104836.0,265007.0,225781.0,168.0
49.953704862240684,104819.0,265016.0,225744.0,168.0
49.95870974199845,104872.0,264984.0,225789.0,168.0
49.96371462175621,104857.0,265001.0,225784.0,168.0
49.968719501513974,104885.0,264989.0,225813.0,168.0
49.97372438127174,104840.0,264999.0,225805.0,168.0
49.9787292610295,104864.0,265014.0,225816.0,168.0
49.98373414078726,104860.0,265008.0,225819.0,168.0
49.98873902054503,104857.0,264993.0,225821.0,168.0
49.993743900302796,104906.0,265008.0,225810.0,168.0
49.99874878006056,104914.0,265007.0,225836.0,168.0
50.00375365981832,104925.0,264975.0,225813.0,168.0
50.008758539576085,104936.0,265039.0,225843.0,168.0
50.01376341933385,104970.0,264991.0,225838.0,168.0
50.01876829909161,104927.0,265033.0,225854.0,168.0
50.023773178849375,104957.0,265023.0,225847.0,168.0
50.02877805860714,104976.0,265020.0,225835.0,168.0
50.0337829383649,104980.0,265027.0,225864.0,168.0
50.03878781812267,104992.0,265051.0,225842.0,168.0
50.043792697880434,105003.0,265014.0,225845.0,168.0
50.0487975776382,104994.0,265023.0,225825.0,168.0
50.05380245739596,104980.0,265044.0,225844.0,168.0
50.05880733715372,104988.0,264994.0,225853.0,168.0
50.06381221691149,105029.0,265028.0,225872.0,168.0
50.06881709666925,105000.0,264995.0,225833.0,168.0
50.07382197642701,105026.0,265002.0,225844.0,168.0
50.078826856184776,105008.0,265017.0,225832.0,168.0
50.08383173594254,105030.0,265030.0,225844.0,168.0
50.08883661570031,105006.0,264991.0,225858.0,168.0
50.09384149545807,105025.0,265028.0,225856.0,168.0
50.098846375215835,105022.0,265011.0,225857.0,168.0
50.1038512549736,105045.0,265037.0,225839.0,168.0
50.10885613473136,105036.0,265028.0,225852.0,168.0
50.113861014489125,105021.0,265066.0,225860.0,168.0
50.11886589424689,105044.0,265017.0,225866.0,168.0
50.12387077400465,105025.0,265009.0,225857.0,168.0
50.128875653762414,104992.0,265009.0,225853.0,168.0
50.13388053352018,105051.0,265019.0,225855.0,168.0
50.13888541327795,105032.0,265022.0,225849.0,168.0
50.14389029303571,105043.0,265013.0,225866.0,168.0
50.14889517279347,105041.0,265019.0,225858.0,168.0
50.153900052551236,105038.0,265018.0,225879.0,168.0
50.158904932309,105081.0,264996.0,225845.0,168.0
50.16390981206676,105037.0,265014.0,225884.0,168.0
50.168914691824526,105075.0,265003.0,225877.0,168.0
50.17391957158229,105056.0,265050.0,225873.0,168.0
50.17892445134005,105067.0,265016.0,225864.0,168.0
50.18392933109782,105038.0,265023.0,225887.0,168.0
50.188934210855585,105074.0,265028.0,225878.0,168.0
50.19393909061335,105082.0,265034.0,225869.0,168.0
50.19894397037111,105085.0,265030.0,225889.0,168.0
50.203948850128874,105089.0,265033.0,225893.0,168.0
50.20895372988664,105083.0,265036.0,225887.0,168.0
50.2139586096444,105108.0,265029.0,225883.0,168.0
50.218963489402164,105116.0,265054.0,225899.0,168.0
50.22396836915993,105118.0,265040.0,225889.0,168.0
50.22897324891769,105119.0,265028.0,225886.0,168.0
50.23397812867546,105122.0,265070.0,225906.0,168.0
50.23898300843322,105124.0,265041.0,225888.0,168.0
50.243987888190986,105116.0,265023.0,225895.0,168.0
50.24899276794875,105145.0,265045.0,225908.0,168.0
50.25399764770651,105119.0,265061.0,225913.0,168.0
50.259002527464276,105136.0,265035.0,225893.0,168.0
50.26400740722204,105137.0,265045.0,225930.0,168.0
50.2690122869798,105164.0,265049.0,225911.0,168.0
50.274017166737565,105168.0,265047.0,225926.0,168.0
50.27902204649533,105145.0,265051.0,225921.0,168.0
50.2840269262531,105166.0,265039.0,225921.0,168.0
50.28903180601086,105182.0,265046.0,225930.0,168.0
50.294036685768624,105172.0,265052.0,225952.0,168.0
50.29904156552639,105209.0,265021.0,225950.0,168.0
50.30404644528415,105212.0,265032.0,225957.0,168.0
50.309051325041914,105171.0,265059.0,225947.0,168.0
50.31405620479968,105181.0,265053.0,225940.0,168.0
50.31906108455744,105190.0,265043.0,225925.0,168.0
50.3240659643152,105198.0,265051.0,225946.0,168.0
50.329070844072966,105197.0,265019.0,225949.0,168.0
50.334075723830736,105192.0,265041.0,225940.0,168.0
50.3390806035885,105227.0,265041.0,225954.0,168.0
50.34408548334626,105221.0,265031.0,225939.0,168.0
50.349090363104025,105218.0,265048.0,225938.0,168.0
50.35409524286179,105225.0,265060.0,225950.0,168.0
50.35910012261955,105205.0,265046.0,225929.0,168.0
50.364105002377315,105231.0,265051.0,225961.0,168.0
50.36910988213508,105225.0,265052.0,225933.0,168.0
50.37411476189284,105239.0,265036.0,225952.0,168.0
50.37911964165061,105224.0,265034.0,225953.0,168.0
50.384124521408374,105261.0,265027.0,225958.0,168.0
50.38912940116614,105254.0,265071.0,225978.0,168.0
50.3941342809239,105223.0,265040.0,225969.0,168.0
50.39913916068166,105287.0,265058.0,225958.0,168.0
50.40414404043943,105265.0,265060.0,225983.0,168.0
50.40914892019719,105272.0,265048.0,225985.0,168.0
50.41415379995495,105240.0,265033.0,225977.0,168.0
50.419158679712716,105274.0,265055.0,225966.0,168.0
50.42416355947048,105273.0,265068.0,225984.0,168.0
50.42916843922825,105285.0,265050.0,225990.0,168.0
50.43417331898601,105276.0,265071.0,225984.0,168.0
50.439178198743775,105319.0,265057.0,225997.0,168.0
50.44418307850154,105271.0,265052.0,225993.0,168.0
50.4491879582593,105271.0,265063.0,225976.0,168.0
50.454192838017065,105305.0,265090.0,225991.0,168.0
50.45919771777483,105314.0,265062.0,226002.0,168.0
50.46420259753259,105312.0,265079.0,225996.0,168.0
50.469207477290354,105304.0,265077.0,225987.0,168.0
50.47421235704812,105293.0,265043.0,226001.0,168.0
50.47921723680589,105327.0,265074.0,226002.0,168.0
50.48422211656365,105310.0,265055.0,226003.0,168.0
50.48922699632141,105306.0,265079.0,225992.0,168.0
50.494231876079176,105303.0,265026.0,225974.0,168.0
50.49923675583694,105304.0,265048.0,225993.0,168.0
50.5042416355947,105258.0,265081.0,225994.0,168.0
50.509246515352466,105318.0,265048.0,225977.0,168.0
50.51425139511023,105251.0,265039.0,225965.0,168.0
50.51925627486799,105273.0,265062.0,225940.0,168.0
50.524261154625755,105244.0,265060.0,225942.0,168.0
50.529266034383525,105244.0,265024.0,225941.0,168.0
50.53427091414129,105200.0,265035.0,225912.0,168.0
50.53927579389905,105165.0,265022.0,225893.0,168.0
50.544280673656814,105141.0,265022.0,225868.0,168.0
50.54928555341458,105123.0,265030.0,225870.0,168.0
50.55429043317234,105097.0,265018.0,225852.0,168.0
50.559295312930104,105046.0,265014.0,225816.0,168.0
50.56430019268787,105001.0,264975.0,225840.0,168.0
50.56930507244563,104970.0,265026.0,225817.0,168.0
50.5743099522034,104956.0,265004.0,225794.0,168.0
50.57931483196116,104963.0,264996.0,225773.0,168.0
50.584319711718926,104940.0,265010.0,225773.0,168.0
50.58932459147669,104883.0,264987.0,225761.0,168.0
50.59432947123445,104879.0,264978.0,225767.0,168.0
50.599334350992216,104846.0,264990.0,225771.0,168.0
50.60433923074998,104861.0,264973.0,225751.0,168.0
50.60934411050774,104841.0,264979.0,225757.0,168.0
50.614348990265505,104825.0,264976.0,225764.0,168.0
50.61935387002327,104823.0,265003.0,225749.0,168.0
50.62435874978104,104836.0,264998.0,225770.0,168.0
50.6293636295388,104824.0,265001.0,225784.0,168.0
50.634368509296564,104839.0,265000.0,225767.0,168.0
50.63937338905433,104844.0,265007.0,225766.0,168.0
50.64437826881209,104822.0,265017.0,225749.0,168.0
50.649383148569854,104807.0,265008.0,225762.0,168.0
50.65438802832762,104807.0,264964.0,225764.0,168.0
50.65939290808538,104822.0,264998.0,225770.0,168.0
50.66439778784314,104807.0,264978.0,225767.0,168.0
50.669402667600906,104808.0,264993.0,225768.0,168.0
50.674407547358676,104812.0,264989.0,225787.0,168.0
50.67941242711644,104838.0,264994.0,225765.0,168.0
50.6844173068742,104829.0,264989.0,225776.0,168.0
50.689422186631965,104820.0,265024.0,225778.0,168.0
50.69442706638973,104825.0,264993.0,225761.0,168.0
50.69943194614749,104809.0,265010.0,225793.0,168.0
50.704436825905255,104844.0,264984.0,225777.0,168.0
50.70944170566302,104849.0,265004.0,225787.0,168.0
50.71444658542078,104833.0,265007.0,225780.0,168.0
50.719451465178544,104910.0,264977.0,225791.0,168.0
50.724456344936314,104882.0,265020.0,225813.0,168.0
50.72946122469408,104884.0,264987.0,225799.0,168.0
50.73446610445184,104876.0,265047.0,225801.0,168.0
50.7394709842096,104885.0,265007.0,225813.0,168.0
50.74447586396737,104920.0,265026.0,225831.0,168.0
50.74948074372513,104929.0,265021.0,225801.0,168.0
50.75448562348289,104933.0,265026.0,225812.0,168.0
50.759490503240656,104964.0,265023.0,225821.0,168.0
50.76449538299842,104962.0,265024.0,225824.0,168.0
50.76950026275619,104953.0,265030.0,225829.0,168.0
50.77450514251395,104989.0,265023.0,225811.0,168.0
50.779510022271715,104962.0,265012.0,225822.0,168.0
50.78451490202948,104970.0,265015.0,225817.0,168.0
50.78951978178724,104985.0,265015.0,225842.0,168.0
50.794524661545005,104989.0,265004.0,225827.0,168.0
50.79952954130277,104999.0,265008.0,225835.0,168.0
50.80453442106053,104999.0,265003.0,225851.0,168.0
50.809539300818294,105014.0,265022.0,225813.0,168.0
50.81454418057606,104976.0,265022.0,225825.0,168.0
50.81954906033383,105012.0,264992.0,225837.0,168.0
50.82455394009159,105028.0,264992.0,225830.0,168.0
50.82955881984935,104967.0,265003.0,225836.0,168.0
50.834563699607116,104999.0,264972.0,225837.0,168.0
50.83956857936488,104995.0,265015.0,225835.0,168.0
50.84457345912264,105021.0,265006.0,225837.0,168.0
50.849578338880406,104994.0,265013.0,225820.0,168.0
50.85458321863817,104962.0,265001.0,225840.0,168.0
50.85958809839593,104989.0,264997.0,225823.0,168.0
50.864592978153695,105041.0,265018.0,225857.0,168.0
50.869597857911465,105013.0,264977.0,225824.0,168.0
50.87460273766923,104974.0,264994.0,225838.0,168.0
50.87960761742699,104978.0,264990.0,225827.0,168.0
50.884612497184754,105020.0,265007.0,225816.0,168.0
50.88961737694252,105002.0,265021.0,225820.0,168.0
50.89462225670028,105025.0,264998.0,225832.0,168.0
50.899627136458044,105003.0,264992.0,225844.0,168.0
50.90463201621581,105026.0,265010.0,225813.0,168.0
50.90963689597357,105046.0,265007.0,225840.0,168.0
50.91464177573133,105032.0,265005.0,225848.0,168.0
50.9196466554891,105021.0,265003.0,225840.0,168.0
50.924651535246866,105035.0,265009.0,225842.0,168.0
50.92965641500463,105052.0,264992.0,225842.0,168.0
50.93466129476239,105061.0,265016.0,225869.0,168.0
50.939666174520156,105072.0,265009.0,225872.0,168.0
50.94467105427792,105050.0,264983.0,225845.0,168.0
50.94967593403568,105061.0,265022.0,225843.0,168.0
50.954680813793445,105066.0,265003.0,225862.0,168.0
50.95968569355121,105071.0,265031.0,225877.0,168.0
50.96469057330897,105075.0,264999.0,225865.0,168.0
50.96969545306674,105070.0,265007.0,225898.0,168.0
50.974700332824504,105073.0,264994.0,225865.0,168.0
50.97970521258227,105087.0,264995.0,225866.0,168.0
50.98471009234003,105081.0,264979.0,225889.0,168.0
50.989714972097794,105120.0,265000.0,225880.0,168.0
50.99471985185556,105110.0,265018.0,225871.0,168.0
50.99972473161332,105083.0,265015.0,225894.0,168.0
51.00472961137108,105124.0,265036.0,225880.0,168.0
51.009734491128846,105143.0,264992.0,225885.0,168.0
51.014739370886616,105114.0,264986.0,225888.0,168.0
51.01974425064438,105097.0,264994.0,225878.0,168.0
51.02474913040214,105145.0,265000.0,225901.0,168.0
51.029754010159905,105125.0,264994.0,225898.0,168.0
51.03475888991767,105113.0,265009.0,225887.0,168.0
51.03976376967543,105133.0,265013.0,225899.0,168.0
51.044768649433195,105160.0,265015.0,225899.0,168.0
51.04977352919096,105142.0,265005.0,225903.0,168.0
51.05477840894872,105177.0,265041.0,225911.0,168.0
51.059783288706484,105124.0,265004.0,225941.0,168.0
51.064788168464254,105155.0,265010.0,225906.0,168.0
51.06979304822202,105167.0,264989.0,225931.0,168.0
51.07479792797978,105141.0,265026.0,225910.0,168.0
51.07980280773754,105160.0,265012.0,225899.0,168.0
51.08480768749531,105170.0,265020.0,225906.0,168.0
51.08981256725307,105163.0,264998.0,225906.0,168.0
51.09481744701083,105194.0,265027.0,225906.0,168.0
51.099822326768596,105186.0,265006.0,225932.0,168.0
51.10482720652636,105184.0,265008.0,225920.0,168.0
51.10983208628412,105198.0,265011.0,225948.0,168.0
51.11483696604189,105207.0,264982.0,225918.0,168.0
51.119841845799655,105192.0,265019.0,225915.0,168.0
51.12484672555742,105203.0,265001.0,225919.0,168.0
51.12985160531518,105218.0,264999.0,225929.0,168.0
51.134856485072945,105217.0,265008.0,225899.0,168.0
51.13986136483071,105180.0,265010.0,225950.0,168.0
51.14486624458847,105213.0,264969.0,225919.0,168.0
51.149871124346234,105237.0,264992.0,225929.0,168.0
51.154876004104,105204.0,265019.0,225928.0,168.0
51.15988088386176,105224.0,265015.0,225966.0,168.0
51.16488576361953,105230.0,264994.0,225948.0,168.0
51.16989064337729,105226.0,265022.0,225939.0,168.0
51.174895523135056,105226.0,265019.0,225955.0,168.0
51.17990040289282,105231.0,265020.0,225965.0,168.0
51.18490528265058,105230.0,264997.0,225947.0,168.0
51.189910162408346,105257.0,265006.0,225945.0,168.0
51.19491504216611,105236.0,265027.0,225954.0,168.0
51.19991992192387,105236.0,265001.0,225944.0,168.0
51.204924801681635,105239.0,264998.0,225953.0,168.0
51.209929681439405,105238.0,265014.0,225963.0,168.0
51.21493456119717,105264.0,264995.0,225945.0,168.0
51.21993944095493,105284.0,265010.0,225942.0,168.0
51.224944320712694,105252.0,265022.0,225936.0,168.0
51.22994920047046,105263.0,265040.0,225963.0,168.0
51.23495408022822,105281.0,265017.0,225963.0,168.0
51.239958959985984,105282.0,265040.0,225974.0,168.0
51.24496383974375,105272.0,265017.0,225971.0,168.0
51.24996871950151,105268.0,265015.0,225987.0,168.0
51.25497359925927,105283.0,265011.0,225955.0,168.0
51.25997847901704,105274.0,265002.0,225988.0,168.0
51.264983358774806,105284.0,265014.0,225952.0,168.0
51.26998823853257,105266.0,265002.0,225946.0,168.0
51.27499311829033,105245.0,265003.0,225950.0,168.0
51.279997998048096,105227.0,264988.0,225944.0,168.0
51.28500287780586,105217.0,264980.0,225915.0,168.0
51.29000775756362,105198.0,264985.0,225901.0,168.0
51.295012637321385,105203.0,264980.0,225866.0,168.0
51.30001751707915,105140.0,264938.0,225853.0,168.0
51.30502239683691,105140.0,264961.0,225866.0,168.0
51.31002727659468,105103.0,264990.0,225824.0,168.0
51.315032156352444,105059.0,264940.0,225806.0,168.0
51.32003703611021,105028.0,264947.0,225777.0,168.0
51.32504191586797,104980.0,264957.0,225779.0,168.0
51.330046795625734,104996.0,264921.0,225761.0,168.0
51.3350516753835,104882.0,264914.0,225746.0,168.0
51.34005655514126,104893.0,264921.0,225755.0,168.0
51.34506143489902,104893.0,264942.0,225733.0,168.0
51.350066314656786,104851.0,264944.0,225747.0,168.0
51.35507119441455,104852.0,264942.0,225733.0,168.0
51.36007607417232,104812.0,264916.0,225733.0,168.0
51.36508095393008,104811.0,264918.0,225713.0,168.0
51.370085833687845,104790.0,264944.0,225707.0,168.0
51.37509071344561,104764.0,264902.0,225720.0,168.0
51.38009559320337,104768.0,264940.0,225714.0,168.0
51.385100472961135,104758.0,264917.0,225712.0,168.0
51.3901053527189,104763.0,264953.0,225728.0,168.0
51.39511023247666,104779.0,264933.0,225729.0,168.0
51.400115112234424,104768.0,264932.0,225733.0,168.0
51.405119991992194,104763.0,264954.0,225729.0,168.0
51.41012487174996,104766.0,264931.0,225742.0,168.0
51.41512975150772,104745.0,264909.0,225744.0,168.0
51.42013463126548,104759.0,264908.0,225733.0,168.0
51.42513951102325,104774.0,264909.0,225726.0,168.0
51.43014439078101,104782.0,264926.0,225727.0,168.0
51.43514927053877,104772.0,264915.0,225735.0,168.0
51.440154150296536,104765.0,264924.0,225728.0,168.0
51.4451590300543,104773.0,264932.0,225738.0,168.0
51.45016390981206,104783.0,264954.0,225743.0,168.0
51.45516878956983,104807.0,264911.0,225749.0,168.0
51.460173669327595,104782.0,264937.0,225745.0,168.0
51.46517854908536,104785.0,264935.0,225731.0,168.0
51.47018342884312,104804.0,264921.0,225751.0,168.0
51.475188308600885,104804.0,264915.0,225742.0,168.0
51.48019318835865,104821.0,264918.0,225752.0,168.0
51.48519806811641,104819.0,264937.0,225764.0,168.0
51.490202947874174,104834.0,264921.0,225775.0,168.0
51.49520782763194,104855.0,264969.0,225770.0,168.0
51.5002127073897,104845.0,264960.0,225771.0,168.0
51.50521758714747,104846.0,264937.0,225775.0,168.0
51.51022246690523,104922.0,264973.0,225782.0,168.0
51.515227346662996,104901.0,264940.0,225779.0,168.0
51.52023222642076,104893.0,264934.0,225787.0,168.0
51.52523710617852,104924.0,264952.0,225786.0,168.0
51.530241985936286,104899.0,264927.0,225787.0,168.0
51.53524686569405,104905.0,264936.0,225789.0,168.0
51.54025174545181,104907.0,264945.0,225818.0,168.0
51.545256625209575,104898.0,264943.0,225805.0,168.0
51.55026150496734,104954.0,264946.0,225834.0,168.0
51.55526638472511,104929.0,264943.0,225784.0,168.0
51.56027126448287,104919.0,264947.0,225838.0,168.0
51.565276144240634,104924.0,264931.0,225802.0,168.0
51.5702810239984,104931.0,264940.0,225784.0,168.0
51.57528590375616,104929.0,264947.0,225809.0,168.0
51.580290783513924,104911.0,264932.0,225805.0,168.0
51.58529566327169,104948.0,264922.0,225801.0,168.0
51.59030054302945,104965.0,264931.0,225800.0,168.0
51.59530542278721,104936.0,264937.0,225813.0,168.0
51.600310302544976,104913.0,264938.0,225812.0,168.0
51.605315182302746,104920.0,264901.0,225824.0,168.0
51.61032006206051,104899.0,264931.0,225790.0,168.0
51.61532494181827,104937.0,264934.0,225817.0,168.0
51.620329821576036,104919.0,264913.0,225814.0,168.0
51.6253347013338,104927.0,264919.0,225801.0,168.0
51.63033958109156,104948.0,264913.0,225810.0,168.0
51.635344460849325,104960.0,264918.0,225815.0,168.0
51.64034934060709,104937.0,264924.0,225804.0,168.0
51.64535422036485,104921.0,264927.0,225806.0,168.0
51.65035910012262,104906.0,264921.0,225823.0,168.0
51.655363979880384,104978.0,264915.0,225800.0,168.0
51.66036885963815,104926.0,264907.0,225833.0,168.0
51.66537373939591,104948.0,264919.0,225828.0,168.0
51.670378619153674,104944.0,264933.0,225817.0,168.0
51.67538349891144,104967.0,264918.0,225852.0,168.0
51.6803883786692,104941.0,264914.0,225835.0,168.0
51.68539325842696,104963.0,264928.0,225839.0,168.0
51.690398138184726,104970.0,264935.0,225823.0,168.0
51.69540301794249,104983.0,264917.0,225838.0,168.0
51.70040789770026,104995.0,264896.0,225838.0,168.0
51.70541277745802,104964.0,264919.0,225838.0,168.0
51.710417657215785,104978.0,264915.0,225858.0,168.0
51.71542253697355,104985.0,264910.0,225851.0,168.0
51.72042741673131,104958.0,264909.0,225849.0,168.0
51.725432296489075,105005.0,264934.0,225872.0,168.0
51.73043717624684,104978.0,264918.0,225877.0,168.0
51.7354420560046,105002.0,264918.0,225868.0,168.0
51.740446935762364,105026.0,264918.0,225869.0,168.0
51.74545181552013,105017.0,264901.0,225856.0,168.0
51.7504566952779,105018.0,264905.0,225877.0,168.0
51.75546157503566,105037.0,264906.0,225865.0,168.0
51.76046645479342,105030.0,264961.0,225855.0,168.0
51.76547133455119,105027.0,264909.0,225856.0,168.0
51.77047621430895,105040.0,264925.0,225870.0,168.0
51.77548109406671,105046.0,264911.0,225884.0,168.0
51.780485973824476,105023.0,264914.0,225885.0,168.0
51.78549085358224,105048.0,264941.0,225857.0,168.0
51.79049573334,105047.0,264922.0,225876.0,168.0
51.795500613097765,105073.0,264918.0,225878.0,168.0
51.800505492855535,105065.0,264920.0,225870.0,168.0
51.8055103726133,105073.0,264931.0,225863.0,168.0
51.81051525237106,105044.0,264939.0,225880.0,168.0
51.815520132128825,105072.0,264901.0,225868.0,168.0
51.82052501188659,105063.0,264929.0,225880.0,168.0
51.82552989164435,105067.0,264956.0,225877.0,168.0
51.830534771402114,105085.0,264957.0,225888.0,168.0
51.83553965115988,105114.0,264936.0,225896.0,168.0
51.84054453091764,105071.0,264939.0,225891.0,168.0
51.84554941067541,105066.0,264944.0,225911.0,168.0
51.85055429043317,105097.0,264984.0,225873.0,168.0
51.855559170190936,105095.0,264920.0,225891.0,168.0
51.8605640499487,105113.0,264957.0,225893.0,168.0
51.86556892970646,105127.0,264945.0,225901.0,168.0
51.870573809464226,105118.0,264956.0,225891.0,168.0
51.87557868922199,105126.0,264961.0,225896.0,168.0
51.88058356897975,105133.0,264963.0,225905.0,168.0
51.885588448737515,105115.0,264953.0,225914.0,168.0
51.89059332849528,105134.0,264948.0,225903.0,168.0
51.89559820825305,105148.0,264956.0,225913.0,168.0
51.90060308801081,105137.0,264953.0,225901.0,168.0
51.905607967768574,105140.0,264945.0,225907.0,168.0
51.91061284752634,105159.0,264953.0,225905.0,168.0
51.9156177272841,105173.0,264945.0,225920.0,168.0
51.920622607041864,105135.0,264939.0,225909.0,168.0
51.92562748679963,105165.0,264961.0,225925.0,168.0
51.93063236655739,105181.0,264965.0,225921.0,168.0
51.93563724631515,105144.0,264967.0,225912.0,168.0
51.940642126072916,105147.0,264986.0,225931.0,168.0
51.945647005830686,105134.0,264982.0,225953.0,168.0
51.95065188558845,105184.0,264957.0,225939.0,168.0
51.95565676534621,105164.0,264992.0,225944.0,168.0
51.960661645103976,105171.0,264958.0,225935.0,168.0
51.96566652486174,105206.0,264986.0,225939.0,168.0
51.9706714046195,105198.0,264966.0,225925.0,168.0
51.975676284377265,105196.0,264970.0,225946.0,168.0
51.98068116413503,105194.0,264980.0,225943.0,168.0
51.98568604389279,105208.0,264964.0,225931.0,168.0
51.990690923650554,105216.0,264990.0,225938.0,168.0
51.995695803408324,105224.0,264987.0,225952.0,168.0
52.00070068316609,105214.0,264991.0,225954.0,168.0
52.00570556292385,105172.0,264991.0,225944.0,168.0
52.010710442681614,105173.0,264997.0,225961.0,168.0
52.01571532243938,105167.0,264976.0,225923.0,168.0
52.02072020219714,105159.0,264971.0,225892.0,168.0
52.0257250819549,105144.0,264985.0,225910.0,168.0
52.030729961712666,105125.0,264979.0,225882.0,168.0
52.03573484147043,105073.0,264958.0,225872.0,168.0
52.0407397212282,105103.0,264944.0,225854.0,168.0
52.04574460098596,105033.0,264945.0,225805.0,168.0
52.050749480743725,105020.0,264934.0,225803.0,168.0
52.05575436050149,104993.0,264925.0,225786.0,168.0
52.06075924025925,104981.0,264916.0,225776.0,168.0
52.065764120017015,104924.0,264937.0,225771.0,168.0
52.07076899977478,104881.0,264941.0,225755.0,168.0
52.07577387953254,104846.0,264920.0,225739.0,168.0
52.080778759290304,104878.0,264910.0,225737.0,168.0
52.08578363904807,104811.0,264908.0,225749.0,168.0
52.09078851880584,104781.0,264912.0,225725.0,168.0
52.0957933985636,104801.0,264899.0,225713.0,168.0
52.10079827832136,104761.0,264911.0,225706.0,168.0
52.10580315807913,104758.0,264926.0,225722.0,168.0
52.11080803783689,104731.0,264923.0,225686.0,168.0
52.11581291759465,104754.0,264917.0,225694.0,168.0
52.120817797352416,104731.0,264929.0,225717.0,168.0
52.12582267711018,104748.0,264921.0,225708.0,168.0
52.13082755686794,104719.0,264921.0,225696.0,168.0
52.135832436625705,104740.0,264903.0,225713.0,168.0
52.140837316383475,104705.0,264956.0,225719.0,168.0
52.14584219614124,104716.0,264981.0,225702.0,168.0
52.150847075899,104712.0,264938.0,225723.0,168.0
52.155851955656765,104766.0,264956.0,225734.0,168.0
52.16085683541453,104759.0,264929.0,225724.0,168.0
52.16586171517229,104744.0,264926.0,225717.0,168.0
52.170866594930054,104735.0,264913.0,225719.0,168.0
52.17587147468782,104746.0,264960.0,225721.0,168.0
52.18087635444558,104753.0,264962.0,225737.0,168.0
52.18588123420334,104748.0,264936.0,225740.0,168.0
52.19088611396111,104732.0,264948.0,225736.0,168.0
52.195890993718876,104769.0,264949.0,225738.0,168.0
52.20089587347664,104763.0,264969.0,225737.0,168.0
52.2059007532344,104777.0,264916.0,225731.0,168.0
52.210905632992166,104806.0,264937.0,225740.0,168.0
52.21591051274993,104780.0,264937.0,225746.0,168.0
52.22091539250769,104785.0,264953.0,225756.0,168.0
52.225920272265455,104796.0,264941.0,225769.0,168.0
52.23092515202322,104785.0,264955.0,225758.0,168.0
52.23593003178098,104817.0,264972.0,225772.0,168.0
52.24093491153875,104844.0,264964.0,225781.0,168.0
52.245939791296514,104837.0,264958.0,225801.0,168.0
52.25094467105428,104845.0,264965.0,225792.0,168.0
52.25594955081204,104858.0,264951.0,225791.0,168.0
52.260954430569804,104870.0,264955.0,225796.0,168.0
52.26595931032757,104859.0,264938.0,225789.0,168.0
52.27096419008533,104885.0,264963.0,225808.0,168.0
52.27596906984309,104898.0,264978.0,225810.0,168.0
52.280973949600856,104875.0,264977.0,225803.0,168.0
52.285978829358626,104912.0,264968.0,225819.0,168.0
52.29098370911639,104921.0,264965.0,225801.0,168.0
52.29598858887415,104938.0,264973.0,225817.0,168.0
52.300993468631916,104920.0,264986.0,225821.0,168.0
52.30599834838968,104915.0,264966.0,225823.0,168.0
52.31100322814744,104891.0,264952.0,225798.0,168.0
52.316008107905205,104924.0,264965.0,225808.0,168.0
52.32101298766297,104926.0,264974.0,225805.0,168.0
52.32601786742073,104905.0,264950.0,225830.0,168.0
52.331022747178494,104896.0,264966.0,225829.0,168.0
52.336027626936264,104931.0,264953.0,225820.0,168.0
52.34103250669403,104916.0,264957.0,225800.0,168.0
52.34603738645179,104893.0,264969.0,225806.0,168.0
52.351042266209554,104896.0,264970.0,225807.0,168.0
52.35604714596732,104897.0,264957.0,225801.0,168.0
52.36105202572508,104897.0,264954.0,225796.0,168.0
52.36605690548284,104920.0,264967.0,225779.0,168.0
52.371061785240606,104924.0,264983.0,225810.0,168.0
52.37606666499837,104938.0,264978.0,225810.0,168.0
52.38107154475613,104934.0,264990.0,225816.0,168.0
52.3860764245139,104908.0,264983.0,225816.0,168.0
52.391081304271665,104914.0,264969.0,225834.0,168.0
52.39608618402943,104921.0,264970.0,225850.0,168.0
52.40109106378719,104927.0,264988.0,225828.0,168.0
52.406095943544955,104959.0,264954.0,225812.0,168.0
52.41110082330272,104920.0,264985.0,225815.0,168.0
52.41610570306048,104920.0,264957.0,225824.0,168.0
52.421110582818244,104975.0,264989.0,225829.0,168.0
52.42611546257601,104946.0,264957.0,225841.0,168.0
52.43112034233377,104958.0,264987.0,225854.0,168.0
52.43612522209154,104973.0,264974.0,225835.0,168.0
52.4411301018493,104947.0,264971.0,225828.0,168.0
52.44613498160707,104988.0,264983.0,225849.0,168.0
52.45113986136483,104974.0,264972.0,225848.0,168.0
52.45614474112259,104970.0,264972.0,225857.0,168.0
52.461149620880356,104983.0,264957.0,225829.0,168.0
52.46615450063812,104988.0,264986.0,225851.0,168.0
52.47115938039588,104971.0,264977.0,225840.0,168.0
52.476164260153645,104994.0,264980.0,225879.0,168.0
52.481169139911415,105031.0,264990.0,225865.0,168.0
52.48617401966918,105015.0,264983.0,225879.0,168.0
52.49117889942694,105021.0,265002.0,225854.0,168.0
52.496183779184705,105011.0,264979.0,225858.0,168.0
52.50118865894247,105034.0,264998.0,225862.0,168.0
52.50619353870023,105016.0,264996.0,225856.0,168.0
52.511198418457994,105034.0,265015.0,225860.0,168.0
52.51620329821576,105077.0,265020.0,225873.0,168.0
52.52120817797352,105065.0,264993.0,225847.0,168.0
52.52621305773128,105044.0,265015.0,225866.0,168.0
52.53121793748905,105052.0,264985.0,225859.0,168.0
52.536222817246816,105055.0,264992.0,225866.0,168.0
52.54122769700458,105078.0,264999.0,225872.0,168.0
52.54623257676234,105052.0,264999.0,225857.0,168.0
52.551237456520106,105092.0,265006.0,225863.0,168.0
52.55624233627787,105056.0,264997.0,225880.0,168.0
52.56124721603563,105087.0,265003.0,225890.0,168.0
52.566252095793395,105065.0,265006.0,225888.0,168.0
52.57125697555116,105093.0,265009.0,225900.0,168.0
52.57626185530892,105073.0,264997.0,225870.0,168.0
52.58126673506669,105070.0,265021.0,225896.0,168.0
52.586271614824454,105091.0,265004.0,225907.0,168.0
52.59127649458222,105100.0,265007.0,225882.0,168.0
52.59628137433998,105106.0,265003.0,225892.0,168.0
52.601286254097744,105058.0,265013.0,225901.0,168.0
52.60629113385551,105082.0,265004.0,225900.0,168.0
52.61129601361327,105105.0,264999.0,225899.0,168.0
52.61630089337103,105107.0,265024.0,225907.0,168.0
52.621305773128796,105112.0,265001.0,225900.0,168.0
52.62631065288656,105108.0,265001.0,225889.0,168.0
52.63131553264433,105115.0,265010.0,225909.0,168.0
52.63632041240209,105100.0,264993.0,225900.0,168.0
52.641325292159856,105111.0,265022.0,225893.0,168.0
52.64633017191762,105110.0,265023.0,225892.0,168.0
52.65133505167538,105149.0,265019.0,225910.0,168.0
52.656339931433145,105124.0,265025.0,225900.0,168.0
52.66134481119091,105104.0,265012.0,225935.0,168.0
52.66634969094867,105112.0,265013.0,225902.0,168.0
52.671354570706434,105149.0,265018.0,225912.0,168.0
52.676359450464204,105172.0,265004.0,225893.0,168.0
52.68136433022197,105154.0,264996.0,225914.0,168.0
52.68636920997973,105137.0,265010.0,225922.0,168.0
52.691374089737494,105154.0,265004.0,225909.0,168.0
52.69637896949526,105161.0,265028.0,225926.0,168.0
52.70138384925302,105186.0,265028.0,225920.0,168.0
52.70638872901078,105151.0,265011.0,225914.0,168.0
52.711393608768546,105149.0,265040.0,225939.0,168.0
52.71639848852631,105170.0,265033.0,225937.0,168.0
52.72140336828407,105174.0,265037.0,225935.0,168.0
52.72640824804184,105174.0,265021.0,225950.0,168.0
52.731413127799605,105197.0,265047.0,225921.0,168.0
52.73641800755737,105181.0,265030.0,225943.0,168.0
52.74142288731513,105167.0,265045.0,225936.0,168.0
52.746427767072895,105187.0,265019.0,225938.0,168.0
52.75143264683066,105139.0,265017.0,225936.0,168.0
52.75643752658842,105158.0,265029.0,225941.0,168.0
52.761442406346184,105148.0,265003.0,225928.0,168.0
52.76644728610395,105138.0,265021.0,225931.0,168.0
52.77145216586171,105154.0,264983.0,225884.0,168.0
52.77645704561948,105131.0,265001.0,225878.0,168.0
52.78146192537724,105089.0,265003.0,225849.0,168.0
52.78646680513501,105049.0,264969.0,225849.0,168.0
52.79147168489277,105034.0,264974.0,225842.0,168.0
52.79647656465053,105006.0,264933.0,225819.0,168.0
52.801481444408296,104990.0,264952.0,225815.0,168.0
52.80648632416606,104964.0,264967.0,225801.0,168.0
52.81149120392382,104881.0,264981.0,225761.0,168.0
52.816496083681585,104833.0,264943.0,225760.0,168.0
52.82150096343935,104863.0,264945.0,225738.0,168.0
52.82650584319712,104803.0,264944.0,225731.0,168.0
52.83151072295488,104787.0,264946.0,225729.0,168.0
52.836515602712645,104715.0,264952.0,225723.0,168.0
52.84152048247041,104700.0,264960.0,225704.0,168.0
52.84652536222817,104687.0,264931.0,225716.0,168.0
52.851530241985934,104703.0,264975.0,225704.0,168.0
52.8565351217437,104647.0,264960.0,225704.0,168.0
52.86154000150146,104673.0,264960.0,225699.0,168.0
52.86654488125922,104628.0,264967.0,225698.0,168.0
52.871549761016986,104635.0,264985.0,225692.0,168.0
52.876554640774756,104603.0,264972.0,225686.0,168.0
52.88155952053252,104657.0,264966.0,225688.0,168.0
52.88656440029028,104625.0,264967.0,225685.0,168.0
52.891569280048046,104616.0,264982.0,225700.0,168.0
52.89657415980581,104654.0,264957.0,225686.0,168.0
52.90157903956357,104614.0,264996.0,225696.0,168.0
52.906583919321335,104633.0,264988.0,225719.0,168.0
52.9115887990791,104610.0,264962.0,225704.0,168.0
52.91659367883686,104653.0,264981.0,225727.0,168.0
52.92159855859463,104637.0,264964.0,225702.0,168.0
52.926603438352394,104619.0,264942.0,225712.0,168.0
52.93160831811016,104637.0,264975.0,225722.0,168.0
52.93661319786792,104634.0,264968.0,225720.0,168.0
52.941618077625684,104679.0,264958.0,225686.0,168.0
52.94662295738345,104639.0,264941.0,225705.0,168.0
52.95162783714121,104627.0,264976.0,225732.0,168.0
52.95663271689897,104639.0,264964.0,225723.0,168.0
52.961637596656736,104611.0,264955.0,225723.0,168.0
52.9666424764145,104676.0,264954.0,225701.0,168.0
52.97164735617227,104702.0,264982.0,225717.0,168.0
52.97665223593003,104670.0,264982.0,225728.0,168.0
52.981657115687796,104689.0,264973.0,225741.0,168.0
52.98666199544556,104703.0,264989.0,225736.0,168.0
52.99166687520332,104728.0,264962.0,225734.0,168.0
52.996671754961085,104683.0,264970.0,225762.0,168.0
53.00167663471885,104720.0,265002.0,225773.0,168.0
53.00668151447661,104740.0,264993.0,225764.0,168.0
53.011686394234374,104785.0,265028.0,225777.0,168.0
53.01669127399214,104748.0,265000.0,225761.0,168.0
53.02169615374991,104755.0,265018.0,225791.0,168.0
53.02670103350767,104762.0,264987.0,225789.0,168.0
53.031705913265434,104765.0,265006.0,225774.0,168.0
53.0367107930232,104788.0,265000.0,225786.0,168.0
53.04171567278096,104804.0,265002.0,225778.0,168.0
53.04672055253872,104807.0,265016.0,225785.0,168.0
53.051725432296486,104791.0,265016.0,225791.0,168.0
53.05673031205425,104820.0,264994.0,225781.0,168.0
53.06173519181201,104827.0,264983.0,225795.0,168.0
53.066740071569775,104808.0,265022.0,225782.0,168.0
53.071744951327545,104804.0,264999.0,225801.0,168.0
53.07674983108531,104825.0,265005.0,225783.0,168.0
53.08175471084307,104818.0,265007.0,225794.0,168.0
53.086759590600835,104803.0,264980.0,225801.0,168.0
53.0917644703586,104820.0,264974.0,225807.0,168.0
53.09676935011636,104822.0,264986.0,225770.0,168.0
53.101774229874124,104811.0,265013.0,225784.0,168.0
53.10677910963189,104809.0,264994.0,225793.0,168.0
53.11178398938965,104806.0,264999.0,225789.0,168.0
53.11678886914742,104794.0,264988.0,225789.0,168.0
53.12179374890518,104804.0,264999.0,225774.0,168.0
53.12679862866295,104796.0,264979.0,225778.0,168.0
53.13180350842071,104806.0,264986.0,225781.0,168.0
53.13680838817847,104824.0,264986.0,225789.0,168.0
53.141813267936236,104837.0,264983.0,225791.0,168.0
53.146818147694,104825.0,264991.0,225781.0,168.0
53.15182302745176,104822.0,264978.0,225819.0,168.0
53.156827907209525,104847.0,264984.0,225792.0,168.0
53.16183278696729,104836.0,264977.0,225807.0,168.0
53.16683766672506,104826.0,264995.0,225797.0,168.0
53.17184254648282,104831.0,264977.0,225809.0,168.0
53.176847426240585,104874.0,264994.0,225810.0,168.0
53.18185230599835,104866.0,264985.0,225811.0,168.0
53.18685718575611,104855.0,264983.0,225809.0,168.0
53.191862065513874,104858.0,264980.0,225804.0,168.0
53.19686694527164,104885.0,264980.0,225809.0,168.0
53.2018718250294,104876.0,264989.0,225815.0,168.0
53.20687670478716,104877.0,265009.0,225812.0,168.0
53.211881584544926,104873.0,265006.0,225813.0,168.0
53.216886464302696,104882.0,265009.0,225817.0,168.0
53.22189134406046,104874.0,264994.0,225829.0,168.0
53.22689622381822,104880.0,265003.0,225818.0,168.0
53.231901103575986,104891.0,265006.0,225844.0,168.0
53.23690598333375,104916.0,265002.0,225834.0,168.0
53.24191086309151,104924.0,264994.0,225832.0,168.0
53.246915742849275,104921.0,265029.0,225820.0,168.0
53.25192062260704,104926.0,265007.0,225834.0,168.0
53.2569255023648,104907.0,265002.0,225838.0,168.0
53.261930382122564,104934.0,264980.0,225853.0,168.0
53.266935261880334,104951.0,264997.0,225866.0,168.0
53.2719401416381,104939.0,265033.0,225855.0,168.0
53.27694502139586,104977.0,265024.0,225845.0,168.0
53.281949901153624,104971.0,265037.0,225857.0,168.0
53.28695478091139,104981.0,265028.0,225873.0,168.0
53.29195966066915,104962.0,265000.0,225865.0,168.0
53.29696454042691,104954.0,265005.0,225863.0,168.0
53.301969420184676,105002.0,265050.0,225869.0,168.0
53.30697429994244,104988.0,265057.0,225876.0,168.0
53.31197917970021,104989.0,265031.0,225881.0,168.0
53.31698405945797,105002.0,265028.0,225868.0,168.0
53.321988939215736,104988.0,265062.0,225862.0,168.0
53.3269938189735,105007.0,265005.0,225862.0,168.0
53.33199869873126,104991.0,265015.0,225883.0,168.0
53.337003578489025,105020.0,265010.0,225878.0,168.0
53.34200845824679,104986.0,265011.0,225877.0,168.0
53.34701333800455,105004.0,265034.0,225876.0,168.0
53.352018217762314,105003.0,265045.0,225868.0,168.0
53.35702309752008,105009.0,265030.0,225893.0,168.0
53.36202797727785,105038.0,265005.0,225873.0,168.0
53.36703285703561,105019.0,265005.0,225888.0,168.0
53.372037736793374,105052.0,265030.0,225877.0,168.0
53.37704261655114,105032.0,265019.0,225879.0,168.0
53.3820474963089,105010.0,265038.0,225876.0,168.0
53.38705237606666,105024.0,265013.0,225873.0,168.0
53.392057255824426,105015.0,265033.0,225877.0,168.0
53.39706213558219,105036.0,265009.0,225875.0,168.0
53.40206701533995,105045.0,265028.0,225899.0,168.0
53.407071895097715,105044.0,265009.0,225905.0,168.0
53.412076774855485,105060.0,265022.0,225904.0,168.0
53.41708165461325,105045.0,265053.0,225905.0,168.0
53.42208653437101,105048.0,265037.0,225897.0,168.0
53.427091414128775,105077.0,265044.0,225902.0,168.0
53.43209629388654,105068.0,265021.0,225893.0,168.0
53.4371011736443,105074.0,265018.0,225901.0,168.0
53.442106053402064,105061.0,265038.0,225900.0,168.0
53.44711093315983,105079.0,265013.0,225906.0,168.0
53.45211581291759,105077.0,265042.0,225897.0,168.0
53.45712069267535,105078.0,265040.0,225923.0,168.0
53.46212557243312,105089.0,265055.0,225922.0,168.0
53.46713045219089,105101.0,265034.0,225905.0,168.0
53.47213533194865,105098.0,265028.0,225911.0,168.0
53.47714021170641,105100.0,265049.0,225913.0,168.0
53.482145091464176,105135.0,265036.0,225935.0,168.0
53.48714997122194,105093.0,265053.0,225933.0,168.0
53.4921548509797,105084.0,265048.0,225932.0,168.0
53.497159730737465,105115.0,265066.0,225936.0,168.0
53.50216461049523,105116.0,265042.0,225947.0,168.0
53.50716949025299,105146.0,265047.0,225940.0,168.0
53.51217437001076,105130.0,265048.0,225938.0,168.0
53.517179249768525,105148.0,265033.0,225926.0,168.0
53.52218412952629,105135.0,265026.0,225929.0,168.0
53.52718900928405,105118.0,265025.0,225928.0,168.0
53.532193889041814,105134.0,265048.0,225921.0,168.0
53.53719876879958,105141.0,265037.0,225951.0,168.0
53.54220364855734,105117.0,265049.0,225921.0,168.0
53.5472085283151,105087.0,265042.0,225926.0,168.0
53.552213408072866,105117.0,265000.0,225919.0,168.0
53.557218287830636,105111.0,265021.0,225890.0,168.0
53.5622231675884,105083.0,265020.0,225862.0,168.0
53.56722804734616,105052.0,265012.0,225861.0,168.0
53.572232927103926,105017.0,265023.0,225824.0,168.0
53.57723780686169,105027.0,265012.0,225837.0,168.0
53.58224268661945,105011.0,265031.0,225807.0,168.0
53.587247566377215,104950.0,265020.0,225775.0,168.0
53.59225244613498,104901.0,265018.0,225780.0,168.0
53.59725732589274,104880.0,264981.0,225776.0,168.0
53.602262205650504,104854.0,265003.0,225767.0,168.0
53.607267085408274,104795.0,264982.0,225733.0,168.0
53.61227196516604,104761.0,264965.0,225721.0,168.0
53.6172768449238,104740.0,264995.0,225714.0,168.0
53.622281724681564,104718.0,264972.0,225713.0,168.0
53.62728660443933,104668.0,264968.0,225712.0,168.0
53.63229148419709,104657.0,264984.0,225701.0,168.0
53.63729636395485,104646.0,264952.0,225695.0,168.0
53.642301243712616,104606.0,264974.0,225704.0,168.0
53.64730612347038,104574.0,264977.0,225680.0,168.0
53.65231100322814,104614.0,264961.0,225700.0,168.0
53.65731588298591,104595.0,264967.0,225700.0,168.0
53.662320762743676,104583.0,264969.0,225690.0,168.0
53.66732564250144,104551.0,264970.0,225684.0,168.0
53.6723305222592,104568.0,264973.0,225704.0,168.0
53.677335402016965,104586.0,264972.0,225708.0,168.0
53.68234028177473,104565.0,265002.0,225684.0,168.0
53.68734516153249,104588.0,264979.0,225687.0,168.0
53.692350041290254,104573.0,264980.0,225689.0,168.0
53.69735492104802,104604.0,264971.0,225673.0,168.0
53.70235980080578,104599.0,264976.0,225697.0,168.0
53.70736468056355,104587.0,265002.0,225692.0,168.0
53.712369560321314,104575.0,264993.0,225686.0,168.0
53.71737444007908,104589.0,264982.0,225704.0,168.0
53.72237931983684,104577.0,264983.0,225703.0,168.0
53.7273841995946,104606.0,264991.0,225684.0,168.0
53.732389079352366,104591.0,265010.0,225690.0,168.0
53.73739395911013,104606.0,264985.0,225687.0,168.0
53.74239883886789,104568.0,264989.0,225702.0,168.0
53.747403718625655,104631.0,264976.0,225719.0,168.0
53.752408598383425,104598.0,265003.0,225721.0,168.0
53.75741347814119,104590.0,265013.0,225708.0,168.0
53.76241835789895,104604.0,265009.0,225724.0,168.0
53.767423237656715,104673.0,265003.0,225711.0,168.0
53.77242811741448,104628.0,265003.0,225726.0,168.0
53.77743299717224,104635.0,265000.0,225746.0,168.0
53.782437876930004,104674.0,264999.0,225739.0,168.0
53.78744275668777,104672.0,265020.0,225741.0,168.0
53.79244763644553,104687.0,265003.0,225745.0,168.0
53.79745251620329,104687.0,265011.0,225727.0,168.0
53.80245739596106,104719.0,265000.0,225749.0,168.0
53.80746227571883,104749.0,265016.0,225747.0,168.0
53.81246715547659,104723.0,265011.0,225771.0,168.0
53.81747203523435,104712.0,265028.0,225764.0,168.0
53.822476914992116,104736.0,264996.0,225761.0,168.0
53.82748179474988,104747.0,265001.0,225767.0,168.0
53.83248667450764,104739.0,265024.0,225765.0,168.0
53.837491554265405,104748.0,265031.0,225776.0,168.0
53.84249643402317,104769.0,265009.0,225758.0,168.0
53.84750131378093,104766.0,265027.0,225776.0,168.0
53.8525061935387,104759.0,265013.0,225757.0,168.0
53.857511073296465,104758.0,265011.0,225783.0,168.0
53.86251595305423,104764.0,265010.0,225789.0,168.0
53.86752083281199,104777.0,265010.0,225768.0,168.0
53.872525712569754,104773.0,265026.0,225792.0,168.0
53.87753059232752,104798.0,265025.0,225785.0,168.0
53.88253547208528,104750.0,265030.0,225776.0,168.0
53.88754035184304,104775.0,265013.0,225778.0,168.0
53.892545231600806,104752.0,264994.0,225779.0,168.0
53.89755011135857,104777.0,265018.0,225785.0,168.0
53.90255499111634,104776.0,265020.0,225769.0,168.0
53.9075598708741,104795.0,265014.0,225778.0,168.0
53.912564750631866,104773.0,264993.0,225763.0,168.0
53.91756963038963,104809.0,265002.0,225782.0,168.0
53.92257451014739,104794.0,265008.0,225787.0,168.0
53.927579389905155,104794.0,264996.0,225778.0,168.0
53.93258426966292,104791.0,264988.0,225784.0,168.0
53.93758914942068,104806.0,265019.0,225787.0,168.0
53.942594029178444,104795.0,265015.0,225804.0,168.0
53.947598908936214,104817.0,265025.0,225803.0,168.0
53.95260378869398,104840.0,265023.0,225798.0,168.0
53.95760866845174,104829.0,265040.0,225791.0,168.0
53.962613548209504,104810.0,264999.0,225794.0,168.0
53.96761842796727,104845.0,265007.0,225799.0,168.0
53.97262330772503,104800.0,265033.0,225805.0,168.0
53.97762818748279,104831.0,265023.0,225817.0,168.0
53.982633067240556,104806.0,265011.0,225802.0,168.0
53.98763794699832,104835.0,265021.0,225812.0,168.0
53.99264282675608,104821.0,265026.0,225804.0,168.0
53.99764770651385,104842.0,265013.0,225818.0,168.0
54.002652586271616,104854.0,265051.0,225804.0,168.0
54.00765746602938,104874.0,265055.0,225803.0,168.0
54.01266234578714,104881.0,264992.0,225823.0,168.0
54.017667225544905,104862.0,265012.0,225833.0,168.0
54.02267210530267,104880.0,265047.0,225815.0,168.0
54.02767698506043,104872.0,265026.0,225835.0,168.0
54.032681864818194,104902.0,265035.0,225807.0,168.0
54.03768674457596,104895.0,265046.0,225806.0,168.0
54.04269162433372,104891.0,265050.0,225834.0,168.0
54.04769650409149,104906.0,265040.0,225831.0,168.0
54.052701383849254,104914.0,265041.0,225810.0,168.0
54.05770626360702,104885.0,265029.0,225824.0,168.0
54.06271114336478,104909.0,265011.0,225822.0,168.0
54.06771602312254,104899.0,265024.0,225828.0,168.0
54.072720902880306,104899.0,265025.0,225846.0,168.0
54.07772578263807,104914.0,265017.0,225834.0,168.0
54.08273066239583,104916.0,265023.0,225833.0,168.0
54.087735542153595,104916.0,265020.0,225844.0,168.0
54.09274042191136,104929.0,265023.0,225871.0,168.0
54.09774530166913,104923.0,265044.0,225854.0,168.0
54.10275018142689,104917.0,265025.0,225861.0,168.0
54.107755061184655,104926.0,265013.0,225878.0,168.0
54.11275994094242,104930.0,265024.0,225872.0,168.0
54.11776482070018,104928.0,265033.0,225855.0,168.0
54.122769700457944,104961.0,265016.0,225855.0,168.0
54.12777458021571,104933.0,265000.0,225866.0,168.0
54.13277945997347,104926.0,265029.0,225864.0,168.0
54.13778433973123,104957.0,264996.0,225861.0,168.0
54.142789219489,104942.0,264995.0,225877.0,168.0
54.14779409924677,104961.0,265023.0,225854.0,168.0
54.15279897900453,104935.0,264997.0,225859.0,168.0
54.15780385876229,104954.0,265004.0,225876.0,168.0
54.162808738520056,104964.0,265010.0,225850.0,168.0
54.16781361827782,104948.0,264998.0,225872.0,168.0
54.17281849803558,104971.0,265064.0,225846.0,168.0
54.177823377793345,104977.0,265025.0,225876.0,168.0
54.18282825755111,105001.0,265021.0,225878.0,168.0
54.18783313730887,105001.0,265017.0,225861.0,168.0
54.19283801706664,104970.0,264997.0,225860.0,168.0
54.197842896824405,104975.0,265032.0,225863.0,168.0
54.20284777658217,105003.0,265017.0,225856.0,168.0
54.20785265633993,104986.0,265033.0,225871.0,168.0
54.212857536097694,105004.0,265020.0,225877.0,168.0
54.21786241585546,104996.0,265037.0,225870.0,168.0
54.22286729561322,105003.0,265035.0,225866.0,168.0
54.22787217537098,105022.0,265046.0,225856.0,168.0
54.232877055128746,105027.0,265038.0,225870.0,168.0
54.23788193488651,105018.0,265048.0,225864.0,168.0
54.24288681464428,105023.0,265065.0,225886.0,168.0
54.24789169440204,105048.0,265053.0,225876.0,168.0
54.252896574159806,105037.0,265037.0,225874.0,168.0
54.25790145391757,105013.0,265056.0,225879.0,168.0
54.26290633367533,105043.0,265051.0,225869.0,168.0
54.267911213433095,105045.0,265018.0,225864.0,168.0
54.27291609319086,105035.0,265057.0,225878.0,168.0
54.27792097294862,105048.0,265029.0,225879.0,168.0
54.282925852706384,105065.0,265040.0,225859.0,168.0
54.28793073246415,105063.0,265016.0,225883.0,168.0
54.29293561222192,105064.0,265074.0,225898.0,168.0
54.29794049197968,105072.0,265062.0,225886.0,168.0
54.302945371737444,105060.0,265054.0,225877.0,168.0
54.30795025149521,105079.0,265045.0,225896.0,168.0
54.31295513125297,105066.0,265042.0,225909.0,168.0
54.31796001101073,105072.0,265042.0,225905.0,168.0
54.322964890768496,105060.0,265049.0,225908.0,168.0
54.32796977052626,105082.0,265059.0,225904.0,168.0
54.33297465028402,105043.0,265040.0,225901.0,168.0
54.337979530041785,105033.0,265057.0,225875.0,168.0
54.342984409799556,105049.0,265043.0,225878.0,168.0
54.34798928955732,104991.0,265025.0,225832.0,168.0
54.35299416931508,104991.0,265033.0,225837.0,168.0
54.357999049072845,104976.0,265031.0,225816.0,168.0
54.36300392883061,104907.0,265013.0,225777.0,168.0
54.36800880858837,104897.0,264989.0,225780.0,168.0
54.373013688346134,104881.0,264971.0,225767.0,168.0
54.3780185681039,104843.0,264979.0,225748.0,168.0
54.38302344786166,104806.0,264987.0,225730.0,168.0
54.38802832761943,104768.0,264963.0,225706.0,168.0
54.393033207377194,104762.0,265000.0,225733.0,168.0
54.39803808713496,104688.0,264956.0,225688.0,168.0
54.40304296689272,104686.0,264943.0,225680.0,168.0
54.40804784665048,104656.0,264973.0,225712.0,168.0
54.413052726408246,104625.0,264971.0,225692.0,168.0
54.41805760616601,104600.0,264951.0,225680.0,168.0
54.42306248592377,104583.0,264958.0,225681.0,168.0
54.428067365681535,104523.0,264964.0,225677.0,168.0
54.4330722454393,104555.0,264956.0,225692.0,168.0
54.43807712519707,104529.0,264933.0,225693.0,168.0
54.44308200495483,104501.0,264958.0,225676.0,168.0
54.448086884712595,104527.0,264989.0,225685.0,168.0
54.45309176447036,104535.0,264981.0,225681.0,168.0
54.45809664422812,104519.0,264980.0,225702.0,168.0
54.463101523985884,104537.0,264963.0,225723.0,168.0
54.46810640374365,104518.0,264978.0,225703.0,168.0
54.47311128350141,104515.0,264986.0,225722.0,168.0
54.47811616325917,104547.0,264980.0,225709.0,168.0
54.483121043016936,104511.0,264991.0,225718.0,168.0
54.48812592277471,104531.0,264971.0,225714.0,168.0
54.49313080253247,104533.0,264997.0,225727.0,168.0
54.49813568229023,104530.0,264967.0,225730.0,168.0
54.503140562047996,104544.0,264989.0,225718.0,168.0
54.50814544180576,104545.0,264972.0,225728.0,168.0
54.51315032156352,104506.0,264971.0,225731.0,168.0
54.518155201321285,104541.0,265003.0,225724.0,168.0
54.52316008107905,104530.0,264987.0,225718.0,168.0
54.52816496083681,104567.0,265009.0,225748.0,168.0
54.533169840594574,104591.0,264980.0,225735.0,168.0
54.538174720352345,104567.0,264986.0,225730.0,168.0
54.54317960011011,104607.0,264995.0,225734.0,168.0
54.54818447986787,104599.0,264990.0,225741.0,168.0
54.553189359625634,104602.0,264975.0,225748.0,168.0
54.5581942393834,104606.0,265017.0,225739.0,168.0
54.56319911914116,104619.0,264977.0,225744.0,168.0
54.56820399889892,104624.0,264988.0,225748.0,168.0
54.573208878656686,104637.0,265001.0,225771.0,168.0
54.57821375841445,104662.0,265020.0,225754.0,168.0
54.58321863817222,104667.0,264998.0,225786.0,168.0
54.58822351792998,104644.0,264999.0,225780.0,168.0
54.593228397687746,104678.0,264995.0,225776.0,168.0
54.59823327744551,104678.0,264976.0,225796.0,168.0
54.60323815720327,104682.0,265029.0,225799.0,168.0
54.608243036961035,104696.0,265039.0,225784.0,168.0
54.6132479167188,104677.0,265008.0,225804.0,168.0
54.61825279647656,104726.0,265009.0,225806.0,168.0
54.623257676234324,104704.0,265009.0,225818.0,168.0
54.62826255599209,104729.0,264999.0,225813.0,168.0
54.63326743574986,104726.0,265001.0,225830.0,168.0
54.63827231550762,104730.0,265014.0,225803.0,168.0
54.643277195265384,104731.0,265027.0,225801.0,168.0
54.64828207502315,104747.0,265041.0,225793.0,168.0
54.65328695478091,104746.0,265026.0,225804.0,168.0
54.65829183453867,104738.0,265012.0,225783.0,168.0
54.663296714296436,104726.0,265032.0,225790.0,168.0
54.6683015940542,104748.0,265022.0,225799.0,168.0
54.67330647381196,104756.0,265024.0,225805.0,168.0
54.678311353569725,104749.0,265010.0,225805.0,168.0
54.683316233327496,104774.0,265011.0,225799.0,168.0
54.68832111308526,104759.0,265014.0,225813.0,168.0
54.69332599284302,104744.0,265019.0,225813.0,168.0
54.698330872600785,104738.0,265016.0,225817.0,168.0
54.70333575235855,104771.0,265021.0,225810.0,168.0
54.70834063211631,104789.0,265016.0,225820.0,168.0
54.713345511874074,104774.0,265011.0,225830.0,168.0
54.71835039163184,104771.0,265032.0,225810.0,168.0
54.7233552713896,104776.0,265010.0,225807.0,168.0
54.72836015114736,104766.0,265021.0,225805.0,168.0
54.733365030905134,104794.0,265019.0,225820.0,168.0
54.7383699106629,104776.0,265011.0,225831.0,168.0
54.74337479042066,104831.0,265046.0,225830.0,168.0
54.74837967017842,104814.0,265020.0,225832.0,168.0
54.753384549936186,104796.0,265002.0,225833.0,168.0
54.75838942969395,104815.0,265005.0,225840.0,168.0
54.76339430945171,104833.0,265024.0,225852.0,168.0
54.768399189209475,104824.0,265047.0,225848.0,168.0
54.77340406896724,104803.0,265047.0,225832.0,168.0
54.77840894872501,104844.0,265009.0,225866.0,168.0
54.78341382848277,104824.0,265026.0,225848.0,168.0
54.788418708240535,104851.0,265030.0,225852.0,168.0
54.7934235879983,104847.0,265033.0,225863.0,168.0
54.79842846775606,104839.0,265002.0,225864.0,168.0
54.803433347513824,104864.0,265018.0,225866.0,168.0
54.80843822727159,104869.0,265011.0,225846.0,168.0
54.81344310702935,104848.0,265055.0,225864.0,168.0
54.81844798678711,104866.0,265019.0,225855.0,168.0
54.823452866544876,104850.0,265008.0,225870.0,168.0
54.82845774630265,104875.0,265041.0,225872.0,168.0
54.83346262606041,104904.0,265030.0,225878.0,168.0
54.83846750581817,104920.0,264998.0,225869.0,168.0
54.843472385575936,104901.0,265029.0,225887.0,168.0
54.8484772653337,104898.0,265026.0,225880.0,168.0
54.85348214509146,104883.0,265015.0,225877.0,168.0
54.858487024849225,104920.0,265006.0,225907.0,168.0
54.86349190460699,104908.0,265006.0,225899.0,168.0
54.86849678436475,104916.0,265035.0,225905.0,168.0
54.873501664122514,104955.0,265013.0,225893.0,168.0
54.878506543880285,104955.0,265015.0,225878.0,168.0
54.88351142363805,104938.0,265033.0,225884.0,168.0
54.88851630339581,104944.0,265053.0,225898.0,168.0
54.893521183153574,104927.0,265043.0,225933.0,168.0
54.89852606291134,104934.0,265036.0,225924.0,168.0
54.9035309426691,104944.0,265057.0,225915.0,168.0
54.90853582242686,104962.0,265020.0,225909.0,168.0
54.913540702184626,104970.0,265051.0,225904.0,168.0
54.91854558194239,104969.0,265020.0,225906.0,168.0
54.92355046170015,104989.0,265039.0,225898.0,168.0
54.92855534145792,104987.0,265067.0,225906.0,168.0
54.933560221215686,104977.0,265039.0,225913.0,168.0
54.93856510097345,104979.0,265045.0,225897.0,168.0
54.94356998073121,105008.0,265027.0,225937.0,168.0
54.948574860488975,104996.0,265034.0,225939.0,168.0
54.95357974024674,105010.0,265032.0,225932.0,168.0
54.9585846200045,104965.0,265048.0,225924.0,168.0
54.963589499762264,105014.0,265042.0,225953.0,168.0
54.96859437952003,105039.0,265047.0,225945.0,168.0
54.97359925927779,105020.0,265034.0,225968.0,168.0
54.97860413903556,105013.0,265070.0,225947.0,168.0
54.983609018793324,105011.0,265057.0,225956.0,168.0
54.98861389855109,105056.0,265050.0,225960.0,168.0
54.99361877830885,105061.0,265046.0,225957.0,168.0
54.99862365806661,105095.0,265047.0,225967.0,168.0
55.003628537824376,105071.0,265065.0,225964.0,168.0
55.00863341758214,105088.0,265057.0,225978.0,168.0
55.0136382973399,105073.0,265054.0,225971.0,168.0
55.018643177097665,105068.0,265053.0,225966.0,168.0
55.023648056855436,105097.0,265049.0,225983.0,168.0
55.0286529366132,105078.0,265040.0,225984.0,168.0
55.03365781637096,105108.0,265044.0,225986.0,168.0
55.038662696128725,105114.0,265027.0,225978.0,168.0
55.04366757588649,105119.0,265054.0,225975.0,168.0
55.04867245564425,105107.0,265040.0,225981.0,168.0
55.053677335402014,105140.0,265067.0,225979.0,168.0
55.05868221515978,105129.0,265031.0,226004.0,168.0
55.06368709491754,105124.0,265064.0,226026.0,168.0
55.0686919746753,105102.0,265066.0,226024.0,168.0
55.073696854433074,105105.0,265070.0,226014.0,168.0
55.07870173419084,105150.0,265059.0,226024.0,168.0
55.0837066139486,105106.0,265063.0,226011.0,168.0
55.08871149370636,105124.0,265069.0,226008.0,168.0
55.093716373464126,105134.0,265054.0,226008.0,168.0
55.09872125322189,105134.0,265075.0,226029.0,168.0
55.10372613297965,105137.0,265054.0,226022.0,168.0
55.108731012737415,105141.0,265051.0,225990.0,168.0
55.11373589249518,105118.0,265073.0,226005.0,168.0
55.11874077225294,105113.0,265063.0,225963.0,168.0
55.12374565201071,105060.0,265025.0,225972.0,168.0
55.128750531768475,105093.0,265015.0,225951.0,168.0
55.13375541152624,105051.0,265009.0,225929.0,168.0
55.138760291284,105009.0,265019.0,225886.0,168.0
55.143765171041764,104993.0,265027.0,225886.0,168.0
55.14877005079953,104980.0,264979.0,225876.0,168.0
55.15377493055729,104944.0,264980.0,225855.0,168.0
55.15877981031505,104919.0,264978.0,225819.0,168.0
55.163784690072816,104885.0,264988.0,225821.0,168.0
55.16878956983058,104832.0,264998.0,225812.0,168.0
55.17379444958835,104810.0,264963.0,225794.0,168.0
55.17879932934611,104797.0,264966.0,225799.0,168.0
55.183804209103876,104758.0,264974.0,225782.0,168.0
55.18880908886164,104740.0,264965.0,225758.0,168.0
55.1938139686194,104722.0,264957.0,225748.0,168.0
55.198818848377165,104702.0,264980.0,225791.0,168.0
55.20382372813493,104718.0,264996.0,225771.0,168.0
55.20882860789269,104700.0,264972.0,225770.0,168.0
55.213833487650454,104691.0,264955.0,225753.0,168.0
55.218838367408225,104674.0,264970.0,225753.0,168.0
55.22384324716599,104685.0,264959.0,225755.0,168.0
55.22884812692375,104686.0,264954.0,225762.0,168.0
55.233853006681514,104678.0,264976.0,225770.0,168.0
55.23885788643928,104681.0,264954.0,225764.0,168.0
55.24386276619704,104668.0,264980.0,225761.0,168.0
55.2488676459548,104691.0,264968.0,225779.0,168.0
55.253872525712566,104691.0,264985.0,225775.0,168.0
55.25887740547033,104717.0,264975.0,225784.0,168.0
55.26388228522809,104669.0,264969.0,225785.0,168.0
55.26888716498586,104700.0,264956.0,225784.0,168.0
55.273892044743626,104698.0,264952.0,225774.0,168.0
55.27889692450139,104670.0,264962.0,225774.0,168.0
55.28390180425915,104699.0,265004.0,225766.0,168.0
55.288906684016915,104709.0,264962.0,225800.0,168.0
55.29391156377468,104706.0,265000.0,225767.0,168.0
55.29891644353244,104739.0,264971.0,225771.0,168.0
55.303921323290204,104696.0,264966.0,225793.0,168.0
55.30892620304797,104740.0,264971.0,225801.0,168.0
55.31393108280573,104753.0,264978.0,225794.0,168.0
55.3189359625635,104746.0,264981.0,225792.0,168.0
55.323940842321264,104713.0,264983.0,225831.0,168.0
55.32894572207903,104757.0,264970.0,225829.0,168.0
55.33395060183679,104771.0,264996.0,225840.0,168.0
55.33895548159455,104790.0,265000.0,225822.0,168.0
55.343960361352316,104796.0,264964.0,225833.0,168.0
55.34896524111008,104774.0,264995.0,225854.0,168.0
55.35397012086784,104801.0,264999.0,225832.0,168.0
55.358975000625605,104831.0,264982.0,225853.0,168.0
55.36397988038337,104790.0,265014.0,225830.0,168.0
55.36898476014114,104813.0,264976.0,225850.0,168.0
55.3739896398989,104822.0,265025.0,225834.0,168.0
55.378994519656665,104847.0,264986.0,225840.0,168.0
55.38399939941443,104856.0,265007.0,225864.0,168.0
55.38900427917219,104858.0,265000.0,225839.0,168.0
55.394009158929954,104868.0,264983.0,225840.0,168.0
55.39901403868772,104862.0,264992.0,225840.0,168.0
55.40401891844548,104863.0,264983.0,225837.0,168.0
55.40902379820324,104831.0,265002.0,225828.0,168.0
55.414028677961014,104854.0,265006.0,225852.0,168.0
55.41903355771878,104853.0,265008.0,225864.0,168.0
55.42403843747654,104864.0,265005.0,225851.0,168.0
55.4290433172343,104840.0,265009.0,225851.0,168.0
55.434048196992066,104886.0,264986.0,225831.0,168.0
55.43905307674983,104858.0,264980.0,225860.0,168.0
55.44405795650759,104859.0,265000.0,225859.0,168.0
55.449062836265355,104850.0,265001.0,225866.0,168.0
55.45406771602312,104831.0,264996.0,225861.0,168.0
55.45907259578088,104892.0,264991.0,225843.0,168.0
55.46407747553865,104892.0,264981.0,225864.0,168.0
55.469082355296415,104896.0,265010.0,225855.0,168.0
55.47408723505418,104848.0,264998.0,225854.0,168.0
55.47909211481194,104864.0,264968.0,225862.0,168.0
55.484096994569704,104870.0,265006.0,225865.0,168.0
55.48910187432747,104892.0,265005.0,225868.0,168.0
55.49410675408523,104891.0,264983.0,225845.0,168.0
55.49911163384299,104909.0,264996.0,225845.0,168.0
55.504116513600756,104897.0,264987.0,225868.0,168.0
55.50912139335852,104875.0,264974.0,225880.0,168.0
55.51412627311629,104884.0,264994.0,225852.0,168.0
55.51913115287405,104888.0,264989.0,225859.0,168.0
55.524136032631816,104899.0,264990.0,225874.0,168.0
55.52914091238958,104916.0,264998.0,225882.0,168.0
55.53414579214734,104915.0,264970.0,225887.0,168.0
55.539150671905105,104926.0,264994.0,225878.0,168.0
55.54415555166287,104935.0,265018.0,225866.0,168.0
55.54916043142063,104935.0,264980.0,225893.0,168.0
55.554165311178394,104941.0,264975.0,225890.0,168.0
55.55917019093616,104932.0,264970.0,225891.0,168.0
55.56417507069393,104961.0,264987.0,225883.0,168.0
55.56917995045169,104961.0,265012.0,225905.0,168.0
55.574184830209454,104955.0,264996.0,225895.0,168.0
55.57918970996722,104945.0,264995.0,225874.0,168.0
55.58419458972498,104979.0,264979.0,225910.0,168.0
55.58919946948274,104992.0,264979.0,225902.0,168.0
55.594204349240506,105000.0,264990.0,225906.0,168.0
55.59920922899827,104979.0,265013.0,225911.0,168.0
55.60421410875603,104949.0,265008.0,225881.0,168.0
55.609218988513796,104996.0,264999.0,225912.0,168.0
55.614223868271566,105015.0,265017.0,225905.0,168.0
55.61922874802933,105006.0,265022.0,225943.0,168.0
55.62423362778709,104971.0,265024.0,225907.0,168.0
55.629238507544855,104999.0,264998.0,225919.0,168.0
55.63424338730262,105016.0,265015.0,225923.0,168.0
55.63924826706038,105021.0,265007.0,225937.0,168.0
55.644253146818144,105003.0,264976.0,225918.0,168.0
55.64925802657591,105024.0,265007.0,225925.0,168.0
55.65426290633367,105038.0,265024.0,225945.0,168.0
55.65926778609144,105041.0,265003.0,225922.0,168.0
55.664272665849204,105049.0,265019.0,225930.0,168.0
55.66927754560697,105044.0,265044.0,225910.0,168.0
55.67428242536473,105034.0,265015.0,225942.0,168.0
55.67928730512249,105069.0,265001.0,225938.0,168.0
55.684292184880256,105042.0,265004.0,225936.0,168.0
55.68929706463802,105087.0,265009.0,225950.0,168.0
55.69430194439578,105063.0,265001.0,225952.0,168.0
55.699306824153545,105078.0,264985.0,225935.0,168.0
55.70431170391131,105071.0,265015.0,225970.0,168.0
55.70931658366908,105061.0,265013.0,225949.0,168.0
55.71432146342684,105063.0,265002.0,225954.0,168.0
55.719326343184605,105075.0,265044.0,225958.0,168.0
55.72433122294237,105064.0,265000.0,225956.0,168.0
55.72933610270013,105076.0,264997.0,225956.0,168.0
55.734340982457894,105082.0,265010.0,225957.0,168.0
55.73934586221566,105092.0,265044.0,225971.0,168.0
55.74435074197342,105095.0,265021.0,225983.0,168.0
55.74935562173118,105111.0,265033.0,225979.0,168.0
55.75436050148895,105132.0,265031.0,225969.0,168.0
55.75936538124672,105115.0,265023.0,225975.0,168.0
55.76437026100448,105114.0,265056.0,225970.0,168.0
55.76937514076224,105161.0,265045.0,225986.0,168.0
55.774380020520006,105129.0,265032.0,225975.0,168.0
55.77938490027777,105141.0,265018.0,225993.0,168.0
55.78438978003553,105153.0,265024.0,225960.0,168.0
55.789394659793295,105149.0,265025.0,225992.0,168.0
55.79439953955106,105159.0,265035.0,225980.0,168.0
55.79940441930882,105155.0,265040.0,225969.0,168.0
55.804409299066585,105129.0,265038.0,225967.0,168.0
55.809414178824355,105163.0,265017.0,225981.0,168.0
55.81441905858212,105157.0,265058.0,225987.0,168.0
55.81942393833988,105144.0,265052.0,225995.0,168.0
55.824428818097644,105131.0,265015.0,225999.0,168.0
55.82943369785541,105155.0,265032.0,225988.0,168.0
55.83443857761317,105159.0,265012.0,225998.0,168.0
55.83944345737093,105158.0,265037.0,225979.0,168.0
55.844448337128696,105121.0,265035.0,225985.0,168.0
55.84945321688646,105114.0,265025.0,225985.0,168.0
55.85445809664423,105119.0,265022.0,225972.0,168.0
55.85946297640199,105118.0,265030.0,225956.0,168.0
55.864467856159756,105109.0,265005.0,225938.0,168.0
55.86947273591752,105081.0,265017.0,225936.0,168.0
55.87447761567528,105060.0,265028.0,225911.0,168.0
55.879482495433045,105057.0,264995.0,225881.0,168.0
55.88448737519081,104997.0,264989.0,225879.0,168.0
55.88949225494857,105003.0,264983.0,225854.0,168.0
55.894497134706334,104962.0,264994.0,225844.0,168.0
55.8995020144641,104924.0,264986.0,225812.0,168.0
55.90450689422187,104890.0,264964.0,225814.0,168.0
55.90951177397963,104869.0,264966.0,225800.0,168.0
55.914516653737394,104855.0,264968.0,225790.0,168.0
55.91952153349516,104829.0,264970.0,225771.0,168.0
55.92452641325292,104794.0,264960.0,225777.0,168.0
55.92953129301068,104785.0,264969.0,225771.0,168.0
55.934536172768446,104715.0,265006.0,225749.0,168.0
55.93954105252621,104755.0,264949.0,225752.0,168.0
55.94454593228397,104707.0,264978.0,225731.0,168.0
55.949550812041736,104725.0,264988.0,225768.0,168.0
55.954555691799506,104698.0,264944.0,225763.0,168.0
55.95956057155727,104710.0,264991.0,225769.0,168.0
55.96456545131503,104676.0,264955.0,225753.0,168.0
55.969570331072795,104696.0,264963.0,225772.0,168.0
55.97457521083056,104711.0,264962.0,225764.0,168.0
55.97958009058832,104692.0,264991.0,225758.0,168.0
55.984584970346084,104692.0,264967.0,225750.0,168.0
55.98958985010385,104694.0,264974.0,225767.0,168.0
55.99459472986161,104751.0,264967.0,225755.0,168.0
55.99959960961937,104705.0,264993.0,225765.0,168.0
56.004604489377144,104712.0,265002.0,225761.0,168.0
56.00960936913491,104726.0,264977.0,225773.0,168.0
56.01461424889267,104713.0,265006.0,225772.0,168.0
56.01961912865043,104702.0,264993.0,225785.0,168.0
56.024624008408196,104732.0,265004.0,225774.0,168.0
56.02962888816596,104731.0,264998.0,225786.0,168.0
56.03463376792372,104734.0,265010.0,225790.0,168.0
56.039638647681485,104743.0,265018.0,225786.0,168.0
56.04464352743925,104720.0,264986.0,225797.0,168.0
56.04964840719702,104738.0,265001.0,225792.0,168.0
56.05465328695478,104779.0,264989.0,225809.0,168.0
56.059658166712545,104789.0,265009.0,225806.0,168.0
56.06466304647031,104768.0,265026.0,225783.0,168.0
56.06966792622807,104815.0,265007.0,225809.0,168.0
56.074672805985834,104811.0,265032.0,225814.0,168.0
56.0796776857436,104827.0,265004.0,225838.0,168.0
56.08468256550136,104824.0,265027.0,225850.0,168.0
56.08968744525912,104796.0,265036.0,225829.0,168.0
56.09469232501689,104845.0,265027.0,225856.0,168.0
56.09969720477466,104819.0,265023.0,225829.0,168.0
56.10470208453242,104845.0,265029.0,225846.0,168.0
56.10970696429018,104880.0,265017.0,225853.0,168.0
56.114711844047946,104881.0,265026.0,225858.0,168.0
56.11971672380571,104862.0,265018.0,225862.0,168.0
56.12472160356347,104877.0,265018.0,225836.0,168.0
56.129726483321235,104887.0,265031.0,225853.0,168.0
56.134731363079,104890.0,265032.0,225838.0,168.0
56.13973624283676,104874.0,265015.0,225827.0,168.0
56.144741122594525,104877.0,265026.0,225832.0,168.0
56.149746002352295,104883.0,265037.0,225859.0,168.0
56.15475088211006,104906.0,265032.0,225838.0,168.0
56.15975576186782,104870.0,265008.0,225859.0,168.0
56.164760641625584,104890.0,265041.0,225869.0,168.0
56.16976552138335,104876.0,265041.0,225853.0,168.0
56.17477040114111,104884.0,265021.0,225879.0,168.0
56.17977528089887,104904.0,265006.0,225828.0,168.0
56.184780160656636,104871.0,265042.0,225843.0,168.0
56.1897850404144,104888.0,265050.0,225842.0,168.0
56.19478992017216,104892.0,265052.0,225830.0,168.0
56.19979479992993,104886.0,265030.0,225843.0,168.0
56.204799679687696,104873.0,264999.0,225843.0,168.0
56.20980455944546,104891.0,265032.0,225849.0,168.0
56.21480943920322,104914.0,265037.0,225864.0,168.0
56.219814318960985,104911.0,265023.0,225871.0,168.0
56.22481919871875,104887.0,265024.0,225850.0,168.0
56.22982407847651,104902.0,265029.0,225858.0,168.0
56.234828958234274,104921.0,265054.0,225869.0,168.0
56.23983383799204,104886.0,265057.0,225868.0,168.0
56.2448387177498,104921.0,265035.0,225867.0,168.0
56.24984359750757,104909.0,265045.0,225855.0,168.0
56.254848477265334,104942.0,265043.0,225879.0,168.0
56.2598533570231,104944.0,265066.0,225890.0,168.0
56.26485823678086,104958.0,265073.0,225865.0,168.0
56.26986311653862,104942.0,265062.0,225876.0,168.0
56.274867996296386,104957.0,265057.0,225901.0,168.0
56.27987287605415,104972.0,265076.0,225873.0,168.0
56.28487775581191,104952.0,265061.0,225875.0,168.0
56.289882635569676,104990.0,265075.0,225910.0,168.0
56.294887515327446,104973.0,265058.0,225903.0,168.0
56.29989239508521,105000.0,265052.0,225897.0,168.0
56.30489727484297,104987.0,265076.0,225888.0,168.0
56.309902154600735,104993.0,265073.0,225910.0,168.0
56.3149070343585,104997.0,265100.0,225914.0,168.0
56.31991191411626,105011.0,265042.0,225927.0,168.0
56.324916793874024,105026.0,265071.0,225919.0,168.0
56.32992167363179,105010.0,265066.0,225908.0,168.0
56.33492655338955,105001.0,265058.0,225921.0,168.0
56.339931433147314,105065.0,265057.0,225939.0,168.0
56.344936312905084,105023.0,265082.0,225937.0,168.0
56.34994119266285,105041.0,265078.0,225933.0,168.0
56.35494607242061,105052.0,265107.0,225951.0,168.0
56.35995095217837,105054.0,265088.0,225945.0,168.0
56.364955831936136,105034.0,265071.0,225924.0,168.0
56.3699607116939,105084.0,265099.0,225939.0,168.0
56.37496559145166,105057.0,265087.0,225932.0,168.0
56.379970471209425,105082.0,265079.0,225928.0,168.0
56.38497535096719,105057.0,265091.0,225911.0,168.0
56.38998023072495,105064.0,265085.0,225950.0,168.0
56.39498511048272,105081.0,265094.0,225936.0,168.0
56.399989990240485,105086.0,265077.0,225934.0,168.0
56.40499486999825,105095.0,265071.0,225984.0,168.0
56.40999974975601,105092.0,265060.0,225965.0,168.0
56.415004629513774,105088.0,265086.0,225964.0,168.0
56.42000950927154,105116.0,265064.0,225944.0,168.0
56.4250143890293,105116.0,265099.0,225965.0,168.0
56.43001926878706,105097.0,265064.0,225982.0,168.0
56.43502414854483,105121.0,265055.0,225970.0,168.0
56.44002902830259,105140.0,265080.0,225988.0,168.0
56.44503390806036,105120.0,265103.0,225973.0,168.0
56.45003878781812,105123.0,265077.0,225962.0,168.0
56.455043667575886,105153.0,265089.0,225981.0,168.0
56.46004854733365,105138.0,265058.0,225986.0,168.0
56.46505342709141,105138.0,265063.0,225992.0,168.0
56.470058306849175,105134.0,265078.0,226000.0,168.0
56.47506318660694,105098.0,265060.0,225970.0,168.0
56.4800680663647,105149.0,265085.0,225983.0,168.0
56.485072946122465,105165.0,265064.0,225982.0,168.0
56.490077825880235,105155.0,265107.0,225999.0,168.0
56.495082705638,105127.0,265101.0,225991.0,168.0
56.50008758539576,105179.0,265074.0,225997.0,168.0
56.505092465153524,105169.0,265079.0,225975.0,168.0
56.51009734491129,105167.0,265123.0,226007.0,168.0
56.51510222466905,105164.0,265068.0,225986.0,168.0
56.52010710442681,105169.0,265092.0,226000.0,168.0
56.525111984184576,105194.0,265112.0,226009.0,168.0
56.53011686394234,105194.0,265076.0,226011.0,168.0
56.5351217437001,105175.0,265089.0,226013.0,168.0
56.54012662345787,105210.0,265098.0,226023.0,168.0
56.545131503215636,105216.0,265074.0,226029.0,168.0
56.5501363829734,105202.0,265077.0,226014.0,168.0
56.55514126273116,105204.0,265120.0,226022.0,168.0
56.560146142488925,105190.0,265073.0,226017.0,168.0
56.56515102224669,105148.0,265096.0,226005.0,168.0
56.57015590200445,105183.0,265059.0,225998.0,168.0
56.575160781762214,105181.0,265094.0,226008.0,168.0
56.58016566151998,105157.0,265038.0,226009.0,168.0
56.58517054127774,105141.0,265047.0,225966.0,168.0
56.59017542103551,105101.0,265052.0,225937.0,168.0
56.595180300793274,105096.0,265066.0,225944.0,168.0
56.60018518055104,105039.0,265050.0,225900.0,168.0
56.6051900603088,105047.0,265048.0,225891.0,168.0
56.61019494006656,105019.0,265045.0,225889.0,168.0
56.615199819824326,104964.0,265034.0,225845.0,168.0
56.62020469958209,104932.0,265023.0,225843.0,168.0
56.62520957933985,104886.0,265021.0,225846.0,168.0
56.630214459097616,104871.0,265024.0,225823.0,168.0
56.63521933885538,104876.0,265024.0,225805.0,168.0
56.64022421861315,104823.0,265042.0,225779.0,168.0
56.64522909837091,104796.0,265015.0,225772.0,168.0
56.650233978128675,104766.0,265009.0,225767.0,168.0
56.65523885788644,104749.0,265020.0,225772.0,168.0
56.6602437376442,104727.0,264995.0,225763.0,168.0
56.665248617401964,104724.0,265017.0,225744.0,168.0
56.67025349715973,104706.0,265031.0,225758.0,168.0
56.67525837691749,104699.0,265023.0,225778.0,168.0
56.680263256675254,104742.0,265032.0,225778.0,168.0
56.685268136433024,104717.0,265001.0,225769.0,168.0
56.69027301619079,104713.0,265033.0,225772.0,168.0
56.69527789594855,104661.0,265023.0,225768.0,168.0
56.70028277570631,104695.0,265010.0,225755.0,168.0
56.705287655464076,104679.0,265012.0,225772.0,168.0
56.71029253522184,104697.0,265023.0,225764.0,168.0
56.7152974149796,104669.0,265018.0,225758.0,168.0
56.720302294737365,104711.0,265011.0,225755.0,168.0
56.72530717449513,104708.0,265022.0,225773.0,168.0
56.73031205425289,104670.0,265048.0,225769.0,168.0
56.73531693401066,104702.0,265001.0,225776.0,168.0
56.740321813768425,104715.0,265027.0,225787.0,168.0
56.74532669352619,104675.0,265031.0,225789.0,168.0
56.75033157328395,104711.0,265024.0,225763.0,168.0
56.755336453041714,104732.0,265026.0,225786.0,168.0
56.76034133279948,104685.0,265016.0,225781.0,168.0
56.76534621255724,104712.0,265037.0,225785.0,168.0
56.770351092315,104718.0,265046.0,225781.0,168.0
56.77535597207277,104719.0,265057.0,225808.0,168.0
56.78036085183053,104759.0,265054.0,225808.0,168.0
56.7853657315883,104744.0,265042.0,225792.0,168.0
56.79037061134606,104724.0,265019.0,225805.0,168.0
56.795375491103826,104759.0,265041.0,225818.0,168.0
56.80038037086159,104775.0,265057.0,225805.0,168.0
56.80538525061935,104768.0,265062.0,225828.0,168.0
56.810390130377115,104783.0,265056.0,225813.0,168.0
56.81539501013488,104810.0,265047.0,225821.0,168.0
56.82039988989264,104822.0,265081.0,225824.0,168.0
56.825404769650405,104834.0,265051.0,225860.0,168.0
56.83040964940817,104805.0,265069.0,225852.0,168.0
56.83541452916594,104822.0,265077.0,225851.0,168.0
56.8404194089237,104817.0,265062.0,225853.0,168.0
56.845424288681464,104850.0,265057.0,225853.0,168.0
56.85042916843923,104810.0,265054.0,225847.0,168.0
56.85543404819699,104829.0,265053.0,225850.0,168.0
56.86043892795475,104847.0,265063.0,225839.0,168.0
56.865443807712516,104842.0,265066.0,225847.0,168.0
56.87044868747028,104843.0,265080.0,225840.0,168.0
56.87545356722804,104876.0,265087.0,225844.0,168.0
56.88045844698581,104863.0,265071.0,225843.0,168.0
56.885463326743576,104855.0,265073.0,225868.0,168.0
56.89046820650134,104862.0,265078.0,225837.0,168.0
56.8954730862591,104855.0,265067.0,225847.0,168.0
56.900477966016865,104864.0,265063.0,225872.0,168.0
56.90548284577463,104875.0,265039.0,225864.0,168.0
56.91048772553239,104825.0,265078.0,225852.0,168.0
56.915492605290154,104858.0,265090.0,225844.0,168.0
56.92049748504792,104860.0,265068.0,225842.0,168.0
56.92550236480568,104854.0,265084.0,225866.0,168.0
56.93050724456345,104839.0,265068.0,225873.0,168.0
56.935512124321214,104885.0,265065.0,225859.0,168.0
56.94051700407898,104880.0,265065.0,225887.0,168.0
56.94552188383674,104866.0,265058.0,225867.0,168.0
56.9505267635945,104849.0,265078.0,225870.0,168.0
56.955531643352266,104866.0,265058.0,225867.0,168.0
56.96053652311003,104865.0,265076.0,225874.0,168.0
56.96554140286779,104849.0,265054.0,225878.0,168.0
56.970546282625556,104834.0,265082.0,225866.0,168.0
56.97555116238332,104858.0,265072.0,225884.0,168.0
56.98055604214109,104869.0,265078.0,225892.0,168.0
56.98556092189885,104888.0,265100.0,225894.0,168.0
56.990565801656615,104906.0,265098.0,225893.0,168.0
56.99557068141438,104909.0,265078.0,225885.0,168.0
57.00057556117214,104870.0,265080.0,225869.0,168.0
57.005580440929904,104928.0,265096.0,225895.0,168.0
57.01058532068767,104913.0,265073.0,225885.0,168.0
57.01559020044543,104917.0,265106.0,225883.0,168.0
57.020595080203194,104938.0,265087.0,225889.0,168.0
57.02559995996096,104908.0,265082.0,225883.0,168.0
57.03060483971873,104932.0,265080.0,225905.0,168.0
57.03560971947649,104936.0,265077.0,225898.0,168.0
57.04061459923425,104956.0,265081.0,225900.0,168.0
57.045619478992016,104969.0,265066.0,225923.0,168.0
57.05062435874978,104926.0,265076.0,225912.0,168.0
57.05562923850754,104955.0,265048.0,225915.0,168.0
57.060634118265305,104964.0,265120.0,225910.0,168.0
57.06563899802307,104939.0,265090.0,225914.0,168.0
57.07064387778083,105010.0,265085.0,225925.0,168.0
57.075648757538595,104981.0,265066.0,225944.0,168.0
57.080653637296365,104980.0,265086.0,225940.0,168.0
57.08565851705413,105008.0,265096.0,225947.0,168.0
57.09066339681189,104973.0,265098.0,225943.0,168.0
57.095668276569654,105007.0,265082.0,225942.0,168.0
57.10067315632742,105003.0,265083.0,225941.0,168.0
57.10567803608518,104999.0,265091.0,225939.0,168.0
57.11068291584294,105047.0,265103.0,225950.0,168.0
57.11568779560071,105048.0,265104.0,225974.0,168.0
57.12069267535847,105024.0,265118.0,225964.0,168.0
57.12569755511624,104999.0,265118.0,225953.0,168.0
57.130702434874,105034.0,265088.0,225974.0,168.0
57.135707314631766,105008.0,265108.0,225953.0,168.0
57.14071219438953,105051.0,265101.0,225950.0,168.0
57.14571707414729,105039.0,265093.0,225963.0,168.0
57.150721953905055,105041.0,265069.0,225962.0,168.0
57.15572683366282,105043.0,265098.0,225968.0,168.0
57.16073171342058,105083.0,265114.0,225962.0,168.0
57.165736593178345,105034.0,265105.0,225981.0,168.0
57.17074147293611,105066.0,265112.0,225967.0,168.0
57.17574635269388,105042.0,265092.0,225969.0,168.0
57.18075123245164,105052.0,265104.0,225980.0,168.0
57.185756112209404,105088.0,265106.0,225982.0,168.0
57.19076099196717,105056.0,265076.0,226002.0,168.0
57.19576587172493,105046.0,265088.0,225981.0,168.0
57.20077075148269,105067.0,265105.0,225999.0,168.0
57.205775631240456,105103.0,265110.0,225982.0,168.0
57.21078051099822,105076.0,265107.0,225997.0,168.0
57.21578539075598,105090.0,265091.0,225987.0,168.0
57.220790270513746,105106.0,265083.0,225984.0,168.0
57.225795150271516,105099.0,265110.0,225999.0,168.0
57.23080003002928,105111.0,265116.0,226007.0,168.0
57.23580490978704,105081.0,265075.0,226015.0,168.0
57.240809789544805,105092.0,265117.0,226009.0,168.0
57.24581466930257,105145.0,265114.0,226003.0,168.0
57.25081954906033,105119.0,265120.0,226007.0,168.0
57.255824428818094,105095.0,265115.0,226024.0,168.0
57.26082930857586,105126.0,265111.0,226020.0,168.0
57.26583418833362,105158.0,265111.0,226008.0,168.0
57.270839068091384,105146.0,265110.0,226018.0,168.0
57.275843947849154,105136.0,265125.0,226033.0,168.0
57.28084882760692,105144.0,265118.0,226034.0,168.0
57.28585370736468,105168.0,265113.0,226010.0,168.0
57.29085858712244,105181.0,265109.0,226020.0,168.0
57.295863466880206,105143.0,265142.0,226031.0,168.0
57.30086834663797,105133.0,265096.0,226029.0,168.0
57.30587322639573,105144.0,265123.0,226026.0,168.0
57.310878106153496,105113.0,265120.0,226023.0,168.0
57.31588298591126,105101.0,265122.0,226004.0,168.0
57.32088786566903,105098.0,265090.0,226009.0,168.0
57.32589274542679,105098.0,265113.0,225985.0,168.0
57.330897625184555,105065.0,265095.0,225960.0,168.0
57.33590250494232,105039.0,265091.0,225950.0,168.0
57.34090738470008,105062.0,265067.0,225920.0,168.0
57.345912264457844,104998.0,265082.0,225899.0,168.0
57.35091714421561,104983.0,265072.0,225883.0,168.0
57.35592202397337,104933.0,265082.0,225877.0,168.0
57.360926903731134,104916.0,265080.0,225864.0,168.0
57.3659317834889,104891.0,265056.0,225842.0,168.0
57.37093666324667,104809.0,265021.0,225811.0,168.0
57.37594154300443,104788.0,265059.0,225820.0,168.0
57.38094642276219,104770.0,265050.0,225800.0,168.0
57.385951302519956,104738.0,265031.0,225774.0,168.0
57.39095618227772,104712.0,265028.0,225776.0,168.0
57.39596106203548,104691.0,265036.0,225773.0,168.0
57.400965941793245,104664.0,265013.0,225767.0,168.0
57.40597082155101,104669.0,265026.0,225772.0,168.0
57.41097570130877,104629.0,265031.0,225772.0,168.0
57.415980581066535,104634.0,265063.0,225773.0,168.0
57.420985460824305,104634.0,265013.0,225770.0,168.0
57.42599034058207,104606.0,265053.0,225770.0,168.0
57.43099522033983,104606.0,265050.0,225771.0,168.0
57.436000100097594,104599.0,265038.0,225763.0,168.0
57.44100497985536,104600.0,265038.0,225753.0,168.0
57.44600985961312,104613.0,265033.0,225784.0,168.0
57.45101473937088,104631.0,265049.0,225768.0,168.0
57.45601961912865,104626.0,265029.0,225783.0,168.0
57.46102449888641,104591.0,265020.0,225765.0,168.0
57.46602937864417,104619.0,265055.0,225773.0,168.0
57.47103425840194,104612.0,265036.0,225774.0,168.0
57.476039138159706,104606.0,265045.0,225751.0,168.0
57.48104401791747,104600.0,265057.0,225793.0,168.0
57.48604889767523,104623.0,265082.0,225766.0,168.0
57.491053777432995,104601.0,265037.0,225791.0,168.0
57.49605865719076,104610.0,265054.0,225775.0,168.0
57.50106353694852,104623.0,265044.0,225815.0,168.0
57.506068416706285,104648.0,265056.0,225777.0,168.0
57.51107329646405,104646.0,265070.0,225802.0,168.0
57.51607817622182,104632.0,265059.0,225813.0,168.0
57.52108305597958,104673.0,265034.0,225782.0,168.0
57.526087935737344,104658.0,265063.0,225795.0,168.0
57.53109281549511,104712.0,265049.0,225797.0,168.0
57.53609769525287,104711.0,265077.0,225803.0,168.0
57.54110257501063,104694.0,265046.0,225810.0,168.0
57.546107454768396,104701.0,265075.0,225831.0,168.0
57.55111233452616,104694.0,265030.0,225835.0,168.0
57.55611721428392,104728.0,265060.0,225812.0,168.0
57.561122094041686,104751.0,265070.0,225841.0,168.0
57.566126973799456,104719.0,265086.0,225844.0,168.0
57.57113185355722,104761.0,265091.0,225843.0,168.0
57.57613673331498,104744.0,265092.0,225839.0,168.0
57.581141613072745,104771.0,265043.0,225845.0,168.0
57.58614649283051,104744.0,265073.0,225855.0,168.0
57.59115137258827,104755.0,265089.0,225853.0,168.0
57.596156252346034,104776.0,265082.0,225862.0,168.0
57.6011611321038,104774.0,265087.0,225869.0,168.0
57.60616601186156,104796.0,265079.0,225844.0,168.0
57.611170891619324,104801.0,265077.0,225866.0,168.0
57.616175771377094,104810.0,265119.0,225852.0,168.0
57.62118065113486,104777.0,265084.0,225860.0,168.0
57.62618553089262,104800.0,265095.0,225862.0,168.0
57.63119041065038,104839.0,265095.0,225866.0,168.0
57.636195290408146,104823.0,265085.0,225869.0,168.0
57.64120017016591,104816.0,265096.0,225857.0,168.0
57.64620504992367,104829.0,265085.0,225858.0,168.0
57.651209929681436,104803.0,265081.0,225852.0,168.0
57.6562148094392,104807.0,265068.0,225851.0,168.0
57.66121968919696,104816.0,265092.0,225861.0,168.0
57.66622456895473,104842.0,265086.0,225850.0,168.0
57.671229448712495,104816.0,265071.0,225841.0,168.0
57.67623432847026,104815.0,265106.0,225883.0,168.0
57.68123920822802,104826.0,265070.0,225866.0,168.0
57.686244087985784,104825.0,265082.0,225871.0,168.0
57.69124896774355,104810.0,265093.0,225870.0,168.0
57.69625384750131,104839.0,265105.0,225862.0,168.0
57.701258727259074,104806.0,265078.0,225879.0,168.0
57.70626360701684,104812.0,265090.0,225879.0,168.0
57.7112684867746,104825.0,265087.0,225885.0,168.0
57.71627336653237,104851.0,265111.0,225892.0,168.0
57.72127824629013,104878.0,265112.0,225876.0,168.0
57.726283126047896,104850.0,265099.0,225896.0,168.0
57.73128800580566,104857.0,265101.0,225901.0,168.0
57.73629288556342,104853.0,265083.0,225894.0,168.0
57.741297765321185,104872.0,265096.0,225892.0,168.0
57.74630264507895,104879.0,265117.0,225910.0,168.0
57.75130752483671,104874.0,265123.0,225911.0,168.0
57.756312404594475,104897.0,265110.0,225915.0,168.0
57.761317284352245,104885.0,265105.0,225925.0,168.0
57.76632216411001,104894.0,265128.0,225931.0,168.0
57.77132704386777,104892.0,265088.0,225917.0,168.0
57.776331923625534,104904.0,265112.0,225923.0,168.0
57.7813368033833,104926.0,265119.0,225934.0,168.0
57.78634168314106,104946.0,265132.0,225936.0,168.0
57.79134656289882,104937.0,265119.0,225916.0,168.0
57.79635144265659,104921.0,265115.0,225945.0,168.0
57.80135632241435,104948.0,265123.0,225946.0,168.0
57.80636120217211,104942.0,265103.0,225941.0,168.0
57.81136608192988,104965.0,265128.0,225931.0,168.0
57.816370961687646,104982.0,265116.0,225951.0,168.0
57.82137584144541,104964.0,265101.0,225926.0,168.0
57.82638072120317,104968.0,265130.0,225946.0,168.0
57.831385600960935,104941.0,265137.0,225927.0,168.0
57.8363904807187,104961.0,265109.0,225955.0,168.0
57.84139536047646,104962.0,265117.0,225954.0,168.0
57.846400240234225,104979.0,265103.0,225941.0,168.0
57.85140511999199,104999.0,265119.0,225956.0,168.0
57.85640999974975,104979.0,265097.0,225960.0,168.0
57.86141487950752,104979.0,265136.0,225955.0,168.0
57.866419759265284,104971.0,265113.0,225953.0,168.0
57.87142463902305,105018.0,265136.0,225945.0,168.0
57.87642951878081,105011.0,265125.0,225952.0,168.0
57.88143439853857,105010.0,265130.0,225984.0,168.0
57.886439278296336,105026.0,265139.0,225987.0,168.0
57.8914441580541,105052.0,265115.0,225974.0,168.0
57.89644903781186,105025.0,265133.0,225976.0,168.0
57.901453917569626,105022.0,265154.0,225983.0,168.0
57.90645879732739,105015.0,265136.0,225986.0,168.0
57.91146367708516,105011.0,265155.0,225954.0,168.0
57.91646855684292,105047.0,265124.0,225973.0,168.0
57.921473436600685,105065.0,265140.0,225964.0,168.0
57.92647831635845,105058.0,265142.0,225970.0,168.0
57.93148319611621,105062.0,265112.0,225983.0,168.0
57.936488075873974,105056.0,265142.0,226013.0,168.0
57.94149295563174,105056.0,265145.0,225972.0,168.0
57.9464978353895,105060.0,265118.0,225990.0,168.0
57.951502715147264,105062.0,265129.0,225991.0,168.0
57.956507594905034,105092.0,265141.0,225992.0,168.0
57.9615124746628,105073.0,265133.0,226003.0,168.0
57.96651735442056,105065.0,265139.0,225991.0,168.0
57.97152223417832,105090.0,265146.0,226012.0,168.0
57.976527113936086,105079.0,265116.0,226002.0,168.0
57.98153199369385,105084.0,265150.0,225995.0,168.0
57.98653687345161,105086.0,265135.0,226015.0,168.0
57.991541753209376,105118.0,265143.0,226008.0,168.0
57.99654663296714,105107.0,265122.0,226007.0,168.0
58.0015515127249,105052.0,265160.0,226036.0,168.0
58.00655639248267,105122.0,265129.0,226017.0,168.0
58.011561272240435,105121.0,265161.0,226015.0,168.0
58.0165661519982,105119.0,265158.0,226039.0,168.0
58.02157103175596,105117.0,265171.0,226022.0,168.0
58.026575911513724,105150.0,265113.0,226025.0,168.0
58.03158079127149,105153.0,265174.0,226029.0,168.0
58.03658567102925,105128.0,265162.0,226030.0,168.0
58.041590550787014,105146.0,265157.0,226030.0,168.0
58.04659543054478,105133.0,265147.0,226053.0,168.0
58.05160031030254,105134.0,265180.0,226022.0,168.0
58.05660519006031,105130.0,265174.0,226026.0,168.0
58.06161006981807,105126.0,265174.0,226032.0,168.0
58.066614949575836,105103.0,265164.0,226024.0,168.0
58.0716198293336,105118.0,265173.0,226036.0,168.0
58.07662470909136,105116.0,265133.0,226019.0,168.0
58.081629588849125,105102.0,265161.0,226012.0,168.0
58.08663446860689,105082.0,265123.0,225985.0,168.0
58.09163934836465,105078.0,265104.0,225962.0,168.0
58.096644228122415,105044.0,265118.0,225957.0,168.0
58.10164910788018,105006.0,265095.0,225915.0,168.0
58.10665398763795,104999.0,265078.0,225902.0,168.0
58.11165886739571,104927.0,265085.0,225890.0,168.0
58.116663747153474,104921.0,265081.0,225869.0,168.0
58.12166862691124,104895.0,265084.0,225862.0,168.0
58.126673506669,104874.0,265062.0,225834.0,168.0
58.13167838642676,104807.0,265064.0,225840.0,168.0
58.13668326618453,104757.0,265087.0,225806.0,168.0
58.14168814594229,104761.0,265034.0,225783.0,168.0
58.14669302570005,104733.0,265063.0,225789.0,168.0
58.15169790545782,104709.0,265060.0,225784.0,168.0
58.156702785215586,104639.0,265063.0,225790.0,168.0
58.16170766497335,104668.0,265057.0,225776.0,168.0
58.16671254473111,104682.0,265057.0,225777.0,168.0
58.171717424488875,104629.0,265061.0,225763.0,168.0
58.17672230424664,104613.0,265041.0,225757.0,168.0
58.1817271840044,104599.0,265061.0,225779.0,168.0
58.186732063762165,104597.0,265065.0,225789.0,168.0
58.19173694351993,104610.0,265030.0,225766.0,168.0
58.19674182327769,104596.0,265056.0,225741.0,168.0
58.20174670303546,104610.0,265054.0,225765.0,168.0
58.206751582793224,104591.0,265041.0,225784.0,168.0
58.21175646255099,104611.0,265046.0,225771.0,168.0
58.21676134230875,104597.0,265044.0,225768.0,168.0
58.22176622206651,104607.0,265045.0,225755.0,168.0
58.226771101824276,104601.0,265061.0,225751.0,168.0
58.23177598158204,104620.0,265034.0,225795.0,168.0
58.2367808613398,104604.0,265028.0,225782.0,168.0
58.241785741097566,104606.0,265078.0,225787.0,168.0
58.24679062085533,104633.0,265060.0,225773.0,168.0
58.2517955006131,104626.0,265058.0,225765.0,168.0
58.25680038037086,104585.0,265047.0,225769.0,168.0
58.261805260128625,104624.0,265043.0,225778.0,168.0
58.26681013988639,104632.0,265079.0,225784.0,168.0
58.27181501964415,104627.0,265070.0,225775.0,168.0
58.276819899401914,104628.0,265039.0,225786.0,168.0
58.28182477915968,104656.0,265051.0,225777.0,168.0
58.28682965891744,104646.0,265049.0,225801.0,168.0
58.291834538675204,104648.0,265058.0,225798.0,168.0
58.29683941843297,104628.0,265046.0,225795.0,168.0
58.30184429819074,104675.0,265059.0,225810.0,168.0
58.3068491779485,104678.0,265093.0,225815.0,168.0
58.31185405770626,104683.0,265049.0,225822.0,168.0
58.316858937464026,104684.0,265051.0,225846.0,168.0
58.32186381722179,104693.0,265068.0,225815.0,168.0
58.32686869697955,104698.0,265069.0,225831.0,168.0
58.331873576737316,104705.0,265059.0,225859.0,168.0
58.33687845649508,104745.0,265059.0,225845.0,168.0
58.34188333625284,104709.0,265078.0,225836.0,168.0
58.346888216010605,104743.0,265051.0,225844.0,168.0
58.351893095768375,104728.0,265077.0,225833.0,168.0
58.35689797552614,104755.0,265085.0,225835.0,168.0
58.3619028552839,104755.0,265072.0,225851.0,168.0
58.366907735041664,104778.0,265088.0,225859.0,168.0
58.37191261479943,104768.0,265068.0,225842.0,168.0
58.37691749455719,104762.0,265059.0,225827.0,168.0
58.381922374314954,104756.0,265053.0,225852.0,168.0
58.38692725407272,104782.0,265074.0,225870.0,168.0
58.39193213383048,104763.0,265052.0,225850.0,168.0
58.39693701358825,104767.0,265075.0,225840.0,168.0
58.40194189334601,104770.0,265043.0,225830.0,168.0
58.406946773103776,104758.0,265048.0,225848.0,168.0
58.41195165286154,104760.0,265046.0,225842.0,168.0
58.4169565326193,104830.0,265056.0,225846.0,168.0
58.421961412377065,104748.0,265066.0,225855.0,168.0
58.42696629213483,104783.0,265100.0,225840.0,168.0
58.43197117189259,104779.0,265057.0,225859.0,168.0
58.436976051650355,104792.0,265038.0,225853.0,168.0
58.44198093140812,104788.0,265052.0,225833.0,168.0
58.44698581116589,104806.0,265058.0,225842.0,168.0
58.45199069092365,104770.0,265048.0,225845.0,168.0
58.456995570681414,104779.0,265039.0,225845.0,168.0
58.46200045043918,104792.0,265080.0,225845.0,168.0
58.46700533019694,104775.0,265046.0,225871.0,168.0
58.4720102099547,104777.0,265052.0,225854.0,168.0
58.47701508971247,104828.0,265060.0,225851.0,168.0
58.48201996947023,104810.0,265060.0,225872.0,168.0
58.48702484922799,104835.0,265084.0,225875.0,168.0
58.492029728985756,104785.0,265076.0,225881.0,168.0
58.497034608743526,104818.0,265054.0,225854.0,168.0
58.50203948850129,104816.0,265084.0,225881.0,168.0
58.50704436825905,104811.0,265078.0,225904.0,168.0
58.512049248016815,104824.0,265054.0,225897.0,168.0
58.51705412777458,104844.0,265042.0,225893.0,168.0
58.52205900753234,104819.0,265059.0,225901.0,168.0
58.527063887290105,104845.0,265049.0,225887.0,168.0
58.53206876704787,104842.0,265050.0,225886.0,168.0
58.53707364680563,104860.0,265065.0,225893.0,168.0
58.542078526563394,104874.0,265070.0,225899.0,168.0
58.547083406321164,104852.0,265057.0,225895.0,168.0
58.55208828607893,104874.0,265048.0,225907.0,168.0
58.55709316583669,104862.0,265054.0,225902.0,168.0
58.56209804559445,104889.0,265048.0,225898.0,168.0
58.567102925352216,104876.0,265047.0,225921.0,168.0
58.57210780510998,104889.0,265033.0,225916.0,168.0
58.57711268486774,104907.0,265060.0,225911.0,168.0
58.582117564625506,104892.0,265066.0,225911.0,168.0
58.58712244438327,104929.0,265063.0,225913.0,168.0
58.59212732414104,104899.0,265083.0,225912.0,168.0
58.5971322038988,104899.0,265045.0,225918.0,168.0
58.602137083656565,104933.0,265060.0,225943.0,168.0
58.60714196341433,104930.0,265063.0,225917.0,168.0
58.61214684317209,104931.0,265051.0,225912.0,168.0
58.617151722929854,104909.0,265075.0,225928.0,168.0
58.62215660268762,104954.0,265057.0,225936.0,168.0
58.62716148244538,104931.0,265069.0,225941.0,168.0
58.632166362203144,104936.0,265049.0,225938.0,168.0
58.63717124196091,104949.0,265079.0,225941.0,168.0
58.64217612171868,104951.0,265062.0,225948.0,168.0
58.64718100147644,104958.0,265069.0,225941.0,168.0
58.6521858812342,104976.0,265075.0,225949.0,168.0
58.657190760991966,104979.0,265075.0,225954.0,168.0
58.66219564074973,104976.0,265095.0,225951.0,168.0
58.66720052050749,104974.0,265088.0,225933.0,168.0
58.672205400265256,104995.0,265089.0,225982.0,168.0
58.67721028002302,104988.0,265058.0,225961.0,168.0
58.68221515978078,104979.0,265082.0,225965.0,168.0
58.687220039538545,104967.0,265082.0,225975.0,168.0
58.692224919296315,104996.0,265084.0,225964.0,168.0
58.69722979905408,105033.0,265056.0,225963.0,168.0
58.70223467881184,104980.0,265083.0,225958.0,168.0
58.707239558569604,105003.0,265069.0,225992.0,168.0
58.71224443832737,105042.0,265092.0,225975.0,168.0
58.71724931808513,105006.0,265081.0,225976.0,168.0
58.722254197842894,105042.0,265102.0,225977.0,168.0
58.72725907760066,105061.0,265076.0,225971.0,168.0
58.73226395735842,105014.0,265072.0,225983.0,168.0
58.73726883711618,105046.0,265067.0,226006.0,168.0
58.74227371687395,105035.0,265093.0,226003.0,168.0
58.747278596631716,105059.0,265077.0,225982.0,168.0
58.75228347638948,105057.0,265089.0,226006.0,168.0
58.75728835614724,105062.0,265096.0,225996.0,168.0
58.762293235905005,105083.0,265086.0,225999.0,168.0
58.76729811566277,105102.0,265093.0,226011.0,168.0
58.77230299542053,105068.0,265107.0,225997.0,168.0
58.777307875178295,105092.0,265100.0,226004.0,168.0
58.78231275493606,105063.0,265111.0,226009.0,168.0
58.78731763469383,105086.0,265110.0,226028.0,168.0
58.79232251445159,105105.0,265098.0,226031.0,168.0
58.797327394209354,105088.0,265080.0,225999.0,168.0
58.80233227396712,105104.0,265066.0,226018.0,168.0
58.80733715372488,105086.0,265075.0,226021.0,168.0
58.81234203348264,105119.0,265097.0,226024.0,168.0
58.81734691324041,105102.0,265094.0,226021.0,168.0
58.82235179299817,105074.0,265080.0,226030.0,168.0
58.82735667275593,105089.0,265090.0,226015.0,168.0
58.832361552513696,105103.0,265105.0,226024.0,168.0
58.837366432271466,105052.0,265083.0,226000.0,168.0
58.84237131202923,105050.0,265079.0,226008.0,168.0
58.84737619178699,105054.0,265040.0,225979.0,168.0
58.852381071544755,104985.0,265080.0,225967.0,168.0
58.85738595130252,105000.0,265053.0,225929.0,168.0
58.86239083106028,104956.0,265012.0,225884.0,168.0
58.867395710818045,104945.0,265013.0,225903.0,168.0
58.87240059057581,104921.0,265017.0,225882.0,168.0
58.87740547033357,104890.0,265020.0,225836.0,168.0
58.882410350091334,104860.0,264998.0,225840.0,168.0
58.887415229849104,104801.0,264993.0,225823.0,168.0
58.89242010960687,104792.0,265013.0,225792.0,168.0
58.89742498936463,104749.0,265004.0,225797.0,168.0
58.90242986912239,104698.0,265011.0,225793.0,168.0
58.907434748880156,104687.0,264994.0,225781.0,168.0
58.91243962863792,104628.0,264983.0,225769.0,168.0
58.91744450839568,104629.0,264991.0,225785.0,168.0
58.922449388153446,104618.0,264999.0,225764.0,168.0
58.92745426791121,104616.0,264993.0,225767.0,168.0
58.93245914766897,104612.0,265002.0,225762.0,168.0
58.93746402742674,104640.0,265002.0,225750.0,168.0
58.942468907184505,104590.0,264997.0,225761.0,168.0
58.94747378694227,104566.0,264967.0,225790.0,168.0
58.95247866670003,104570.0,264997.0,225751.0,168.0
58.957483546457794,104589.0,264979.0,225761.0,168.0
58.96248842621556,104562.0,265002.0,225762.0,168.0
58.96749330597332,104589.0,264986.0,225775.0,168.0
58.972498185731084,104570.0,265005.0,225775.0,168.0
58.97750306548885,104582.0,264998.0,225747.0,168.0
58.98250794524661,104588.0,264987.0,225756.0,168.0
58.98751282500438,104568.0,264988.0,225786.0,168.0
58.99251770476214,104590.0,264977.0,225751.0,168.0
58.997522584519906,104611.0,264990.0,225775.0,168.0
59.00252746427767,104591.0,264988.0,225784.0,168.0
59.00753234403543,104566.0,265004.0,225774.0,168.0
59.012537223793196,104603.0,264991.0,225779.0,168.0
59.01754210355096,104626.0,264999.0,225769.0,168.0
59.02254698330872,104617.0,265007.0,225776.0,168.0
59.027551863066485,104607.0,265002.0,225779.0,168.0
59.032556742824255,104626.0,265005.0,225787.0,168.0
59.03756162258202,104647.0,264993.0,225798.0,168.0
59.04256650233978,104642.0,265022.0,225798.0,168.0
59.047571382097544,104629.0,264997.0,225814.0,168.0
59.05257626185531,104663.0,264993.0,225803.0,168.0
59.05758114161307,104674.0,265020.0,225817.0,168.0
59.062586021370834,104679.0,265011.0,225822.0,168.0
59.0675909011286,104684.0,265010.0,225817.0,168.0
59.07259578088636,104695.0,265006.0,225823.0,168.0
59.07760066064412,104708.0,265012.0,225825.0,168.0
59.08260554040189,104715.0,264999.0,225820.0,168.0
59.087610420159656,104670.0,265001.0,225824.0,168.0
59.09261529991742,104728.0,265005.0,225845.0,168.0
59.09762017967518,104717.0,265044.0,225835.0,168.0
59.102625059432945,104687.0,265026.0,225841.0,168.0
59.10762993919071,104736.0,265036.0,225842.0,168.0
59.11263481894847,104742.0,265021.0,225844.0,168.0
59.117639698706235,104763.0,265012.0,225843.0,168.0
59.122644578464,104742.0,265014.0,225847.0,168.0
59.12764945822176,104759.0,265033.0,225847.0,168.0
59.13265433797953,104743.0,265006.0,225837.0,168.0
59.137659217737294,104750.0,265042.0,225842.0,168.0
59.14266409749506,104737.0,265025.0,225854.0,168.0
59.14766897725282,104768.0,264997.0,225836.0,168.0
59.15267385701058,104749.0,265006.0,225842.0,168.0
59.15767873676835,104740.0,264991.0,225848.0,168.0
59.16268361652611,104744.0,265019.0,225834.0,168.0
59.16768849628387,104773.0,265000.0,225830.0,168.0
59.172693376041636,104752.0,265010.0,225855.0,168.0
59.1776982557994,104778.0,265023.0,225854.0,168.0
59.18270313555717,104756.0,264988.0,225840.0,168.0
59.18770801531493,104763.0,264999.0,225839.0,168.0
59.192712895072695,104763.0,265020.0,225835.0,168.0
59.19771777483046,104762.0,265024.0,225839.0,168.0
59.20272265458822,104749.0,265014.0,225837.0,168.0
59.207727534345985,104769.0,265007.0,225845.0,168.0
59.21273241410375,104756.0,265023.0,225861.0,168.0
59.21773729386151,104779.0,264995.0,225841.0,168.0
59.222742173619274,104773.0,264999.0,225836.0,168.0
59.227747053377044,104769.0,265001.0,225859.0,168.0
59.23275193313481,104762.0,264992.0,225854.0,168.0
59.23775681289257,104780.0,264978.0,225845.0,168.0
59.24276169265033,104758.0,265014.0,225849.0,168.0
59.247766572408096,104792.0,264990.0,225850.0,168.0
59.25277145216586,104808.0,265010.0,225856.0,168.0
59.25777633192362,104794.0,264995.0,225855.0,168.0
59.262781211681386,104765.0,265026.0,225870.0,168.0
59.26778609143915,104804.0,264984.0,225879.0,168.0
59.27279097119691,104822.0,264982.0,225870.0,168.0
59.27779585095468,104833.0,264992.0,225882.0,168.0
59.282800730712445,104793.0,265012.0,225879.0,168.0
59.28780561047021,104820.0,264995.0,225884.0,168.0
59.29281049022797,104833.0,264988.0,225891.0,168.0
59.297815369985734,104812.0,265014.0,225907.0,168.0
59.3028202497435,104831.0,264995.0,225887.0,168.0
59.30782512950126,104831.0,265025.0,225897.0,168.0
59.312830009259024,104868.0,265028.0,225887.0,168.0
59.31783488901679,104849.0,265031.0,225907.0,168.0
59.32283976877455,104841.0,265011.0,225900.0,168.0
59.32784464853232,104859.0,265024.0,225894.0,168.0
59.33284952829008,104832.0,265021.0,225903.0,168.0
59.337854408047846,104846.0,265032.0,225891.0,168.0
59.34285928780561,104889.0,265015.0,225893.0,168.0
59.34786416756337,104874.0,265021.0,225879.0,168.0
59.352869047321136,104897.0,265012.0,225911.0,168.0
59.3578739270789,104892.0,265015.0,225899.0,168.0
59.36287880683666,104908.0,265010.0,225921.0,168.0
59.367883686594425,104896.0,265011.0,225880.0,168.0
59.37288856635219,104903.0,265018.0,225914.0,168.0
59.37789344610996,104852.0,265004.0,225922.0,168.0
59.38289832586772,104913.0,265015.0,225925.0,168.0
59.387903205625484,104886.0,265017.0,225941.0,168.0
59.39290808538325,104934.0,265025.0,225921.0,168.0
59.39791296514101,104890.0,265032.0,225924.0,168.0
59.402917844898774,104894.0,265010.0,225934.0,168.0
59.40792272465654,104911.0,265015.0,225930.0,168.0
59.4129276044143,104923.0,265028.0,225947.0,168.0
59.41793248417206,104924.0,265008.0,225948.0,168.0
59.42293736392983,104904.0,265010.0,225926.0,168.0
59.427942243687596,104939.0,265034.0,225935.0,168.0
59.43294712344536,104951.0,265026.0,225954.0,168.0
59.43795200320312,104961.0,265049.0,225944.0,168.0
59.442956882960885,104977.0,265033.0,225962.0,168.0
59.44796176271865,104969.0,265017.0,225966.0,168.0
59.45296664247641,104985.0,265053.0,225965.0,168.0
59.457971522234175,104986.0,265023.0,225944.0,168.0
59.46297640199194,104961.0,265035.0,225960.0,168.0
59.4679812817497,104957.0,265024.0,225951.0,168.0
59.47298616150747,104968.0,265057.0,225984.0,168.0
59.477991041265234,104982.0,265041.0,225971.0,168.0
59.482995921023,104995.0,265032.0,225964.0,168.0
59.48800080078076,104937.0,265055.0,225968.0,168.0
59.49300568053852,105020.0,265049.0,225983.0,168.0
59.49801056029629,105010.0,265042.0,225988.0,168.0
59.50301544005405,105015.0,265045.0,225992.0,168.0
59.50802031981181,105028.0,265057.0,225992.0,168.0
59.513025199569576,105024.0,265031.0,225979.0,168.0
59.51803007932734,105051.0,265037.0,225998.0,168.0
59.52303495908511,105035.0,265054.0,225987.0,168.0
59.52803983884287,105015.0,265049.0,226002.0,168.0
59.533044718600635,105046.0,265065.0,226000.0,168.0
59.5380495983584,105067.0,265057.0,225998.0,168.0
59.54305447811616,105037.0,265062.0,226011.0,168.0
59.548059357873925,105057.0,265047.0,226005.0,168.0
59.55306423763169,105050.0,265055.0,226003.0,168.0
59.55806911738945,105029.0,265085.0,225982.0,168.0
59.563073997147214,105038.0,265063.0,225979.0,168.0
59.56807887690498,105017.0,265044.0,225991.0,168.0
59.57308375666275,105028.0,265066.0,225982.0,168.0
59.57808863642051,104998.0,265013.0,225965.0,168.0
59.58309351617827,104985.0,265028.0,225951.0,168.0
59.588098395936036,104953.0,265041.0,225925.0,168.0
59.5931032756938,104925.0,265013.0,225919.0,168.0
59.59810815545156,104885.0,265026.0,225890.0,168.0
59.603113035209326,104892.0,265022.0,225845.0,168.0
59.60811791496709,104850.0,265016.0,225858.0,168.0
59.61312279472485,104845.0,264997.0,225845.0,168.0
59.61812767448262,104753.0,264995.0,225807.0,168.0
59.623132554240385,104746.0,264972.0,225798.0,168.0
59.62813743399815,104713.0,264986.0,225798.0,168.0
59.63314231375591,104723.0,264991.0,225794.0,168.0
59.638147193513674,104669.0,264967.0,225786.0,168.0
59.64315207327144,104639.0,265003.0,225774.0,168.0
59.6481569530292,104613.0,264971.0,225760.0,168.0
59.653161832786964,104601.0,264956.0,225748.0,168.0
59.65816671254473,104580.0,264987.0,225731.0,168.0
59.66317159230249,104575.0,264982.0,225753.0,168.0
59.66817647206026,104525.0,264978.0,225738.0,168.0
59.67318135181802,104562.0,264970.0,225758.0,168.0
59.678186231575786,104526.0,264989.0,225739.0,168.0
59.68319111133355,104539.0,264976.0,225748.0,168.0
59.68819599109131,104542.0,264998.0,225742.0,168.0
59.693200870849076,104547.0,264966.0,225754.0,168.0
59.69820575060684,104528.0,264996.0,225751.0,168.0
59.7032106303646,104508.0,264994.0,225738.0,168.0
59.708215510122365,104524.0,264983.0,225764.0,168.0
59.71322038988013,104537.0,265004.0,225752.0,168.0
59.7182252696379,104540.0,265012.0,225751.0,168.0
59.72323014939566,104557.0,264981.0,225743.0,168.0
59.728235029153424,104573.0,264983.0,225737.0,168.0
59.73323990891119,104540.0,265005.0,225754.0,168.0
59.73824478866895,104559.0,264974.0,225770.0,168.0
59.743249668426714,104543.0,265006.0,225739.0,168.0
59.74825454818448,104557.0,264994.0,225754.0,168.0
59.75325942794224,104561.0,264998.0,225769.0,168.0
59.7582643077,104559.0,264983.0,225773.0,168.0
59.763269187457766,104564.0,264993.0,225764.0,168.0
59.768274067215536,104590.0,264988.0,225762.0,168.0
59.7732789469733,104564.0,264963.0,225781.0,168.0
59.77828382673106,104589.0,264988.0,225779.0,168.0
59.783288706488825,104618.0,264995.0,225773.0,168.0
59.78829358624659,104596.0,265012.0,225791.0,168.0
59.79329846600435,104602.0,264989.0,225789.0,168.0
59.798303345762115,104636.0,265001.0,225801.0,168.0
59.80330822551988,104676.0,265020.0,225823.0,168.0
59.80831310527764,104639.0,265025.0,225804.0,168.0
59.813317985035404,104659.0,265024.0,225829.0,168.0
59.818322864793174,104642.0,265043.0,225821.0,168.0
59.82332774455094,104669.0,265022.0,225810.0,168.0
59.8283326243087,104713.0,265077.0,225827.0,168.0
59.83333750406646,104699.0,265035.0,225838.0,168.0
59.83834238382423,104698.0,265045.0,225845.0,168.0
59.84334726358199,104701.0,265038.0,225839.0,168.0
59.84835214333975,104716.0,265036.0,225851.0,168.0
59.853357023097516,104717.0,265043.0,225829.0,168.0
59.85836190285528,104715.0,265044.0,225848.0,168.0
59.86336678261305,104712.0,265089.0,225823.0,168.0
59.86837166237081,104734.0,265008.0,225842.0,168.0
59.873376542128575,104711.0,265059.0,225855.0,168.0
59.87838142188634,104721.0,265057.0,225862.0,168.0
59.8833863016441,104725.0,265051.0,225860.0,168.0
59.888391181401865,104720.0,265040.0,225828.0,168.0
59.89339606115963,104726.0,265054.0,225827.0,168.0
59.89840094091739,104735.0,265044.0,225858.0,168.0
59.903405820675154,104723.0,265033.0,225855.0,168.0
59.90841070043292,104730.0,265032.0,225852.0,168.0
59.91341558019069,104729.0,265046.0,225856.0,168.0
59.91842045994845,104767.0,265027.0,225842.0,168.0
59.92342533970621,104715.0,265025.0,225847.0,168.0
59.928430219463976,104737.0,265045.0,225852.0,168.0
59.93343509922174,104730.0,265025.0,225846.0,168.0
59.9384399789795,104745.0,265055.0,225859.0,168.0
59.943444858737266,104724.0,265040.0,225838.0,168.0
59.94844973849503,104738.0,265029.0,225848.0,168.0
59.95345461825279,104767.0,265030.0,225852.0,168.0
59.958459498010555,104770.0,265039.0,225866.0,168.0
59.963464377768325,104737.0,265045.0,225878.0,168.0
59.96846925752609,104765.0,265045.0,225878.0,168.0
59.97347413728385,104776.0,265087.0,225888.0,168.0
59.978479017041614,104767.0,265086.0,225896.0,168.0
59.98348389679938,104762.0,265051.0,225876.0,168.0
59.98848877655714,104793.0,265024.0,225883.0,168.0
59.993493656314904,104792.0,265050.0,225892.0,168.0
59.99849853607267,104806.0,265063.0,225920.0,168.0
60.00350341583043,104788.0,265048.0,225906.0,168.0
60.00850829558819,104804.0,265036.0,225910.0,168.0
60.01351317534596,104778.0,265089.0,225898.0,168.0
60.018518055103726,104802.0,265091.0,225905.0,168.0
60.02352293486149,104814.0,265080.0,225889.0,168.0
60.02852781461925,104842.0,265075.0,225902.0,168.0
60.033532694377016,104840.0,265067.0,225910.0,168.0
60.03853757413478,104824.0,265072.0,225930.0,168.0
60.04354245389254,104849.0,265093.0,225927.0,168.0
60.048547333650305,104820.0,265062.0,225922.0,168.0
60.05355221340807,104832.0,265095.0,225914.0,168.0
60.05855709316584,104859.0,265091.0,225925.0,168.0
60.0635619729236,104892.0,265123.0,225946.0,168.0
60.068566852681364,104842.0,265073.0,225942.0,168.0
60.07357173243913,104871.0,265059.0,225924.0,168.0
60.07857661219689,104855.0,265085.0,225949.0,168.0
60.083581491954654,104889.0,265071.0,225947.0,168.0
60.08858637171242,104898.0,265080.0,225919.0,168.0
60.09359125147018,104904.0,265072.0,225946.0,168.0
60.09859613122794,104918.0,265098.0,225963.0,168.0
60.103601010985706,104905.0,265088.0,225946.0,168.0
60.108605890743476,104896.0,265084.0,225947.0,168.0
60.11361077050124,104916.0,265116.0,225945.0,168.0
60.118615650259,104909.0,265112.0,225965.0,168.0
60.123620530016765,104919.0,265106.0,225969.0,168.0
60.12862540977453,104894.0,265099.0,225959.0,168.0
60.13363028953229,104947.0,265131.0,225981.0,168.0
60.138635169290055,104934.0,265091.0,225982.0,168.0
60.14364004904782,104955.0,265127.0,225963.0,168.0
60.14864492880558,104908.0,265109.0,225987.0,168.0
60.153649808563344,104966.0,265120.0,225984.0,168.0
60.158654688321114,104941.0,265096.0,225993.0,168.0
60.16365956807888,104979.0,265149.0,225978.0,168.0
60.16866444783664,104969.0,265137.0,225989.0,168.0
60.1736693275944,104968.0,265120.0,225985.0,168.0
60.17867420735217,104985.0,265112.0,226002.0,168.0
60.18367908710993,105010.0,265111.0,225973.0,168.0
60.18868396686769,104953.0,265119.0,225994.0,168.0
60.193688846625456,104978.0,265105.0,226016.0,168.0
60.19869372638322,105013.0,265116.0,226008.0,168.0
60.20369860614098,105016.0,265110.0,225991.0,168.0
60.20870348589875,105013.0,265128.0,226004.0,168.0
60.213708365656515,105030.0,265109.0,225996.0,168.0
60.21871324541428,105034.0,265122.0,226009.0,168.0
60.22371812517204,105056.0,265136.0,225999.0,168.0
60.228723004929805,105032.0,265148.0,226033.0,168.0
60.23372788468757,105020.0,265123.0,226022.0,168.0
60.23873276444533,105060.0,265117.0,226011.0,168.0
60.243737644203094,105050.0,265135.0,226039.0,168.0
60.24874252396086,105051.0,265121.0,226004.0,168.0
60.25374740371863,105057.0,265136.0,226046.0,168.0
60.25875228347639,105077.0,265161.0,226008.0,168.0
60.26375716323415,105047.0,265153.0,226026.0,168.0
60.268762042991916,105060.0,265130.0,226040.0,168.0
60.27376692274968,105063.0,265159.0,226036.0,168.0
60.27877180250744,105066.0,265163.0,226041.0,168.0
60.283776682265206,105058.0,265140.0,226043.0,168.0
60.28878156202297,105040.0,265158.0,226003.0,168.0
60.29378644178073,105034.0,265166.0,226018.0,168.0
60.298791321538495,105029.0,265146.0,226021.0,168.0
60.303796201296265,105038.0,265104.0,225995.0,168.0
60.30880108105403,105001.0,265113.0,226002.0,168.0
60.31380596081179,104966.0,265124.0,225969.0,168.0
60.318810840569554,104952.0,265113.0,225939.0,168.0
60.32381572032732,104908.0,265095.0,225920.0,168.0